{"type":"FeatureCollection","metadata":{"provincia":"cordoba","n":532,"bbox":[-65.4322,-33.1652,-63.9757,-29.5582],"aviso":"Derivado de fuentes provinciales. Licencias por fuente en cobertura.json. El catastro minero es registro publico por el Codigo de Mineria; verificar licencia antes de uso comercial."},"features":[{"type":"Feature","geometry":{"type":"Point","coordinates":[-64.7083,-29.8446]},"properties":{"id":"cordoba:minas_puntos:mineria_minas.1","provincia":"cordoba","provincia_nombre":"Córdoba","tipo":"mina","estado":"desconocido","geom_kind":"punto","fuente_id":"cordoba.idecor.minas_puntos","source_url":"https://idecor-ws.mapascordoba.gob.ar/geoserver/wfs?service=WFS&version=2.0.0&request=GetFeature&typeNames=idecor%3Amineria_minas&outputFormat=application%2Fjson&count=2000&startIndex=0&srsName=EPSG%3A4326","source_layer":"idecor:mineria_minas","source_fid":"mineria_minas.1","source_srid":22173,"fetched_at":"2026-07-28T13:38:04+00:00","licencia":"no_especificada","nombre":"LA LIDIA"}},{"type":"Feature","geometry":{"type":"Point","coordinates":[-64.7292,-30.0781]},"properties":{"id":"cordoba:minas_puntos:mineria_minas.2","provincia":"cordoba","provincia_nombre":"Córdoba","tipo":"mina","estado":"desconocido","geom_kind":"punto","fuente_id":"cordoba.idecor.minas_puntos","source_url":"https://idecor-ws.mapascordoba.gob.ar/geoserver/wfs?service=WFS&version=2.0.0&request=GetFeature&typeNames=idecor%3Amineria_minas&outputFormat=application%2Fjson&count=2000&startIndex=0&srsName=EPSG%3A4326","source_layer":"idecor:mineria_minas","source_fid":"mineria_minas.2","source_srid":22173,"fetched_at":"2026-07-28T13:38:04+00:00","licencia":"no_especificada","nombre":"LINDA"}},{"type":"Feature","geometry":{"type":"Point","coordinates":[-64.746,-30.0698]},"properties":{"id":"cordoba:minas_puntos:mineria_minas.3","provincia":"cordoba","provincia_nombre":"Córdoba","tipo":"mina","estado":"desconocido","geom_kind":"punto","fuente_id":"cordoba.idecor.minas_puntos","source_url":"https://idecor-ws.mapascordoba.gob.ar/geoserver/wfs?service=WFS&version=2.0.0&request=GetFeature&typeNames=idecor%3Amineria_minas&outputFormat=application%2Fjson&count=2000&startIndex=0&srsName=EPSG%3A4326","source_layer":"idecor:mineria_minas","source_fid":"mineria_minas.3","source_srid":22173,"fetched_at":"2026-07-28T13:38:04+00:00","licencia":"no_especificada","nombre":"VIGO"}},{"type":"Feature","geometry":{"type":"Point","coordinates":[-64.6932,-29.8932]},"properties":{"id":"cordoba:minas_puntos:mineria_minas.4","provincia":"cordoba","provincia_nombre":"Córdoba","tipo":"mina","estado":"desconocido","geom_kind":"punto","fuente_id":"cordoba.idecor.minas_puntos","source_url":"https://idecor-ws.mapascordoba.gob.ar/geoserver/wfs?service=WFS&version=2.0.0&request=GetFeature&typeNames=idecor%3Amineria_minas&outputFormat=application%2Fjson&count=2000&startIndex=0&srsName=EPSG%3A4326","source_layer":"idecor:mineria_minas","source_fid":"mineria_minas.4","source_srid":22173,"fetched_at":"2026-07-28T13:38:04+00:00","licencia":"no_especificada","nombre":"WILSON"}},{"type":"Feature","geometry":{"type":"Point","coordinates":[-64.366,-31.0273]},"properties":{"id":"cordoba:minas_puntos:mineria_minas.6","provincia":"cordoba","provincia_nombre":"Córdoba","tipo":"mina","estado":"desconocido","geom_kind":"punto","fuente_id":"cordoba.idecor.minas_puntos","source_url":"https://idecor-ws.mapascordoba.gob.ar/geoserver/wfs?service=WFS&version=2.0.0&request=GetFeature&typeNames=idecor%3Amineria_minas&outputFormat=application%2Fjson&count=2000&startIndex=0&srsName=EPSG%3A4326","source_layer":"idecor:mineria_minas","source_fid":"mineria_minas.6","source_srid":22173,"fetched_at":"2026-07-28T13:38:04+00:00","licencia":"no_especificada","nombre":"LA SUSANITA"}},{"type":"Feature","geometry":{"type":"Point","coordinates":[-64.6973,-30.0343]},"properties":{"id":"cordoba:minas_puntos:mineria_minas.7","provincia":"cordoba","provincia_nombre":"Córdoba","tipo":"mina","estado":"desconocido","geom_kind":"punto","fuente_id":"cordoba.idecor.minas_puntos","source_url":"https://idecor-ws.mapascordoba.gob.ar/geoserver/wfs?service=WFS&version=2.0.0&request=GetFeature&typeNames=idecor%3Amineria_minas&outputFormat=application%2Fjson&count=2000&startIndex=0&srsName=EPSG%3A4326","source_layer":"idecor:mineria_minas","source_fid":"mineria_minas.7","source_srid":22173,"fetched_at":"2026-07-28T13:38:04+00:00","licencia":"no_especificada","nombre":"ROCIO"}},{"type":"Feature","geometry":{"type":"Point","coordinates":[-64.7303,-29.8515]},"properties":{"id":"cordoba:minas_puntos:mineria_minas.8","provincia":"cordoba","provincia_nombre":"Córdoba","tipo":"mina","estado":"desconocido","geom_kind":"punto","fuente_id":"cordoba.idecor.minas_puntos","source_url":"https://idecor-ws.mapascordoba.gob.ar/geoserver/wfs?service=WFS&version=2.0.0&request=GetFeature&typeNames=idecor%3Amineria_minas&outputFormat=application%2Fjson&count=2000&startIndex=0&srsName=EPSG%3A4326","source_layer":"idecor:mineria_minas","source_fid":"mineria_minas.8","source_srid":22173,"fetched_at":"2026-07-28T13:38:04+00:00","licencia":"no_especificada","nombre":"14 DE MAYO"}},{"type":"Feature","geometry":{"type":"Point","coordinates":[-64.0847,-29.5972]},"properties":{"id":"cordoba:minas_puntos:mineria_minas.9","provincia":"cordoba","provincia_nombre":"Córdoba","tipo":"mina","estado":"desconocido","geom_kind":"punto","fuente_id":"cordoba.idecor.minas_puntos","source_url":"https://idecor-ws.mapascordoba.gob.ar/geoserver/wfs?service=WFS&version=2.0.0&request=GetFeature&typeNames=idecor%3Amineria_minas&outputFormat=application%2Fjson&count=2000&startIndex=0&srsName=EPSG%3A4326","source_layer":"idecor:mineria_minas","source_fid":"mineria_minas.9","source_srid":22173,"fetched_at":"2026-07-28T13:38:04+00:00","licencia":"no_especificada","nombre":"24 DE SEPTIEMBRE"}},{"type":"Feature","geometry":{"type":"Point","coordinates":[-64.0821,-29.5949]},"properties":{"id":"cordoba:minas_puntos:mineria_minas.10","provincia":"cordoba","provincia_nombre":"Córdoba","tipo":"mina","estado":"desconocido","geom_kind":"punto","fuente_id":"cordoba.idecor.minas_puntos","source_url":"https://idecor-ws.mapascordoba.gob.ar/geoserver/wfs?service=WFS&version=2.0.0&request=GetFeature&typeNames=idecor%3Amineria_minas&outputFormat=application%2Fjson&count=2000&startIndex=0&srsName=EPSG%3A4326","source_layer":"idecor:mineria_minas","source_fid":"mineria_minas.10","source_srid":22173,"fetched_at":"2026-07-28T13:38:04+00:00","licencia":"no_especificada","nombre":"24 DE SEPTIEMBRE (AMPLIACION)"}},{"type":"Feature","geometry":{"type":"Point","coordinates":[-64.0878,-29.5771]},"properties":{"id":"cordoba:minas_puntos:mineria_minas.11","provincia":"cordoba","provincia_nombre":"Córdoba","tipo":"mina","estado":"desconocido","geom_kind":"punto","fuente_id":"cordoba.idecor.minas_puntos","source_url":"https://idecor-ws.mapascordoba.gob.ar/geoserver/wfs?service=WFS&version=2.0.0&request=GetFeature&typeNames=idecor%3Amineria_minas&outputFormat=application%2Fjson&count=2000&startIndex=0&srsName=EPSG%3A4326","source_layer":"idecor:mineria_minas","source_fid":"mineria_minas.11","source_srid":22173,"fetched_at":"2026-07-28T13:38:04+00:00","licencia":"no_especificada","nombre":"25 DE MAYO"}},{"type":"Feature","geometry":{"type":"Point","coordinates":[-64.7056,-30.0624]},"properties":{"id":"cordoba:minas_puntos:mineria_minas.12","provincia":"cordoba","provincia_nombre":"Córdoba","tipo":"mina","estado":"desconocido","geom_kind":"punto","fuente_id":"cordoba.idecor.minas_puntos","source_url":"https://idecor-ws.mapascordoba.gob.ar/geoserver/wfs?service=WFS&version=2.0.0&request=GetFeature&typeNames=idecor%3Amineria_minas&outputFormat=application%2Fjson&count=2000&startIndex=0&srsName=EPSG%3A4326","source_layer":"idecor:mineria_minas","source_fid":"mineria_minas.12","source_srid":22173,"fetched_at":"2026-07-28T13:38:04+00:00","licencia":"no_especificada","nombre":"ALTERNATIVA"}},{"type":"Feature","geometry":{"type":"Point","coordinates":[-64.7243,-29.841]},"properties":{"id":"cordoba:minas_puntos:mineria_minas.13","provincia":"cordoba","provincia_nombre":"Córdoba","tipo":"mina","estado":"desconocido","geom_kind":"punto","fuente_id":"cordoba.idecor.minas_puntos","source_url":"https://idecor-ws.mapascordoba.gob.ar/geoserver/wfs?service=WFS&version=2.0.0&request=GetFeature&typeNames=idecor%3Amineria_minas&outputFormat=application%2Fjson&count=2000&startIndex=0&srsName=EPSG%3A4326","source_layer":"idecor:mineria_minas","source_fid":"mineria_minas.13","source_srid":22173,"fetched_at":"2026-07-28T13:38:04+00:00","licencia":"no_especificada","nombre":"AMELIA"}},{"type":"Feature","geometry":{"type":"Point","coordinates":[-64.6881,-29.8425]},"properties":{"id":"cordoba:minas_puntos:mineria_minas.14","provincia":"cordoba","provincia_nombre":"Córdoba","tipo":"mina","estado":"desconocido","geom_kind":"punto","fuente_id":"cordoba.idecor.minas_puntos","source_url":"https://idecor-ws.mapascordoba.gob.ar/geoserver/wfs?service=WFS&version=2.0.0&request=GetFeature&typeNames=idecor%3Amineria_minas&outputFormat=application%2Fjson&count=2000&startIndex=0&srsName=EPSG%3A4326","source_layer":"idecor:mineria_minas","source_fid":"mineria_minas.14","source_srid":22173,"fetched_at":"2026-07-28T13:38:04+00:00","licencia":"no_especificada","nombre":"ANAS"}},{"type":"Feature","geometry":{"type":"Point","coordinates":[-64.0871,-29.6808]},"properties":{"id":"cordoba:minas_puntos:mineria_minas.15","provincia":"cordoba","provincia_nombre":"Córdoba","tipo":"mina","estado":"desconocido","geom_kind":"punto","fuente_id":"cordoba.idecor.minas_puntos","source_url":"https://idecor-ws.mapascordoba.gob.ar/geoserver/wfs?service=WFS&version=2.0.0&request=GetFeature&typeNames=idecor%3Amineria_minas&outputFormat=application%2Fjson&count=2000&startIndex=0&srsName=EPSG%3A4326","source_layer":"idecor:mineria_minas","source_fid":"mineria_minas.15","source_srid":22173,"fetched_at":"2026-07-28T13:38:04+00:00","licencia":"no_especificada","nombre":"BLANCA"}},{"type":"Feature","geometry":{"type":"Point","coordinates":[-64.7375,-30.07]},"properties":{"id":"cordoba:minas_puntos:mineria_minas.16","provincia":"cordoba","provincia_nombre":"Córdoba","tipo":"mina","estado":"desconocido","geom_kind":"punto","fuente_id":"cordoba.idecor.minas_puntos","source_url":"https://idecor-ws.mapascordoba.gob.ar/geoserver/wfs?service=WFS&version=2.0.0&request=GetFeature&typeNames=idecor%3Amineria_minas&outputFormat=application%2Fjson&count=2000&startIndex=0&srsName=EPSG%3A4326","source_layer":"idecor:mineria_minas","source_fid":"mineria_minas.16","source_srid":22173,"fetched_at":"2026-07-28T13:38:04+00:00","licencia":"no_especificada","nombre":"BOLONIA"}},{"type":"Feature","geometry":{"type":"Point","coordinates":[-64.7376,-30.0781]},"properties":{"id":"cordoba:minas_puntos:mineria_minas.17","provincia":"cordoba","provincia_nombre":"Córdoba","tipo":"mina","estado":"desconocido","geom_kind":"punto","fuente_id":"cordoba.idecor.minas_puntos","source_url":"https://idecor-ws.mapascordoba.gob.ar/geoserver/wfs?service=WFS&version=2.0.0&request=GetFeature&typeNames=idecor%3Amineria_minas&outputFormat=application%2Fjson&count=2000&startIndex=0&srsName=EPSG%3A4326","source_layer":"idecor:mineria_minas","source_fid":"mineria_minas.17","source_srid":22173,"fetched_at":"2026-07-28T13:38:04+00:00","licencia":"no_especificada","nombre":"BOTAFOGO"}},{"type":"Feature","geometry":{"type":"Point","coordinates":[-64.6803,-29.884]},"properties":{"id":"cordoba:minas_puntos:mineria_minas.18","provincia":"cordoba","provincia_nombre":"Córdoba","tipo":"mina","estado":"desconocido","geom_kind":"punto","fuente_id":"cordoba.idecor.minas_puntos","source_url":"https://idecor-ws.mapascordoba.gob.ar/geoserver/wfs?service=WFS&version=2.0.0&request=GetFeature&typeNames=idecor%3Amineria_minas&outputFormat=application%2Fjson&count=2000&startIndex=0&srsName=EPSG%3A4326","source_layer":"idecor:mineria_minas","source_fid":"mineria_minas.18","source_srid":22173,"fetched_at":"2026-07-28T13:38:04+00:00","licencia":"no_especificada","nombre":"CAMPAÑA"}},{"type":"Feature","geometry":{"type":"Point","coordinates":[-64.0863,-29.6777]},"properties":{"id":"cordoba:minas_puntos:mineria_minas.19","provincia":"cordoba","provincia_nombre":"Córdoba","tipo":"mina","estado":"desconocido","geom_kind":"punto","fuente_id":"cordoba.idecor.minas_puntos","source_url":"https://idecor-ws.mapascordoba.gob.ar/geoserver/wfs?service=WFS&version=2.0.0&request=GetFeature&typeNames=idecor%3Amineria_minas&outputFormat=application%2Fjson&count=2000&startIndex=0&srsName=EPSG%3A4326","source_layer":"idecor:mineria_minas","source_fid":"mineria_minas.19","source_srid":22173,"fetched_at":"2026-07-28T13:38:04+00:00","licencia":"no_especificada","nombre":"CARMEN"}},{"type":"Feature","geometry":{"type":"Point","coordinates":[-64.7127,-30.0428]},"properties":{"id":"cordoba:minas_puntos:mineria_minas.20","provincia":"cordoba","provincia_nombre":"Córdoba","tipo":"mina","estado":"desconocido","geom_kind":"punto","fuente_id":"cordoba.idecor.minas_puntos","source_url":"https://idecor-ws.mapascordoba.gob.ar/geoserver/wfs?service=WFS&version=2.0.0&request=GetFeature&typeNames=idecor%3Amineria_minas&outputFormat=application%2Fjson&count=2000&startIndex=0&srsName=EPSG%3A4326","source_layer":"idecor:mineria_minas","source_fid":"mineria_minas.20","source_srid":22173,"fetched_at":"2026-07-28T13:38:04+00:00","licencia":"no_especificada","nombre":"CATUÑA"}},{"type":"Feature","geometry":{"type":"Point","coordinates":[-64.7344,-29.8373]},"properties":{"id":"cordoba:minas_puntos:mineria_minas.21","provincia":"cordoba","provincia_nombre":"Córdoba","tipo":"mina","estado":"desconocido","geom_kind":"punto","fuente_id":"cordoba.idecor.minas_puntos","source_url":"https://idecor-ws.mapascordoba.gob.ar/geoserver/wfs?service=WFS&version=2.0.0&request=GetFeature&typeNames=idecor%3Amineria_minas&outputFormat=application%2Fjson&count=2000&startIndex=0&srsName=EPSG%3A4326","source_layer":"idecor:mineria_minas","source_fid":"mineria_minas.21","source_srid":22173,"fetched_at":"2026-07-28T13:38:04+00:00","licencia":"no_especificada","nombre":"LA COLORADITA"}},{"type":"Feature","geometry":{"type":"Point","coordinates":[-64.6799,-29.8684]},"properties":{"id":"cordoba:minas_puntos:mineria_minas.22","provincia":"cordoba","provincia_nombre":"Córdoba","tipo":"mina","estado":"desconocido","geom_kind":"punto","fuente_id":"cordoba.idecor.minas_puntos","source_url":"https://idecor-ws.mapascordoba.gob.ar/geoserver/wfs?service=WFS&version=2.0.0&request=GetFeature&typeNames=idecor%3Amineria_minas&outputFormat=application%2Fjson&count=2000&startIndex=0&srsName=EPSG%3A4326","source_layer":"idecor:mineria_minas","source_fid":"mineria_minas.22","source_srid":22173,"fetched_at":"2026-07-28T13:38:04+00:00","licencia":"no_especificada","nombre":"CONSTANTINOPLA"}},{"type":"Feature","geometry":{"type":"Point","coordinates":[-64.6988,-30.0487]},"properties":{"id":"cordoba:minas_puntos:mineria_minas.23","provincia":"cordoba","provincia_nombre":"Córdoba","tipo":"mina","estado":"desconocido","geom_kind":"punto","fuente_id":"cordoba.idecor.minas_puntos","source_url":"https://idecor-ws.mapascordoba.gob.ar/geoserver/wfs?service=WFS&version=2.0.0&request=GetFeature&typeNames=idecor%3Amineria_minas&outputFormat=application%2Fjson&count=2000&startIndex=0&srsName=EPSG%3A4326","source_layer":"idecor:mineria_minas","source_fid":"mineria_minas.23","source_srid":22173,"fetched_at":"2026-07-28T13:38:04+00:00","licencia":"no_especificada","nombre":"CORDOBA SALINAS"}},{"type":"Feature","geometry":{"type":"Point","coordinates":[-64.7128,-30.07]},"properties":{"id":"cordoba:minas_puntos:mineria_minas.24","provincia":"cordoba","provincia_nombre":"Córdoba","tipo":"mina","estado":"desconocido","geom_kind":"punto","fuente_id":"cordoba.idecor.minas_puntos","source_url":"https://idecor-ws.mapascordoba.gob.ar/geoserver/wfs?service=WFS&version=2.0.0&request=GetFeature&typeNames=idecor%3Amineria_minas&outputFormat=application%2Fjson&count=2000&startIndex=0&srsName=EPSG%3A4326","source_layer":"idecor:mineria_minas","source_fid":"mineria_minas.24","source_srid":22173,"fetched_at":"2026-07-28T13:38:04+00:00","licencia":"no_especificada","nombre":"CORDOBESA"}},{"type":"Feature","geometry":{"type":"Point","coordinates":[-64.6801,-29.8787]},"properties":{"id":"cordoba:minas_puntos:mineria_minas.25","provincia":"cordoba","provincia_nombre":"Córdoba","tipo":"mina","estado":"desconocido","geom_kind":"punto","fuente_id":"cordoba.idecor.minas_puntos","source_url":"https://idecor-ws.mapascordoba.gob.ar/geoserver/wfs?service=WFS&version=2.0.0&request=GetFeature&typeNames=idecor%3Amineria_minas&outputFormat=application%2Fjson&count=2000&startIndex=0&srsName=EPSG%3A4326","source_layer":"idecor:mineria_minas","source_fid":"mineria_minas.25","source_srid":22173,"fetched_at":"2026-07-28T13:38:04+00:00","licencia":"no_especificada","nombre":"DEL SOCORRO"}},{"type":"Feature","geometry":{"type":"Point","coordinates":[-64.0982,-29.5582]},"properties":{"id":"cordoba:minas_puntos:mineria_minas.26","provincia":"cordoba","provincia_nombre":"Córdoba","tipo":"mina","estado":"desconocido","geom_kind":"punto","fuente_id":"cordoba.idecor.minas_puntos","source_url":"https://idecor-ws.mapascordoba.gob.ar/geoserver/wfs?service=WFS&version=2.0.0&request=GetFeature&typeNames=idecor%3Amineria_minas&outputFormat=application%2Fjson&count=2000&startIndex=0&srsName=EPSG%3A4326","source_layer":"idecor:mineria_minas","source_fid":"mineria_minas.26","source_srid":22173,"fetched_at":"2026-07-28T13:38:04+00:00","licencia":"no_especificada","nombre":"DIFUNTA CORREA"}},{"type":"Feature","geometry":{"type":"Point","coordinates":[-64.6779,-29.8946]},"properties":{"id":"cordoba:minas_puntos:mineria_minas.27","provincia":"cordoba","provincia_nombre":"Córdoba","tipo":"mina","estado":"desconocido","geom_kind":"punto","fuente_id":"cordoba.idecor.minas_puntos","source_url":"https://idecor-ws.mapascordoba.gob.ar/geoserver/wfs?service=WFS&version=2.0.0&request=GetFeature&typeNames=idecor%3Amineria_minas&outputFormat=application%2Fjson&count=2000&startIndex=0&srsName=EPSG%3A4326","source_layer":"idecor:mineria_minas","source_fid":"mineria_minas.27","source_srid":22173,"fetched_at":"2026-07-28T13:38:04+00:00","licencia":"no_especificada","nombre":"EL BOSFORO"}},{"type":"Feature","geometry":{"type":"Point","coordinates":[-64.6738,-29.873]},"properties":{"id":"cordoba:minas_puntos:mineria_minas.28","provincia":"cordoba","provincia_nombre":"Córdoba","tipo":"mina","estado":"desconocido","geom_kind":"punto","fuente_id":"cordoba.idecor.minas_puntos","source_url":"https://idecor-ws.mapascordoba.gob.ar/geoserver/wfs?service=WFS&version=2.0.0&request=GetFeature&typeNames=idecor%3Amineria_minas&outputFormat=application%2Fjson&count=2000&startIndex=0&srsName=EPSG%3A4326","source_layer":"idecor:mineria_minas","source_fid":"mineria_minas.28","source_srid":22173,"fetched_at":"2026-07-28T13:38:04+00:00","licencia":"no_especificada","nombre":"EL ESCONDIDO"}},{"type":"Feature","geometry":{"type":"Point","coordinates":[-64.2315,-29.7831]},"properties":{"id":"cordoba:minas_puntos:mineria_minas.29","provincia":"cordoba","provincia_nombre":"Córdoba","tipo":"mina","estado":"desconocido","geom_kind":"punto","fuente_id":"cordoba.idecor.minas_puntos","source_url":"https://idecor-ws.mapascordoba.gob.ar/geoserver/wfs?service=WFS&version=2.0.0&request=GetFeature&typeNames=idecor%3Amineria_minas&outputFormat=application%2Fjson&count=2000&startIndex=0&srsName=EPSG%3A4326","source_layer":"idecor:mineria_minas","source_fid":"mineria_minas.29","source_srid":22173,"fetched_at":"2026-07-28T13:38:04+00:00","licencia":"no_especificada","nombre":"EL INFIERNILLO"}},{"type":"Feature","geometry":{"type":"Point","coordinates":[-64.7238,-30.0862]},"properties":{"id":"cordoba:minas_puntos:mineria_minas.30","provincia":"cordoba","provincia_nombre":"Córdoba","tipo":"mina","estado":"desconocido","geom_kind":"punto","fuente_id":"cordoba.idecor.minas_puntos","source_url":"https://idecor-ws.mapascordoba.gob.ar/geoserver/wfs?service=WFS&version=2.0.0&request=GetFeature&typeNames=idecor%3Amineria_minas&outputFormat=application%2Fjson&count=2000&startIndex=0&srsName=EPSG%3A4326","source_layer":"idecor:mineria_minas","source_fid":"mineria_minas.30","source_srid":22173,"fetched_at":"2026-07-28T13:38:04+00:00","licencia":"no_especificada","nombre":"EL PORVENIR"}},{"type":"Feature","geometry":{"type":"Point","coordinates":[-64.7157,-29.9435]},"properties":{"id":"cordoba:minas_puntos:mineria_minas.31","provincia":"cordoba","provincia_nombre":"Córdoba","tipo":"mina","estado":"desconocido","geom_kind":"punto","fuente_id":"cordoba.idecor.minas_puntos","source_url":"https://idecor-ws.mapascordoba.gob.ar/geoserver/wfs?service=WFS&version=2.0.0&request=GetFeature&typeNames=idecor%3Amineria_minas&outputFormat=application%2Fjson&count=2000&startIndex=0&srsName=EPSG%3A4326","source_layer":"idecor:mineria_minas","source_fid":"mineria_minas.31","source_srid":22173,"fetched_at":"2026-07-28T13:38:04+00:00","licencia":"no_especificada","nombre":"EL TIMBO"}},{"type":"Feature","geometry":{"type":"Point","coordinates":[-64.6875,-29.8935]},"properties":{"id":"cordoba:minas_puntos:mineria_minas.32","provincia":"cordoba","provincia_nombre":"Córdoba","tipo":"mina","estado":"desconocido","geom_kind":"punto","fuente_id":"cordoba.idecor.minas_puntos","source_url":"https://idecor-ws.mapascordoba.gob.ar/geoserver/wfs?service=WFS&version=2.0.0&request=GetFeature&typeNames=idecor%3Amineria_minas&outputFormat=application%2Fjson&count=2000&startIndex=0&srsName=EPSG%3A4326","source_layer":"idecor:mineria_minas","source_fid":"mineria_minas.32","source_srid":22173,"fetched_at":"2026-07-28T13:38:04+00:00","licencia":"no_especificada","nombre":"ESPUMA"}},{"type":"Feature","geometry":{"type":"Point","coordinates":[-64.1008,-29.5649]},"properties":{"id":"cordoba:minas_puntos:mineria_minas.33","provincia":"cordoba","provincia_nombre":"Córdoba","tipo":"mina","estado":"desconocido","geom_kind":"punto","fuente_id":"cordoba.idecor.minas_puntos","source_url":"https://idecor-ws.mapascordoba.gob.ar/geoserver/wfs?service=WFS&version=2.0.0&request=GetFeature&typeNames=idecor%3Amineria_minas&outputFormat=application%2Fjson&count=2000&startIndex=0&srsName=EPSG%3A4326","source_layer":"idecor:mineria_minas","source_fid":"mineria_minas.33","source_srid":22173,"fetched_at":"2026-07-28T13:38:04+00:00","licencia":"no_especificada","nombre":"ESTACA MINA 12 DE OCTUBRE"}},{"type":"Feature","geometry":{"type":"Point","coordinates":[-64.1165,-29.9046]},"properties":{"id":"cordoba:minas_puntos:mineria_minas.34","provincia":"cordoba","provincia_nombre":"Córdoba","tipo":"mina","estado":"desconocido","geom_kind":"punto","fuente_id":"cordoba.idecor.minas_puntos","source_url":"https://idecor-ws.mapascordoba.gob.ar/geoserver/wfs?service=WFS&version=2.0.0&request=GetFeature&typeNames=idecor%3Amineria_minas&outputFormat=application%2Fjson&count=2000&startIndex=0&srsName=EPSG%3A4326","source_layer":"idecor:mineria_minas","source_fid":"mineria_minas.34","source_srid":22173,"fetched_at":"2026-07-28T13:38:04+00:00","licencia":"no_especificada","nombre":"FATIMA N° 12"}},{"type":"Feature","geometry":{"type":"Point","coordinates":[-64.119,-29.8839]},"properties":{"id":"cordoba:minas_puntos:mineria_minas.35","provincia":"cordoba","provincia_nombre":"Córdoba","tipo":"mina","estado":"desconocido","geom_kind":"punto","fuente_id":"cordoba.idecor.minas_puntos","source_url":"https://idecor-ws.mapascordoba.gob.ar/geoserver/wfs?service=WFS&version=2.0.0&request=GetFeature&typeNames=idecor%3Amineria_minas&outputFormat=application%2Fjson&count=2000&startIndex=0&srsName=EPSG%3A4326","source_layer":"idecor:mineria_minas","source_fid":"mineria_minas.35","source_srid":22173,"fetched_at":"2026-07-28T13:38:04+00:00","licencia":"no_especificada","nombre":"FATIMA N° 2"}},{"type":"Feature","geometry":{"type":"Point","coordinates":[-64.1134,-29.9259]},"properties":{"id":"cordoba:minas_puntos:mineria_minas.36","provincia":"cordoba","provincia_nombre":"Córdoba","tipo":"mina","estado":"desconocido","geom_kind":"punto","fuente_id":"cordoba.idecor.minas_puntos","source_url":"https://idecor-ws.mapascordoba.gob.ar/geoserver/wfs?service=WFS&version=2.0.0&request=GetFeature&typeNames=idecor%3Amineria_minas&outputFormat=application%2Fjson&count=2000&startIndex=0&srsName=EPSG%3A4326","source_layer":"idecor:mineria_minas","source_fid":"mineria_minas.36","source_srid":22173,"fetched_at":"2026-07-28T13:38:04+00:00","licencia":"no_especificada","nombre":"FATIMA N° 3"}},{"type":"Feature","geometry":{"type":"Point","coordinates":[-64.7175,-29.8472]},"properties":{"id":"cordoba:minas_puntos:mineria_minas.37","provincia":"cordoba","provincia_nombre":"Córdoba","tipo":"mina","estado":"desconocido","geom_kind":"punto","fuente_id":"cordoba.idecor.minas_puntos","source_url":"https://idecor-ws.mapascordoba.gob.ar/geoserver/wfs?service=WFS&version=2.0.0&request=GetFeature&typeNames=idecor%3Amineria_minas&outputFormat=application%2Fjson&count=2000&startIndex=0&srsName=EPSG%3A4326","source_layer":"idecor:mineria_minas","source_fid":"mineria_minas.37","source_srid":22173,"fetched_at":"2026-07-28T13:38:04+00:00","licencia":"no_especificada","nombre":"FORTUNA"}},{"type":"Feature","geometry":{"type":"Point","coordinates":[-64.7044,-30.0563]},"properties":{"id":"cordoba:minas_puntos:mineria_minas.38","provincia":"cordoba","provincia_nombre":"Córdoba","tipo":"mina","estado":"desconocido","geom_kind":"punto","fuente_id":"cordoba.idecor.minas_puntos","source_url":"https://idecor-ws.mapascordoba.gob.ar/geoserver/wfs?service=WFS&version=2.0.0&request=GetFeature&typeNames=idecor%3Amineria_minas&outputFormat=application%2Fjson&count=2000&startIndex=0&srsName=EPSG%3A4326","source_layer":"idecor:mineria_minas","source_fid":"mineria_minas.38","source_srid":22173,"fetched_at":"2026-07-28T13:38:04+00:00","licencia":"no_especificada","nombre":"GALLEGA"}},{"type":"Feature","geometry":{"type":"Point","coordinates":[-64.6852,-29.875]},"properties":{"id":"cordoba:minas_puntos:mineria_minas.39","provincia":"cordoba","provincia_nombre":"Córdoba","tipo":"mina","estado":"desconocido","geom_kind":"punto","fuente_id":"cordoba.idecor.minas_puntos","source_url":"https://idecor-ws.mapascordoba.gob.ar/geoserver/wfs?service=WFS&version=2.0.0&request=GetFeature&typeNames=idecor%3Amineria_minas&outputFormat=application%2Fjson&count=2000&startIndex=0&srsName=EPSG%3A4326","source_layer":"idecor:mineria_minas","source_fid":"mineria_minas.39","source_srid":22173,"fetched_at":"2026-07-28T13:38:04+00:00","licencia":"no_especificada","nombre":"GLORIA"}},{"type":"Feature","geometry":{"type":"Point","coordinates":[-64.6812,-29.9698]},"properties":{"id":"cordoba:minas_puntos:mineria_minas.40","provincia":"cordoba","provincia_nombre":"Córdoba","tipo":"mina","estado":"desconocido","geom_kind":"punto","fuente_id":"cordoba.idecor.minas_puntos","source_url":"https://idecor-ws.mapascordoba.gob.ar/geoserver/wfs?service=WFS&version=2.0.0&request=GetFeature&typeNames=idecor%3Amineria_minas&outputFormat=application%2Fjson&count=2000&startIndex=0&srsName=EPSG%3A4326","source_layer":"idecor:mineria_minas","source_fid":"mineria_minas.40","source_srid":22173,"fetched_at":"2026-07-28T13:38:04+00:00","licencia":"no_especificada","nombre":"GRANO DE ORO"}},{"type":"Feature","geometry":{"type":"Point","coordinates":[-64.7147,-29.8274]},"properties":{"id":"cordoba:minas_puntos:mineria_minas.41","provincia":"cordoba","provincia_nombre":"Córdoba","tipo":"mina","estado":"desconocido","geom_kind":"punto","fuente_id":"cordoba.idecor.minas_puntos","source_url":"https://idecor-ws.mapascordoba.gob.ar/geoserver/wfs?service=WFS&version=2.0.0&request=GetFeature&typeNames=idecor%3Amineria_minas&outputFormat=application%2Fjson&count=2000&startIndex=0&srsName=EPSG%3A4326","source_layer":"idecor:mineria_minas","source_fid":"mineria_minas.41","source_srid":22173,"fetched_at":"2026-07-28T13:38:04+00:00","licencia":"no_especificada","nombre":"GUILLERMO Y FRANCISCO"}},{"type":"Feature","geometry":{"type":"Point","coordinates":[-64.7127,-30.0635]},"properties":{"id":"cordoba:minas_puntos:mineria_minas.42","provincia":"cordoba","provincia_nombre":"Córdoba","tipo":"mina","estado":"desconocido","geom_kind":"punto","fuente_id":"cordoba.idecor.minas_puntos","source_url":"https://idecor-ws.mapascordoba.gob.ar/geoserver/wfs?service=WFS&version=2.0.0&request=GetFeature&typeNames=idecor%3Amineria_minas&outputFormat=application%2Fjson&count=2000&startIndex=0&srsName=EPSG%3A4326","source_layer":"idecor:mineria_minas","source_fid":"mineria_minas.42","source_srid":22173,"fetched_at":"2026-07-28T13:38:04+00:00","licencia":"no_especificada","nombre":"HELVETICA"}},{"type":"Feature","geometry":{"type":"Point","coordinates":[-64.7164,-29.9592]},"properties":{"id":"cordoba:minas_puntos:mineria_minas.43","provincia":"cordoba","provincia_nombre":"Córdoba","tipo":"mina","estado":"desconocido","geom_kind":"punto","fuente_id":"cordoba.idecor.minas_puntos","source_url":"https://idecor-ws.mapascordoba.gob.ar/geoserver/wfs?service=WFS&version=2.0.0&request=GetFeature&typeNames=idecor%3Amineria_minas&outputFormat=application%2Fjson&count=2000&startIndex=0&srsName=EPSG%3A4326","source_layer":"idecor:mineria_minas","source_fid":"mineria_minas.43","source_srid":22173,"fetched_at":"2026-07-28T13:38:04+00:00","licencia":"no_especificada","nombre":"HUYAMAMPA"}},{"type":"Feature","geometry":{"type":"Point","coordinates":[-64.7883,-29.8263]},"properties":{"id":"cordoba:minas_puntos:mineria_minas.44","provincia":"cordoba","provincia_nombre":"Córdoba","tipo":"mina","estado":"desconocido","geom_kind":"punto","fuente_id":"cordoba.idecor.minas_puntos","source_url":"https://idecor-ws.mapascordoba.gob.ar/geoserver/wfs?service=WFS&version=2.0.0&request=GetFeature&typeNames=idecor%3Amineria_minas&outputFormat=application%2Fjson&count=2000&startIndex=0&srsName=EPSG%3A4326","source_layer":"idecor:mineria_minas","source_fid":"mineria_minas.44","source_srid":22173,"fetched_at":"2026-07-28T13:38:04+00:00","licencia":"no_especificada","nombre":"ISABEL"}},{"type":"Feature","geometry":{"type":"Point","coordinates":[-64.0785,-29.5671]},"properties":{"id":"cordoba:minas_puntos:mineria_minas.45","provincia":"cordoba","provincia_nombre":"Córdoba","tipo":"mina","estado":"desconocido","geom_kind":"punto","fuente_id":"cordoba.idecor.minas_puntos","source_url":"https://idecor-ws.mapascordoba.gob.ar/geoserver/wfs?service=WFS&version=2.0.0&request=GetFeature&typeNames=idecor%3Amineria_minas&outputFormat=application%2Fjson&count=2000&startIndex=0&srsName=EPSG%3A4326","source_layer":"idecor:mineria_minas","source_fid":"mineria_minas.45","source_srid":22173,"fetched_at":"2026-07-28T13:38:04+00:00","licencia":"no_especificada","nombre":"ISLA VERDE"}},{"type":"Feature","geometry":{"type":"Point","coordinates":[-64.7293,-30.0701]},"properties":{"id":"cordoba:minas_puntos:mineria_minas.46","provincia":"cordoba","provincia_nombre":"Córdoba","tipo":"mina","estado":"desconocido","geom_kind":"punto","fuente_id":"cordoba.idecor.minas_puntos","source_url":"https://idecor-ws.mapascordoba.gob.ar/geoserver/wfs?service=WFS&version=2.0.0&request=GetFeature&typeNames=idecor%3Amineria_minas&outputFormat=application%2Fjson&count=2000&startIndex=0&srsName=EPSG%3A4326","source_layer":"idecor:mineria_minas","source_fid":"mineria_minas.46","source_srid":22173,"fetched_at":"2026-07-28T13:38:04+00:00","licencia":"no_especificada","nombre":"ITALIA"}},{"type":"Feature","geometry":{"type":"Point","coordinates":[-64.6925,-30.0426]},"properties":{"id":"cordoba:minas_puntos:mineria_minas.47","provincia":"cordoba","provincia_nombre":"Córdoba","tipo":"mina","estado":"desconocido","geom_kind":"punto","fuente_id":"cordoba.idecor.minas_puntos","source_url":"https://idecor-ws.mapascordoba.gob.ar/geoserver/wfs?service=WFS&version=2.0.0&request=GetFeature&typeNames=idecor%3Amineria_minas&outputFormat=application%2Fjson&count=2000&startIndex=0&srsName=EPSG%3A4326","source_layer":"idecor:mineria_minas","source_fid":"mineria_minas.47","source_srid":22173,"fetched_at":"2026-07-28T13:38:04+00:00","licencia":"no_especificada","nombre":"JAZMIN"}},{"type":"Feature","geometry":{"type":"Point","coordinates":[-64.7119,-30.0339]},"properties":{"id":"cordoba:minas_puntos:mineria_minas.48","provincia":"cordoba","provincia_nombre":"Córdoba","tipo":"mina","estado":"desconocido","geom_kind":"punto","fuente_id":"cordoba.idecor.minas_puntos","source_url":"https://idecor-ws.mapascordoba.gob.ar/geoserver/wfs?service=WFS&version=2.0.0&request=GetFeature&typeNames=idecor%3Amineria_minas&outputFormat=application%2Fjson&count=2000&startIndex=0&srsName=EPSG%3A4326","source_layer":"idecor:mineria_minas","source_fid":"mineria_minas.48","source_srid":22173,"fetched_at":"2026-07-28T13:38:04+00:00","licencia":"no_especificada","nombre":"JOSEFINA"}},{"type":"Feature","geometry":{"type":"Point","coordinates":[-64.7105,-29.959]},"properties":{"id":"cordoba:minas_puntos:mineria_minas.49","provincia":"cordoba","provincia_nombre":"Córdoba","tipo":"mina","estado":"desconocido","geom_kind":"punto","fuente_id":"cordoba.idecor.minas_puntos","source_url":"https://idecor-ws.mapascordoba.gob.ar/geoserver/wfs?service=WFS&version=2.0.0&request=GetFeature&typeNames=idecor%3Amineria_minas&outputFormat=application%2Fjson&count=2000&startIndex=0&srsName=EPSG%3A4326","source_layer":"idecor:mineria_minas","source_fid":"mineria_minas.49","source_srid":22173,"fetched_at":"2026-07-28T13:38:04+00:00","licencia":"no_especificada","nombre":"LA AURORA"}},{"type":"Feature","geometry":{"type":"Point","coordinates":[-64.4036,-32.0134]},"properties":{"id":"cordoba:minas_puntos:mineria_minas.50","provincia":"cordoba","provincia_nombre":"Córdoba","tipo":"mina","estado":"desconocido","geom_kind":"punto","fuente_id":"cordoba.idecor.minas_puntos","source_url":"https://idecor-ws.mapascordoba.gob.ar/geoserver/wfs?service=WFS&version=2.0.0&request=GetFeature&typeNames=idecor%3Amineria_minas&outputFormat=application%2Fjson&count=2000&startIndex=0&srsName=EPSG%3A4326","source_layer":"idecor:mineria_minas","source_fid":"mineria_minas.50","source_srid":22173,"fetched_at":"2026-07-28T13:38:04+00:00","licencia":"no_especificada","nombre":"AGOSTI"}},{"type":"Feature","geometry":{"type":"Point","coordinates":[-64.7124,-29.9521]},"properties":{"id":"cordoba:minas_puntos:mineria_minas.51","provincia":"cordoba","provincia_nombre":"Córdoba","tipo":"mina","estado":"desconocido","geom_kind":"punto","fuente_id":"cordoba.idecor.minas_puntos","source_url":"https://idecor-ws.mapascordoba.gob.ar/geoserver/wfs?service=WFS&version=2.0.0&request=GetFeature&typeNames=idecor%3Amineria_minas&outputFormat=application%2Fjson&count=2000&startIndex=0&srsName=EPSG%3A4326","source_layer":"idecor:mineria_minas","source_fid":"mineria_minas.51","source_srid":22173,"fetched_at":"2026-07-28T13:38:04+00:00","licencia":"no_especificada","nombre":"LA BONITA"}},{"type":"Feature","geometry":{"type":"Point","coordinates":[-64.7186,-29.9504]},"properties":{"id":"cordoba:minas_puntos:mineria_minas.52","provincia":"cordoba","provincia_nombre":"Córdoba","tipo":"mina","estado":"desconocido","geom_kind":"punto","fuente_id":"cordoba.idecor.minas_puntos","source_url":"https://idecor-ws.mapascordoba.gob.ar/geoserver/wfs?service=WFS&version=2.0.0&request=GetFeature&typeNames=idecor%3Amineria_minas&outputFormat=application%2Fjson&count=2000&startIndex=0&srsName=EPSG%3A4326","source_layer":"idecor:mineria_minas","source_fid":"mineria_minas.52","source_srid":22173,"fetched_at":"2026-07-28T13:38:04+00:00","licencia":"no_especificada","nombre":"LA CAPRICHOSA"}},{"type":"Feature","geometry":{"type":"Point","coordinates":[-64.7224,-29.9463]},"properties":{"id":"cordoba:minas_puntos:mineria_minas.53","provincia":"cordoba","provincia_nombre":"Córdoba","tipo":"mina","estado":"desconocido","geom_kind":"punto","fuente_id":"cordoba.idecor.minas_puntos","source_url":"https://idecor-ws.mapascordoba.gob.ar/geoserver/wfs?service=WFS&version=2.0.0&request=GetFeature&typeNames=idecor%3Amineria_minas&outputFormat=application%2Fjson&count=2000&startIndex=0&srsName=EPSG%3A4326","source_layer":"idecor:mineria_minas","source_fid":"mineria_minas.53","source_srid":22173,"fetched_at":"2026-07-28T13:38:04+00:00","licencia":"no_especificada","nombre":"LA COMPETENCIA"}},{"type":"Feature","geometry":{"type":"Point","coordinates":[-64.7074,-29.9348]},"properties":{"id":"cordoba:minas_puntos:mineria_minas.54","provincia":"cordoba","provincia_nombre":"Córdoba","tipo":"mina","estado":"desconocido","geom_kind":"punto","fuente_id":"cordoba.idecor.minas_puntos","source_url":"https://idecor-ws.mapascordoba.gob.ar/geoserver/wfs?service=WFS&version=2.0.0&request=GetFeature&typeNames=idecor%3Amineria_minas&outputFormat=application%2Fjson&count=2000&startIndex=0&srsName=EPSG%3A4326","source_layer":"idecor:mineria_minas","source_fid":"mineria_minas.54","source_srid":22173,"fetched_at":"2026-07-28T13:38:04+00:00","licencia":"no_especificada","nombre":"LA CORDOBA"}},{"type":"Feature","geometry":{"type":"Point","coordinates":[-64.6878,-29.8659]},"properties":{"id":"cordoba:minas_puntos:mineria_minas.55","provincia":"cordoba","provincia_nombre":"Córdoba","tipo":"mina","estado":"desconocido","geom_kind":"punto","fuente_id":"cordoba.idecor.minas_puntos","source_url":"https://idecor-ws.mapascordoba.gob.ar/geoserver/wfs?service=WFS&version=2.0.0&request=GetFeature&typeNames=idecor%3Amineria_minas&outputFormat=application%2Fjson&count=2000&startIndex=0&srsName=EPSG%3A4326","source_layer":"idecor:mineria_minas","source_fid":"mineria_minas.55","source_srid":22173,"fetched_at":"2026-07-28T13:38:04+00:00","licencia":"no_especificada","nombre":"LA DULCE"}},{"type":"Feature","geometry":{"type":"Point","coordinates":[-64.7329,-29.8453]},"properties":{"id":"cordoba:minas_puntos:mineria_minas.56","provincia":"cordoba","provincia_nombre":"Córdoba","tipo":"mina","estado":"desconocido","geom_kind":"punto","fuente_id":"cordoba.idecor.minas_puntos","source_url":"https://idecor-ws.mapascordoba.gob.ar/geoserver/wfs?service=WFS&version=2.0.0&request=GetFeature&typeNames=idecor%3Amineria_minas&outputFormat=application%2Fjson&count=2000&startIndex=0&srsName=EPSG%3A4326","source_layer":"idecor:mineria_minas","source_fid":"mineria_minas.56","source_srid":22173,"fetched_at":"2026-07-28T13:38:04+00:00","licencia":"no_especificada","nombre":"LA ERNESTINA"}},{"type":"Feature","geometry":{"type":"Point","coordinates":[-64.7127,-29.9487]},"properties":{"id":"cordoba:minas_puntos:mineria_minas.57","provincia":"cordoba","provincia_nombre":"Córdoba","tipo":"mina","estado":"desconocido","geom_kind":"punto","fuente_id":"cordoba.idecor.minas_puntos","source_url":"https://idecor-ws.mapascordoba.gob.ar/geoserver/wfs?service=WFS&version=2.0.0&request=GetFeature&typeNames=idecor%3Amineria_minas&outputFormat=application%2Fjson&count=2000&startIndex=0&srsName=EPSG%3A4326","source_layer":"idecor:mineria_minas","source_fid":"mineria_minas.57","source_srid":22173,"fetched_at":"2026-07-28T13:38:04+00:00","licencia":"no_especificada","nombre":"LA FORTUNA"}},{"type":"Feature","geometry":{"type":"Point","coordinates":[-64.7104,-29.9422]},"properties":{"id":"cordoba:minas_puntos:mineria_minas.58","provincia":"cordoba","provincia_nombre":"Córdoba","tipo":"mina","estado":"desconocido","geom_kind":"punto","fuente_id":"cordoba.idecor.minas_puntos","source_url":"https://idecor-ws.mapascordoba.gob.ar/geoserver/wfs?service=WFS&version=2.0.0&request=GetFeature&typeNames=idecor%3Amineria_minas&outputFormat=application%2Fjson&count=2000&startIndex=0&srsName=EPSG%3A4326","source_layer":"idecor:mineria_minas","source_fid":"mineria_minas.58","source_srid":22173,"fetched_at":"2026-07-28T13:38:04+00:00","licencia":"no_especificada","nombre":"LA INDUSTRIAL"}},{"type":"Feature","geometry":{"type":"Point","coordinates":[-64.7164,-29.8526]},"properties":{"id":"cordoba:minas_puntos:mineria_minas.59","provincia":"cordoba","provincia_nombre":"Córdoba","tipo":"mina","estado":"desconocido","geom_kind":"punto","fuente_id":"cordoba.idecor.minas_puntos","source_url":"https://idecor-ws.mapascordoba.gob.ar/geoserver/wfs?service=WFS&version=2.0.0&request=GetFeature&typeNames=idecor%3Amineria_minas&outputFormat=application%2Fjson&count=2000&startIndex=0&srsName=EPSG%3A4326","source_layer":"idecor:mineria_minas","source_fid":"mineria_minas.59","source_srid":22173,"fetched_at":"2026-07-28T13:38:04+00:00","licencia":"no_especificada","nombre":"LA ISLA"}},{"type":"Feature","geometry":{"type":"Point","coordinates":[-64.7109,-29.9363]},"properties":{"id":"cordoba:minas_puntos:mineria_minas.60","provincia":"cordoba","provincia_nombre":"Córdoba","tipo":"mina","estado":"desconocido","geom_kind":"punto","fuente_id":"cordoba.idecor.minas_puntos","source_url":"https://idecor-ws.mapascordoba.gob.ar/geoserver/wfs?service=WFS&version=2.0.0&request=GetFeature&typeNames=idecor%3Amineria_minas&outputFormat=application%2Fjson&count=2000&startIndex=0&srsName=EPSG%3A4326","source_layer":"idecor:mineria_minas","source_fid":"mineria_minas.60","source_srid":22173,"fetched_at":"2026-07-28T13:38:04+00:00","licencia":"no_especificada","nombre":"LA LIRA"}},{"type":"Feature","geometry":{"type":"Point","coordinates":[-64.7126,-29.9468]},"properties":{"id":"cordoba:minas_puntos:mineria_minas.61","provincia":"cordoba","provincia_nombre":"Córdoba","tipo":"mina","estado":"desconocido","geom_kind":"punto","fuente_id":"cordoba.idecor.minas_puntos","source_url":"https://idecor-ws.mapascordoba.gob.ar/geoserver/wfs?service=WFS&version=2.0.0&request=GetFeature&typeNames=idecor%3Amineria_minas&outputFormat=application%2Fjson&count=2000&startIndex=0&srsName=EPSG%3A4326","source_layer":"idecor:mineria_minas","source_fid":"mineria_minas.61","source_srid":22173,"fetched_at":"2026-07-28T13:38:04+00:00","licencia":"no_especificada","nombre":"LA LUCHA"}},{"type":"Feature","geometry":{"type":"Point","coordinates":[-64.7415,-29.8413]},"properties":{"id":"cordoba:minas_puntos:mineria_minas.62","provincia":"cordoba","provincia_nombre":"Córdoba","tipo":"mina","estado":"desconocido","geom_kind":"punto","fuente_id":"cordoba.idecor.minas_puntos","source_url":"https://idecor-ws.mapascordoba.gob.ar/geoserver/wfs?service=WFS&version=2.0.0&request=GetFeature&typeNames=idecor%3Amineria_minas&outputFormat=application%2Fjson&count=2000&startIndex=0&srsName=EPSG%3A4326","source_layer":"idecor:mineria_minas","source_fid":"mineria_minas.62","source_srid":22173,"fetched_at":"2026-07-28T13:38:04+00:00","licencia":"no_especificada","nombre":"LA PARRA"}},{"type":"Feature","geometry":{"type":"Point","coordinates":[-64.7044,-30.0496]},"properties":{"id":"cordoba:minas_puntos:mineria_minas.63","provincia":"cordoba","provincia_nombre":"Córdoba","tipo":"mina","estado":"desconocido","geom_kind":"punto","fuente_id":"cordoba.idecor.minas_puntos","source_url":"https://idecor-ws.mapascordoba.gob.ar/geoserver/wfs?service=WFS&version=2.0.0&request=GetFeature&typeNames=idecor%3Amineria_minas&outputFormat=application%2Fjson&count=2000&startIndex=0&srsName=EPSG%3A4326","source_layer":"idecor:mineria_minas","source_fid":"mineria_minas.63","source_srid":22173,"fetched_at":"2026-07-28T13:38:04+00:00","licencia":"no_especificada","nombre":"LA PRIMERA"}},{"type":"Feature","geometry":{"type":"Point","coordinates":[-64.7126,-29.9503]},"properties":{"id":"cordoba:minas_puntos:mineria_minas.64","provincia":"cordoba","provincia_nombre":"Córdoba","tipo":"mina","estado":"desconocido","geom_kind":"punto","fuente_id":"cordoba.idecor.minas_puntos","source_url":"https://idecor-ws.mapascordoba.gob.ar/geoserver/wfs?service=WFS&version=2.0.0&request=GetFeature&typeNames=idecor%3Amineria_minas&outputFormat=application%2Fjson&count=2000&startIndex=0&srsName=EPSG%3A4326","source_layer":"idecor:mineria_minas","source_fid":"mineria_minas.64","source_srid":22173,"fetched_at":"2026-07-28T13:38:04+00:00","licencia":"no_especificada","nombre":"LA PROVIDENCIA"}},{"type":"Feature","geometry":{"type":"Point","coordinates":[-64.719,-30.0816]},"properties":{"id":"cordoba:minas_puntos:mineria_minas.65","provincia":"cordoba","provincia_nombre":"Córdoba","tipo":"mina","estado":"desconocido","geom_kind":"punto","fuente_id":"cordoba.idecor.minas_puntos","source_url":"https://idecor-ws.mapascordoba.gob.ar/geoserver/wfs?service=WFS&version=2.0.0&request=GetFeature&typeNames=idecor%3Amineria_minas&outputFormat=application%2Fjson&count=2000&startIndex=0&srsName=EPSG%3A4326","source_layer":"idecor:mineria_minas","source_fid":"mineria_minas.65","source_srid":22173,"fetched_at":"2026-07-28T13:38:04+00:00","licencia":"no_especificada","nombre":"LA ROSARINA"}},{"type":"Feature","geometry":{"type":"Point","coordinates":[-64.7062,-29.9446]},"properties":{"id":"cordoba:minas_puntos:mineria_minas.66","provincia":"cordoba","provincia_nombre":"Córdoba","tipo":"mina","estado":"desconocido","geom_kind":"punto","fuente_id":"cordoba.idecor.minas_puntos","source_url":"https://idecor-ws.mapascordoba.gob.ar/geoserver/wfs?service=WFS&version=2.0.0&request=GetFeature&typeNames=idecor%3Amineria_minas&outputFormat=application%2Fjson&count=2000&startIndex=0&srsName=EPSG%3A4326","source_layer":"idecor:mineria_minas","source_fid":"mineria_minas.66","source_srid":22173,"fetched_at":"2026-07-28T13:38:04+00:00","licencia":"no_especificada","nombre":"LA SANJUANINA"}},{"type":"Feature","geometry":{"type":"Point","coordinates":[-64.7046,-30.043]},"properties":{"id":"cordoba:minas_puntos:mineria_minas.67","provincia":"cordoba","provincia_nombre":"Córdoba","tipo":"mina","estado":"desconocido","geom_kind":"punto","fuente_id":"cordoba.idecor.minas_puntos","source_url":"https://idecor-ws.mapascordoba.gob.ar/geoserver/wfs?service=WFS&version=2.0.0&request=GetFeature&typeNames=idecor%3Amineria_minas&outputFormat=application%2Fjson&count=2000&startIndex=0&srsName=EPSG%3A4326","source_layer":"idecor:mineria_minas","source_fid":"mineria_minas.67","source_srid":22173,"fetched_at":"2026-07-28T13:38:04+00:00","licencia":"no_especificada","nombre":"LA SEGUNDA"}},{"type":"Feature","geometry":{"type":"Point","coordinates":[-64.7123,-29.954]},"properties":{"id":"cordoba:minas_puntos:mineria_minas.68","provincia":"cordoba","provincia_nombre":"Córdoba","tipo":"mina","estado":"desconocido","geom_kind":"punto","fuente_id":"cordoba.idecor.minas_puntos","source_url":"https://idecor-ws.mapascordoba.gob.ar/geoserver/wfs?service=WFS&version=2.0.0&request=GetFeature&typeNames=idecor%3Amineria_minas&outputFormat=application%2Fjson&count=2000&startIndex=0&srsName=EPSG%3A4326","source_layer":"idecor:mineria_minas","source_fid":"mineria_minas.68","source_srid":22173,"fetched_at":"2026-07-28T13:38:04+00:00","licencia":"no_especificada","nombre":"LA SIN RIVAL"}},{"type":"Feature","geometry":{"type":"Point","coordinates":[-64.6768,-29.8775]},"properties":{"id":"cordoba:minas_puntos:mineria_minas.69","provincia":"cordoba","provincia_nombre":"Córdoba","tipo":"mina","estado":"desconocido","geom_kind":"punto","fuente_id":"cordoba.idecor.minas_puntos","source_url":"https://idecor-ws.mapascordoba.gob.ar/geoserver/wfs?service=WFS&version=2.0.0&request=GetFeature&typeNames=idecor%3Amineria_minas&outputFormat=application%2Fjson&count=2000&startIndex=0&srsName=EPSG%3A4326","source_layer":"idecor:mineria_minas","source_fid":"mineria_minas.69","source_srid":22173,"fetched_at":"2026-07-28T13:38:04+00:00","licencia":"no_especificada","nombre":"LA SUPERIORA"}},{"type":"Feature","geometry":{"type":"Point","coordinates":[-64.7035,-29.8572]},"properties":{"id":"cordoba:minas_puntos:mineria_minas.70","provincia":"cordoba","provincia_nombre":"Córdoba","tipo":"mina","estado":"desconocido","geom_kind":"punto","fuente_id":"cordoba.idecor.minas_puntos","source_url":"https://idecor-ws.mapascordoba.gob.ar/geoserver/wfs?service=WFS&version=2.0.0&request=GetFeature&typeNames=idecor%3Amineria_minas&outputFormat=application%2Fjson&count=2000&startIndex=0&srsName=EPSG%3A4326","source_layer":"idecor:mineria_minas","source_fid":"mineria_minas.70","source_srid":22173,"fetched_at":"2026-07-28T13:38:04+00:00","licencia":"no_especificada","nombre":"LA TERCERA"}},{"type":"Feature","geometry":{"type":"Point","coordinates":[-64.7372,-29.8431]},"properties":{"id":"cordoba:minas_puntos:mineria_minas.71","provincia":"cordoba","provincia_nombre":"Córdoba","tipo":"mina","estado":"desconocido","geom_kind":"punto","fuente_id":"cordoba.idecor.minas_puntos","source_url":"https://idecor-ws.mapascordoba.gob.ar/geoserver/wfs?service=WFS&version=2.0.0&request=GetFeature&typeNames=idecor%3Amineria_minas&outputFormat=application%2Fjson&count=2000&startIndex=0&srsName=EPSG%3A4326","source_layer":"idecor:mineria_minas","source_fid":"mineria_minas.71","source_srid":22173,"fetched_at":"2026-07-28T13:38:04+00:00","licencia":"no_especificada","nombre":"LA VIÑA"}},{"type":"Feature","geometry":{"type":"Point","coordinates":[-64.6959,-30.0443]},"properties":{"id":"cordoba:minas_puntos:mineria_minas.72","provincia":"cordoba","provincia_nombre":"Córdoba","tipo":"mina","estado":"desconocido","geom_kind":"punto","fuente_id":"cordoba.idecor.minas_puntos","source_url":"https://idecor-ws.mapascordoba.gob.ar/geoserver/wfs?service=WFS&version=2.0.0&request=GetFeature&typeNames=idecor%3Amineria_minas&outputFormat=application%2Fjson&count=2000&startIndex=0&srsName=EPSG%3A4326","source_layer":"idecor:mineria_minas","source_fid":"mineria_minas.72","source_srid":22173,"fetched_at":"2026-07-28T13:38:04+00:00","licencia":"no_especificada","nombre":"LOS ANGELES"}},{"type":"Feature","geometry":{"type":"Point","coordinates":[-64.6685,-29.9718]},"properties":{"id":"cordoba:minas_puntos:mineria_minas.73","provincia":"cordoba","provincia_nombre":"Córdoba","tipo":"mina","estado":"desconocido","geom_kind":"punto","fuente_id":"cordoba.idecor.minas_puntos","source_url":"https://idecor-ws.mapascordoba.gob.ar/geoserver/wfs?service=WFS&version=2.0.0&request=GetFeature&typeNames=idecor%3Amineria_minas&outputFormat=application%2Fjson&count=2000&startIndex=0&srsName=EPSG%3A4326","source_layer":"idecor:mineria_minas","source_fid":"mineria_minas.73","source_srid":22173,"fetched_at":"2026-07-28T13:38:04+00:00","licencia":"no_especificada","nombre":"LOS CINCO"}},{"type":"Feature","geometry":{"type":"Point","coordinates":[-64.7425,-29.8349]},"properties":{"id":"cordoba:minas_puntos:mineria_minas.74","provincia":"cordoba","provincia_nombre":"Córdoba","tipo":"mina","estado":"desconocido","geom_kind":"punto","fuente_id":"cordoba.idecor.minas_puntos","source_url":"https://idecor-ws.mapascordoba.gob.ar/geoserver/wfs?service=WFS&version=2.0.0&request=GetFeature&typeNames=idecor%3Amineria_minas&outputFormat=application%2Fjson&count=2000&startIndex=0&srsName=EPSG%3A4326","source_layer":"idecor:mineria_minas","source_fid":"mineria_minas.74","source_srid":22173,"fetched_at":"2026-07-28T13:38:04+00:00","licencia":"no_especificada","nombre":"MANSILLA"}},{"type":"Feature","geometry":{"type":"Point","coordinates":[-64.6797,-29.8903]},"properties":{"id":"cordoba:minas_puntos:mineria_minas.75","provincia":"cordoba","provincia_nombre":"Córdoba","tipo":"mina","estado":"desconocido","geom_kind":"punto","fuente_id":"cordoba.idecor.minas_puntos","source_url":"https://idecor-ws.mapascordoba.gob.ar/geoserver/wfs?service=WFS&version=2.0.0&request=GetFeature&typeNames=idecor%3Amineria_minas&outputFormat=application%2Fjson&count=2000&startIndex=0&srsName=EPSG%3A4326","source_layer":"idecor:mineria_minas","source_fid":"mineria_minas.75","source_srid":22173,"fetched_at":"2026-07-28T13:38:04+00:00","licencia":"no_especificada","nombre":"MANUEL BELGRANO"}},{"type":"Feature","geometry":{"type":"Point","coordinates":[-64.714,-29.8426]},"properties":{"id":"cordoba:minas_puntos:mineria_minas.76","provincia":"cordoba","provincia_nombre":"Córdoba","tipo":"mina","estado":"desconocido","geom_kind":"punto","fuente_id":"cordoba.idecor.minas_puntos","source_url":"https://idecor-ws.mapascordoba.gob.ar/geoserver/wfs?service=WFS&version=2.0.0&request=GetFeature&typeNames=idecor%3Amineria_minas&outputFormat=application%2Fjson&count=2000&startIndex=0&srsName=EPSG%3A4326","source_layer":"idecor:mineria_minas","source_fid":"mineria_minas.76","source_srid":22173,"fetched_at":"2026-07-28T13:38:04+00:00","licencia":"no_especificada","nombre":"MEDITERRANEA 1"}},{"type":"Feature","geometry":{"type":"Point","coordinates":[-64.6816,-29.8599]},"properties":{"id":"cordoba:minas_puntos:mineria_minas.77","provincia":"cordoba","provincia_nombre":"Córdoba","tipo":"mina","estado":"desconocido","geom_kind":"punto","fuente_id":"cordoba.idecor.minas_puntos","source_url":"https://idecor-ws.mapascordoba.gob.ar/geoserver/wfs?service=WFS&version=2.0.0&request=GetFeature&typeNames=idecor%3Amineria_minas&outputFormat=application%2Fjson&count=2000&startIndex=0&srsName=EPSG%3A4326","source_layer":"idecor:mineria_minas","source_fid":"mineria_minas.77","source_srid":22173,"fetched_at":"2026-07-28T13:38:04+00:00","licencia":"no_especificada","nombre":"MEDITERRANEA 2"}},{"type":"Feature","geometry":{"type":"Point","coordinates":[-64.7269,-29.8395]},"properties":{"id":"cordoba:minas_puntos:mineria_minas.78","provincia":"cordoba","provincia_nombre":"Córdoba","tipo":"mina","estado":"desconocido","geom_kind":"punto","fuente_id":"cordoba.idecor.minas_puntos","source_url":"https://idecor-ws.mapascordoba.gob.ar/geoserver/wfs?service=WFS&version=2.0.0&request=GetFeature&typeNames=idecor%3Amineria_minas&outputFormat=application%2Fjson&count=2000&startIndex=0&srsName=EPSG%3A4326","source_layer":"idecor:mineria_minas","source_fid":"mineria_minas.78","source_srid":22173,"fetched_at":"2026-07-28T13:38:04+00:00","licencia":"no_especificada","nombre":"MEDITERRANEA 3"}},{"type":"Feature","geometry":{"type":"Point","coordinates":[-64.7079,-29.8564]},"properties":{"id":"cordoba:minas_puntos:mineria_minas.79","provincia":"cordoba","provincia_nombre":"Córdoba","tipo":"mina","estado":"desconocido","geom_kind":"punto","fuente_id":"cordoba.idecor.minas_puntos","source_url":"https://idecor-ws.mapascordoba.gob.ar/geoserver/wfs?service=WFS&version=2.0.0&request=GetFeature&typeNames=idecor%3Amineria_minas&outputFormat=application%2Fjson&count=2000&startIndex=0&srsName=EPSG%3A4326","source_layer":"idecor:mineria_minas","source_fid":"mineria_minas.79","source_srid":22173,"fetched_at":"2026-07-28T13:38:04+00:00","licencia":"no_especificada","nombre":"MEDITERRANEA 4"}},{"type":"Feature","geometry":{"type":"Point","coordinates":[-64.7166,-29.8562]},"properties":{"id":"cordoba:minas_puntos:mineria_minas.80","provincia":"cordoba","provincia_nombre":"Córdoba","tipo":"mina","estado":"desconocido","geom_kind":"punto","fuente_id":"cordoba.idecor.minas_puntos","source_url":"https://idecor-ws.mapascordoba.gob.ar/geoserver/wfs?service=WFS&version=2.0.0&request=GetFeature&typeNames=idecor%3Amineria_minas&outputFormat=application%2Fjson&count=2000&startIndex=0&srsName=EPSG%3A4326","source_layer":"idecor:mineria_minas","source_fid":"mineria_minas.80","source_srid":22173,"fetched_at":"2026-07-28T13:38:04+00:00","licencia":"no_especificada","nombre":"MEDITERRANEA 5"}},{"type":"Feature","geometry":{"type":"Point","coordinates":[-64.7373,-29.8107]},"properties":{"id":"cordoba:minas_puntos:mineria_minas.81","provincia":"cordoba","provincia_nombre":"Córdoba","tipo":"mina","estado":"desconocido","geom_kind":"punto","fuente_id":"cordoba.idecor.minas_puntos","source_url":"https://idecor-ws.mapascordoba.gob.ar/geoserver/wfs?service=WFS&version=2.0.0&request=GetFeature&typeNames=idecor%3Amineria_minas&outputFormat=application%2Fjson&count=2000&startIndex=0&srsName=EPSG%3A4326","source_layer":"idecor:mineria_minas","source_fid":"mineria_minas.81","source_srid":22173,"fetched_at":"2026-07-28T13:38:04+00:00","licencia":"no_especificada","nombre":"MANUEL"}},{"type":"Feature","geometry":{"type":"Point","coordinates":[-64.6913,-29.8841]},"properties":{"id":"cordoba:minas_puntos:mineria_minas.82","provincia":"cordoba","provincia_nombre":"Córdoba","tipo":"mina","estado":"desconocido","geom_kind":"punto","fuente_id":"cordoba.idecor.minas_puntos","source_url":"https://idecor-ws.mapascordoba.gob.ar/geoserver/wfs?service=WFS&version=2.0.0&request=GetFeature&typeNames=idecor%3Amineria_minas&outputFormat=application%2Fjson&count=2000&startIndex=0&srsName=EPSG%3A4326","source_layer":"idecor:mineria_minas","source_fid":"mineria_minas.82","source_srid":22173,"fetched_at":"2026-07-28T13:38:04+00:00","licencia":"no_especificada","nombre":"MITRE"}},{"type":"Feature","geometry":{"type":"Point","coordinates":[-64.6976,-29.8751]},"properties":{"id":"cordoba:minas_puntos:mineria_minas.83","provincia":"cordoba","provincia_nombre":"Córdoba","tipo":"mina","estado":"desconocido","geom_kind":"punto","fuente_id":"cordoba.idecor.minas_puntos","source_url":"https://idecor-ws.mapascordoba.gob.ar/geoserver/wfs?service=WFS&version=2.0.0&request=GetFeature&typeNames=idecor%3Amineria_minas&outputFormat=application%2Fjson&count=2000&startIndex=0&srsName=EPSG%3A4326","source_layer":"idecor:mineria_minas","source_fid":"mineria_minas.83","source_srid":22173,"fetched_at":"2026-07-28T13:38:04+00:00","licencia":"no_especificada","nombre":"NECOCHEA"}},{"type":"Feature","geometry":{"type":"Point","coordinates":[-64.6768,-29.8874]},"properties":{"id":"cordoba:minas_puntos:mineria_minas.84","provincia":"cordoba","provincia_nombre":"Córdoba","tipo":"mina","estado":"desconocido","geom_kind":"punto","fuente_id":"cordoba.idecor.minas_puntos","source_url":"https://idecor-ws.mapascordoba.gob.ar/geoserver/wfs?service=WFS&version=2.0.0&request=GetFeature&typeNames=idecor%3Amineria_minas&outputFormat=application%2Fjson&count=2000&startIndex=0&srsName=EPSG%3A4326","source_layer":"idecor:mineria_minas","source_fid":"mineria_minas.84","source_srid":22173,"fetched_at":"2026-07-28T13:38:04+00:00","licencia":"no_especificada","nombre":"NENA"}},{"type":"Feature","geometry":{"type":"Point","coordinates":[-64.7045,-30.0699]},"properties":{"id":"cordoba:minas_puntos:mineria_minas.85","provincia":"cordoba","provincia_nombre":"Córdoba","tipo":"mina","estado":"desconocido","geom_kind":"punto","fuente_id":"cordoba.idecor.minas_puntos","source_url":"https://idecor-ws.mapascordoba.gob.ar/geoserver/wfs?service=WFS&version=2.0.0&request=GetFeature&typeNames=idecor%3Amineria_minas&outputFormat=application%2Fjson&count=2000&startIndex=0&srsName=EPSG%3A4326","source_layer":"idecor:mineria_minas","source_fid":"mineria_minas.85","source_srid":22173,"fetched_at":"2026-07-28T13:38:04+00:00","licencia":"no_especificada","nombre":"NIVEA"}},{"type":"Feature","geometry":{"type":"Point","coordinates":[-64.6754,-29.8534]},"properties":{"id":"cordoba:minas_puntos:mineria_minas.86","provincia":"cordoba","provincia_nombre":"Córdoba","tipo":"mina","estado":"desconocido","geom_kind":"punto","fuente_id":"cordoba.idecor.minas_puntos","source_url":"https://idecor-ws.mapascordoba.gob.ar/geoserver/wfs?service=WFS&version=2.0.0&request=GetFeature&typeNames=idecor%3Amineria_minas&outputFormat=application%2Fjson&count=2000&startIndex=0&srsName=EPSG%3A4326","source_layer":"idecor:mineria_minas","source_fid":"mineria_minas.86","source_srid":22173,"fetched_at":"2026-07-28T13:38:04+00:00","licencia":"no_especificada","nombre":"PATRIA"}},{"type":"Feature","geometry":{"type":"Point","coordinates":[-64.7176,-30.0753]},"properties":{"id":"cordoba:minas_puntos:mineria_minas.87","provincia":"cordoba","provincia_nombre":"Córdoba","tipo":"mina","estado":"desconocido","geom_kind":"punto","fuente_id":"cordoba.idecor.minas_puntos","source_url":"https://idecor-ws.mapascordoba.gob.ar/geoserver/wfs?service=WFS&version=2.0.0&request=GetFeature&typeNames=idecor%3Amineria_minas&outputFormat=application%2Fjson&count=2000&startIndex=0&srsName=EPSG%3A4326","source_layer":"idecor:mineria_minas","source_fid":"mineria_minas.87","source_srid":22173,"fetched_at":"2026-07-28T13:38:04+00:00","licencia":"no_especificada","nombre":"PATRIA"}},{"type":"Feature","geometry":{"type":"Point","coordinates":[-64.7378,-30.0847]},"properties":{"id":"cordoba:minas_puntos:mineria_minas.88","provincia":"cordoba","provincia_nombre":"Córdoba","tipo":"mina","estado":"desconocido","geom_kind":"punto","fuente_id":"cordoba.idecor.minas_puntos","source_url":"https://idecor-ws.mapascordoba.gob.ar/geoserver/wfs?service=WFS&version=2.0.0&request=GetFeature&typeNames=idecor%3Amineria_minas&outputFormat=application%2Fjson&count=2000&startIndex=0&srsName=EPSG%3A4326","source_layer":"idecor:mineria_minas","source_fid":"mineria_minas.88","source_srid":22173,"fetched_at":"2026-07-28T13:38:04+00:00","licencia":"no_especificada","nombre":"PEBETA"}},{"type":"Feature","geometry":{"type":"Point","coordinates":[-64.0913,-29.7081]},"properties":{"id":"cordoba:minas_puntos:mineria_minas.89","provincia":"cordoba","provincia_nombre":"Córdoba","tipo":"mina","estado":"desconocido","geom_kind":"punto","fuente_id":"cordoba.idecor.minas_puntos","source_url":"https://idecor-ws.mapascordoba.gob.ar/geoserver/wfs?service=WFS&version=2.0.0&request=GetFeature&typeNames=idecor%3Amineria_minas&outputFormat=application%2Fjson&count=2000&startIndex=0&srsName=EPSG%3A4326","source_layer":"idecor:mineria_minas","source_fid":"mineria_minas.89","source_srid":22173,"fetched_at":"2026-07-28T13:38:04+00:00","licencia":"no_especificada","nombre":"PEDRITO"}},{"type":"Feature","geometry":{"type":"Point","coordinates":[-64.7379,-30.0631]},"properties":{"id":"cordoba:minas_puntos:mineria_minas.90","provincia":"cordoba","provincia_nombre":"Córdoba","tipo":"mina","estado":"desconocido","geom_kind":"punto","fuente_id":"cordoba.idecor.minas_puntos","source_url":"https://idecor-ws.mapascordoba.gob.ar/geoserver/wfs?service=WFS&version=2.0.0&request=GetFeature&typeNames=idecor%3Amineria_minas&outputFormat=application%2Fjson&count=2000&startIndex=0&srsName=EPSG%3A4326","source_layer":"idecor:mineria_minas","source_fid":"mineria_minas.90","source_srid":22173,"fetched_at":"2026-07-28T13:38:04+00:00","licencia":"no_especificada","nombre":"PIAVE"}},{"type":"Feature","geometry":{"type":"Point","coordinates":[-64.1715,-29.7694]},"properties":{"id":"cordoba:minas_puntos:mineria_minas.91","provincia":"cordoba","provincia_nombre":"Córdoba","tipo":"mina","estado":"desconocido","geom_kind":"punto","fuente_id":"cordoba.idecor.minas_puntos","source_url":"https://idecor-ws.mapascordoba.gob.ar/geoserver/wfs?service=WFS&version=2.0.0&request=GetFeature&typeNames=idecor%3Amineria_minas&outputFormat=application%2Fjson&count=2000&startIndex=0&srsName=EPSG%3A4326","source_layer":"idecor:mineria_minas","source_fid":"mineria_minas.91","source_srid":22173,"fetched_at":"2026-07-28T13:38:04+00:00","licencia":"no_especificada","nombre":"PIEDRA PINTADA"}},{"type":"Feature","geometry":{"type":"Point","coordinates":[-64.7209,-30.0702]},"properties":{"id":"cordoba:minas_puntos:mineria_minas.92","provincia":"cordoba","provincia_nombre":"Córdoba","tipo":"mina","estado":"desconocido","geom_kind":"punto","fuente_id":"cordoba.idecor.minas_puntos","source_url":"https://idecor-ws.mapascordoba.gob.ar/geoserver/wfs?service=WFS&version=2.0.0&request=GetFeature&typeNames=idecor%3Amineria_minas&outputFormat=application%2Fjson&count=2000&startIndex=0&srsName=EPSG%3A4326","source_layer":"idecor:mineria_minas","source_fid":"mineria_minas.92","source_srid":22173,"fetched_at":"2026-07-28T13:38:04+00:00","licencia":"no_especificada","nombre":"PINTORESCA"}},{"type":"Feature","geometry":{"type":"Point","coordinates":[-64.0916,-29.7094]},"properties":{"id":"cordoba:minas_puntos:mineria_minas.93","provincia":"cordoba","provincia_nombre":"Córdoba","tipo":"mina","estado":"desconocido","geom_kind":"punto","fuente_id":"cordoba.idecor.minas_puntos","source_url":"https://idecor-ws.mapascordoba.gob.ar/geoserver/wfs?service=WFS&version=2.0.0&request=GetFeature&typeNames=idecor%3Amineria_minas&outputFormat=application%2Fjson&count=2000&startIndex=0&srsName=EPSG%3A4326","source_layer":"idecor:mineria_minas","source_fid":"mineria_minas.93","source_srid":22173,"fetched_at":"2026-07-28T13:38:04+00:00","licencia":"no_especificada","nombre":"POCHITA"}},{"type":"Feature","geometry":{"type":"Point","coordinates":[-64.6915,-29.8748]},"properties":{"id":"cordoba:minas_puntos:mineria_minas.94","provincia":"cordoba","provincia_nombre":"Córdoba","tipo":"mina","estado":"desconocido","geom_kind":"punto","fuente_id":"cordoba.idecor.minas_puntos","source_url":"https://idecor-ws.mapascordoba.gob.ar/geoserver/wfs?service=WFS&version=2.0.0&request=GetFeature&typeNames=idecor%3Amineria_minas&outputFormat=application%2Fjson&count=2000&startIndex=0&srsName=EPSG%3A4326","source_layer":"idecor:mineria_minas","source_fid":"mineria_minas.94","source_srid":22173,"fetched_at":"2026-07-28T13:38:04+00:00","licencia":"no_especificada","nombre":"PRINCESA"}},{"type":"Feature","geometry":{"type":"Point","coordinates":[-64.7542,-30.0698]},"properties":{"id":"cordoba:minas_puntos:mineria_minas.95","provincia":"cordoba","provincia_nombre":"Córdoba","tipo":"mina","estado":"desconocido","geom_kind":"punto","fuente_id":"cordoba.idecor.minas_puntos","source_url":"https://idecor-ws.mapascordoba.gob.ar/geoserver/wfs?service=WFS&version=2.0.0&request=GetFeature&typeNames=idecor%3Amineria_minas&outputFormat=application%2Fjson&count=2000&startIndex=0&srsName=EPSG%3A4326","source_layer":"idecor:mineria_minas","source_fid":"mineria_minas.95","source_srid":22173,"fetched_at":"2026-07-28T13:38:04+00:00","licencia":"no_especificada","nombre":"QUILINO"}},{"type":"Feature","geometry":{"type":"Point","coordinates":[-64.6978,-29.8573]},"properties":{"id":"cordoba:minas_puntos:mineria_minas.96","provincia":"cordoba","provincia_nombre":"Córdoba","tipo":"mina","estado":"desconocido","geom_kind":"punto","fuente_id":"cordoba.idecor.minas_puntos","source_url":"https://idecor-ws.mapascordoba.gob.ar/geoserver/wfs?service=WFS&version=2.0.0&request=GetFeature&typeNames=idecor%3Amineria_minas&outputFormat=application%2Fjson&count=2000&startIndex=0&srsName=EPSG%3A4326","source_layer":"idecor:mineria_minas","source_fid":"mineria_minas.96","source_srid":22173,"fetched_at":"2026-07-28T13:38:04+00:00","licencia":"no_especificada","nombre":"QUIRQUINCHO"}},{"type":"Feature","geometry":{"type":"Point","coordinates":[-64.0913,-29.572]},"properties":{"id":"cordoba:minas_puntos:mineria_minas.97","provincia":"cordoba","provincia_nombre":"Córdoba","tipo":"mina","estado":"desconocido","geom_kind":"punto","fuente_id":"cordoba.idecor.minas_puntos","source_url":"https://idecor-ws.mapascordoba.gob.ar/geoserver/wfs?service=WFS&version=2.0.0&request=GetFeature&typeNames=idecor%3Amineria_minas&outputFormat=application%2Fjson&count=2000&startIndex=0&srsName=EPSG%3A4326","source_layer":"idecor:mineria_minas","source_fid":"mineria_minas.97","source_srid":22173,"fetched_at":"2026-07-28T13:38:04+00:00","licencia":"no_especificada","nombre":"RAULITO"}},{"type":"Feature","geometry":{"type":"Point","coordinates":[-64.7543,-30.0633]},"properties":{"id":"cordoba:minas_puntos:mineria_minas.98","provincia":"cordoba","provincia_nombre":"Córdoba","tipo":"mina","estado":"desconocido","geom_kind":"punto","fuente_id":"cordoba.idecor.minas_puntos","source_url":"https://idecor-ws.mapascordoba.gob.ar/geoserver/wfs?service=WFS&version=2.0.0&request=GetFeature&typeNames=idecor%3Amineria_minas&outputFormat=application%2Fjson&count=2000&startIndex=0&srsName=EPSG%3A4326","source_layer":"idecor:mineria_minas","source_fid":"mineria_minas.98","source_srid":22173,"fetched_at":"2026-07-28T13:38:04+00:00","licencia":"no_especificada","nombre":"RECONQUISTA"}},{"type":"Feature","geometry":{"type":"Point","coordinates":[-64.7446,-29.8332]},"properties":{"id":"cordoba:minas_puntos:mineria_minas.99","provincia":"cordoba","provincia_nombre":"Córdoba","tipo":"mina","estado":"desconocido","geom_kind":"punto","fuente_id":"cordoba.idecor.minas_puntos","source_url":"https://idecor-ws.mapascordoba.gob.ar/geoserver/wfs?service=WFS&version=2.0.0&request=GetFeature&typeNames=idecor%3Amineria_minas&outputFormat=application%2Fjson&count=2000&startIndex=0&srsName=EPSG%3A4326","source_layer":"idecor:mineria_minas","source_fid":"mineria_minas.99","source_srid":22173,"fetched_at":"2026-07-28T13:38:04+00:00","licencia":"no_especificada","nombre":"REMATE"}},{"type":"Feature","geometry":{"type":"Point","coordinates":[-64.6977,-29.8658]},"properties":{"id":"cordoba:minas_puntos:mineria_minas.100","provincia":"cordoba","provincia_nombre":"Córdoba","tipo":"mina","estado":"desconocido","geom_kind":"punto","fuente_id":"cordoba.idecor.minas_puntos","source_url":"https://idecor-ws.mapascordoba.gob.ar/geoserver/wfs?service=WFS&version=2.0.0&request=GetFeature&typeNames=idecor%3Amineria_minas&outputFormat=application%2Fjson&count=2000&startIndex=0&srsName=EPSG%3A4326","source_layer":"idecor:mineria_minas","source_fid":"mineria_minas.100","source_srid":22173,"fetched_at":"2026-07-28T13:38:04+00:00","licencia":"no_especificada","nombre":"RIOJANA"}},{"type":"Feature","geometry":{"type":"Point","coordinates":[-64.7459,-30.0849]},"properties":{"id":"cordoba:minas_puntos:mineria_minas.101","provincia":"cordoba","provincia_nombre":"Córdoba","tipo":"mina","estado":"desconocido","geom_kind":"punto","fuente_id":"cordoba.idecor.minas_puntos","source_url":"https://idecor-ws.mapascordoba.gob.ar/geoserver/wfs?service=WFS&version=2.0.0&request=GetFeature&typeNames=idecor%3Amineria_minas&outputFormat=application%2Fjson&count=2000&startIndex=0&srsName=EPSG%3A4326","source_layer":"idecor:mineria_minas","source_fid":"mineria_minas.101","source_srid":22173,"fetched_at":"2026-07-28T13:38:04+00:00","licencia":"no_especificada","nombre":"SALINA UNO"}},{"type":"Feature","geometry":{"type":"Point","coordinates":[-64.7036,-29.8658]},"properties":{"id":"cordoba:minas_puntos:mineria_minas.102","provincia":"cordoba","provincia_nombre":"Córdoba","tipo":"mina","estado":"desconocido","geom_kind":"punto","fuente_id":"cordoba.idecor.minas_puntos","source_url":"https://idecor-ws.mapascordoba.gob.ar/geoserver/wfs?service=WFS&version=2.0.0&request=GetFeature&typeNames=idecor%3Amineria_minas&outputFormat=application%2Fjson&count=2000&startIndex=0&srsName=EPSG%3A4326","source_layer":"idecor:mineria_minas","source_fid":"mineria_minas.102","source_srid":22173,"fetched_at":"2026-07-28T13:38:04+00:00","licencia":"no_especificada","nombre":"SALTEÑA"}},{"type":"Feature","geometry":{"type":"Point","coordinates":[-64.7233,-29.8492]},"properties":{"id":"cordoba:minas_puntos:mineria_minas.103","provincia":"cordoba","provincia_nombre":"Córdoba","tipo":"mina","estado":"desconocido","geom_kind":"punto","fuente_id":"cordoba.idecor.minas_puntos","source_url":"https://idecor-ws.mapascordoba.gob.ar/geoserver/wfs?service=WFS&version=2.0.0&request=GetFeature&typeNames=idecor%3Amineria_minas&outputFormat=application%2Fjson&count=2000&startIndex=0&srsName=EPSG%3A4326","source_layer":"idecor:mineria_minas","source_fid":"mineria_minas.103","source_srid":22173,"fetched_at":"2026-07-28T13:38:04+00:00","licencia":"no_especificada","nombre":"SAN ANTONIO"}},{"type":"Feature","geometry":{"type":"Point","coordinates":[-64.7456,-30.0741]},"properties":{"id":"cordoba:minas_puntos:mineria_minas.104","provincia":"cordoba","provincia_nombre":"Córdoba","tipo":"mina","estado":"desconocido","geom_kind":"punto","fuente_id":"cordoba.idecor.minas_puntos","source_url":"https://idecor-ws.mapascordoba.gob.ar/geoserver/wfs?service=WFS&version=2.0.0&request=GetFeature&typeNames=idecor%3Amineria_minas&outputFormat=application%2Fjson&count=2000&startIndex=0&srsName=EPSG%3A4326","source_layer":"idecor:mineria_minas","source_fid":"mineria_minas.104","source_srid":22173,"fetched_at":"2026-07-28T13:38:04+00:00","licencia":"no_especificada","nombre":"SAN ANTONIO 2°"}},{"type":"Feature","geometry":{"type":"Point","coordinates":[-64.6773,-29.9698]},"properties":{"id":"cordoba:minas_puntos:mineria_minas.105","provincia":"cordoba","provincia_nombre":"Córdoba","tipo":"mina","estado":"desconocido","geom_kind":"punto","fuente_id":"cordoba.idecor.minas_puntos","source_url":"https://idecor-ws.mapascordoba.gob.ar/geoserver/wfs?service=WFS&version=2.0.0&request=GetFeature&typeNames=idecor%3Amineria_minas&outputFormat=application%2Fjson&count=2000&startIndex=0&srsName=EPSG%3A4326","source_layer":"idecor:mineria_minas","source_fid":"mineria_minas.105","source_srid":22173,"fetched_at":"2026-07-28T13:38:04+00:00","licencia":"no_especificada","nombre":"SAN CARLOS"}},{"type":"Feature","geometry":{"type":"Point","coordinates":[-64.7138,-30.0792]},"properties":{"id":"cordoba:minas_puntos:mineria_minas.106","provincia":"cordoba","provincia_nombre":"Córdoba","tipo":"mina","estado":"desconocido","geom_kind":"punto","fuente_id":"cordoba.idecor.minas_puntos","source_url":"https://idecor-ws.mapascordoba.gob.ar/geoserver/wfs?service=WFS&version=2.0.0&request=GetFeature&typeNames=idecor%3Amineria_minas&outputFormat=application%2Fjson&count=2000&startIndex=0&srsName=EPSG%3A4326","source_layer":"idecor:mineria_minas","source_fid":"mineria_minas.106","source_srid":22173,"fetched_at":"2026-07-28T13:38:04+00:00","licencia":"no_especificada","nombre":"SAN JERONIMO"}},{"type":"Feature","geometry":{"type":"Point","coordinates":[-64.1039,-29.5761]},"properties":{"id":"cordoba:minas_puntos:mineria_minas.107","provincia":"cordoba","provincia_nombre":"Córdoba","tipo":"mina","estado":"desconocido","geom_kind":"punto","fuente_id":"cordoba.idecor.minas_puntos","source_url":"https://idecor-ws.mapascordoba.gob.ar/geoserver/wfs?service=WFS&version=2.0.0&request=GetFeature&typeNames=idecor%3Amineria_minas&outputFormat=application%2Fjson&count=2000&startIndex=0&srsName=EPSG%3A4326","source_layer":"idecor:mineria_minas","source_fid":"mineria_minas.107","source_srid":22173,"fetched_at":"2026-07-28T13:38:04+00:00","licencia":"no_especificada","nombre":"SAN JOSE"}},{"type":"Feature","geometry":{"type":"Point","coordinates":[-64.7213,-29.8416]},"properties":{"id":"cordoba:minas_puntos:mineria_minas.108","provincia":"cordoba","provincia_nombre":"Córdoba","tipo":"mina","estado":"desconocido","geom_kind":"punto","fuente_id":"cordoba.idecor.minas_puntos","source_url":"https://idecor-ws.mapascordoba.gob.ar/geoserver/wfs?service=WFS&version=2.0.0&request=GetFeature&typeNames=idecor%3Amineria_minas&outputFormat=application%2Fjson&count=2000&startIndex=0&srsName=EPSG%3A4326","source_layer":"idecor:mineria_minas","source_fid":"mineria_minas.108","source_srid":22173,"fetched_at":"2026-07-28T13:38:04+00:00","licencia":"no_especificada","nombre":"SAN PABLO"}},{"type":"Feature","geometry":{"type":"Point","coordinates":[-64.6862,-29.8839]},"properties":{"id":"cordoba:minas_puntos:mineria_minas.109","provincia":"cordoba","provincia_nombre":"Córdoba","tipo":"mina","estado":"desconocido","geom_kind":"punto","fuente_id":"cordoba.idecor.minas_puntos","source_url":"https://idecor-ws.mapascordoba.gob.ar/geoserver/wfs?service=WFS&version=2.0.0&request=GetFeature&typeNames=idecor%3Amineria_minas&outputFormat=application%2Fjson&count=2000&startIndex=0&srsName=EPSG%3A4326","source_layer":"idecor:mineria_minas","source_fid":"mineria_minas.109","source_srid":22173,"fetched_at":"2026-07-28T13:38:04+00:00","licencia":"no_especificada","nombre":"SAN VICENTE"}},{"type":"Feature","geometry":{"type":"Point","coordinates":[-64.6734,-29.8842]},"properties":{"id":"cordoba:minas_puntos:mineria_minas.110","provincia":"cordoba","provincia_nombre":"Córdoba","tipo":"mina","estado":"desconocido","geom_kind":"punto","fuente_id":"cordoba.idecor.minas_puntos","source_url":"https://idecor-ws.mapascordoba.gob.ar/geoserver/wfs?service=WFS&version=2.0.0&request=GetFeature&typeNames=idecor%3Amineria_minas&outputFormat=application%2Fjson&count=2000&startIndex=0&srsName=EPSG%3A4326","source_layer":"idecor:mineria_minas","source_fid":"mineria_minas.110","source_srid":22173,"fetched_at":"2026-07-28T13:38:04+00:00","licencia":"no_especificada","nombre":"SANTA MARIA"}},{"type":"Feature","geometry":{"type":"Point","coordinates":[-64.7145,-29.841]},"properties":{"id":"cordoba:minas_puntos:mineria_minas.111","provincia":"cordoba","provincia_nombre":"Córdoba","tipo":"mina","estado":"desconocido","geom_kind":"punto","fuente_id":"cordoba.idecor.minas_puntos","source_url":"https://idecor-ws.mapascordoba.gob.ar/geoserver/wfs?service=WFS&version=2.0.0&request=GetFeature&typeNames=idecor%3Amineria_minas&outputFormat=application%2Fjson&count=2000&startIndex=0&srsName=EPSG%3A4326","source_layer":"idecor:mineria_minas","source_fid":"mineria_minas.111","source_srid":22173,"fetched_at":"2026-07-28T13:38:04+00:00","licencia":"no_especificada","nombre":"SANTA TERESA"}},{"type":"Feature","geometry":{"type":"Point","coordinates":[-64.7801,-29.8276]},"properties":{"id":"cordoba:minas_puntos:mineria_minas.112","provincia":"cordoba","provincia_nombre":"Córdoba","tipo":"mina","estado":"desconocido","geom_kind":"punto","fuente_id":"cordoba.idecor.minas_puntos","source_url":"https://idecor-ws.mapascordoba.gob.ar/geoserver/wfs?service=WFS&version=2.0.0&request=GetFeature&typeNames=idecor%3Amineria_minas&outputFormat=application%2Fjson&count=2000&startIndex=0&srsName=EPSG%3A4326","source_layer":"idecor:mineria_minas","source_fid":"mineria_minas.112","source_srid":22173,"fetched_at":"2026-07-28T13:38:04+00:00","licencia":"no_especificada","nombre":"SIRIA"}},{"type":"Feature","geometry":{"type":"Point","coordinates":[-64.0878,-29.6859]},"properties":{"id":"cordoba:minas_puntos:mineria_minas.113","provincia":"cordoba","provincia_nombre":"Córdoba","tipo":"mina","estado":"desconocido","geom_kind":"punto","fuente_id":"cordoba.idecor.minas_puntos","source_url":"https://idecor-ws.mapascordoba.gob.ar/geoserver/wfs?service=WFS&version=2.0.0&request=GetFeature&typeNames=idecor%3Amineria_minas&outputFormat=application%2Fjson&count=2000&startIndex=0&srsName=EPSG%3A4326","source_layer":"idecor:mineria_minas","source_fid":"mineria_minas.113","source_srid":22173,"fetched_at":"2026-07-28T13:38:04+00:00","licencia":"no_especificada","nombre":"STELLA"}},{"type":"Feature","geometry":{"type":"Point","coordinates":[-64.6913,-29.8659]},"properties":{"id":"cordoba:minas_puntos:mineria_minas.114","provincia":"cordoba","provincia_nombre":"Córdoba","tipo":"mina","estado":"desconocido","geom_kind":"punto","fuente_id":"cordoba.idecor.minas_puntos","source_url":"https://idecor-ws.mapascordoba.gob.ar/geoserver/wfs?service=WFS&version=2.0.0&request=GetFeature&typeNames=idecor%3Amineria_minas&outputFormat=application%2Fjson&count=2000&startIndex=0&srsName=EPSG%3A4326","source_layer":"idecor:mineria_minas","source_fid":"mineria_minas.114","source_srid":22173,"fetched_at":"2026-07-28T13:38:04+00:00","licencia":"no_especificada","nombre":"SUPERGA"}},{"type":"Feature","geometry":{"type":"Point","coordinates":[-64.7099,-29.8509]},"properties":{"id":"cordoba:minas_puntos:mineria_minas.115","provincia":"cordoba","provincia_nombre":"Córdoba","tipo":"mina","estado":"desconocido","geom_kind":"punto","fuente_id":"cordoba.idecor.minas_puntos","source_url":"https://idecor-ws.mapascordoba.gob.ar/geoserver/wfs?service=WFS&version=2.0.0&request=GetFeature&typeNames=idecor%3Amineria_minas&outputFormat=application%2Fjson&count=2000&startIndex=0&srsName=EPSG%3A4326","source_layer":"idecor:mineria_minas","source_fid":"mineria_minas.115","source_srid":22173,"fetched_at":"2026-07-28T13:38:04+00:00","licencia":"no_especificada","nombre":"TELARITO"}},{"type":"Feature","geometry":{"type":"Point","coordinates":[-64.6848,-29.8653]},"properties":{"id":"cordoba:minas_puntos:mineria_minas.116","provincia":"cordoba","provincia_nombre":"Córdoba","tipo":"mina","estado":"desconocido","geom_kind":"punto","fuente_id":"cordoba.idecor.minas_puntos","source_url":"https://idecor-ws.mapascordoba.gob.ar/geoserver/wfs?service=WFS&version=2.0.0&request=GetFeature&typeNames=idecor%3Amineria_minas&outputFormat=application%2Fjson&count=2000&startIndex=0&srsName=EPSG%3A4326","source_layer":"idecor:mineria_minas","source_fid":"mineria_minas.116","source_srid":22173,"fetched_at":"2026-07-28T13:38:04+00:00","licencia":"no_especificada","nombre":"TIANITA"}},{"type":"Feature","geometry":{"type":"Point","coordinates":[-64.7047,-30.0362]},"properties":{"id":"cordoba:minas_puntos:mineria_minas.117","provincia":"cordoba","provincia_nombre":"Córdoba","tipo":"mina","estado":"desconocido","geom_kind":"punto","fuente_id":"cordoba.idecor.minas_puntos","source_url":"https://idecor-ws.mapascordoba.gob.ar/geoserver/wfs?service=WFS&version=2.0.0&request=GetFeature&typeNames=idecor%3Amineria_minas&outputFormat=application%2Fjson&count=2000&startIndex=0&srsName=EPSG%3A4326","source_layer":"idecor:mineria_minas","source_fid":"mineria_minas.117","source_srid":22173,"fetched_at":"2026-07-28T13:38:04+00:00","licencia":"no_especificada","nombre":"TINTINA"}},{"type":"Feature","geometry":{"type":"Point","coordinates":[-64.1208,-29.8737]},"properties":{"id":"cordoba:minas_puntos:mineria_minas.118","provincia":"cordoba","provincia_nombre":"Córdoba","tipo":"mina","estado":"desconocido","geom_kind":"punto","fuente_id":"cordoba.idecor.minas_puntos","source_url":"https://idecor-ws.mapascordoba.gob.ar/geoserver/wfs?service=WFS&version=2.0.0&request=GetFeature&typeNames=idecor%3Amineria_minas&outputFormat=application%2Fjson&count=2000&startIndex=0&srsName=EPSG%3A4326","source_layer":"idecor:mineria_minas","source_fid":"mineria_minas.118","source_srid":22173,"fetched_at":"2026-07-28T13:38:04+00:00","licencia":"no_especificada","nombre":"TRES LOMITAS (I PERT.)"}},{"type":"Feature","geometry":{"type":"Point","coordinates":[-64.1223,-29.8666]},"properties":{"id":"cordoba:minas_puntos:mineria_minas.119","provincia":"cordoba","provincia_nombre":"Córdoba","tipo":"mina","estado":"desconocido","geom_kind":"punto","fuente_id":"cordoba.idecor.minas_puntos","source_url":"https://idecor-ws.mapascordoba.gob.ar/geoserver/wfs?service=WFS&version=2.0.0&request=GetFeature&typeNames=idecor%3Amineria_minas&outputFormat=application%2Fjson&count=2000&startIndex=0&srsName=EPSG%3A4326","source_layer":"idecor:mineria_minas","source_fid":"mineria_minas.119","source_srid":22173,"fetched_at":"2026-07-28T13:38:04+00:00","licencia":"no_especificada","nombre":"TRES LOMITAS (II PERT.)"}},{"type":"Feature","geometry":{"type":"Point","coordinates":[-64.1219,-29.8602]},"properties":{"id":"cordoba:minas_puntos:mineria_minas.120","provincia":"cordoba","provincia_nombre":"Córdoba","tipo":"mina","estado":"desconocido","geom_kind":"punto","fuente_id":"cordoba.idecor.minas_puntos","source_url":"https://idecor-ws.mapascordoba.gob.ar/geoserver/wfs?service=WFS&version=2.0.0&request=GetFeature&typeNames=idecor%3Amineria_minas&outputFormat=application%2Fjson&count=2000&startIndex=0&srsName=EPSG%3A4326","source_layer":"idecor:mineria_minas","source_fid":"mineria_minas.120","source_srid":22173,"fetched_at":"2026-07-28T13:38:04+00:00","licencia":"no_especificada","nombre":"TRES LOMITAS (III PERT.)"}},{"type":"Feature","geometry":{"type":"Point","coordinates":[-64.12,-29.8641]},"properties":{"id":"cordoba:minas_puntos:mineria_minas.121","provincia":"cordoba","provincia_nombre":"Córdoba","tipo":"mina","estado":"desconocido","geom_kind":"punto","fuente_id":"cordoba.idecor.minas_puntos","source_url":"https://idecor-ws.mapascordoba.gob.ar/geoserver/wfs?service=WFS&version=2.0.0&request=GetFeature&typeNames=idecor%3Amineria_minas&outputFormat=application%2Fjson&count=2000&startIndex=0&srsName=EPSG%3A4326","source_layer":"idecor:mineria_minas","source_fid":"mineria_minas.121","source_srid":22173,"fetched_at":"2026-07-28T13:38:04+00:00","licencia":"no_especificada","nombre":"TRES LOMITAS (IV PERT.)"}},{"type":"Feature","geometry":{"type":"Point","coordinates":[-64.7536,-29.802]},"properties":{"id":"cordoba:minas_puntos:mineria_minas.122","provincia":"cordoba","provincia_nombre":"Córdoba","tipo":"mina","estado":"desconocido","geom_kind":"punto","fuente_id":"cordoba.idecor.minas_puntos","source_url":"https://idecor-ws.mapascordoba.gob.ar/geoserver/wfs?service=WFS&version=2.0.0&request=GetFeature&typeNames=idecor%3Amineria_minas&outputFormat=application%2Fjson&count=2000&startIndex=0&srsName=EPSG%3A4326","source_layer":"idecor:mineria_minas","source_fid":"mineria_minas.122","source_srid":22173,"fetched_at":"2026-07-28T13:38:04+00:00","licencia":"no_especificada","nombre":"LA ISLA 4"}},{"type":"Feature","geometry":{"type":"Point","coordinates":[-64.7732,-29.8126]},"properties":{"id":"cordoba:minas_puntos:mineria_minas.123","provincia":"cordoba","provincia_nombre":"Córdoba","tipo":"mina","estado":"desconocido","geom_kind":"punto","fuente_id":"cordoba.idecor.minas_puntos","source_url":"https://idecor-ws.mapascordoba.gob.ar/geoserver/wfs?service=WFS&version=2.0.0&request=GetFeature&typeNames=idecor%3Amineria_minas&outputFormat=application%2Fjson&count=2000&startIndex=0&srsName=EPSG%3A4326","source_layer":"idecor:mineria_minas","source_fid":"mineria_minas.123","source_srid":22173,"fetched_at":"2026-07-28T13:38:04+00:00","licencia":"no_especificada","nombre":"LA ISLA 3"}},{"type":"Feature","geometry":{"type":"Point","coordinates":[-64.7768,-29.8225]},"properties":{"id":"cordoba:minas_puntos:mineria_minas.124","provincia":"cordoba","provincia_nombre":"Córdoba","tipo":"mina","estado":"desconocido","geom_kind":"punto","fuente_id":"cordoba.idecor.minas_puntos","source_url":"https://idecor-ws.mapascordoba.gob.ar/geoserver/wfs?service=WFS&version=2.0.0&request=GetFeature&typeNames=idecor%3Amineria_minas&outputFormat=application%2Fjson&count=2000&startIndex=0&srsName=EPSG%3A4326","source_layer":"idecor:mineria_minas","source_fid":"mineria_minas.124","source_srid":22173,"fetched_at":"2026-07-28T13:38:04+00:00","licencia":"no_especificada","nombre":"LA ISLA 2"}},{"type":"Feature","geometry":{"type":"Point","coordinates":[-64.7581,-29.8267]},"properties":{"id":"cordoba:minas_puntos:mineria_minas.125","provincia":"cordoba","provincia_nombre":"Córdoba","tipo":"mina","estado":"desconocido","geom_kind":"punto","fuente_id":"cordoba.idecor.minas_puntos","source_url":"https://idecor-ws.mapascordoba.gob.ar/geoserver/wfs?service=WFS&version=2.0.0&request=GetFeature&typeNames=idecor%3Amineria_minas&outputFormat=application%2Fjson&count=2000&startIndex=0&srsName=EPSG%3A4326","source_layer":"idecor:mineria_minas","source_fid":"mineria_minas.125","source_srid":22173,"fetched_at":"2026-07-28T13:38:04+00:00","licencia":"no_especificada","nombre":"LA ISLA 1"}},{"type":"Feature","geometry":{"type":"Point","coordinates":[-64.7152,-29.9374]},"properties":{"id":"cordoba:minas_puntos:mineria_minas.126","provincia":"cordoba","provincia_nombre":"Córdoba","tipo":"mina","estado":"desconocido","geom_kind":"punto","fuente_id":"cordoba.idecor.minas_puntos","source_url":"https://idecor-ws.mapascordoba.gob.ar/geoserver/wfs?service=WFS&version=2.0.0&request=GetFeature&typeNames=idecor%3Amineria_minas&outputFormat=application%2Fjson&count=2000&startIndex=0&srsName=EPSG%3A4326","source_layer":"idecor:mineria_minas","source_fid":"mineria_minas.126","source_srid":22173,"fetched_at":"2026-07-28T13:38:04+00:00","licencia":"no_especificada","nombre":"LA TUCUMANA"}},{"type":"Feature","geometry":{"type":"Point","coordinates":[-64.7459,-30.0634]},"properties":{"id":"cordoba:minas_puntos:mineria_minas.127","provincia":"cordoba","provincia_nombre":"Córdoba","tipo":"mina","estado":"desconocido","geom_kind":"punto","fuente_id":"cordoba.idecor.minas_puntos","source_url":"https://idecor-ws.mapascordoba.gob.ar/geoserver/wfs?service=WFS&version=2.0.0&request=GetFeature&typeNames=idecor%3Amineria_minas&outputFormat=application%2Fjson&count=2000&startIndex=0&srsName=EPSG%3A4326","source_layer":"idecor:mineria_minas","source_fid":"mineria_minas.127","source_srid":22173,"fetched_at":"2026-07-28T13:38:04+00:00","licencia":"no_especificada","nombre":"VENECIA"}},{"type":"Feature","geometry":{"type":"Point","coordinates":[-64.7302,-29.8332]},"properties":{"id":"cordoba:minas_puntos:mineria_minas.128","provincia":"cordoba","provincia_nombre":"Córdoba","tipo":"mina","estado":"desconocido","geom_kind":"punto","fuente_id":"cordoba.idecor.minas_puntos","source_url":"https://idecor-ws.mapascordoba.gob.ar/geoserver/wfs?service=WFS&version=2.0.0&request=GetFeature&typeNames=idecor%3Amineria_minas&outputFormat=application%2Fjson&count=2000&startIndex=0&srsName=EPSG%3A4326","source_layer":"idecor:mineria_minas","source_fid":"mineria_minas.128","source_srid":22173,"fetched_at":"2026-07-28T13:38:04+00:00","licencia":"no_especificada","nombre":"VIDA NUEVA"}},{"type":"Feature","geometry":{"type":"Point","coordinates":[-64.7255,-29.8211]},"properties":{"id":"cordoba:minas_puntos:mineria_minas.129","provincia":"cordoba","provincia_nombre":"Córdoba","tipo":"mina","estado":"desconocido","geom_kind":"punto","fuente_id":"cordoba.idecor.minas_puntos","source_url":"https://idecor-ws.mapascordoba.gob.ar/geoserver/wfs?service=WFS&version=2.0.0&request=GetFeature&typeNames=idecor%3Amineria_minas&outputFormat=application%2Fjson&count=2000&startIndex=0&srsName=EPSG%3A4326","source_layer":"idecor:mineria_minas","source_fid":"mineria_minas.129","source_srid":22173,"fetched_at":"2026-07-28T13:38:04+00:00","licencia":"no_especificada","nombre":"VIDA NUEVA II"}},{"type":"Feature","geometry":{"type":"Point","coordinates":[-64.8395,-30.9767]},"properties":{"id":"cordoba:minas_puntos:mineria_minas.130","provincia":"cordoba","provincia_nombre":"Córdoba","tipo":"mina","estado":"desconocido","geom_kind":"punto","fuente_id":"cordoba.idecor.minas_puntos","source_url":"https://idecor-ws.mapascordoba.gob.ar/geoserver/wfs?service=WFS&version=2.0.0&request=GetFeature&typeNames=idecor%3Amineria_minas&outputFormat=application%2Fjson&count=2000&startIndex=0&srsName=EPSG%3A4326","source_layer":"idecor:mineria_minas","source_fid":"mineria_minas.130","source_srid":22173,"fetched_at":"2026-07-28T13:38:04+00:00","licencia":"no_especificada","nombre":"VETA CANDELARIA ESTE"}},{"type":"Feature","geometry":{"type":"Point","coordinates":[-64.5782,-30.8443]},"properties":{"id":"cordoba:minas_puntos:mineria_minas.131","provincia":"cordoba","provincia_nombre":"Córdoba","tipo":"mina","estado":"desconocido","geom_kind":"punto","fuente_id":"cordoba.idecor.minas_puntos","source_url":"https://idecor-ws.mapascordoba.gob.ar/geoserver/wfs?service=WFS&version=2.0.0&request=GetFeature&typeNames=idecor%3Amineria_minas&outputFormat=application%2Fjson&count=2000&startIndex=0&srsName=EPSG%3A4326","source_layer":"idecor:mineria_minas","source_fid":"mineria_minas.131","source_srid":22173,"fetched_at":"2026-07-28T13:38:04+00:00","licencia":"no_especificada","nombre":"LA ESTRELLA DE DON BASILIO"}},{"type":"Feature","geometry":{"type":"Point","coordinates":[-65.3682,-30.7127]},"properties":{"id":"cordoba:minas_puntos:mineria_minas.132","provincia":"cordoba","provincia_nombre":"Córdoba","tipo":"mina","estado":"desconocido","geom_kind":"punto","fuente_id":"cordoba.idecor.minas_puntos","source_url":"https://idecor-ws.mapascordoba.gob.ar/geoserver/wfs?service=WFS&version=2.0.0&request=GetFeature&typeNames=idecor%3Amineria_minas&outputFormat=application%2Fjson&count=2000&startIndex=0&srsName=EPSG%3A4326","source_layer":"idecor:mineria_minas","source_fid":"mineria_minas.132","source_srid":22173,"fetched_at":"2026-07-28T13:38:04+00:00","licencia":"no_especificada","nombre":"LA SUERTE VIII"}},{"type":"Feature","geometry":{"type":"Point","coordinates":[-65.0158,-30.9569]},"properties":{"id":"cordoba:minas_puntos:mineria_minas.133","provincia":"cordoba","provincia_nombre":"Córdoba","tipo":"mina","estado":"desconocido","geom_kind":"punto","fuente_id":"cordoba.idecor.minas_puntos","source_url":"https://idecor-ws.mapascordoba.gob.ar/geoserver/wfs?service=WFS&version=2.0.0&request=GetFeature&typeNames=idecor%3Amineria_minas&outputFormat=application%2Fjson&count=2000&startIndex=0&srsName=EPSG%3A4326","source_layer":"idecor:mineria_minas","source_fid":"mineria_minas.133","source_srid":22173,"fetched_at":"2026-07-28T13:38:04+00:00","licencia":"no_especificada","nombre":"SANTA TRINIDAD"}},{"type":"Feature","geometry":{"type":"Point","coordinates":[-64.6305,-30.9474]},"properties":{"id":"cordoba:minas_puntos:mineria_minas.134","provincia":"cordoba","provincia_nombre":"Córdoba","tipo":"mina","estado":"desconocido","geom_kind":"punto","fuente_id":"cordoba.idecor.minas_puntos","source_url":"https://idecor-ws.mapascordoba.gob.ar/geoserver/wfs?service=WFS&version=2.0.0&request=GetFeature&typeNames=idecor%3Amineria_minas&outputFormat=application%2Fjson&count=2000&startIndex=0&srsName=EPSG%3A4326","source_layer":"idecor:mineria_minas","source_fid":"mineria_minas.134","source_srid":22173,"fetched_at":"2026-07-28T13:38:04+00:00","licencia":"no_especificada","nombre":"CERRO NEGRO"}},{"type":"Feature","geometry":{"type":"Point","coordinates":[-64.6309,-30.9525]},"properties":{"id":"cordoba:minas_puntos:mineria_minas.135","provincia":"cordoba","provincia_nombre":"Córdoba","tipo":"mina","estado":"desconocido","geom_kind":"punto","fuente_id":"cordoba.idecor.minas_puntos","source_url":"https://idecor-ws.mapascordoba.gob.ar/geoserver/wfs?service=WFS&version=2.0.0&request=GetFeature&typeNames=idecor%3Amineria_minas&outputFormat=application%2Fjson&count=2000&startIndex=0&srsName=EPSG%3A4326","source_layer":"idecor:mineria_minas","source_fid":"mineria_minas.135","source_srid":22173,"fetched_at":"2026-07-28T13:38:04+00:00","licencia":"no_especificada","nombre":"CERRO NEGRO"}},{"type":"Feature","geometry":{"type":"Point","coordinates":[-65.242,-31.1858]},"properties":{"id":"cordoba:minas_puntos:mineria_minas.136","provincia":"cordoba","provincia_nombre":"Córdoba","tipo":"mina","estado":"desconocido","geom_kind":"punto","fuente_id":"cordoba.idecor.minas_puntos","source_url":"https://idecor-ws.mapascordoba.gob.ar/geoserver/wfs?service=WFS&version=2.0.0&request=GetFeature&typeNames=idecor%3Amineria_minas&outputFormat=application%2Fjson&count=2000&startIndex=0&srsName=EPSG%3A4326","source_layer":"idecor:mineria_minas","source_fid":"mineria_minas.136","source_srid":22173,"fetched_at":"2026-07-28T13:38:04+00:00","licencia":"no_especificada","nombre":"PALMAR 22"}},{"type":"Feature","geometry":{"type":"Point","coordinates":[-64.6529,-31.0781]},"properties":{"id":"cordoba:minas_puntos:mineria_minas.137","provincia":"cordoba","provincia_nombre":"Córdoba","tipo":"mina","estado":"desconocido","geom_kind":"punto","fuente_id":"cordoba.idecor.minas_puntos","source_url":"https://idecor-ws.mapascordoba.gob.ar/geoserver/wfs?service=WFS&version=2.0.0&request=GetFeature&typeNames=idecor%3Amineria_minas&outputFormat=application%2Fjson&count=2000&startIndex=0&srsName=EPSG%3A4326","source_layer":"idecor:mineria_minas","source_fid":"mineria_minas.137","source_srid":22173,"fetched_at":"2026-07-28T13:38:04+00:00","licencia":"no_especificada","nombre":"LA RAQUEL"}},{"type":"Feature","geometry":{"type":"Point","coordinates":[-65.4186,-31.1079]},"properties":{"id":"cordoba:minas_puntos:mineria_minas.138","provincia":"cordoba","provincia_nombre":"Córdoba","tipo":"mina","estado":"desconocido","geom_kind":"punto","fuente_id":"cordoba.idecor.minas_puntos","source_url":"https://idecor-ws.mapascordoba.gob.ar/geoserver/wfs?service=WFS&version=2.0.0&request=GetFeature&typeNames=idecor%3Amineria_minas&outputFormat=application%2Fjson&count=2000&startIndex=0&srsName=EPSG%3A4326","source_layer":"idecor:mineria_minas","source_fid":"mineria_minas.138","source_srid":22173,"fetched_at":"2026-07-28T13:38:04+00:00","licencia":"no_especificada","nombre":"LA ELENITA"}},{"type":"Feature","geometry":{"type":"Point","coordinates":[-64.835,-31.0149]},"properties":{"id":"cordoba:minas_puntos:mineria_minas.139","provincia":"cordoba","provincia_nombre":"Córdoba","tipo":"mina","estado":"desconocido","geom_kind":"punto","fuente_id":"cordoba.idecor.minas_puntos","source_url":"https://idecor-ws.mapascordoba.gob.ar/geoserver/wfs?service=WFS&version=2.0.0&request=GetFeature&typeNames=idecor%3Amineria_minas&outputFormat=application%2Fjson&count=2000&startIndex=0&srsName=EPSG%3A4326","source_layer":"idecor:mineria_minas","source_fid":"mineria_minas.139","source_srid":22173,"fetched_at":"2026-07-28T13:38:04+00:00","licencia":"no_especificada","nombre":"LA MESA"}},{"type":"Feature","geometry":{"type":"Point","coordinates":[-64.8344,-31.0168]},"properties":{"id":"cordoba:minas_puntos:mineria_minas.140","provincia":"cordoba","provincia_nombre":"Córdoba","tipo":"mina","estado":"desconocido","geom_kind":"punto","fuente_id":"cordoba.idecor.minas_puntos","source_url":"https://idecor-ws.mapascordoba.gob.ar/geoserver/wfs?service=WFS&version=2.0.0&request=GetFeature&typeNames=idecor%3Amineria_minas&outputFormat=application%2Fjson&count=2000&startIndex=0&srsName=EPSG%3A4326","source_layer":"idecor:mineria_minas","source_fid":"mineria_minas.140","source_srid":22173,"fetched_at":"2026-07-28T13:38:04+00:00","licencia":"no_especificada","nombre":"SAN IGNACIO"}},{"type":"Feature","geometry":{"type":"Point","coordinates":[-64.8347,-30.9733]},"properties":{"id":"cordoba:minas_puntos:mineria_minas.143","provincia":"cordoba","provincia_nombre":"Córdoba","tipo":"mina","estado":"desconocido","geom_kind":"punto","fuente_id":"cordoba.idecor.minas_puntos","source_url":"https://idecor-ws.mapascordoba.gob.ar/geoserver/wfs?service=WFS&version=2.0.0&request=GetFeature&typeNames=idecor%3Amineria_minas&outputFormat=application%2Fjson&count=2000&startIndex=0&srsName=EPSG%3A4326","source_layer":"idecor:mineria_minas","source_fid":"mineria_minas.143","source_srid":22173,"fetched_at":"2026-07-28T13:38:04+00:00","licencia":"no_especificada","nombre":"CANDELARIA ESTE"}},{"type":"Feature","geometry":{"type":"Point","coordinates":[-64.8692,-30.9775]},"properties":{"id":"cordoba:minas_puntos:mineria_minas.144","provincia":"cordoba","provincia_nombre":"Córdoba","tipo":"mina","estado":"desconocido","geom_kind":"punto","fuente_id":"cordoba.idecor.minas_puntos","source_url":"https://idecor-ws.mapascordoba.gob.ar/geoserver/wfs?service=WFS&version=2.0.0&request=GetFeature&typeNames=idecor%3Amineria_minas&outputFormat=application%2Fjson&count=2000&startIndex=0&srsName=EPSG%3A4326","source_layer":"idecor:mineria_minas","source_fid":"mineria_minas.144","source_srid":22173,"fetched_at":"2026-07-28T13:38:04+00:00","licencia":"no_especificada","nombre":"LA HIGUERA VIEJA"}},{"type":"Feature","geometry":{"type":"Point","coordinates":[-64.8494,-31.0081]},"properties":{"id":"cordoba:minas_puntos:mineria_minas.145","provincia":"cordoba","provincia_nombre":"Córdoba","tipo":"mina","estado":"desconocido","geom_kind":"punto","fuente_id":"cordoba.idecor.minas_puntos","source_url":"https://idecor-ws.mapascordoba.gob.ar/geoserver/wfs?service=WFS&version=2.0.0&request=GetFeature&typeNames=idecor%3Amineria_minas&outputFormat=application%2Fjson&count=2000&startIndex=0&srsName=EPSG%3A4326","source_layer":"idecor:mineria_minas","source_fid":"mineria_minas.145","source_srid":22173,"fetched_at":"2026-07-28T13:38:04+00:00","licencia":"no_especificada","nombre":"DON GERO"}},{"type":"Feature","geometry":{"type":"Point","coordinates":[-64.6397,-30.8117]},"properties":{"id":"cordoba:minas_puntos:mineria_minas.147","provincia":"cordoba","provincia_nombre":"Córdoba","tipo":"mina","estado":"desconocido","geom_kind":"punto","fuente_id":"cordoba.idecor.minas_puntos","source_url":"https://idecor-ws.mapascordoba.gob.ar/geoserver/wfs?service=WFS&version=2.0.0&request=GetFeature&typeNames=idecor%3Amineria_minas&outputFormat=application%2Fjson&count=2000&startIndex=0&srsName=EPSG%3A4326","source_layer":"idecor:mineria_minas","source_fid":"mineria_minas.147","source_srid":22173,"fetched_at":"2026-07-28T13:38:04+00:00","licencia":"no_especificada","nombre":"ASCENCION"}},{"type":"Feature","geometry":{"type":"Point","coordinates":[-64.5619,-31.2365]},"properties":{"id":"cordoba:minas_puntos:mineria_minas.149","provincia":"cordoba","provincia_nombre":"Córdoba","tipo":"mina","estado":"desconocido","geom_kind":"punto","fuente_id":"cordoba.idecor.minas_puntos","source_url":"https://idecor-ws.mapascordoba.gob.ar/geoserver/wfs?service=WFS&version=2.0.0&request=GetFeature&typeNames=idecor%3Amineria_minas&outputFormat=application%2Fjson&count=2000&startIndex=0&srsName=EPSG%3A4326","source_layer":"idecor:mineria_minas","source_fid":"mineria_minas.149","source_srid":22173,"fetched_at":"2026-07-28T13:38:04+00:00","licencia":"no_especificada","nombre":"CACHITO"}},{"type":"Feature","geometry":{"type":"Point","coordinates":[-64.8283,-31.0106]},"properties":{"id":"cordoba:minas_puntos:mineria_minas.150","provincia":"cordoba","provincia_nombre":"Córdoba","tipo":"mina","estado":"desconocido","geom_kind":"punto","fuente_id":"cordoba.idecor.minas_puntos","source_url":"https://idecor-ws.mapascordoba.gob.ar/geoserver/wfs?service=WFS&version=2.0.0&request=GetFeature&typeNames=idecor%3Amineria_minas&outputFormat=application%2Fjson&count=2000&startIndex=0&srsName=EPSG%3A4326","source_layer":"idecor:mineria_minas","source_fid":"mineria_minas.150","source_srid":22173,"fetched_at":"2026-07-28T13:38:04+00:00","licencia":"no_especificada","nombre":"CARMELA"}},{"type":"Feature","geometry":{"type":"Point","coordinates":[-65.1863,-30.9675]},"properties":{"id":"cordoba:minas_puntos:mineria_minas.151","provincia":"cordoba","provincia_nombre":"Córdoba","tipo":"mina","estado":"desconocido","geom_kind":"punto","fuente_id":"cordoba.idecor.minas_puntos","source_url":"https://idecor-ws.mapascordoba.gob.ar/geoserver/wfs?service=WFS&version=2.0.0&request=GetFeature&typeNames=idecor%3Amineria_minas&outputFormat=application%2Fjson&count=2000&startIndex=0&srsName=EPSG%3A4326","source_layer":"idecor:mineria_minas","source_fid":"mineria_minas.151","source_srid":22173,"fetched_at":"2026-07-28T13:38:04+00:00","licencia":"no_especificada","nombre":"CARMEN"}},{"type":"Feature","geometry":{"type":"Point","coordinates":[-64.519,-31.1438]},"properties":{"id":"cordoba:minas_puntos:mineria_minas.152","provincia":"cordoba","provincia_nombre":"Córdoba","tipo":"mina","estado":"desconocido","geom_kind":"punto","fuente_id":"cordoba.idecor.minas_puntos","source_url":"https://idecor-ws.mapascordoba.gob.ar/geoserver/wfs?service=WFS&version=2.0.0&request=GetFeature&typeNames=idecor%3Amineria_minas&outputFormat=application%2Fjson&count=2000&startIndex=0&srsName=EPSG%3A4326","source_layer":"idecor:mineria_minas","source_fid":"mineria_minas.152","source_srid":22173,"fetched_at":"2026-07-28T13:38:04+00:00","licencia":"no_especificada","nombre":"CERRO BLANCO"}},{"type":"Feature","geometry":{"type":"Point","coordinates":[-64.8353,-30.9631]},"properties":{"id":"cordoba:minas_puntos:mineria_minas.153","provincia":"cordoba","provincia_nombre":"Córdoba","tipo":"mina","estado":"desconocido","geom_kind":"punto","fuente_id":"cordoba.idecor.minas_puntos","source_url":"https://idecor-ws.mapascordoba.gob.ar/geoserver/wfs?service=WFS&version=2.0.0&request=GetFeature&typeNames=idecor%3Amineria_minas&outputFormat=application%2Fjson&count=2000&startIndex=0&srsName=EPSG%3A4326","source_layer":"idecor:mineria_minas","source_fid":"mineria_minas.153","source_srid":22173,"fetched_at":"2026-07-28T13:38:04+00:00","licencia":"no_especificada","nombre":"CHITA O EL TORNO"}},{"type":"Feature","geometry":{"type":"Point","coordinates":[-64.8533,-30.958]},"properties":{"id":"cordoba:minas_puntos:mineria_minas.154","provincia":"cordoba","provincia_nombre":"Córdoba","tipo":"mina","estado":"desconocido","geom_kind":"punto","fuente_id":"cordoba.idecor.minas_puntos","source_url":"https://idecor-ws.mapascordoba.gob.ar/geoserver/wfs?service=WFS&version=2.0.0&request=GetFeature&typeNames=idecor%3Amineria_minas&outputFormat=application%2Fjson&count=2000&startIndex=0&srsName=EPSG%3A4326","source_layer":"idecor:mineria_minas","source_fid":"mineria_minas.154","source_srid":22173,"fetched_at":"2026-07-28T13:38:04+00:00","licencia":"no_especificada","nombre":"CLEMENTINA O MATILDE"}},{"type":"Feature","geometry":{"type":"Point","coordinates":[-64.5825,-31.1836]},"properties":{"id":"cordoba:minas_puntos:mineria_minas.155","provincia":"cordoba","provincia_nombre":"Córdoba","tipo":"mina","estado":"desconocido","geom_kind":"punto","fuente_id":"cordoba.idecor.minas_puntos","source_url":"https://idecor-ws.mapascordoba.gob.ar/geoserver/wfs?service=WFS&version=2.0.0&request=GetFeature&typeNames=idecor%3Amineria_minas&outputFormat=application%2Fjson&count=2000&startIndex=0&srsName=EPSG%3A4326","source_layer":"idecor:mineria_minas","source_fid":"mineria_minas.155","source_srid":22173,"fetched_at":"2026-07-28T13:38:04+00:00","licencia":"no_especificada","nombre":"DIEGO"}},{"type":"Feature","geometry":{"type":"Point","coordinates":[-64.6922,-30.9989]},"properties":{"id":"cordoba:minas_puntos:mineria_minas.156","provincia":"cordoba","provincia_nombre":"Córdoba","tipo":"mina","estado":"desconocido","geom_kind":"punto","fuente_id":"cordoba.idecor.minas_puntos","source_url":"https://idecor-ws.mapascordoba.gob.ar/geoserver/wfs?service=WFS&version=2.0.0&request=GetFeature&typeNames=idecor%3Amineria_minas&outputFormat=application%2Fjson&count=2000&startIndex=0&srsName=EPSG%3A4326","source_layer":"idecor:mineria_minas","source_fid":"mineria_minas.156","source_srid":22173,"fetched_at":"2026-07-28T13:38:04+00:00","licencia":"no_especificada","nombre":"DIFUNTA CORREA"}},{"type":"Feature","geometry":{"type":"Point","coordinates":[-64.5191,-31.1485]},"properties":{"id":"cordoba:minas_puntos:mineria_minas.157","provincia":"cordoba","provincia_nombre":"Córdoba","tipo":"mina","estado":"desconocido","geom_kind":"punto","fuente_id":"cordoba.idecor.minas_puntos","source_url":"https://idecor-ws.mapascordoba.gob.ar/geoserver/wfs?service=WFS&version=2.0.0&request=GetFeature&typeNames=idecor%3Amineria_minas&outputFormat=application%2Fjson&count=2000&startIndex=0&srsName=EPSG%3A4326","source_layer":"idecor:mineria_minas","source_fid":"mineria_minas.157","source_srid":22173,"fetched_at":"2026-07-28T13:38:04+00:00","licencia":"no_especificada","nombre":"DON PEDRO"}},{"type":"Feature","geometry":{"type":"Point","coordinates":[-64.8333,-30.9348]},"properties":{"id":"cordoba:minas_puntos:mineria_minas.158","provincia":"cordoba","provincia_nombre":"Córdoba","tipo":"mina","estado":"desconocido","geom_kind":"punto","fuente_id":"cordoba.idecor.minas_puntos","source_url":"https://idecor-ws.mapascordoba.gob.ar/geoserver/wfs?service=WFS&version=2.0.0&request=GetFeature&typeNames=idecor%3Amineria_minas&outputFormat=application%2Fjson&count=2000&startIndex=0&srsName=EPSG%3A4326","source_layer":"idecor:mineria_minas","source_fid":"mineria_minas.158","source_srid":22173,"fetched_at":"2026-07-28T13:38:04+00:00","licencia":"no_especificada","nombre":"DON RAUL"}},{"type":"Feature","geometry":{"type":"Point","coordinates":[-65.2628,-31.1697]},"properties":{"id":"cordoba:minas_puntos:mineria_minas.159","provincia":"cordoba","provincia_nombre":"Córdoba","tipo":"mina","estado":"desconocido","geom_kind":"punto","fuente_id":"cordoba.idecor.minas_puntos","source_url":"https://idecor-ws.mapascordoba.gob.ar/geoserver/wfs?service=WFS&version=2.0.0&request=GetFeature&typeNames=idecor%3Amineria_minas&outputFormat=application%2Fjson&count=2000&startIndex=0&srsName=EPSG%3A4326","source_layer":"idecor:mineria_minas","source_fid":"mineria_minas.159","source_srid":22173,"fetched_at":"2026-07-28T13:38:04+00:00","licencia":"no_especificada","nombre":"DURAZNO 1"}},{"type":"Feature","geometry":{"type":"Point","coordinates":[-65.2598,-31.1725]},"properties":{"id":"cordoba:minas_puntos:mineria_minas.160","provincia":"cordoba","provincia_nombre":"Córdoba","tipo":"mina","estado":"desconocido","geom_kind":"punto","fuente_id":"cordoba.idecor.minas_puntos","source_url":"https://idecor-ws.mapascordoba.gob.ar/geoserver/wfs?service=WFS&version=2.0.0&request=GetFeature&typeNames=idecor%3Amineria_minas&outputFormat=application%2Fjson&count=2000&startIndex=0&srsName=EPSG%3A4326","source_layer":"idecor:mineria_minas","source_fid":"mineria_minas.160","source_srid":22173,"fetched_at":"2026-07-28T13:38:04+00:00","licencia":"no_especificada","nombre":"DURAZNO 3"}},{"type":"Feature","geometry":{"type":"Point","coordinates":[-65.2576,-31.1737]},"properties":{"id":"cordoba:minas_puntos:mineria_minas.161","provincia":"cordoba","provincia_nombre":"Córdoba","tipo":"mina","estado":"desconocido","geom_kind":"punto","fuente_id":"cordoba.idecor.minas_puntos","source_url":"https://idecor-ws.mapascordoba.gob.ar/geoserver/wfs?service=WFS&version=2.0.0&request=GetFeature&typeNames=idecor%3Amineria_minas&outputFormat=application%2Fjson&count=2000&startIndex=0&srsName=EPSG%3A4326","source_layer":"idecor:mineria_minas","source_fid":"mineria_minas.161","source_srid":22173,"fetched_at":"2026-07-28T13:38:04+00:00","licencia":"no_especificada","nombre":"DURAZNO Nº 4"}},{"type":"Feature","geometry":{"type":"Point","coordinates":[-65.2585,-31.1673]},"properties":{"id":"cordoba:minas_puntos:mineria_minas.163","provincia":"cordoba","provincia_nombre":"Córdoba","tipo":"mina","estado":"desconocido","geom_kind":"punto","fuente_id":"cordoba.idecor.minas_puntos","source_url":"https://idecor-ws.mapascordoba.gob.ar/geoserver/wfs?service=WFS&version=2.0.0&request=GetFeature&typeNames=idecor%3Amineria_minas&outputFormat=application%2Fjson&count=2000&startIndex=0&srsName=EPSG%3A4326","source_layer":"idecor:mineria_minas","source_fid":"mineria_minas.163","source_srid":22173,"fetched_at":"2026-07-28T13:38:04+00:00","licencia":"no_especificada","nombre":"EL DURAZNO N° 2"}},{"type":"Feature","geometry":{"type":"Point","coordinates":[-64.9858,-31.0919]},"properties":{"id":"cordoba:minas_puntos:mineria_minas.164","provincia":"cordoba","provincia_nombre":"Córdoba","tipo":"mina","estado":"desconocido","geom_kind":"punto","fuente_id":"cordoba.idecor.minas_puntos","source_url":"https://idecor-ws.mapascordoba.gob.ar/geoserver/wfs?service=WFS&version=2.0.0&request=GetFeature&typeNames=idecor%3Amineria_minas&outputFormat=application%2Fjson&count=2000&startIndex=0&srsName=EPSG%3A4326","source_layer":"idecor:mineria_minas","source_fid":"mineria_minas.164","source_srid":22173,"fetched_at":"2026-07-28T13:38:04+00:00","licencia":"no_especificada","nombre":"EL NIÑO DIOS"}},{"type":"Feature","geometry":{"type":"Point","coordinates":[-64.8189,-31.0206]},"properties":{"id":"cordoba:minas_puntos:mineria_minas.165","provincia":"cordoba","provincia_nombre":"Córdoba","tipo":"mina","estado":"desconocido","geom_kind":"punto","fuente_id":"cordoba.idecor.minas_puntos","source_url":"https://idecor-ws.mapascordoba.gob.ar/geoserver/wfs?service=WFS&version=2.0.0&request=GetFeature&typeNames=idecor%3Amineria_minas&outputFormat=application%2Fjson&count=2000&startIndex=0&srsName=EPSG%3A4326","source_layer":"idecor:mineria_minas","source_fid":"mineria_minas.165","source_srid":22173,"fetched_at":"2026-07-28T13:38:04+00:00","licencia":"no_especificada","nombre":"EL PORVENIR"}},{"type":"Feature","geometry":{"type":"Point","coordinates":[-64.6594,-31.0214]},"properties":{"id":"cordoba:minas_puntos:mineria_minas.166","provincia":"cordoba","provincia_nombre":"Córdoba","tipo":"mina","estado":"desconocido","geom_kind":"punto","fuente_id":"cordoba.idecor.minas_puntos","source_url":"https://idecor-ws.mapascordoba.gob.ar/geoserver/wfs?service=WFS&version=2.0.0&request=GetFeature&typeNames=idecor%3Amineria_minas&outputFormat=application%2Fjson&count=2000&startIndex=0&srsName=EPSG%3A4326","source_layer":"idecor:mineria_minas","source_fid":"mineria_minas.166","source_srid":22173,"fetched_at":"2026-07-28T13:38:04+00:00","licencia":"no_especificada","nombre":"EL PUENTE"}},{"type":"Feature","geometry":{"type":"Point","coordinates":[-64.8577,-30.8797]},"properties":{"id":"cordoba:minas_puntos:mineria_minas.167","provincia":"cordoba","provincia_nombre":"Córdoba","tipo":"mina","estado":"desconocido","geom_kind":"punto","fuente_id":"cordoba.idecor.minas_puntos","source_url":"https://idecor-ws.mapascordoba.gob.ar/geoserver/wfs?service=WFS&version=2.0.0&request=GetFeature&typeNames=idecor%3Amineria_minas&outputFormat=application%2Fjson&count=2000&startIndex=0&srsName=EPSG%3A4326","source_layer":"idecor:mineria_minas","source_fid":"mineria_minas.167","source_srid":22173,"fetched_at":"2026-07-28T13:38:04+00:00","licencia":"no_especificada","nombre":"EL SAUCESITO"}},{"type":"Feature","geometry":{"type":"Point","coordinates":[-64.9044,-31.0616]},"properties":{"id":"cordoba:minas_puntos:mineria_minas.168","provincia":"cordoba","provincia_nombre":"Córdoba","tipo":"mina","estado":"desconocido","geom_kind":"punto","fuente_id":"cordoba.idecor.minas_puntos","source_url":"https://idecor-ws.mapascordoba.gob.ar/geoserver/wfs?service=WFS&version=2.0.0&request=GetFeature&typeNames=idecor%3Amineria_minas&outputFormat=application%2Fjson&count=2000&startIndex=0&srsName=EPSG%3A4326","source_layer":"idecor:mineria_minas","source_fid":"mineria_minas.168","source_srid":22173,"fetched_at":"2026-07-28T13:38:04+00:00","licencia":"no_especificada","nombre":"EL TIGRE"}},{"type":"Feature","geometry":{"type":"Point","coordinates":[-64.8767,-31.0726]},"properties":{"id":"cordoba:minas_puntos:mineria_minas.169","provincia":"cordoba","provincia_nombre":"Córdoba","tipo":"mina","estado":"desconocido","geom_kind":"punto","fuente_id":"cordoba.idecor.minas_puntos","source_url":"https://idecor-ws.mapascordoba.gob.ar/geoserver/wfs?service=WFS&version=2.0.0&request=GetFeature&typeNames=idecor%3Amineria_minas&outputFormat=application%2Fjson&count=2000&startIndex=0&srsName=EPSG%3A4326","source_layer":"idecor:mineria_minas","source_fid":"mineria_minas.169","source_srid":22173,"fetched_at":"2026-07-28T13:38:04+00:00","licencia":"no_especificada","nombre":"EL TIGRE II"}},{"type":"Feature","geometry":{"type":"Point","coordinates":[-65.4266,-31.1237]},"properties":{"id":"cordoba:minas_puntos:mineria_minas.170","provincia":"cordoba","provincia_nombre":"Córdoba","tipo":"mina","estado":"desconocido","geom_kind":"punto","fuente_id":"cordoba.idecor.minas_puntos","source_url":"https://idecor-ws.mapascordoba.gob.ar/geoserver/wfs?service=WFS&version=2.0.0&request=GetFeature&typeNames=idecor%3Amineria_minas&outputFormat=application%2Fjson&count=2000&startIndex=0&srsName=EPSG%3A4326","source_layer":"idecor:mineria_minas","source_fid":"mineria_minas.170","source_srid":22173,"fetched_at":"2026-07-28T13:38:04+00:00","licencia":"no_especificada","nombre":"EL VALLECITO"}},{"type":"Feature","geometry":{"type":"Point","coordinates":[-64.8134,-31.0013]},"properties":{"id":"cordoba:minas_puntos:mineria_minas.171","provincia":"cordoba","provincia_nombre":"Córdoba","tipo":"mina","estado":"desconocido","geom_kind":"punto","fuente_id":"cordoba.idecor.minas_puntos","source_url":"https://idecor-ws.mapascordoba.gob.ar/geoserver/wfs?service=WFS&version=2.0.0&request=GetFeature&typeNames=idecor%3Amineria_minas&outputFormat=application%2Fjson&count=2000&startIndex=0&srsName=EPSG%3A4326","source_layer":"idecor:mineria_minas","source_fid":"mineria_minas.171","source_srid":22173,"fetched_at":"2026-07-28T13:38:04+00:00","licencia":"no_especificada","nombre":"EL ZAPALLAR O Nº 10"}},{"type":"Feature","geometry":{"type":"Point","coordinates":[-65.2672,-31.1899]},"properties":{"id":"cordoba:minas_puntos:mineria_minas.172","provincia":"cordoba","provincia_nombre":"Córdoba","tipo":"mina","estado":"desconocido","geom_kind":"punto","fuente_id":"cordoba.idecor.minas_puntos","source_url":"https://idecor-ws.mapascordoba.gob.ar/geoserver/wfs?service=WFS&version=2.0.0&request=GetFeature&typeNames=idecor%3Amineria_minas&outputFormat=application%2Fjson&count=2000&startIndex=0&srsName=EPSG%3A4326","source_layer":"idecor:mineria_minas","source_fid":"mineria_minas.172","source_srid":22173,"fetched_at":"2026-07-28T13:38:04+00:00","licencia":"no_especificada","nombre":"ERNESTO"}},{"type":"Feature","geometry":{"type":"Point","coordinates":[-65.2083,-30.9763]},"properties":{"id":"cordoba:minas_puntos:mineria_minas.173","provincia":"cordoba","provincia_nombre":"Córdoba","tipo":"mina","estado":"desconocido","geom_kind":"punto","fuente_id":"cordoba.idecor.minas_puntos","source_url":"https://idecor-ws.mapascordoba.gob.ar/geoserver/wfs?service=WFS&version=2.0.0&request=GetFeature&typeNames=idecor%3Amineria_minas&outputFormat=application%2Fjson&count=2000&startIndex=0&srsName=EPSG%3A4326","source_layer":"idecor:mineria_minas","source_fid":"mineria_minas.173","source_srid":22173,"fetched_at":"2026-07-28T13:38:04+00:00","licencia":"no_especificada","nombre":"EUFEMIA"}},{"type":"Feature","geometry":{"type":"Point","coordinates":[-64.5713,-30.8682]},"properties":{"id":"cordoba:minas_puntos:mineria_minas.174","provincia":"cordoba","provincia_nombre":"Córdoba","tipo":"mina","estado":"desconocido","geom_kind":"punto","fuente_id":"cordoba.idecor.minas_puntos","source_url":"https://idecor-ws.mapascordoba.gob.ar/geoserver/wfs?service=WFS&version=2.0.0&request=GetFeature&typeNames=idecor%3Amineria_minas&outputFormat=application%2Fjson&count=2000&startIndex=0&srsName=EPSG%3A4326","source_layer":"idecor:mineria_minas","source_fid":"mineria_minas.174","source_srid":22173,"fetched_at":"2026-07-28T13:38:04+00:00","licencia":"no_especificada","nombre":"FELDESPATOPOLIS (1)"}},{"type":"Feature","geometry":{"type":"Point","coordinates":[-64.5658,-30.8631]},"properties":{"id":"cordoba:minas_puntos:mineria_minas.175","provincia":"cordoba","provincia_nombre":"Córdoba","tipo":"mina","estado":"desconocido","geom_kind":"punto","fuente_id":"cordoba.idecor.minas_puntos","source_url":"https://idecor-ws.mapascordoba.gob.ar/geoserver/wfs?service=WFS&version=2.0.0&request=GetFeature&typeNames=idecor%3Amineria_minas&outputFormat=application%2Fjson&count=2000&startIndex=0&srsName=EPSG%3A4326","source_layer":"idecor:mineria_minas","source_fid":"mineria_minas.175","source_srid":22173,"fetched_at":"2026-07-28T13:38:04+00:00","licencia":"no_especificada","nombre":"FELDESPATOPOLIS (2)"}},{"type":"Feature","geometry":{"type":"Point","coordinates":[-65.2638,-31.1988]},"properties":{"id":"cordoba:minas_puntos:mineria_minas.176","provincia":"cordoba","provincia_nombre":"Córdoba","tipo":"mina","estado":"desconocido","geom_kind":"punto","fuente_id":"cordoba.idecor.minas_puntos","source_url":"https://idecor-ws.mapascordoba.gob.ar/geoserver/wfs?service=WFS&version=2.0.0&request=GetFeature&typeNames=idecor%3Amineria_minas&outputFormat=application%2Fjson&count=2000&startIndex=0&srsName=EPSG%3A4326","source_layer":"idecor:mineria_minas","source_fid":"mineria_minas.176","source_srid":22173,"fetched_at":"2026-07-28T13:38:04+00:00","licencia":"no_especificada","nombre":"FERRO MANGANESO"}},{"type":"Feature","geometry":{"type":"Point","coordinates":[-65.2229,-30.9707]},"properties":{"id":"cordoba:minas_puntos:mineria_minas.177","provincia":"cordoba","provincia_nombre":"Córdoba","tipo":"mina","estado":"desconocido","geom_kind":"punto","fuente_id":"cordoba.idecor.minas_puntos","source_url":"https://idecor-ws.mapascordoba.gob.ar/geoserver/wfs?service=WFS&version=2.0.0&request=GetFeature&typeNames=idecor%3Amineria_minas&outputFormat=application%2Fjson&count=2000&startIndex=0&srsName=EPSG%3A4326","source_layer":"idecor:mineria_minas","source_fid":"mineria_minas.177","source_srid":22173,"fetched_at":"2026-07-28T13:38:04+00:00","licencia":"no_especificada","nombre":"GARIBALDI (LOTE A)"}},{"type":"Feature","geometry":{"type":"Point","coordinates":[-65.2302,-30.9785]},"properties":{"id":"cordoba:minas_puntos:mineria_minas.178","provincia":"cordoba","provincia_nombre":"Córdoba","tipo":"mina","estado":"desconocido","geom_kind":"punto","fuente_id":"cordoba.idecor.minas_puntos","source_url":"https://idecor-ws.mapascordoba.gob.ar/geoserver/wfs?service=WFS&version=2.0.0&request=GetFeature&typeNames=idecor%3Amineria_minas&outputFormat=application%2Fjson&count=2000&startIndex=0&srsName=EPSG%3A4326","source_layer":"idecor:mineria_minas","source_fid":"mineria_minas.178","source_srid":22173,"fetched_at":"2026-07-28T13:38:04+00:00","licencia":"no_especificada","nombre":"GARIBALDI (LOTE B)"}},{"type":"Feature","geometry":{"type":"Point","coordinates":[-65.2209,-30.9638]},"properties":{"id":"cordoba:minas_puntos:mineria_minas.179","provincia":"cordoba","provincia_nombre":"Córdoba","tipo":"mina","estado":"desconocido","geom_kind":"punto","fuente_id":"cordoba.idecor.minas_puntos","source_url":"https://idecor-ws.mapascordoba.gob.ar/geoserver/wfs?service=WFS&version=2.0.0&request=GetFeature&typeNames=idecor%3Amineria_minas&outputFormat=application%2Fjson&count=2000&startIndex=0&srsName=EPSG%3A4326","source_layer":"idecor:mineria_minas","source_fid":"mineria_minas.179","source_srid":22173,"fetched_at":"2026-07-28T13:38:04+00:00","licencia":"no_especificada","nombre":"GARIBALDI (LOTE C)"}},{"type":"Feature","geometry":{"type":"Point","coordinates":[-65.4247,-31.1495]},"properties":{"id":"cordoba:minas_puntos:mineria_minas.180","provincia":"cordoba","provincia_nombre":"Córdoba","tipo":"mina","estado":"desconocido","geom_kind":"punto","fuente_id":"cordoba.idecor.minas_puntos","source_url":"https://idecor-ws.mapascordoba.gob.ar/geoserver/wfs?service=WFS&version=2.0.0&request=GetFeature&typeNames=idecor%3Amineria_minas&outputFormat=application%2Fjson&count=2000&startIndex=0&srsName=EPSG%3A4326","source_layer":"idecor:mineria_minas","source_fid":"mineria_minas.180","source_srid":22173,"fetched_at":"2026-07-28T13:38:04+00:00","licencia":"no_especificada","nombre":"JESSICA"}},{"type":"Feature","geometry":{"type":"Point","coordinates":[-64.6674,-30.824]},"properties":{"id":"cordoba:minas_puntos:mineria_minas.181","provincia":"cordoba","provincia_nombre":"Córdoba","tipo":"mina","estado":"desconocido","geom_kind":"punto","fuente_id":"cordoba.idecor.minas_puntos","source_url":"https://idecor-ws.mapascordoba.gob.ar/geoserver/wfs?service=WFS&version=2.0.0&request=GetFeature&typeNames=idecor%3Amineria_minas&outputFormat=application%2Fjson&count=2000&startIndex=0&srsName=EPSG%3A4326","source_layer":"idecor:mineria_minas","source_fid":"mineria_minas.181","source_srid":22173,"fetched_at":"2026-07-28T13:38:04+00:00","licencia":"no_especificada","nombre":"JULIANA II"}},{"type":"Feature","geometry":{"type":"Point","coordinates":[-65.3048,-31.2186]},"properties":{"id":"cordoba:minas_puntos:mineria_minas.183","provincia":"cordoba","provincia_nombre":"Córdoba","tipo":"mina","estado":"desconocido","geom_kind":"punto","fuente_id":"cordoba.idecor.minas_puntos","source_url":"https://idecor-ws.mapascordoba.gob.ar/geoserver/wfs?service=WFS&version=2.0.0&request=GetFeature&typeNames=idecor%3Amineria_minas&outputFormat=application%2Fjson&count=2000&startIndex=0&srsName=EPSG%3A4326","source_layer":"idecor:mineria_minas","source_fid":"mineria_minas.183","source_srid":22173,"fetched_at":"2026-07-28T13:38:04+00:00","licencia":"no_especificada","nombre":"LA ARGENTINA"}},{"type":"Feature","geometry":{"type":"Point","coordinates":[-64.8247,-31.0466]},"properties":{"id":"cordoba:minas_puntos:mineria_minas.184","provincia":"cordoba","provincia_nombre":"Córdoba","tipo":"mina","estado":"desconocido","geom_kind":"punto","fuente_id":"cordoba.idecor.minas_puntos","source_url":"https://idecor-ws.mapascordoba.gob.ar/geoserver/wfs?service=WFS&version=2.0.0&request=GetFeature&typeNames=idecor%3Amineria_minas&outputFormat=application%2Fjson&count=2000&startIndex=0&srsName=EPSG%3A4326","source_layer":"idecor:mineria_minas","source_fid":"mineria_minas.184","source_srid":22173,"fetched_at":"2026-07-28T13:38:04+00:00","licencia":"no_especificada","nombre":"LA CASCADA"}},{"type":"Feature","geometry":{"type":"Point","coordinates":[-64.8248,-31.0397]},"properties":{"id":"cordoba:minas_puntos:mineria_minas.185","provincia":"cordoba","provincia_nombre":"Córdoba","tipo":"mina","estado":"desconocido","geom_kind":"punto","fuente_id":"cordoba.idecor.minas_puntos","source_url":"https://idecor-ws.mapascordoba.gob.ar/geoserver/wfs?service=WFS&version=2.0.0&request=GetFeature&typeNames=idecor%3Amineria_minas&outputFormat=application%2Fjson&count=2000&startIndex=0&srsName=EPSG%3A4326","source_layer":"idecor:mineria_minas","source_fid":"mineria_minas.185","source_srid":22173,"fetched_at":"2026-07-28T13:38:04+00:00","licencia":"no_especificada","nombre":"LA BARRANCA"}},{"type":"Feature","geometry":{"type":"Point","coordinates":[-65.3052,-31.2237]},"properties":{"id":"cordoba:minas_puntos:mineria_minas.186","provincia":"cordoba","provincia_nombre":"Córdoba","tipo":"mina","estado":"desconocido","geom_kind":"punto","fuente_id":"cordoba.idecor.minas_puntos","source_url":"https://idecor-ws.mapascordoba.gob.ar/geoserver/wfs?service=WFS&version=2.0.0&request=GetFeature&typeNames=idecor%3Amineria_minas&outputFormat=application%2Fjson&count=2000&startIndex=0&srsName=EPSG%3A4326","source_layer":"idecor:mineria_minas","source_fid":"mineria_minas.186","source_srid":22173,"fetched_at":"2026-07-28T13:38:04+00:00","licencia":"no_especificada","nombre":"LA CRUZ DEL SEÑOR"}},{"type":"Feature","geometry":{"type":"Point","coordinates":[-64.6744,-31.2045]},"properties":{"id":"cordoba:minas_puntos:mineria_minas.187","provincia":"cordoba","provincia_nombre":"Córdoba","tipo":"mina","estado":"desconocido","geom_kind":"punto","fuente_id":"cordoba.idecor.minas_puntos","source_url":"https://idecor-ws.mapascordoba.gob.ar/geoserver/wfs?service=WFS&version=2.0.0&request=GetFeature&typeNames=idecor%3Amineria_minas&outputFormat=application%2Fjson&count=2000&startIndex=0&srsName=EPSG%3A4326","source_layer":"idecor:mineria_minas","source_fid":"mineria_minas.187","source_srid":22173,"fetched_at":"2026-07-28T13:38:04+00:00","licencia":"no_especificada","nombre":"LA ENSENADA"}},{"type":"Feature","geometry":{"type":"Point","coordinates":[-64.6652,-31.0078]},"properties":{"id":"cordoba:minas_puntos:mineria_minas.188","provincia":"cordoba","provincia_nombre":"Córdoba","tipo":"mina","estado":"desconocido","geom_kind":"punto","fuente_id":"cordoba.idecor.minas_puntos","source_url":"https://idecor-ws.mapascordoba.gob.ar/geoserver/wfs?service=WFS&version=2.0.0&request=GetFeature&typeNames=idecor%3Amineria_minas&outputFormat=application%2Fjson&count=2000&startIndex=0&srsName=EPSG%3A4326","source_layer":"idecor:mineria_minas","source_fid":"mineria_minas.188","source_srid":22173,"fetched_at":"2026-07-28T13:38:04+00:00","licencia":"no_especificada","nombre":"LA FORTUNA"}},{"type":"Feature","geometry":{"type":"Point","coordinates":[-64.568,-30.8576]},"properties":{"id":"cordoba:minas_puntos:mineria_minas.189","provincia":"cordoba","provincia_nombre":"Córdoba","tipo":"mina","estado":"desconocido","geom_kind":"punto","fuente_id":"cordoba.idecor.minas_puntos","source_url":"https://idecor-ws.mapascordoba.gob.ar/geoserver/wfs?service=WFS&version=2.0.0&request=GetFeature&typeNames=idecor%3Amineria_minas&outputFormat=application%2Fjson&count=2000&startIndex=0&srsName=EPSG%3A4326","source_layer":"idecor:mineria_minas","source_fid":"mineria_minas.189","source_srid":22173,"fetched_at":"2026-07-28T13:38:04+00:00","licencia":"no_especificada","nombre":"LA GLADYS"}},{"type":"Feature","geometry":{"type":"Point","coordinates":[-64.5817,-31.1923]},"properties":{"id":"cordoba:minas_puntos:mineria_minas.190","provincia":"cordoba","provincia_nombre":"Córdoba","tipo":"mina","estado":"desconocido","geom_kind":"punto","fuente_id":"cordoba.idecor.minas_puntos","source_url":"https://idecor-ws.mapascordoba.gob.ar/geoserver/wfs?service=WFS&version=2.0.0&request=GetFeature&typeNames=idecor%3Amineria_minas&outputFormat=application%2Fjson&count=2000&startIndex=0&srsName=EPSG%3A4326","source_layer":"idecor:mineria_minas","source_fid":"mineria_minas.190","source_srid":22173,"fetched_at":"2026-07-28T13:38:04+00:00","licencia":"no_especificada","nombre":"LA GUINDOLA"}},{"type":"Feature","geometry":{"type":"Point","coordinates":[-64.8718,-30.9687]},"properties":{"id":"cordoba:minas_puntos:mineria_minas.191","provincia":"cordoba","provincia_nombre":"Córdoba","tipo":"mina","estado":"desconocido","geom_kind":"punto","fuente_id":"cordoba.idecor.minas_puntos","source_url":"https://idecor-ws.mapascordoba.gob.ar/geoserver/wfs?service=WFS&version=2.0.0&request=GetFeature&typeNames=idecor%3Amineria_minas&outputFormat=application%2Fjson&count=2000&startIndex=0&srsName=EPSG%3A4326","source_layer":"idecor:mineria_minas","source_fid":"mineria_minas.191","source_srid":22173,"fetched_at":"2026-07-28T13:38:04+00:00","licencia":"no_especificada","nombre":"LA HIGUERA"}},{"type":"Feature","geometry":{"type":"Point","coordinates":[-64.8552,-30.9702]},"properties":{"id":"cordoba:minas_puntos:mineria_minas.192","provincia":"cordoba","provincia_nombre":"Córdoba","tipo":"mina","estado":"desconocido","geom_kind":"punto","fuente_id":"cordoba.idecor.minas_puntos","source_url":"https://idecor-ws.mapascordoba.gob.ar/geoserver/wfs?service=WFS&version=2.0.0&request=GetFeature&typeNames=idecor%3Amineria_minas&outputFormat=application%2Fjson&count=2000&startIndex=0&srsName=EPSG%3A4326","source_layer":"idecor:mineria_minas","source_fid":"mineria_minas.192","source_srid":22173,"fetched_at":"2026-07-28T13:38:04+00:00","licencia":"no_especificada","nombre":"LA HIGUERILLA"}},{"type":"Feature","geometry":{"type":"Point","coordinates":[-64.8489,-30.9698]},"properties":{"id":"cordoba:minas_puntos:mineria_minas.193","provincia":"cordoba","provincia_nombre":"Córdoba","tipo":"mina","estado":"desconocido","geom_kind":"punto","fuente_id":"cordoba.idecor.minas_puntos","source_url":"https://idecor-ws.mapascordoba.gob.ar/geoserver/wfs?service=WFS&version=2.0.0&request=GetFeature&typeNames=idecor%3Amineria_minas&outputFormat=application%2Fjson&count=2000&startIndex=0&srsName=EPSG%3A4326","source_layer":"idecor:mineria_minas","source_fid":"mineria_minas.193","source_srid":22173,"fetched_at":"2026-07-28T13:38:04+00:00","licencia":"no_especificada","nombre":"LA LAGUNA"}},{"type":"Feature","geometry":{"type":"Point","coordinates":[-64.5743,-31.2124]},"properties":{"id":"cordoba:minas_puntos:mineria_minas.194","provincia":"cordoba","provincia_nombre":"Córdoba","tipo":"mina","estado":"desconocido","geom_kind":"punto","fuente_id":"cordoba.idecor.minas_puntos","source_url":"https://idecor-ws.mapascordoba.gob.ar/geoserver/wfs?service=WFS&version=2.0.0&request=GetFeature&typeNames=idecor%3Amineria_minas&outputFormat=application%2Fjson&count=2000&startIndex=0&srsName=EPSG%3A4326","source_layer":"idecor:mineria_minas","source_fid":"mineria_minas.194","source_srid":22173,"fetched_at":"2026-07-28T13:38:04+00:00","licencia":"no_especificada","nombre":"LA NEGRA"}},{"type":"Feature","geometry":{"type":"Point","coordinates":[-64.6636,-31.1279]},"properties":{"id":"cordoba:minas_puntos:mineria_minas.195","provincia":"cordoba","provincia_nombre":"Córdoba","tipo":"mina","estado":"desconocido","geom_kind":"punto","fuente_id":"cordoba.idecor.minas_puntos","source_url":"https://idecor-ws.mapascordoba.gob.ar/geoserver/wfs?service=WFS&version=2.0.0&request=GetFeature&typeNames=idecor%3Amineria_minas&outputFormat=application%2Fjson&count=2000&startIndex=0&srsName=EPSG%3A4326","source_layer":"idecor:mineria_minas","source_fid":"mineria_minas.195","source_srid":22173,"fetched_at":"2026-07-28T13:38:04+00:00","licencia":"no_especificada","nombre":"LA N° 10"}},{"type":"Feature","geometry":{"type":"Point","coordinates":[-65.2011,-30.9867]},"properties":{"id":"cordoba:minas_puntos:mineria_minas.196","provincia":"cordoba","provincia_nombre":"Córdoba","tipo":"mina","estado":"desconocido","geom_kind":"punto","fuente_id":"cordoba.idecor.minas_puntos","source_url":"https://idecor-ws.mapascordoba.gob.ar/geoserver/wfs?service=WFS&version=2.0.0&request=GetFeature&typeNames=idecor%3Amineria_minas&outputFormat=application%2Fjson&count=2000&startIndex=0&srsName=EPSG%3A4326","source_layer":"idecor:mineria_minas","source_fid":"mineria_minas.196","source_srid":22173,"fetched_at":"2026-07-28T13:38:04+00:00","licencia":"no_especificada","nombre":"LA PEREGRINA"}},{"type":"Feature","geometry":{"type":"Point","coordinates":[-64.6378,-31.2261]},"properties":{"id":"cordoba:minas_puntos:mineria_minas.197","provincia":"cordoba","provincia_nombre":"Córdoba","tipo":"mina","estado":"desconocido","geom_kind":"punto","fuente_id":"cordoba.idecor.minas_puntos","source_url":"https://idecor-ws.mapascordoba.gob.ar/geoserver/wfs?service=WFS&version=2.0.0&request=GetFeature&typeNames=idecor%3Amineria_minas&outputFormat=application%2Fjson&count=2000&startIndex=0&srsName=EPSG%3A4326","source_layer":"idecor:mineria_minas","source_fid":"mineria_minas.197","source_srid":22173,"fetched_at":"2026-07-28T13:38:04+00:00","licencia":"no_especificada","nombre":"LA PONDEROSA"}},{"type":"Feature","geometry":{"type":"Point","coordinates":[-64.8117,-31.0092]},"properties":{"id":"cordoba:minas_puntos:mineria_minas.198","provincia":"cordoba","provincia_nombre":"Córdoba","tipo":"mina","estado":"desconocido","geom_kind":"punto","fuente_id":"cordoba.idecor.minas_puntos","source_url":"https://idecor-ws.mapascordoba.gob.ar/geoserver/wfs?service=WFS&version=2.0.0&request=GetFeature&typeNames=idecor%3Amineria_minas&outputFormat=application%2Fjson&count=2000&startIndex=0&srsName=EPSG%3A4326","source_layer":"idecor:mineria_minas","source_fid":"mineria_minas.198","source_srid":22173,"fetched_at":"2026-07-28T13:38:04+00:00","licencia":"no_especificada","nombre":"LA PORTEÑA"}},{"type":"Feature","geometry":{"type":"Point","coordinates":[-64.711,-30.9999]},"properties":{"id":"cordoba:minas_puntos:mineria_minas.199","provincia":"cordoba","provincia_nombre":"Córdoba","tipo":"mina","estado":"desconocido","geom_kind":"punto","fuente_id":"cordoba.idecor.minas_puntos","source_url":"https://idecor-ws.mapascordoba.gob.ar/geoserver/wfs?service=WFS&version=2.0.0&request=GetFeature&typeNames=idecor%3Amineria_minas&outputFormat=application%2Fjson&count=2000&startIndex=0&srsName=EPSG%3A4326","source_layer":"idecor:mineria_minas","source_fid":"mineria_minas.199","source_srid":22173,"fetched_at":"2026-07-28T13:38:04+00:00","licencia":"no_especificada","nombre":"LA ROSA"}},{"type":"Feature","geometry":{"type":"Point","coordinates":[-65.375,-30.7049]},"properties":{"id":"cordoba:minas_puntos:mineria_minas.200","provincia":"cordoba","provincia_nombre":"Córdoba","tipo":"mina","estado":"desconocido","geom_kind":"punto","fuente_id":"cordoba.idecor.minas_puntos","source_url":"https://idecor-ws.mapascordoba.gob.ar/geoserver/wfs?service=WFS&version=2.0.0&request=GetFeature&typeNames=idecor%3Amineria_minas&outputFormat=application%2Fjson&count=2000&startIndex=0&srsName=EPSG%3A4326","source_layer":"idecor:mineria_minas","source_fid":"mineria_minas.200","source_srid":22173,"fetched_at":"2026-07-28T13:38:04+00:00","licencia":"no_especificada","nombre":"LA SUERTE"}},{"type":"Feature","geometry":{"type":"Point","coordinates":[-65.3724,-30.7052]},"properties":{"id":"cordoba:minas_puntos:mineria_minas.201","provincia":"cordoba","provincia_nombre":"Córdoba","tipo":"mina","estado":"desconocido","geom_kind":"punto","fuente_id":"cordoba.idecor.minas_puntos","source_url":"https://idecor-ws.mapascordoba.gob.ar/geoserver/wfs?service=WFS&version=2.0.0&request=GetFeature&typeNames=idecor%3Amineria_minas&outputFormat=application%2Fjson&count=2000&startIndex=0&srsName=EPSG%3A4326","source_layer":"idecor:mineria_minas","source_fid":"mineria_minas.201","source_srid":22173,"fetched_at":"2026-07-28T13:38:04+00:00","licencia":"no_especificada","nombre":"LA SUERTE I"}},{"type":"Feature","geometry":{"type":"Point","coordinates":[-65.3711,-30.708]},"properties":{"id":"cordoba:minas_puntos:mineria_minas.202","provincia":"cordoba","provincia_nombre":"Córdoba","tipo":"mina","estado":"desconocido","geom_kind":"punto","fuente_id":"cordoba.idecor.minas_puntos","source_url":"https://idecor-ws.mapascordoba.gob.ar/geoserver/wfs?service=WFS&version=2.0.0&request=GetFeature&typeNames=idecor%3Amineria_minas&outputFormat=application%2Fjson&count=2000&startIndex=0&srsName=EPSG%3A4326","source_layer":"idecor:mineria_minas","source_fid":"mineria_minas.202","source_srid":22173,"fetched_at":"2026-07-28T13:38:04+00:00","licencia":"no_especificada","nombre":"LA SUERTE II"}},{"type":"Feature","geometry":{"type":"Point","coordinates":[-65.3754,-30.7014]},"properties":{"id":"cordoba:minas_puntos:mineria_minas.203","provincia":"cordoba","provincia_nombre":"Córdoba","tipo":"mina","estado":"desconocido","geom_kind":"punto","fuente_id":"cordoba.idecor.minas_puntos","source_url":"https://idecor-ws.mapascordoba.gob.ar/geoserver/wfs?service=WFS&version=2.0.0&request=GetFeature&typeNames=idecor%3Amineria_minas&outputFormat=application%2Fjson&count=2000&startIndex=0&srsName=EPSG%3A4326","source_layer":"idecor:mineria_minas","source_fid":"mineria_minas.203","source_srid":22173,"fetched_at":"2026-07-28T13:38:04+00:00","licencia":"no_especificada","nombre":"LA SUERTE III"}},{"type":"Feature","geometry":{"type":"Point","coordinates":[-65.3768,-30.6991]},"properties":{"id":"cordoba:minas_puntos:mineria_minas.204","provincia":"cordoba","provincia_nombre":"Córdoba","tipo":"mina","estado":"desconocido","geom_kind":"punto","fuente_id":"cordoba.idecor.minas_puntos","source_url":"https://idecor-ws.mapascordoba.gob.ar/geoserver/wfs?service=WFS&version=2.0.0&request=GetFeature&typeNames=idecor%3Amineria_minas&outputFormat=application%2Fjson&count=2000&startIndex=0&srsName=EPSG%3A4326","source_layer":"idecor:mineria_minas","source_fid":"mineria_minas.204","source_srid":22173,"fetched_at":"2026-07-28T13:38:04+00:00","licencia":"no_especificada","nombre":"LA SUERTE IV"}},{"type":"Feature","geometry":{"type":"Point","coordinates":[-65.3736,-30.7012]},"properties":{"id":"cordoba:minas_puntos:mineria_minas.205","provincia":"cordoba","provincia_nombre":"Córdoba","tipo":"mina","estado":"desconocido","geom_kind":"punto","fuente_id":"cordoba.idecor.minas_puntos","source_url":"https://idecor-ws.mapascordoba.gob.ar/geoserver/wfs?service=WFS&version=2.0.0&request=GetFeature&typeNames=idecor%3Amineria_minas&outputFormat=application%2Fjson&count=2000&startIndex=0&srsName=EPSG%3A4326","source_layer":"idecor:mineria_minas","source_fid":"mineria_minas.205","source_srid":22173,"fetched_at":"2026-07-28T13:38:04+00:00","licencia":"no_especificada","nombre":"LA SUERTE V"}},{"type":"Feature","geometry":{"type":"Point","coordinates":[-65.3772,-30.7036]},"properties":{"id":"cordoba:minas_puntos:mineria_minas.206","provincia":"cordoba","provincia_nombre":"Córdoba","tipo":"mina","estado":"desconocido","geom_kind":"punto","fuente_id":"cordoba.idecor.minas_puntos","source_url":"https://idecor-ws.mapascordoba.gob.ar/geoserver/wfs?service=WFS&version=2.0.0&request=GetFeature&typeNames=idecor%3Amineria_minas&outputFormat=application%2Fjson&count=2000&startIndex=0&srsName=EPSG%3A4326","source_layer":"idecor:mineria_minas","source_fid":"mineria_minas.206","source_srid":22173,"fetched_at":"2026-07-28T13:38:04+00:00","licencia":"no_especificada","nombre":"LA SUERTE VI"}},{"type":"Feature","geometry":{"type":"Point","coordinates":[-64.8138,-31.0145]},"properties":{"id":"cordoba:minas_puntos:mineria_minas.207","provincia":"cordoba","provincia_nombre":"Córdoba","tipo":"mina","estado":"desconocido","geom_kind":"punto","fuente_id":"cordoba.idecor.minas_puntos","source_url":"https://idecor-ws.mapascordoba.gob.ar/geoserver/wfs?service=WFS&version=2.0.0&request=GetFeature&typeNames=idecor%3Amineria_minas&outputFormat=application%2Fjson&count=2000&startIndex=0&srsName=EPSG%3A4326","source_layer":"idecor:mineria_minas","source_fid":"mineria_minas.207","source_srid":22173,"fetched_at":"2026-07-28T13:38:04+00:00","licencia":"no_especificada","nombre":"LAS INGLESAS"}},{"type":"Feature","geometry":{"type":"Point","coordinates":[-64.8146,-31.0112]},"properties":{"id":"cordoba:minas_puntos:mineria_minas.208","provincia":"cordoba","provincia_nombre":"Córdoba","tipo":"mina","estado":"desconocido","geom_kind":"punto","fuente_id":"cordoba.idecor.minas_puntos","source_url":"https://idecor-ws.mapascordoba.gob.ar/geoserver/wfs?service=WFS&version=2.0.0&request=GetFeature&typeNames=idecor%3Amineria_minas&outputFormat=application%2Fjson&count=2000&startIndex=0&srsName=EPSG%3A4326","source_layer":"idecor:mineria_minas","source_fid":"mineria_minas.208","source_srid":22173,"fetched_at":"2026-07-28T13:38:04+00:00","licencia":"no_especificada","nombre":"LAS INGLESAS II"}},{"type":"Feature","geometry":{"type":"Point","coordinates":[-65.1732,-30.9856]},"properties":{"id":"cordoba:minas_puntos:mineria_minas.209","provincia":"cordoba","provincia_nombre":"Córdoba","tipo":"mina","estado":"desconocido","geom_kind":"punto","fuente_id":"cordoba.idecor.minas_puntos","source_url":"https://idecor-ws.mapascordoba.gob.ar/geoserver/wfs?service=WFS&version=2.0.0&request=GetFeature&typeNames=idecor%3Amineria_minas&outputFormat=application%2Fjson&count=2000&startIndex=0&srsName=EPSG%3A4326","source_layer":"idecor:mineria_minas","source_fid":"mineria_minas.209","source_srid":22173,"fetched_at":"2026-07-28T13:38:04+00:00","licencia":"no_especificada","nombre":"LORENA"}},{"type":"Feature","geometry":{"type":"Point","coordinates":[-65.4285,-31.1508]},"properties":{"id":"cordoba:minas_puntos:mineria_minas.210","provincia":"cordoba","provincia_nombre":"Córdoba","tipo":"mina","estado":"desconocido","geom_kind":"punto","fuente_id":"cordoba.idecor.minas_puntos","source_url":"https://idecor-ws.mapascordoba.gob.ar/geoserver/wfs?service=WFS&version=2.0.0&request=GetFeature&typeNames=idecor%3Amineria_minas&outputFormat=application%2Fjson&count=2000&startIndex=0&srsName=EPSG%3A4326","source_layer":"idecor:mineria_minas","source_fid":"mineria_minas.210","source_srid":22173,"fetched_at":"2026-07-28T13:38:04+00:00","licencia":"no_especificada","nombre":"LORENA"}},{"type":"Feature","geometry":{"type":"Point","coordinates":[-65.2623,-31.2038]},"properties":{"id":"cordoba:minas_puntos:mineria_minas.211","provincia":"cordoba","provincia_nombre":"Córdoba","tipo":"mina","estado":"desconocido","geom_kind":"punto","fuente_id":"cordoba.idecor.minas_puntos","source_url":"https://idecor-ws.mapascordoba.gob.ar/geoserver/wfs?service=WFS&version=2.0.0&request=GetFeature&typeNames=idecor%3Amineria_minas&outputFormat=application%2Fjson&count=2000&startIndex=0&srsName=EPSG%3A4326","source_layer":"idecor:mineria_minas","source_fid":"mineria_minas.211","source_srid":22173,"fetched_at":"2026-07-28T13:38:04+00:00","licencia":"no_especificada","nombre":"LOS TRES UNIDOS"}},{"type":"Feature","geometry":{"type":"Point","coordinates":[-64.7033,-30.9986]},"properties":{"id":"cordoba:minas_puntos:mineria_minas.212","provincia":"cordoba","provincia_nombre":"Córdoba","tipo":"mina","estado":"desconocido","geom_kind":"punto","fuente_id":"cordoba.idecor.minas_puntos","source_url":"https://idecor-ws.mapascordoba.gob.ar/geoserver/wfs?service=WFS&version=2.0.0&request=GetFeature&typeNames=idecor%3Amineria_minas&outputFormat=application%2Fjson&count=2000&startIndex=0&srsName=EPSG%3A4326","source_layer":"idecor:mineria_minas","source_fid":"mineria_minas.212","source_srid":22173,"fetched_at":"2026-07-28T13:38:04+00:00","licencia":"no_especificada","nombre":"LOURDES"}},{"type":"Feature","geometry":{"type":"Point","coordinates":[-64.6945,-31.1475]},"properties":{"id":"cordoba:minas_puntos:mineria_minas.213","provincia":"cordoba","provincia_nombre":"Córdoba","tipo":"mina","estado":"desconocido","geom_kind":"punto","fuente_id":"cordoba.idecor.minas_puntos","source_url":"https://idecor-ws.mapascordoba.gob.ar/geoserver/wfs?service=WFS&version=2.0.0&request=GetFeature&typeNames=idecor%3Amineria_minas&outputFormat=application%2Fjson&count=2000&startIndex=0&srsName=EPSG%3A4326","source_layer":"idecor:mineria_minas","source_fid":"mineria_minas.213","source_srid":22173,"fetched_at":"2026-07-28T13:38:04+00:00","licencia":"no_especificada","nombre":"MAQUESIS"}},{"type":"Feature","geometry":{"type":"Point","coordinates":[-65.2466,-30.8416]},"properties":{"id":"cordoba:minas_puntos:mineria_minas.214","provincia":"cordoba","provincia_nombre":"Córdoba","tipo":"mina","estado":"desconocido","geom_kind":"punto","fuente_id":"cordoba.idecor.minas_puntos","source_url":"https://idecor-ws.mapascordoba.gob.ar/geoserver/wfs?service=WFS&version=2.0.0&request=GetFeature&typeNames=idecor%3Amineria_minas&outputFormat=application%2Fjson&count=2000&startIndex=0&srsName=EPSG%3A4326","source_layer":"idecor:mineria_minas","source_fid":"mineria_minas.214","source_srid":22173,"fetched_at":"2026-07-28T13:38:04+00:00","licencia":"no_especificada","nombre":"MARIA AGUSTINA"}},{"type":"Feature","geometry":{"type":"Point","coordinates":[-65.3916,-30.9031]},"properties":{"id":"cordoba:minas_puntos:mineria_minas.215","provincia":"cordoba","provincia_nombre":"Córdoba","tipo":"mina","estado":"desconocido","geom_kind":"punto","fuente_id":"cordoba.idecor.minas_puntos","source_url":"https://idecor-ws.mapascordoba.gob.ar/geoserver/wfs?service=WFS&version=2.0.0&request=GetFeature&typeNames=idecor%3Amineria_minas&outputFormat=application%2Fjson&count=2000&startIndex=0&srsName=EPSG%3A4326","source_layer":"idecor:mineria_minas","source_fid":"mineria_minas.215","source_srid":22173,"fetched_at":"2026-07-28T13:38:04+00:00","licencia":"no_especificada","nombre":"MARIANA"}},{"type":"Feature","geometry":{"type":"Point","coordinates":[-64.6975,-31.0066]},"properties":{"id":"cordoba:minas_puntos:mineria_minas.216","provincia":"cordoba","provincia_nombre":"Córdoba","tipo":"mina","estado":"desconocido","geom_kind":"punto","fuente_id":"cordoba.idecor.minas_puntos","source_url":"https://idecor-ws.mapascordoba.gob.ar/geoserver/wfs?service=WFS&version=2.0.0&request=GetFeature&typeNames=idecor%3Amineria_minas&outputFormat=application%2Fjson&count=2000&startIndex=0&srsName=EPSG%3A4326","source_layer":"idecor:mineria_minas","source_fid":"mineria_minas.216","source_srid":22173,"fetched_at":"2026-07-28T13:38:04+00:00","licencia":"no_especificada","nombre":"MARIA LUISA"}},{"type":"Feature","geometry":{"type":"Point","coordinates":[-65.4303,-31.1583]},"properties":{"id":"cordoba:minas_puntos:mineria_minas.218","provincia":"cordoba","provincia_nombre":"Córdoba","tipo":"mina","estado":"desconocido","geom_kind":"punto","fuente_id":"cordoba.idecor.minas_puntos","source_url":"https://idecor-ws.mapascordoba.gob.ar/geoserver/wfs?service=WFS&version=2.0.0&request=GetFeature&typeNames=idecor%3Amineria_minas&outputFormat=application%2Fjson&count=2000&startIndex=0&srsName=EPSG%3A4326","source_layer":"idecor:mineria_minas","source_fid":"mineria_minas.218","source_srid":22173,"fetched_at":"2026-07-28T13:38:04+00:00","licencia":"no_especificada","nombre":"NATALIA ANAHI"}},{"type":"Feature","geometry":{"type":"Point","coordinates":[-64.8339,-30.9611]},"properties":{"id":"cordoba:minas_puntos:mineria_minas.219","provincia":"cordoba","provincia_nombre":"Córdoba","tipo":"mina","estado":"desconocido","geom_kind":"punto","fuente_id":"cordoba.idecor.minas_puntos","source_url":"https://idecor-ws.mapascordoba.gob.ar/geoserver/wfs?service=WFS&version=2.0.0&request=GetFeature&typeNames=idecor%3Amineria_minas&outputFormat=application%2Fjson&count=2000&startIndex=0&srsName=EPSG%3A4326","source_layer":"idecor:mineria_minas","source_fid":"mineria_minas.219","source_srid":22173,"fetched_at":"2026-07-28T13:38:04+00:00","licencia":"no_especificada","nombre":"SAN MARTIN"}},{"type":"Feature","geometry":{"type":"Point","coordinates":[-65.2094,-30.9721]},"properties":{"id":"cordoba:minas_puntos:mineria_minas.220","provincia":"cordoba","provincia_nombre":"Córdoba","tipo":"mina","estado":"desconocido","geom_kind":"punto","fuente_id":"cordoba.idecor.minas_puntos","source_url":"https://idecor-ws.mapascordoba.gob.ar/geoserver/wfs?service=WFS&version=2.0.0&request=GetFeature&typeNames=idecor%3Amineria_minas&outputFormat=application%2Fjson&count=2000&startIndex=0&srsName=EPSG%3A4326","source_layer":"idecor:mineria_minas","source_fid":"mineria_minas.220","source_srid":22173,"fetched_at":"2026-07-28T13:38:04+00:00","licencia":"no_especificada","nombre":"MOGOTE BLANCO"}},{"type":"Feature","geometry":{"type":"Point","coordinates":[-64.8159,-31.0026]},"properties":{"id":"cordoba:minas_puntos:mineria_minas.221","provincia":"cordoba","provincia_nombre":"Córdoba","tipo":"mina","estado":"desconocido","geom_kind":"punto","fuente_id":"cordoba.idecor.minas_puntos","source_url":"https://idecor-ws.mapascordoba.gob.ar/geoserver/wfs?service=WFS&version=2.0.0&request=GetFeature&typeNames=idecor%3Amineria_minas&outputFormat=application%2Fjson&count=2000&startIndex=0&srsName=EPSG%3A4326","source_layer":"idecor:mineria_minas","source_fid":"mineria_minas.221","source_srid":22173,"fetched_at":"2026-07-28T13:38:04+00:00","licencia":"no_especificada","nombre":"MONSERRAT O PUIGARI"}},{"type":"Feature","geometry":{"type":"Point","coordinates":[-64.8327,-30.9723]},"properties":{"id":"cordoba:minas_puntos:mineria_minas.222","provincia":"cordoba","provincia_nombre":"Córdoba","tipo":"mina","estado":"desconocido","geom_kind":"punto","fuente_id":"cordoba.idecor.minas_puntos","source_url":"https://idecor-ws.mapascordoba.gob.ar/geoserver/wfs?service=WFS&version=2.0.0&request=GetFeature&typeNames=idecor%3Amineria_minas&outputFormat=application%2Fjson&count=2000&startIndex=0&srsName=EPSG%3A4326","source_layer":"idecor:mineria_minas","source_fid":"mineria_minas.222","source_srid":22173,"fetched_at":"2026-07-28T13:38:04+00:00","licencia":"no_especificada","nombre":"NIÑO DIOS O PIQUE VERDE"}},{"type":"Feature","geometry":{"type":"Point","coordinates":[-64.5803,-30.8484]},"properties":{"id":"cordoba:minas_puntos:mineria_minas.223","provincia":"cordoba","provincia_nombre":"Córdoba","tipo":"mina","estado":"desconocido","geom_kind":"punto","fuente_id":"cordoba.idecor.minas_puntos","source_url":"https://idecor-ws.mapascordoba.gob.ar/geoserver/wfs?service=WFS&version=2.0.0&request=GetFeature&typeNames=idecor%3Amineria_minas&outputFormat=application%2Fjson&count=2000&startIndex=0&srsName=EPSG%3A4326","source_layer":"idecor:mineria_minas","source_fid":"mineria_minas.223","source_srid":22173,"fetched_at":"2026-07-28T13:38:04+00:00","licencia":"no_especificada","nombre":"OLGA"}},{"type":"Feature","geometry":{"type":"Point","coordinates":[-64.8155,-31.0646]},"properties":{"id":"cordoba:minas_puntos:mineria_minas.224","provincia":"cordoba","provincia_nombre":"Córdoba","tipo":"mina","estado":"desconocido","geom_kind":"punto","fuente_id":"cordoba.idecor.minas_puntos","source_url":"https://idecor-ws.mapascordoba.gob.ar/geoserver/wfs?service=WFS&version=2.0.0&request=GetFeature&typeNames=idecor%3Amineria_minas&outputFormat=application%2Fjson&count=2000&startIndex=0&srsName=EPSG%3A4326","source_layer":"idecor:mineria_minas","source_fid":"mineria_minas.224","source_srid":22173,"fetched_at":"2026-07-28T13:38:04+00:00","licencia":"no_especificada","nombre":"PASO DE LA QUINTA"}},{"type":"Feature","geometry":{"type":"Point","coordinates":[-65.2106,-30.9826]},"properties":{"id":"cordoba:minas_puntos:mineria_minas.225","provincia":"cordoba","provincia_nombre":"Córdoba","tipo":"mina","estado":"desconocido","geom_kind":"punto","fuente_id":"cordoba.idecor.minas_puntos","source_url":"https://idecor-ws.mapascordoba.gob.ar/geoserver/wfs?service=WFS&version=2.0.0&request=GetFeature&typeNames=idecor%3Amineria_minas&outputFormat=application%2Fjson&count=2000&startIndex=0&srsName=EPSG%3A4326","source_layer":"idecor:mineria_minas","source_fid":"mineria_minas.225","source_srid":22173,"fetched_at":"2026-07-28T13:38:04+00:00","licencia":"no_especificada","nombre":"PATRI"}},{"type":"Feature","geometry":{"type":"Point","coordinates":[-65.0002,-31.0416]},"properties":{"id":"cordoba:minas_puntos:mineria_minas.226","provincia":"cordoba","provincia_nombre":"Córdoba","tipo":"mina","estado":"desconocido","geom_kind":"punto","fuente_id":"cordoba.idecor.minas_puntos","source_url":"https://idecor-ws.mapascordoba.gob.ar/geoserver/wfs?service=WFS&version=2.0.0&request=GetFeature&typeNames=idecor%3Amineria_minas&outputFormat=application%2Fjson&count=2000&startIndex=0&srsName=EPSG%3A4326","source_layer":"idecor:mineria_minas","source_fid":"mineria_minas.226","source_srid":22173,"fetched_at":"2026-07-28T13:38:04+00:00","licencia":"no_especificada","nombre":"PIEDRA BLANCA"}},{"type":"Feature","geometry":{"type":"Point","coordinates":[-64.5548,-30.9525]},"properties":{"id":"cordoba:minas_puntos:mineria_minas.227","provincia":"cordoba","provincia_nombre":"Córdoba","tipo":"mina","estado":"desconocido","geom_kind":"punto","fuente_id":"cordoba.idecor.minas_puntos","source_url":"https://idecor-ws.mapascordoba.gob.ar/geoserver/wfs?service=WFS&version=2.0.0&request=GetFeature&typeNames=idecor%3Amineria_minas&outputFormat=application%2Fjson&count=2000&startIndex=0&srsName=EPSG%3A4326","source_layer":"idecor:mineria_minas","source_fid":"mineria_minas.227","source_srid":22173,"fetched_at":"2026-07-28T13:38:04+00:00","licencia":"no_especificada","nombre":"PUMAGUASA"}},{"type":"Feature","geometry":{"type":"Point","coordinates":[-64.5704,-31.1806]},"properties":{"id":"cordoba:minas_puntos:mineria_minas.228","provincia":"cordoba","provincia_nombre":"Córdoba","tipo":"mina","estado":"desconocido","geom_kind":"punto","fuente_id":"cordoba.idecor.minas_puntos","source_url":"https://idecor-ws.mapascordoba.gob.ar/geoserver/wfs?service=WFS&version=2.0.0&request=GetFeature&typeNames=idecor%3Amineria_minas&outputFormat=application%2Fjson&count=2000&startIndex=0&srsName=EPSG%3A4326","source_layer":"idecor:mineria_minas","source_fid":"mineria_minas.228","source_srid":22173,"fetched_at":"2026-07-28T13:38:04+00:00","licencia":"no_especificada","nombre":"QUEBRADA DE LOS CONTRABANDISTAS"}},{"type":"Feature","geometry":{"type":"Point","coordinates":[-65.2289,-30.9785]},"properties":{"id":"cordoba:minas_puntos:mineria_minas.229","provincia":"cordoba","provincia_nombre":"Córdoba","tipo":"mina","estado":"desconocido","geom_kind":"punto","fuente_id":"cordoba.idecor.minas_puntos","source_url":"https://idecor-ws.mapascordoba.gob.ar/geoserver/wfs?service=WFS&version=2.0.0&request=GetFeature&typeNames=idecor%3Amineria_minas&outputFormat=application%2Fjson&count=2000&startIndex=0&srsName=EPSG%3A4326","source_layer":"idecor:mineria_minas","source_fid":"mineria_minas.229","source_srid":22173,"fetched_at":"2026-07-28T13:38:04+00:00","licencia":"no_especificada","nombre":"RARA FORTUNA"}},{"type":"Feature","geometry":{"type":"Point","coordinates":[-65.3132,-31.2141]},"properties":{"id":"cordoba:minas_puntos:mineria_minas.230","provincia":"cordoba","provincia_nombre":"Córdoba","tipo":"mina","estado":"desconocido","geom_kind":"punto","fuente_id":"cordoba.idecor.minas_puntos","source_url":"https://idecor-ws.mapascordoba.gob.ar/geoserver/wfs?service=WFS&version=2.0.0&request=GetFeature&typeNames=idecor%3Amineria_minas&outputFormat=application%2Fjson&count=2000&startIndex=0&srsName=EPSG%3A4326","source_layer":"idecor:mineria_minas","source_fid":"mineria_minas.230","source_srid":22173,"fetched_at":"2026-07-28T13:38:04+00:00","licencia":"no_especificada","nombre":"ROSA NELLY RIOS"}},{"type":"Feature","geometry":{"type":"Point","coordinates":[-65.0562,-31.1294]},"properties":{"id":"cordoba:minas_puntos:mineria_minas.231","provincia":"cordoba","provincia_nombre":"Córdoba","tipo":"mina","estado":"desconocido","geom_kind":"punto","fuente_id":"cordoba.idecor.minas_puntos","source_url":"https://idecor-ws.mapascordoba.gob.ar/geoserver/wfs?service=WFS&version=2.0.0&request=GetFeature&typeNames=idecor%3Amineria_minas&outputFormat=application%2Fjson&count=2000&startIndex=0&srsName=EPSG%3A4326","source_layer":"idecor:mineria_minas","source_fid":"mineria_minas.231","source_srid":22173,"fetched_at":"2026-07-28T13:38:04+00:00","licencia":"no_especificada","nombre":"SAN AGUSTIN"}},{"type":"Feature","geometry":{"type":"Point","coordinates":[-64.6629,-30.9939]},"properties":{"id":"cordoba:minas_puntos:mineria_minas.232","provincia":"cordoba","provincia_nombre":"Córdoba","tipo":"mina","estado":"desconocido","geom_kind":"punto","fuente_id":"cordoba.idecor.minas_puntos","source_url":"https://idecor-ws.mapascordoba.gob.ar/geoserver/wfs?service=WFS&version=2.0.0&request=GetFeature&typeNames=idecor%3Amineria_minas&outputFormat=application%2Fjson&count=2000&startIndex=0&srsName=EPSG%3A4326","source_layer":"idecor:mineria_minas","source_fid":"mineria_minas.232","source_srid":22173,"fetched_at":"2026-07-28T13:38:04+00:00","licencia":"no_especificada","nombre":"SAN ANTONIO"}},{"type":"Feature","geometry":{"type":"Point","coordinates":[-64.9376,-30.9652]},"properties":{"id":"cordoba:minas_puntos:mineria_minas.233","provincia":"cordoba","provincia_nombre":"Córdoba","tipo":"mina","estado":"desconocido","geom_kind":"punto","fuente_id":"cordoba.idecor.minas_puntos","source_url":"https://idecor-ws.mapascordoba.gob.ar/geoserver/wfs?service=WFS&version=2.0.0&request=GetFeature&typeNames=idecor%3Amineria_minas&outputFormat=application%2Fjson&count=2000&startIndex=0&srsName=EPSG%3A4326","source_layer":"idecor:mineria_minas","source_fid":"mineria_minas.233","source_srid":22173,"fetched_at":"2026-07-28T13:38:04+00:00","licencia":"no_especificada","nombre":"SAN BENITO"}},{"type":"Feature","geometry":{"type":"Point","coordinates":[-64.6256,-30.9355]},"properties":{"id":"cordoba:minas_puntos:mineria_minas.234","provincia":"cordoba","provincia_nombre":"Córdoba","tipo":"mina","estado":"desconocido","geom_kind":"punto","fuente_id":"cordoba.idecor.minas_puntos","source_url":"https://idecor-ws.mapascordoba.gob.ar/geoserver/wfs?service=WFS&version=2.0.0&request=GetFeature&typeNames=idecor%3Amineria_minas&outputFormat=application%2Fjson&count=2000&startIndex=0&srsName=EPSG%3A4326","source_layer":"idecor:mineria_minas","source_fid":"mineria_minas.234","source_srid":22173,"fetched_at":"2026-07-28T13:38:04+00:00","licencia":"no_especificada","nombre":"SAN FRANCISCO"}},{"type":"Feature","geometry":{"type":"Point","coordinates":[-64.6873,-30.9915]},"properties":{"id":"cordoba:minas_puntos:mineria_minas.235","provincia":"cordoba","provincia_nombre":"Córdoba","tipo":"mina","estado":"desconocido","geom_kind":"punto","fuente_id":"cordoba.idecor.minas_puntos","source_url":"https://idecor-ws.mapascordoba.gob.ar/geoserver/wfs?service=WFS&version=2.0.0&request=GetFeature&typeNames=idecor%3Amineria_minas&outputFormat=application%2Fjson&count=2000&startIndex=0&srsName=EPSG%3A4326","source_layer":"idecor:mineria_minas","source_fid":"mineria_minas.235","source_srid":22173,"fetched_at":"2026-07-28T13:38:04+00:00","licencia":"no_especificada","nombre":"SAN GREGORIO"}},{"type":"Feature","geometry":{"type":"Point","coordinates":[-64.5338,-30.9474]},"properties":{"id":"cordoba:minas_puntos:mineria_minas.236","provincia":"cordoba","provincia_nombre":"Córdoba","tipo":"mina","estado":"desconocido","geom_kind":"punto","fuente_id":"cordoba.idecor.minas_puntos","source_url":"https://idecor-ws.mapascordoba.gob.ar/geoserver/wfs?service=WFS&version=2.0.0&request=GetFeature&typeNames=idecor%3Amineria_minas&outputFormat=application%2Fjson&count=2000&startIndex=0&srsName=EPSG%3A4326","source_layer":"idecor:mineria_minas","source_fid":"mineria_minas.236","source_srid":22173,"fetched_at":"2026-07-28T13:38:04+00:00","licencia":"no_especificada","nombre":"SAN IGNACIO"}},{"type":"Feature","geometry":{"type":"Point","coordinates":[-64.54,-30.9413]},"properties":{"id":"cordoba:minas_puntos:mineria_minas.237","provincia":"cordoba","provincia_nombre":"Córdoba","tipo":"mina","estado":"desconocido","geom_kind":"punto","fuente_id":"cordoba.idecor.minas_puntos","source_url":"https://idecor-ws.mapascordoba.gob.ar/geoserver/wfs?service=WFS&version=2.0.0&request=GetFeature&typeNames=idecor%3Amineria_minas&outputFormat=application%2Fjson&count=2000&startIndex=0&srsName=EPSG%3A4326","source_layer":"idecor:mineria_minas","source_fid":"mineria_minas.237","source_srid":22173,"fetched_at":"2026-07-28T13:38:04+00:00","licencia":"no_especificada","nombre":"SAN IGNACIO-VETA N° 5"}},{"type":"Feature","geometry":{"type":"Point","coordinates":[-64.9955,-30.9547]},"properties":{"id":"cordoba:minas_puntos:mineria_minas.238","provincia":"cordoba","provincia_nombre":"Córdoba","tipo":"mina","estado":"desconocido","geom_kind":"punto","fuente_id":"cordoba.idecor.minas_puntos","source_url":"https://idecor-ws.mapascordoba.gob.ar/geoserver/wfs?service=WFS&version=2.0.0&request=GetFeature&typeNames=idecor%3Amineria_minas&outputFormat=application%2Fjson&count=2000&startIndex=0&srsName=EPSG%3A4326","source_layer":"idecor:mineria_minas","source_fid":"mineria_minas.238","source_srid":22173,"fetched_at":"2026-07-28T13:38:04+00:00","licencia":"no_especificada","nombre":"SANTA MARIA"}},{"type":"Feature","geometry":{"type":"Point","coordinates":[-64.6858,-30.9978]},"properties":{"id":"cordoba:minas_puntos:mineria_minas.239","provincia":"cordoba","provincia_nombre":"Córdoba","tipo":"mina","estado":"desconocido","geom_kind":"punto","fuente_id":"cordoba.idecor.minas_puntos","source_url":"https://idecor-ws.mapascordoba.gob.ar/geoserver/wfs?service=WFS&version=2.0.0&request=GetFeature&typeNames=idecor%3Amineria_minas&outputFormat=application%2Fjson&count=2000&startIndex=0&srsName=EPSG%3A4326","source_layer":"idecor:mineria_minas","source_fid":"mineria_minas.239","source_srid":22173,"fetched_at":"2026-07-28T13:38:04+00:00","licencia":"no_especificada","nombre":"SUSANA"}},{"type":"Feature","geometry":{"type":"Point","coordinates":[-64.6561,-30.9306]},"properties":{"id":"cordoba:minas_puntos:mineria_minas.240","provincia":"cordoba","provincia_nombre":"Córdoba","tipo":"mina","estado":"desconocido","geom_kind":"punto","fuente_id":"cordoba.idecor.minas_puntos","source_url":"https://idecor-ws.mapascordoba.gob.ar/geoserver/wfs?service=WFS&version=2.0.0&request=GetFeature&typeNames=idecor%3Amineria_minas&outputFormat=application%2Fjson&count=2000&startIndex=0&srsName=EPSG%3A4326","source_layer":"idecor:mineria_minas","source_fid":"mineria_minas.240","source_srid":22173,"fetched_at":"2026-07-28T13:38:04+00:00","licencia":"no_especificada","nombre":"TABAQUILLO"}},{"type":"Feature","geometry":{"type":"Point","coordinates":[-64.5777,-31.5684]},"properties":{"id":"cordoba:minas_puntos:mineria_minas.241","provincia":"cordoba","provincia_nombre":"Córdoba","tipo":"mina","estado":"desconocido","geom_kind":"punto","fuente_id":"cordoba.idecor.minas_puntos","source_url":"https://idecor-ws.mapascordoba.gob.ar/geoserver/wfs?service=WFS&version=2.0.0&request=GetFeature&typeNames=idecor%3Amineria_minas&outputFormat=application%2Fjson&count=2000&startIndex=0&srsName=EPSG%3A4326","source_layer":"idecor:mineria_minas","source_fid":"mineria_minas.241","source_srid":22173,"fetched_at":"2026-07-28T13:38:04+00:00","licencia":"no_especificada","nombre":"LOS NIETOS II"}},{"type":"Feature","geometry":{"type":"Point","coordinates":[-65.3115,-31.4566]},"properties":{"id":"cordoba:minas_puntos:mineria_minas.242","provincia":"cordoba","provincia_nombre":"Córdoba","tipo":"mina","estado":"desconocido","geom_kind":"punto","fuente_id":"cordoba.idecor.minas_puntos","source_url":"https://idecor-ws.mapascordoba.gob.ar/geoserver/wfs?service=WFS&version=2.0.0&request=GetFeature&typeNames=idecor%3Amineria_minas&outputFormat=application%2Fjson&count=2000&startIndex=0&srsName=EPSG%3A4326","source_layer":"idecor:mineria_minas","source_fid":"mineria_minas.242","source_srid":22173,"fetched_at":"2026-07-28T13:38:04+00:00","licencia":"no_especificada","nombre":"LA LISTA"}},{"type":"Feature","geometry":{"type":"Point","coordinates":[-64.9213,-31.6743]},"properties":{"id":"cordoba:minas_puntos:mineria_minas.243","provincia":"cordoba","provincia_nombre":"Córdoba","tipo":"mina","estado":"desconocido","geom_kind":"punto","fuente_id":"cordoba.idecor.minas_puntos","source_url":"https://idecor-ws.mapascordoba.gob.ar/geoserver/wfs?service=WFS&version=2.0.0&request=GetFeature&typeNames=idecor%3Amineria_minas&outputFormat=application%2Fjson&count=2000&startIndex=0&srsName=EPSG%3A4326","source_layer":"idecor:mineria_minas","source_fid":"mineria_minas.243","source_srid":22173,"fetched_at":"2026-07-28T13:38:04+00:00","licencia":"no_especificada","nombre":"ALTAS CUMBRES"}},{"type":"Feature","geometry":{"type":"Point","coordinates":[-64.9497,-31.6455]},"properties":{"id":"cordoba:minas_puntos:mineria_minas.244","provincia":"cordoba","provincia_nombre":"Córdoba","tipo":"mina","estado":"desconocido","geom_kind":"punto","fuente_id":"cordoba.idecor.minas_puntos","source_url":"https://idecor-ws.mapascordoba.gob.ar/geoserver/wfs?service=WFS&version=2.0.0&request=GetFeature&typeNames=idecor%3Amineria_minas&outputFormat=application%2Fjson&count=2000&startIndex=0&srsName=EPSG%3A4326","source_layer":"idecor:mineria_minas","source_fid":"mineria_minas.244","source_srid":22173,"fetched_at":"2026-07-28T13:38:04+00:00","licencia":"no_especificada","nombre":"VIEJO HUMBERTO"}},{"type":"Feature","geometry":{"type":"Point","coordinates":[-65.3606,-31.3649]},"properties":{"id":"cordoba:minas_puntos:mineria_minas.245","provincia":"cordoba","provincia_nombre":"Córdoba","tipo":"mina","estado":"desconocido","geom_kind":"punto","fuente_id":"cordoba.idecor.minas_puntos","source_url":"https://idecor-ws.mapascordoba.gob.ar/geoserver/wfs?service=WFS&version=2.0.0&request=GetFeature&typeNames=idecor%3Amineria_minas&outputFormat=application%2Fjson&count=2000&startIndex=0&srsName=EPSG%3A4326","source_layer":"idecor:mineria_minas","source_fid":"mineria_minas.245","source_srid":22173,"fetched_at":"2026-07-28T13:38:04+00:00","licencia":"no_especificada","nombre":"FLECHA I"}},{"type":"Feature","geometry":{"type":"Point","coordinates":[-64.5133,-31.5575]},"properties":{"id":"cordoba:minas_puntos:mineria_minas.246","provincia":"cordoba","provincia_nombre":"Córdoba","tipo":"mina","estado":"desconocido","geom_kind":"punto","fuente_id":"cordoba.idecor.minas_puntos","source_url":"https://idecor-ws.mapascordoba.gob.ar/geoserver/wfs?service=WFS&version=2.0.0&request=GetFeature&typeNames=idecor%3Amineria_minas&outputFormat=application%2Fjson&count=2000&startIndex=0&srsName=EPSG%3A4326","source_layer":"idecor:mineria_minas","source_fid":"mineria_minas.246","source_srid":22173,"fetched_at":"2026-07-28T13:38:04+00:00","licencia":"no_especificada","nombre":"LA MARTA"}},{"type":"Feature","geometry":{"type":"Point","coordinates":[-64.5792,-31.5606]},"properties":{"id":"cordoba:minas_puntos:mineria_minas.249","provincia":"cordoba","provincia_nombre":"Córdoba","tipo":"mina","estado":"desconocido","geom_kind":"punto","fuente_id":"cordoba.idecor.minas_puntos","source_url":"https://idecor-ws.mapascordoba.gob.ar/geoserver/wfs?service=WFS&version=2.0.0&request=GetFeature&typeNames=idecor%3Amineria_minas&outputFormat=application%2Fjson&count=2000&startIndex=0&srsName=EPSG%3A4326","source_layer":"idecor:mineria_minas","source_fid":"mineria_minas.249","source_srid":22173,"fetched_at":"2026-07-28T13:38:04+00:00","licencia":"no_especificada","nombre":"SANTA ROSA"}},{"type":"Feature","geometry":{"type":"Point","coordinates":[-64.9608,-31.305]},"properties":{"id":"cordoba:minas_puntos:mineria_minas.250","provincia":"cordoba","provincia_nombre":"Córdoba","tipo":"mina","estado":"desconocido","geom_kind":"punto","fuente_id":"cordoba.idecor.minas_puntos","source_url":"https://idecor-ws.mapascordoba.gob.ar/geoserver/wfs?service=WFS&version=2.0.0&request=GetFeature&typeNames=idecor%3Amineria_minas&outputFormat=application%2Fjson&count=2000&startIndex=0&srsName=EPSG%3A4326","source_layer":"idecor:mineria_minas","source_fid":"mineria_minas.250","source_srid":22173,"fetched_at":"2026-07-28T13:38:04+00:00","licencia":"no_especificada","nombre":"JURGEN II"}},{"type":"Feature","geometry":{"type":"Point","coordinates":[-64.8641,-31.5199]},"properties":{"id":"cordoba:minas_puntos:mineria_minas.251","provincia":"cordoba","provincia_nombre":"Córdoba","tipo":"mina","estado":"desconocido","geom_kind":"punto","fuente_id":"cordoba.idecor.minas_puntos","source_url":"https://idecor-ws.mapascordoba.gob.ar/geoserver/wfs?service=WFS&version=2.0.0&request=GetFeature&typeNames=idecor%3Amineria_minas&outputFormat=application%2Fjson&count=2000&startIndex=0&srsName=EPSG%3A4326","source_layer":"idecor:mineria_minas","source_fid":"mineria_minas.251","source_srid":22173,"fetched_at":"2026-07-28T13:38:04+00:00","licencia":"no_especificada","nombre":"AIDA"}},{"type":"Feature","geometry":{"type":"Point","coordinates":[-64.9622,-31.3147]},"properties":{"id":"cordoba:minas_puntos:mineria_minas.252","provincia":"cordoba","provincia_nombre":"Córdoba","tipo":"mina","estado":"desconocido","geom_kind":"punto","fuente_id":"cordoba.idecor.minas_puntos","source_url":"https://idecor-ws.mapascordoba.gob.ar/geoserver/wfs?service=WFS&version=2.0.0&request=GetFeature&typeNames=idecor%3Amineria_minas&outputFormat=application%2Fjson&count=2000&startIndex=0&srsName=EPSG%3A4326","source_layer":"idecor:mineria_minas","source_fid":"mineria_minas.252","source_srid":22173,"fetched_at":"2026-07-28T13:38:04+00:00","licencia":"no_especificada","nombre":"DON ANDREAS"}},{"type":"Feature","geometry":{"type":"Point","coordinates":[-64.4974,-31.2984]},"properties":{"id":"cordoba:minas_puntos:mineria_minas.253","provincia":"cordoba","provincia_nombre":"Córdoba","tipo":"mina","estado":"desconocido","geom_kind":"punto","fuente_id":"cordoba.idecor.minas_puntos","source_url":"https://idecor-ws.mapascordoba.gob.ar/geoserver/wfs?service=WFS&version=2.0.0&request=GetFeature&typeNames=idecor%3Amineria_minas&outputFormat=application%2Fjson&count=2000&startIndex=0&srsName=EPSG%3A4326","source_layer":"idecor:mineria_minas","source_fid":"mineria_minas.253","source_srid":22173,"fetched_at":"2026-07-28T13:38:04+00:00","licencia":"no_especificada","nombre":"ARGENTINA"}},{"type":"Feature","geometry":{"type":"Point","coordinates":[-64.9612,-31.6669]},"properties":{"id":"cordoba:minas_puntos:mineria_minas.255","provincia":"cordoba","provincia_nombre":"Córdoba","tipo":"mina","estado":"desconocido","geom_kind":"punto","fuente_id":"cordoba.idecor.minas_puntos","source_url":"https://idecor-ws.mapascordoba.gob.ar/geoserver/wfs?service=WFS&version=2.0.0&request=GetFeature&typeNames=idecor%3Amineria_minas&outputFormat=application%2Fjson&count=2000&startIndex=0&srsName=EPSG%3A4326","source_layer":"idecor:mineria_minas","source_fid":"mineria_minas.255","source_srid":22173,"fetched_at":"2026-07-28T13:38:04+00:00","licencia":"no_especificada","nombre":"BARBARA"}},{"type":"Feature","geometry":{"type":"Point","coordinates":[-64.8422,-31.2779]},"properties":{"id":"cordoba:minas_puntos:mineria_minas.256","provincia":"cordoba","provincia_nombre":"Córdoba","tipo":"mina","estado":"desconocido","geom_kind":"punto","fuente_id":"cordoba.idecor.minas_puntos","source_url":"https://idecor-ws.mapascordoba.gob.ar/geoserver/wfs?service=WFS&version=2.0.0&request=GetFeature&typeNames=idecor%3Amineria_minas&outputFormat=application%2Fjson&count=2000&startIndex=0&srsName=EPSG%3A4326","source_layer":"idecor:mineria_minas","source_fid":"mineria_minas.256","source_srid":22173,"fetched_at":"2026-07-28T13:38:04+00:00","licencia":"no_especificada","nombre":"BEATRIZ"}},{"type":"Feature","geometry":{"type":"Point","coordinates":[-64.56,-31.4382]},"properties":{"id":"cordoba:minas_puntos:mineria_minas.257","provincia":"cordoba","provincia_nombre":"Córdoba","tipo":"mina","estado":"desconocido","geom_kind":"punto","fuente_id":"cordoba.idecor.minas_puntos","source_url":"https://idecor-ws.mapascordoba.gob.ar/geoserver/wfs?service=WFS&version=2.0.0&request=GetFeature&typeNames=idecor%3Amineria_minas&outputFormat=application%2Fjson&count=2000&startIndex=0&srsName=EPSG%3A4326","source_layer":"idecor:mineria_minas","source_fid":"mineria_minas.257","source_srid":22173,"fetched_at":"2026-07-28T13:38:04+00:00","licencia":"no_especificada","nombre":"BUENA VENTURA"}},{"type":"Feature","geometry":{"type":"Point","coordinates":[-64.5581,-31.5244]},"properties":{"id":"cordoba:minas_puntos:mineria_minas.258","provincia":"cordoba","provincia_nombre":"Córdoba","tipo":"mina","estado":"desconocido","geom_kind":"punto","fuente_id":"cordoba.idecor.minas_puntos","source_url":"https://idecor-ws.mapascordoba.gob.ar/geoserver/wfs?service=WFS&version=2.0.0&request=GetFeature&typeNames=idecor%3Amineria_minas&outputFormat=application%2Fjson&count=2000&startIndex=0&srsName=EPSG%3A4326","source_layer":"idecor:mineria_minas","source_fid":"mineria_minas.258","source_srid":22173,"fetched_at":"2026-07-28T13:38:04+00:00","licencia":"no_especificada","nombre":"CHICHITA"}},{"type":"Feature","geometry":{"type":"Point","coordinates":[-65.1746,-31.7184]},"properties":{"id":"cordoba:minas_puntos:mineria_minas.259","provincia":"cordoba","provincia_nombre":"Córdoba","tipo":"mina","estado":"desconocido","geom_kind":"punto","fuente_id":"cordoba.idecor.minas_puntos","source_url":"https://idecor-ws.mapascordoba.gob.ar/geoserver/wfs?service=WFS&version=2.0.0&request=GetFeature&typeNames=idecor%3Amineria_minas&outputFormat=application%2Fjson&count=2000&startIndex=0&srsName=EPSG%3A4326","source_layer":"idecor:mineria_minas","source_fid":"mineria_minas.259","source_srid":22173,"fetched_at":"2026-07-28T13:38:04+00:00","licencia":"no_especificada","nombre":"COLOR OBISPO"}},{"type":"Feature","geometry":{"type":"Point","coordinates":[-65.0554,-31.7138]},"properties":{"id":"cordoba:minas_puntos:mineria_minas.260","provincia":"cordoba","provincia_nombre":"Córdoba","tipo":"mina","estado":"desconocido","geom_kind":"punto","fuente_id":"cordoba.idecor.minas_puntos","source_url":"https://idecor-ws.mapascordoba.gob.ar/geoserver/wfs?service=WFS&version=2.0.0&request=GetFeature&typeNames=idecor%3Amineria_minas&outputFormat=application%2Fjson&count=2000&startIndex=0&srsName=EPSG%3A4326","source_layer":"idecor:mineria_minas","source_fid":"mineria_minas.260","source_srid":22173,"fetched_at":"2026-07-28T13:38:04+00:00","licencia":"no_especificada","nombre":"COMECHINGON"}},{"type":"Feature","geometry":{"type":"Point","coordinates":[-65.0544,-31.745]},"properties":{"id":"cordoba:minas_puntos:mineria_minas.261","provincia":"cordoba","provincia_nombre":"Córdoba","tipo":"mina","estado":"desconocido","geom_kind":"punto","fuente_id":"cordoba.idecor.minas_puntos","source_url":"https://idecor-ws.mapascordoba.gob.ar/geoserver/wfs?service=WFS&version=2.0.0&request=GetFeature&typeNames=idecor%3Amineria_minas&outputFormat=application%2Fjson&count=2000&startIndex=0&srsName=EPSG%3A4326","source_layer":"idecor:mineria_minas","source_fid":"mineria_minas.261","source_srid":22173,"fetched_at":"2026-07-28T13:38:04+00:00","licencia":"no_especificada","nombre":"COMECHINGONES II"}},{"type":"Feature","geometry":{"type":"Point","coordinates":[-64.4638,-31.4932]},"properties":{"id":"cordoba:minas_puntos:mineria_minas.262","provincia":"cordoba","provincia_nombre":"Córdoba","tipo":"mina","estado":"desconocido","geom_kind":"punto","fuente_id":"cordoba.idecor.minas_puntos","source_url":"https://idecor-ws.mapascordoba.gob.ar/geoserver/wfs?service=WFS&version=2.0.0&request=GetFeature&typeNames=idecor%3Amineria_minas&outputFormat=application%2Fjson&count=2000&startIndex=0&srsName=EPSG%3A4326","source_layer":"idecor:mineria_minas","source_fid":"mineria_minas.262","source_srid":22173,"fetched_at":"2026-07-28T13:38:04+00:00","licencia":"no_especificada","nombre":"COMPLEJO MINERO"}},{"type":"Feature","geometry":{"type":"Point","coordinates":[-65.032,-31.3308]},"properties":{"id":"cordoba:minas_puntos:mineria_minas.263","provincia":"cordoba","provincia_nombre":"Córdoba","tipo":"mina","estado":"desconocido","geom_kind":"punto","fuente_id":"cordoba.idecor.minas_puntos","source_url":"https://idecor-ws.mapascordoba.gob.ar/geoserver/wfs?service=WFS&version=2.0.0&request=GetFeature&typeNames=idecor%3Amineria_minas&outputFormat=application%2Fjson&count=2000&startIndex=0&srsName=EPSG%3A4326","source_layer":"idecor:mineria_minas","source_fid":"mineria_minas.263","source_srid":22173,"fetched_at":"2026-07-28T13:38:04+00:00","licencia":"no_especificada","nombre":"CUCHILLACO"}},{"type":"Feature","geometry":{"type":"Point","coordinates":[-65.3625,-31.3258]},"properties":{"id":"cordoba:minas_puntos:mineria_minas.264","provincia":"cordoba","provincia_nombre":"Córdoba","tipo":"mina","estado":"desconocido","geom_kind":"punto","fuente_id":"cordoba.idecor.minas_puntos","source_url":"https://idecor-ws.mapascordoba.gob.ar/geoserver/wfs?service=WFS&version=2.0.0&request=GetFeature&typeNames=idecor%3Amineria_minas&outputFormat=application%2Fjson&count=2000&startIndex=0&srsName=EPSG%3A4326","source_layer":"idecor:mineria_minas","source_fid":"mineria_minas.264","source_srid":22173,"fetched_at":"2026-07-28T13:38:04+00:00","licencia":"no_especificada","nombre":"CUEVA BLANCA"}},{"type":"Feature","geometry":{"type":"Point","coordinates":[-64.4813,-31.3648]},"properties":{"id":"cordoba:minas_puntos:mineria_minas.265","provincia":"cordoba","provincia_nombre":"Córdoba","tipo":"mina","estado":"desconocido","geom_kind":"punto","fuente_id":"cordoba.idecor.minas_puntos","source_url":"https://idecor-ws.mapascordoba.gob.ar/geoserver/wfs?service=WFS&version=2.0.0&request=GetFeature&typeNames=idecor%3Amineria_minas&outputFormat=application%2Fjson&count=2000&startIndex=0&srsName=EPSG%3A4326","source_layer":"idecor:mineria_minas","source_fid":"mineria_minas.265","source_srid":22173,"fetched_at":"2026-07-28T13:38:04+00:00","licencia":"no_especificada","nombre":"CUEVA DE LA LEONA"}},{"type":"Feature","geometry":{"type":"Point","coordinates":[-65.1788,-31.7154]},"properties":{"id":"cordoba:minas_puntos:mineria_minas.266","provincia":"cordoba","provincia_nombre":"Córdoba","tipo":"mina","estado":"desconocido","geom_kind":"punto","fuente_id":"cordoba.idecor.minas_puntos","source_url":"https://idecor-ws.mapascordoba.gob.ar/geoserver/wfs?service=WFS&version=2.0.0&request=GetFeature&typeNames=idecor%3Amineria_minas&outputFormat=application%2Fjson&count=2000&startIndex=0&srsName=EPSG%3A4326","source_layer":"idecor:mineria_minas","source_fid":"mineria_minas.266","source_srid":22173,"fetched_at":"2026-07-28T13:38:04+00:00","licencia":"no_especificada","nombre":"CURA BROCHERO"}},{"type":"Feature","geometry":{"type":"Point","coordinates":[-65.0669,-31.3713]},"properties":{"id":"cordoba:minas_puntos:mineria_minas.267","provincia":"cordoba","provincia_nombre":"Córdoba","tipo":"mina","estado":"desconocido","geom_kind":"punto","fuente_id":"cordoba.idecor.minas_puntos","source_url":"https://idecor-ws.mapascordoba.gob.ar/geoserver/wfs?service=WFS&version=2.0.0&request=GetFeature&typeNames=idecor%3Amineria_minas&outputFormat=application%2Fjson&count=2000&startIndex=0&srsName=EPSG%3A4326","source_layer":"idecor:mineria_minas","source_fid":"mineria_minas.267","source_srid":22173,"fetched_at":"2026-07-28T13:38:04+00:00","licencia":"no_especificada","nombre":"DIANA"}},{"type":"Feature","geometry":{"type":"Point","coordinates":[-64.5514,-31.2943]},"properties":{"id":"cordoba:minas_puntos:mineria_minas.268","provincia":"cordoba","provincia_nombre":"Córdoba","tipo":"mina","estado":"desconocido","geom_kind":"punto","fuente_id":"cordoba.idecor.minas_puntos","source_url":"https://idecor-ws.mapascordoba.gob.ar/geoserver/wfs?service=WFS&version=2.0.0&request=GetFeature&typeNames=idecor%3Amineria_minas&outputFormat=application%2Fjson&count=2000&startIndex=0&srsName=EPSG%3A4326","source_layer":"idecor:mineria_minas","source_fid":"mineria_minas.268","source_srid":22173,"fetched_at":"2026-07-28T13:38:04+00:00","licencia":"no_especificada","nombre":"DOMINGO FAUSTINO SARMIENTO"}},{"type":"Feature","geometry":{"type":"Point","coordinates":[-64.9766,-31.3193]},"properties":{"id":"cordoba:minas_puntos:mineria_minas.270","provincia":"cordoba","provincia_nombre":"Córdoba","tipo":"mina","estado":"desconocido","geom_kind":"punto","fuente_id":"cordoba.idecor.minas_puntos","source_url":"https://idecor-ws.mapascordoba.gob.ar/geoserver/wfs?service=WFS&version=2.0.0&request=GetFeature&typeNames=idecor%3Amineria_minas&outputFormat=application%2Fjson&count=2000&startIndex=0&srsName=EPSG%3A4326","source_layer":"idecor:mineria_minas","source_fid":"mineria_minas.270","source_srid":22173,"fetched_at":"2026-07-28T13:38:04+00:00","licencia":"no_especificada","nombre":"DON THOMAS"}},{"type":"Feature","geometry":{"type":"Point","coordinates":[-64.6174,-31.5261]},"properties":{"id":"cordoba:minas_puntos:mineria_minas.271","provincia":"cordoba","provincia_nombre":"Córdoba","tipo":"mina","estado":"desconocido","geom_kind":"punto","fuente_id":"cordoba.idecor.minas_puntos","source_url":"https://idecor-ws.mapascordoba.gob.ar/geoserver/wfs?service=WFS&version=2.0.0&request=GetFeature&typeNames=idecor%3Amineria_minas&outputFormat=application%2Fjson&count=2000&startIndex=0&srsName=EPSG%3A4326","source_layer":"idecor:mineria_minas","source_fid":"mineria_minas.271","source_srid":22173,"fetched_at":"2026-07-28T13:38:04+00:00","licencia":"no_especificada","nombre":"DOS CERROS"}},{"type":"Feature","geometry":{"type":"Point","coordinates":[-65.1041,-31.6767]},"properties":{"id":"cordoba:minas_puntos:mineria_minas.272","provincia":"cordoba","provincia_nombre":"Córdoba","tipo":"mina","estado":"desconocido","geom_kind":"punto","fuente_id":"cordoba.idecor.minas_puntos","source_url":"https://idecor-ws.mapascordoba.gob.ar/geoserver/wfs?service=WFS&version=2.0.0&request=GetFeature&typeNames=idecor%3Amineria_minas&outputFormat=application%2Fjson&count=2000&startIndex=0&srsName=EPSG%3A4326","source_layer":"idecor:mineria_minas","source_fid":"mineria_minas.272","source_srid":22173,"fetched_at":"2026-07-28T13:38:04+00:00","licencia":"no_especificada","nombre":"DR. A. STELZNER"}},{"type":"Feature","geometry":{"type":"Point","coordinates":[-64.54,-31.6249]},"properties":{"id":"cordoba:minas_puntos:mineria_minas.273","provincia":"cordoba","provincia_nombre":"Córdoba","tipo":"mina","estado":"desconocido","geom_kind":"punto","fuente_id":"cordoba.idecor.minas_puntos","source_url":"https://idecor-ws.mapascordoba.gob.ar/geoserver/wfs?service=WFS&version=2.0.0&request=GetFeature&typeNames=idecor%3Amineria_minas&outputFormat=application%2Fjson&count=2000&startIndex=0&srsName=EPSG%3A4326","source_layer":"idecor:mineria_minas","source_fid":"mineria_minas.273","source_srid":22173,"fetched_at":"2026-07-28T13:38:04+00:00","licencia":"no_especificada","nombre":"EL AJUSTE"}},{"type":"Feature","geometry":{"type":"Point","coordinates":[-64.5363,-31.4597]},"properties":{"id":"cordoba:minas_puntos:mineria_minas.274","provincia":"cordoba","provincia_nombre":"Córdoba","tipo":"mina","estado":"desconocido","geom_kind":"punto","fuente_id":"cordoba.idecor.minas_puntos","source_url":"https://idecor-ws.mapascordoba.gob.ar/geoserver/wfs?service=WFS&version=2.0.0&request=GetFeature&typeNames=idecor%3Amineria_minas&outputFormat=application%2Fjson&count=2000&startIndex=0&srsName=EPSG%3A4326","source_layer":"idecor:mineria_minas","source_fid":"mineria_minas.274","source_srid":22173,"fetched_at":"2026-07-28T13:38:04+00:00","licencia":"no_especificada","nombre":"EL CHICHE"}},{"type":"Feature","geometry":{"type":"Point","coordinates":[-64.9056,-31.51]},"properties":{"id":"cordoba:minas_puntos:mineria_minas.276","provincia":"cordoba","provincia_nombre":"Córdoba","tipo":"mina","estado":"desconocido","geom_kind":"punto","fuente_id":"cordoba.idecor.minas_puntos","source_url":"https://idecor-ws.mapascordoba.gob.ar/geoserver/wfs?service=WFS&version=2.0.0&request=GetFeature&typeNames=idecor%3Amineria_minas&outputFormat=application%2Fjson&count=2000&startIndex=0&srsName=EPSG%3A4326","source_layer":"idecor:mineria_minas","source_fid":"mineria_minas.276","source_srid":22173,"fetched_at":"2026-07-28T13:38:04+00:00","licencia":"no_especificada","nombre":"EL CIENEGO"}},{"type":"Feature","geometry":{"type":"Point","coordinates":[-64.6531,-31.3566]},"properties":{"id":"cordoba:minas_puntos:mineria_minas.277","provincia":"cordoba","provincia_nombre":"Córdoba","tipo":"mina","estado":"desconocido","geom_kind":"punto","fuente_id":"cordoba.idecor.minas_puntos","source_url":"https://idecor-ws.mapascordoba.gob.ar/geoserver/wfs?service=WFS&version=2.0.0&request=GetFeature&typeNames=idecor%3Amineria_minas&outputFormat=application%2Fjson&count=2000&startIndex=0&srsName=EPSG%3A4326","source_layer":"idecor:mineria_minas","source_fid":"mineria_minas.277","source_srid":22173,"fetched_at":"2026-07-28T13:38:04+00:00","licencia":"no_especificada","nombre":"EL CRIOLLO - 1° PERT."}},{"type":"Feature","geometry":{"type":"Point","coordinates":[-64.6559,-31.3595]},"properties":{"id":"cordoba:minas_puntos:mineria_minas.278","provincia":"cordoba","provincia_nombre":"Córdoba","tipo":"mina","estado":"desconocido","geom_kind":"punto","fuente_id":"cordoba.idecor.minas_puntos","source_url":"https://idecor-ws.mapascordoba.gob.ar/geoserver/wfs?service=WFS&version=2.0.0&request=GetFeature&typeNames=idecor%3Amineria_minas&outputFormat=application%2Fjson&count=2000&startIndex=0&srsName=EPSG%3A4326","source_layer":"idecor:mineria_minas","source_fid":"mineria_minas.278","source_srid":22173,"fetched_at":"2026-07-28T13:38:04+00:00","licencia":"no_especificada","nombre":"EL CRIOLLO - 2° PERT."}},{"type":"Feature","geometry":{"type":"Point","coordinates":[-64.6548,-31.3506]},"properties":{"id":"cordoba:minas_puntos:mineria_minas.279","provincia":"cordoba","provincia_nombre":"Córdoba","tipo":"mina","estado":"desconocido","geom_kind":"punto","fuente_id":"cordoba.idecor.minas_puntos","source_url":"https://idecor-ws.mapascordoba.gob.ar/geoserver/wfs?service=WFS&version=2.0.0&request=GetFeature&typeNames=idecor%3Amineria_minas&outputFormat=application%2Fjson&count=2000&startIndex=0&srsName=EPSG%3A4326","source_layer":"idecor:mineria_minas","source_fid":"mineria_minas.279","source_srid":22173,"fetched_at":"2026-07-28T13:38:04+00:00","licencia":"no_especificada","nombre":"EL CRIOLLO - 3° PERT."}},{"type":"Feature","geometry":{"type":"Point","coordinates":[-64.5367,-31.6142]},"properties":{"id":"cordoba:minas_puntos:mineria_minas.280","provincia":"cordoba","provincia_nombre":"Córdoba","tipo":"mina","estado":"desconocido","geom_kind":"punto","fuente_id":"cordoba.idecor.minas_puntos","source_url":"https://idecor-ws.mapascordoba.gob.ar/geoserver/wfs?service=WFS&version=2.0.0&request=GetFeature&typeNames=idecor%3Amineria_minas&outputFormat=application%2Fjson&count=2000&startIndex=0&srsName=EPSG%3A4326","source_layer":"idecor:mineria_minas","source_fid":"mineria_minas.280","source_srid":22173,"fetched_at":"2026-07-28T13:38:04+00:00","licencia":"no_especificada","nombre":"EL DIVISADERO"}},{"type":"Feature","geometry":{"type":"Point","coordinates":[-64.6432,-31.3604]},"properties":{"id":"cordoba:minas_puntos:mineria_minas.282","provincia":"cordoba","provincia_nombre":"Córdoba","tipo":"mina","estado":"desconocido","geom_kind":"punto","fuente_id":"cordoba.idecor.minas_puntos","source_url":"https://idecor-ws.mapascordoba.gob.ar/geoserver/wfs?service=WFS&version=2.0.0&request=GetFeature&typeNames=idecor%3Amineria_minas&outputFormat=application%2Fjson&count=2000&startIndex=0&srsName=EPSG%3A4326","source_layer":"idecor:mineria_minas","source_fid":"mineria_minas.282","source_srid":22173,"fetched_at":"2026-07-28T13:38:04+00:00","licencia":"no_especificada","nombre":"EL GAUCHO - 1ª PERT."}},{"type":"Feature","geometry":{"type":"Point","coordinates":[-64.6467,-31.3606]},"properties":{"id":"cordoba:minas_puntos:mineria_minas.283","provincia":"cordoba","provincia_nombre":"Córdoba","tipo":"mina","estado":"desconocido","geom_kind":"punto","fuente_id":"cordoba.idecor.minas_puntos","source_url":"https://idecor-ws.mapascordoba.gob.ar/geoserver/wfs?service=WFS&version=2.0.0&request=GetFeature&typeNames=idecor%3Amineria_minas&outputFormat=application%2Fjson&count=2000&startIndex=0&srsName=EPSG%3A4326","source_layer":"idecor:mineria_minas","source_fid":"mineria_minas.283","source_srid":22173,"fetched_at":"2026-07-28T13:38:04+00:00","licencia":"no_especificada","nombre":"EL GAUCHO - 2ª PERT."}},{"type":"Feature","geometry":{"type":"Point","coordinates":[-64.5957,-31.5216]},"properties":{"id":"cordoba:minas_puntos:mineria_minas.284","provincia":"cordoba","provincia_nombre":"Córdoba","tipo":"mina","estado":"desconocido","geom_kind":"punto","fuente_id":"cordoba.idecor.minas_puntos","source_url":"https://idecor-ws.mapascordoba.gob.ar/geoserver/wfs?service=WFS&version=2.0.0&request=GetFeature&typeNames=idecor%3Amineria_minas&outputFormat=application%2Fjson&count=2000&startIndex=0&srsName=EPSG%3A4326","source_layer":"idecor:mineria_minas","source_fid":"mineria_minas.284","source_srid":22173,"fetched_at":"2026-07-28T13:38:04+00:00","licencia":"no_especificada","nombre":"EL MANZANO"}},{"type":"Feature","geometry":{"type":"Point","coordinates":[-65.1924,-31.5931]},"properties":{"id":"cordoba:minas_puntos:mineria_minas.285","provincia":"cordoba","provincia_nombre":"Córdoba","tipo":"mina","estado":"desconocido","geom_kind":"punto","fuente_id":"cordoba.idecor.minas_puntos","source_url":"https://idecor-ws.mapascordoba.gob.ar/geoserver/wfs?service=WFS&version=2.0.0&request=GetFeature&typeNames=idecor%3Amineria_minas&outputFormat=application%2Fjson&count=2000&startIndex=0&srsName=EPSG%3A4326","source_layer":"idecor:mineria_minas","source_fid":"mineria_minas.285","source_srid":22173,"fetched_at":"2026-07-28T13:38:04+00:00","licencia":"no_especificada","nombre":"EL MILAGRO"}},{"type":"Feature","geometry":{"type":"Point","coordinates":[-65.1492,-31.6336]},"properties":{"id":"cordoba:minas_puntos:mineria_minas.286","provincia":"cordoba","provincia_nombre":"Córdoba","tipo":"mina","estado":"desconocido","geom_kind":"punto","fuente_id":"cordoba.idecor.minas_puntos","source_url":"https://idecor-ws.mapascordoba.gob.ar/geoserver/wfs?service=WFS&version=2.0.0&request=GetFeature&typeNames=idecor%3Amineria_minas&outputFormat=application%2Fjson&count=2000&startIndex=0&srsName=EPSG%3A4326","source_layer":"idecor:mineria_minas","source_fid":"mineria_minas.286","source_srid":22173,"fetched_at":"2026-07-28T13:38:04+00:00","licencia":"no_especificada","nombre":"EL SUEÑO DE MI PADRE"}},{"type":"Feature","geometry":{"type":"Point","coordinates":[-64.5999,-31.5141]},"properties":{"id":"cordoba:minas_puntos:mineria_minas.287","provincia":"cordoba","provincia_nombre":"Córdoba","tipo":"mina","estado":"desconocido","geom_kind":"punto","fuente_id":"cordoba.idecor.minas_puntos","source_url":"https://idecor-ws.mapascordoba.gob.ar/geoserver/wfs?service=WFS&version=2.0.0&request=GetFeature&typeNames=idecor%3Amineria_minas&outputFormat=application%2Fjson&count=2000&startIndex=0&srsName=EPSG%3A4326","source_layer":"idecor:mineria_minas","source_fid":"mineria_minas.287","source_srid":22173,"fetched_at":"2026-07-28T13:38:04+00:00","licencia":"no_especificada","nombre":"EL TALCO OVERO"}},{"type":"Feature","geometry":{"type":"Point","coordinates":[-64.5116,-31.6431]},"properties":{"id":"cordoba:minas_puntos:mineria_minas.288","provincia":"cordoba","provincia_nombre":"Córdoba","tipo":"mina","estado":"desconocido","geom_kind":"punto","fuente_id":"cordoba.idecor.minas_puntos","source_url":"https://idecor-ws.mapascordoba.gob.ar/geoserver/wfs?service=WFS&version=2.0.0&request=GetFeature&typeNames=idecor%3Amineria_minas&outputFormat=application%2Fjson&count=2000&startIndex=0&srsName=EPSG%3A4326","source_layer":"idecor:mineria_minas","source_fid":"mineria_minas.288","source_srid":22173,"fetched_at":"2026-07-28T13:38:04+00:00","licencia":"no_especificada","nombre":"EL ZORRO"}},{"type":"Feature","geometry":{"type":"Point","coordinates":[-64.4249,-31.3286]},"properties":{"id":"cordoba:minas_puntos:mineria_minas.289","provincia":"cordoba","provincia_nombre":"Córdoba","tipo":"mina","estado":"desconocido","geom_kind":"punto","fuente_id":"cordoba.idecor.minas_puntos","source_url":"https://idecor-ws.mapascordoba.gob.ar/geoserver/wfs?service=WFS&version=2.0.0&request=GetFeature&typeNames=idecor%3Amineria_minas&outputFormat=application%2Fjson&count=2000&startIndex=0&srsName=EPSG%3A4326","source_layer":"idecor:mineria_minas","source_fid":"mineria_minas.289","source_srid":22173,"fetched_at":"2026-07-28T13:38:04+00:00","licencia":"no_especificada","nombre":"ELSITA II"}},{"type":"Feature","geometry":{"type":"Point","coordinates":[-64.3317,-31.3138]},"properties":{"id":"cordoba:minas_puntos:mineria_minas.290","provincia":"cordoba","provincia_nombre":"Córdoba","tipo":"mina","estado":"desconocido","geom_kind":"punto","fuente_id":"cordoba.idecor.minas_puntos","source_url":"https://idecor-ws.mapascordoba.gob.ar/geoserver/wfs?service=WFS&version=2.0.0&request=GetFeature&typeNames=idecor%3Amineria_minas&outputFormat=application%2Fjson&count=2000&startIndex=0&srsName=EPSG%3A4326","source_layer":"idecor:mineria_minas","source_fid":"mineria_minas.290","source_srid":22173,"fetched_at":"2026-07-28T13:38:04+00:00","licencia":"no_especificada","nombre":"ESPERANZA"}},{"type":"Feature","geometry":{"type":"Point","coordinates":[-64.5122,-31.5534]},"properties":{"id":"cordoba:minas_puntos:mineria_minas.291","provincia":"cordoba","provincia_nombre":"Córdoba","tipo":"mina","estado":"desconocido","geom_kind":"punto","fuente_id":"cordoba.idecor.minas_puntos","source_url":"https://idecor-ws.mapascordoba.gob.ar/geoserver/wfs?service=WFS&version=2.0.0&request=GetFeature&typeNames=idecor%3Amineria_minas&outputFormat=application%2Fjson&count=2000&startIndex=0&srsName=EPSG%3A4326","source_layer":"idecor:mineria_minas","source_fid":"mineria_minas.291","source_srid":22173,"fetched_at":"2026-07-28T13:38:04+00:00","licencia":"no_especificada","nombre":"ESPERANZA"}},{"type":"Feature","geometry":{"type":"Point","coordinates":[-64.5715,-31.5581]},"properties":{"id":"cordoba:minas_puntos:mineria_minas.292","provincia":"cordoba","provincia_nombre":"Córdoba","tipo":"mina","estado":"desconocido","geom_kind":"punto","fuente_id":"cordoba.idecor.minas_puntos","source_url":"https://idecor-ws.mapascordoba.gob.ar/geoserver/wfs?service=WFS&version=2.0.0&request=GetFeature&typeNames=idecor%3Amineria_minas&outputFormat=application%2Fjson&count=2000&startIndex=0&srsName=EPSG%3A4326","source_layer":"idecor:mineria_minas","source_fid":"mineria_minas.292","source_srid":22173,"fetched_at":"2026-07-28T13:38:04+00:00","licencia":"no_especificada","nombre":"ESTACA MINA AZUCENA I"}},{"type":"Feature","geometry":{"type":"Point","coordinates":[-65.1078,-31.7433]},"properties":{"id":"cordoba:minas_puntos:mineria_minas.293","provincia":"cordoba","provincia_nombre":"Córdoba","tipo":"mina","estado":"desconocido","geom_kind":"punto","fuente_id":"cordoba.idecor.minas_puntos","source_url":"https://idecor-ws.mapascordoba.gob.ar/geoserver/wfs?service=WFS&version=2.0.0&request=GetFeature&typeNames=idecor%3Amineria_minas&outputFormat=application%2Fjson&count=2000&startIndex=0&srsName=EPSG%3A4326","source_layer":"idecor:mineria_minas","source_fid":"mineria_minas.293","source_srid":22173,"fetched_at":"2026-07-28T13:38:04+00:00","licencia":"no_especificada","nombre":"FACUNDO I"}},{"type":"Feature","geometry":{"type":"Point","coordinates":[-64.7182,-31.6046]},"properties":{"id":"cordoba:minas_puntos:mineria_minas.294","provincia":"cordoba","provincia_nombre":"Córdoba","tipo":"mina","estado":"desconocido","geom_kind":"punto","fuente_id":"cordoba.idecor.minas_puntos","source_url":"https://idecor-ws.mapascordoba.gob.ar/geoserver/wfs?service=WFS&version=2.0.0&request=GetFeature&typeNames=idecor%3Amineria_minas&outputFormat=application%2Fjson&count=2000&startIndex=0&srsName=EPSG%3A4326","source_layer":"idecor:mineria_minas","source_fid":"mineria_minas.294","source_srid":22173,"fetched_at":"2026-07-28T13:38:04+00:00","licencia":"no_especificada","nombre":"FAUSTO"}},{"type":"Feature","geometry":{"type":"Point","coordinates":[-64.7496,-31.3694]},"properties":{"id":"cordoba:minas_puntos:mineria_minas.295","provincia":"cordoba","provincia_nombre":"Córdoba","tipo":"mina","estado":"desconocido","geom_kind":"punto","fuente_id":"cordoba.idecor.minas_puntos","source_url":"https://idecor-ws.mapascordoba.gob.ar/geoserver/wfs?service=WFS&version=2.0.0&request=GetFeature&typeNames=idecor%3Amineria_minas&outputFormat=application%2Fjson&count=2000&startIndex=0&srsName=EPSG%3A4326","source_layer":"idecor:mineria_minas","source_fid":"mineria_minas.295","source_srid":22173,"fetched_at":"2026-07-28T13:38:04+00:00","licencia":"no_especificada","nombre":"GEMMA"}},{"type":"Feature","geometry":{"type":"Point","coordinates":[-65.3279,-31.3227]},"properties":{"id":"cordoba:minas_puntos:mineria_minas.296","provincia":"cordoba","provincia_nombre":"Córdoba","tipo":"mina","estado":"desconocido","geom_kind":"punto","fuente_id":"cordoba.idecor.minas_puntos","source_url":"https://idecor-ws.mapascordoba.gob.ar/geoserver/wfs?service=WFS&version=2.0.0&request=GetFeature&typeNames=idecor%3Amineria_minas&outputFormat=application%2Fjson&count=2000&startIndex=0&srsName=EPSG%3A4326","source_layer":"idecor:mineria_minas","source_fid":"mineria_minas.296","source_srid":22173,"fetched_at":"2026-07-28T13:38:04+00:00","licencia":"no_especificada","nombre":"GERDA"}},{"type":"Feature","geometry":{"type":"Point","coordinates":[-64.5604,-31.5359]},"properties":{"id":"cordoba:minas_puntos:mineria_minas.297","provincia":"cordoba","provincia_nombre":"Córdoba","tipo":"mina","estado":"desconocido","geom_kind":"punto","fuente_id":"cordoba.idecor.minas_puntos","source_url":"https://idecor-ws.mapascordoba.gob.ar/geoserver/wfs?service=WFS&version=2.0.0&request=GetFeature&typeNames=idecor%3Amineria_minas&outputFormat=application%2Fjson&count=2000&startIndex=0&srsName=EPSG%3A4326","source_layer":"idecor:mineria_minas","source_fid":"mineria_minas.297","source_srid":22173,"fetched_at":"2026-07-28T13:38:04+00:00","licencia":"no_especificada","nombre":"GRACIELA"}},{"type":"Feature","geometry":{"type":"Point","coordinates":[-64.7727,-31.4089]},"properties":{"id":"cordoba:minas_puntos:mineria_minas.299","provincia":"cordoba","provincia_nombre":"Córdoba","tipo":"mina","estado":"desconocido","geom_kind":"punto","fuente_id":"cordoba.idecor.minas_puntos","source_url":"https://idecor-ws.mapascordoba.gob.ar/geoserver/wfs?service=WFS&version=2.0.0&request=GetFeature&typeNames=idecor%3Amineria_minas&outputFormat=application%2Fjson&count=2000&startIndex=0&srsName=EPSG%3A4326","source_layer":"idecor:mineria_minas","source_fid":"mineria_minas.299","source_srid":22173,"fetched_at":"2026-07-28T13:38:04+00:00","licencia":"no_especificada","nombre":"GRUPO MINERO GIGANTE"}},{"type":"Feature","geometry":{"type":"Point","coordinates":[-64.4926,-31.5882]},"properties":{"id":"cordoba:minas_puntos:mineria_minas.300","provincia":"cordoba","provincia_nombre":"Córdoba","tipo":"mina","estado":"desconocido","geom_kind":"punto","fuente_id":"cordoba.idecor.minas_puntos","source_url":"https://idecor-ws.mapascordoba.gob.ar/geoserver/wfs?service=WFS&version=2.0.0&request=GetFeature&typeNames=idecor%3Amineria_minas&outputFormat=application%2Fjson&count=2000&startIndex=0&srsName=EPSG%3A4326","source_layer":"idecor:mineria_minas","source_fid":"mineria_minas.300","source_srid":22173,"fetched_at":"2026-07-28T13:38:04+00:00","licencia":"no_especificada","nombre":"HILDA GLADI"}},{"type":"Feature","geometry":{"type":"Point","coordinates":[-64.7534,-31.3768]},"properties":{"id":"cordoba:minas_puntos:mineria_minas.301","provincia":"cordoba","provincia_nombre":"Córdoba","tipo":"mina","estado":"desconocido","geom_kind":"punto","fuente_id":"cordoba.idecor.minas_puntos","source_url":"https://idecor-ws.mapascordoba.gob.ar/geoserver/wfs?service=WFS&version=2.0.0&request=GetFeature&typeNames=idecor%3Amineria_minas&outputFormat=application%2Fjson&count=2000&startIndex=0&srsName=EPSG%3A4326","source_layer":"idecor:mineria_minas","source_fid":"mineria_minas.301","source_srid":22173,"fetched_at":"2026-07-28T13:38:04+00:00","licencia":"no_especificada","nombre":"IGNACIO"}},{"type":"Feature","geometry":{"type":"Point","coordinates":[-64.5215,-31.5674]},"properties":{"id":"cordoba:minas_puntos:mineria_minas.302","provincia":"cordoba","provincia_nombre":"Córdoba","tipo":"mina","estado":"desconocido","geom_kind":"punto","fuente_id":"cordoba.idecor.minas_puntos","source_url":"https://idecor-ws.mapascordoba.gob.ar/geoserver/wfs?service=WFS&version=2.0.0&request=GetFeature&typeNames=idecor%3Amineria_minas&outputFormat=application%2Fjson&count=2000&startIndex=0&srsName=EPSG%3A4326","source_layer":"idecor:mineria_minas","source_fid":"mineria_minas.302","source_srid":22173,"fetched_at":"2026-07-28T13:38:04+00:00","licencia":"no_especificada","nombre":"ISABEL MARIA"}},{"type":"Feature","geometry":{"type":"Point","coordinates":[-64.8544,-31.5723]},"properties":{"id":"cordoba:minas_puntos:mineria_minas.303","provincia":"cordoba","provincia_nombre":"Córdoba","tipo":"mina","estado":"desconocido","geom_kind":"punto","fuente_id":"cordoba.idecor.minas_puntos","source_url":"https://idecor-ws.mapascordoba.gob.ar/geoserver/wfs?service=WFS&version=2.0.0&request=GetFeature&typeNames=idecor%3Amineria_minas&outputFormat=application%2Fjson&count=2000&startIndex=0&srsName=EPSG%3A4326","source_layer":"idecor:mineria_minas","source_fid":"mineria_minas.303","source_srid":22173,"fetched_at":"2026-07-28T13:38:04+00:00","licencia":"no_especificada","nombre":"JOSE"}},{"type":"Feature","geometry":{"type":"Point","coordinates":[-65.105,-31.6813]},"properties":{"id":"cordoba:minas_puntos:mineria_minas.304","provincia":"cordoba","provincia_nombre":"Córdoba","tipo":"mina","estado":"desconocido","geom_kind":"punto","fuente_id":"cordoba.idecor.minas_puntos","source_url":"https://idecor-ws.mapascordoba.gob.ar/geoserver/wfs?service=WFS&version=2.0.0&request=GetFeature&typeNames=idecor%3Amineria_minas&outputFormat=application%2Fjson&count=2000&startIndex=0&srsName=EPSG%3A4326","source_layer":"idecor:mineria_minas","source_fid":"mineria_minas.304","source_srid":22173,"fetched_at":"2026-07-28T13:38:04+00:00","licencia":"no_especificada","nombre":"JOSE GABRIEL"}},{"type":"Feature","geometry":{"type":"Point","coordinates":[-64.4235,-31.3247]},"properties":{"id":"cordoba:minas_puntos:mineria_minas.305","provincia":"cordoba","provincia_nombre":"Córdoba","tipo":"mina","estado":"desconocido","geom_kind":"punto","fuente_id":"cordoba.idecor.minas_puntos","source_url":"https://idecor-ws.mapascordoba.gob.ar/geoserver/wfs?service=WFS&version=2.0.0&request=GetFeature&typeNames=idecor%3Amineria_minas&outputFormat=application%2Fjson&count=2000&startIndex=0&srsName=EPSG%3A4326","source_layer":"idecor:mineria_minas","source_fid":"mineria_minas.305","source_srid":22173,"fetched_at":"2026-07-28T13:38:04+00:00","licencia":"no_especificada","nombre":"JUAN MANUEL"}},{"type":"Feature","geometry":{"type":"Point","coordinates":[-64.5733,-31.5583]},"properties":{"id":"cordoba:minas_puntos:mineria_minas.306","provincia":"cordoba","provincia_nombre":"Córdoba","tipo":"mina","estado":"desconocido","geom_kind":"punto","fuente_id":"cordoba.idecor.minas_puntos","source_url":"https://idecor-ws.mapascordoba.gob.ar/geoserver/wfs?service=WFS&version=2.0.0&request=GetFeature&typeNames=idecor%3Amineria_minas&outputFormat=application%2Fjson&count=2000&startIndex=0&srsName=EPSG%3A4326","source_layer":"idecor:mineria_minas","source_fid":"mineria_minas.306","source_srid":22173,"fetched_at":"2026-07-28T13:38:04+00:00","licencia":"no_especificada","nombre":"JUAN VALDIVIA"}},{"type":"Feature","geometry":{"type":"Point","coordinates":[-64.461,-31.4948]},"properties":{"id":"cordoba:minas_puntos:mineria_minas.307","provincia":"cordoba","provincia_nombre":"Córdoba","tipo":"mina","estado":"desconocido","geom_kind":"punto","fuente_id":"cordoba.idecor.minas_puntos","source_url":"https://idecor-ws.mapascordoba.gob.ar/geoserver/wfs?service=WFS&version=2.0.0&request=GetFeature&typeNames=idecor%3Amineria_minas&outputFormat=application%2Fjson&count=2000&startIndex=0&srsName=EPSG%3A4326","source_layer":"idecor:mineria_minas","source_fid":"mineria_minas.307","source_srid":22173,"fetched_at":"2026-07-28T13:38:04+00:00","licencia":"no_especificada","nombre":"JUANITA"}},{"type":"Feature","geometry":{"type":"Point","coordinates":[-65.0907,-31.7133]},"properties":{"id":"cordoba:minas_puntos:mineria_minas.308","provincia":"cordoba","provincia_nombre":"Córdoba","tipo":"mina","estado":"desconocido","geom_kind":"punto","fuente_id":"cordoba.idecor.minas_puntos","source_url":"https://idecor-ws.mapascordoba.gob.ar/geoserver/wfs?service=WFS&version=2.0.0&request=GetFeature&typeNames=idecor%3Amineria_minas&outputFormat=application%2Fjson&count=2000&startIndex=0&srsName=EPSG%3A4326","source_layer":"idecor:mineria_minas","source_fid":"mineria_minas.308","source_srid":22173,"fetched_at":"2026-07-28T13:38:04+00:00","licencia":"no_especificada","nombre":"JUSTICIA"}},{"type":"Feature","geometry":{"type":"Point","coordinates":[-65.1992,-31.719]},"properties":{"id":"cordoba:minas_puntos:mineria_minas.309","provincia":"cordoba","provincia_nombre":"Córdoba","tipo":"mina","estado":"desconocido","geom_kind":"punto","fuente_id":"cordoba.idecor.minas_puntos","source_url":"https://idecor-ws.mapascordoba.gob.ar/geoserver/wfs?service=WFS&version=2.0.0&request=GetFeature&typeNames=idecor%3Amineria_minas&outputFormat=application%2Fjson&count=2000&startIndex=0&srsName=EPSG%3A4326","source_layer":"idecor:mineria_minas","source_fid":"mineria_minas.309","source_srid":22173,"fetched_at":"2026-07-28T13:38:04+00:00","licencia":"no_especificada","nombre":"KATI I"}},{"type":"Feature","geometry":{"type":"Point","coordinates":[-64.5829,-31.511]},"properties":{"id":"cordoba:minas_puntos:mineria_minas.310","provincia":"cordoba","provincia_nombre":"Córdoba","tipo":"mina","estado":"desconocido","geom_kind":"punto","fuente_id":"cordoba.idecor.minas_puntos","source_url":"https://idecor-ws.mapascordoba.gob.ar/geoserver/wfs?service=WFS&version=2.0.0&request=GetFeature&typeNames=idecor%3Amineria_minas&outputFormat=application%2Fjson&count=2000&startIndex=0&srsName=EPSG%3A4326","source_layer":"idecor:mineria_minas","source_fid":"mineria_minas.310","source_srid":22173,"fetched_at":"2026-07-28T13:38:04+00:00","licencia":"no_especificada","nombre":"LA ANTORCHA"}},{"type":"Feature","geometry":{"type":"Point","coordinates":[-64.5839,-31.3053]},"properties":{"id":"cordoba:minas_puntos:mineria_minas.311","provincia":"cordoba","provincia_nombre":"Córdoba","tipo":"mina","estado":"desconocido","geom_kind":"punto","fuente_id":"cordoba.idecor.minas_puntos","source_url":"https://idecor-ws.mapascordoba.gob.ar/geoserver/wfs?service=WFS&version=2.0.0&request=GetFeature&typeNames=idecor%3Amineria_minas&outputFormat=application%2Fjson&count=2000&startIndex=0&srsName=EPSG%3A4326","source_layer":"idecor:mineria_minas","source_fid":"mineria_minas.311","source_srid":22173,"fetched_at":"2026-07-28T13:38:04+00:00","licencia":"no_especificada","nombre":"LA ASPEREZA"}},{"type":"Feature","geometry":{"type":"Point","coordinates":[-64.9589,-31.5032]},"properties":{"id":"cordoba:minas_puntos:mineria_minas.312","provincia":"cordoba","provincia_nombre":"Córdoba","tipo":"mina","estado":"desconocido","geom_kind":"punto","fuente_id":"cordoba.idecor.minas_puntos","source_url":"https://idecor-ws.mapascordoba.gob.ar/geoserver/wfs?service=WFS&version=2.0.0&request=GetFeature&typeNames=idecor%3Amineria_minas&outputFormat=application%2Fjson&count=2000&startIndex=0&srsName=EPSG%3A4326","source_layer":"idecor:mineria_minas","source_fid":"mineria_minas.312","source_srid":22173,"fetched_at":"2026-07-28T13:38:04+00:00","licencia":"no_especificada","nombre":"LA BEATRIZ"}},{"type":"Feature","geometry":{"type":"Point","coordinates":[-64.6631,-31.4713]},"properties":{"id":"cordoba:minas_puntos:mineria_minas.313","provincia":"cordoba","provincia_nombre":"Córdoba","tipo":"mina","estado":"desconocido","geom_kind":"punto","fuente_id":"cordoba.idecor.minas_puntos","source_url":"https://idecor-ws.mapascordoba.gob.ar/geoserver/wfs?service=WFS&version=2.0.0&request=GetFeature&typeNames=idecor%3Amineria_minas&outputFormat=application%2Fjson&count=2000&startIndex=0&srsName=EPSG%3A4326","source_layer":"idecor:mineria_minas","source_fid":"mineria_minas.313","source_srid":22173,"fetched_at":"2026-07-28T13:38:04+00:00","licencia":"no_especificada","nombre":"LA BLANCA"}},{"type":"Feature","geometry":{"type":"Point","coordinates":[-64.5365,-31.6172]},"properties":{"id":"cordoba:minas_puntos:mineria_minas.314","provincia":"cordoba","provincia_nombre":"Córdoba","tipo":"mina","estado":"desconocido","geom_kind":"punto","fuente_id":"cordoba.idecor.minas_puntos","source_url":"https://idecor-ws.mapascordoba.gob.ar/geoserver/wfs?service=WFS&version=2.0.0&request=GetFeature&typeNames=idecor%3Amineria_minas&outputFormat=application%2Fjson&count=2000&startIndex=0&srsName=EPSG%3A4326","source_layer":"idecor:mineria_minas","source_fid":"mineria_minas.314","source_srid":22173,"fetched_at":"2026-07-28T13:38:04+00:00","licencia":"no_especificada","nombre":"LA CHIRA"}},{"type":"Feature","geometry":{"type":"Point","coordinates":[-64.5845,-31.5095]},"properties":{"id":"cordoba:minas_puntos:mineria_minas.315","provincia":"cordoba","provincia_nombre":"Córdoba","tipo":"mina","estado":"desconocido","geom_kind":"punto","fuente_id":"cordoba.idecor.minas_puntos","source_url":"https://idecor-ws.mapascordoba.gob.ar/geoserver/wfs?service=WFS&version=2.0.0&request=GetFeature&typeNames=idecor%3Amineria_minas&outputFormat=application%2Fjson&count=2000&startIndex=0&srsName=EPSG%3A4326","source_layer":"idecor:mineria_minas","source_fid":"mineria_minas.315","source_srid":22173,"fetched_at":"2026-07-28T13:38:04+00:00","licencia":"no_especificada","nombre":"LA CHOLITA"}},{"type":"Feature","geometry":{"type":"Point","coordinates":[-65.379,-31.3442]},"properties":{"id":"cordoba:minas_puntos:mineria_minas.316","provincia":"cordoba","provincia_nombre":"Córdoba","tipo":"mina","estado":"desconocido","geom_kind":"punto","fuente_id":"cordoba.idecor.minas_puntos","source_url":"https://idecor-ws.mapascordoba.gob.ar/geoserver/wfs?service=WFS&version=2.0.0&request=GetFeature&typeNames=idecor%3Amineria_minas&outputFormat=application%2Fjson&count=2000&startIndex=0&srsName=EPSG%3A4326","source_layer":"idecor:mineria_minas","source_fid":"mineria_minas.316","source_srid":22173,"fetched_at":"2026-07-28T13:38:04+00:00","licencia":"no_especificada","nombre":"LA CUMBRE"}},{"type":"Feature","geometry":{"type":"Point","coordinates":[-64.7436,-31.4339]},"properties":{"id":"cordoba:minas_puntos:mineria_minas.317","provincia":"cordoba","provincia_nombre":"Córdoba","tipo":"mina","estado":"desconocido","geom_kind":"punto","fuente_id":"cordoba.idecor.minas_puntos","source_url":"https://idecor-ws.mapascordoba.gob.ar/geoserver/wfs?service=WFS&version=2.0.0&request=GetFeature&typeNames=idecor%3Amineria_minas&outputFormat=application%2Fjson&count=2000&startIndex=0&srsName=EPSG%3A4326","source_layer":"idecor:mineria_minas","source_fid":"mineria_minas.317","source_srid":22173,"fetched_at":"2026-07-28T13:38:04+00:00","licencia":"no_especificada","nombre":"LA ESPERANZA"}},{"type":"Feature","geometry":{"type":"Point","coordinates":[-65.0647,-31.7151]},"properties":{"id":"cordoba:minas_puntos:mineria_minas.318","provincia":"cordoba","provincia_nombre":"Córdoba","tipo":"mina","estado":"desconocido","geom_kind":"punto","fuente_id":"cordoba.idecor.minas_puntos","source_url":"https://idecor-ws.mapascordoba.gob.ar/geoserver/wfs?service=WFS&version=2.0.0&request=GetFeature&typeNames=idecor%3Amineria_minas&outputFormat=application%2Fjson&count=2000&startIndex=0&srsName=EPSG%3A4326","source_layer":"idecor:mineria_minas","source_fid":"mineria_minas.318","source_srid":22173,"fetched_at":"2026-07-28T13:38:04+00:00","licencia":"no_especificada","nombre":"LA ESPERANZA"}},{"type":"Feature","geometry":{"type":"Point","coordinates":[-64.7476,-31.4355]},"properties":{"id":"cordoba:minas_puntos:mineria_minas.319","provincia":"cordoba","provincia_nombre":"Córdoba","tipo":"mina","estado":"desconocido","geom_kind":"punto","fuente_id":"cordoba.idecor.minas_puntos","source_url":"https://idecor-ws.mapascordoba.gob.ar/geoserver/wfs?service=WFS&version=2.0.0&request=GetFeature&typeNames=idecor%3Amineria_minas&outputFormat=application%2Fjson&count=2000&startIndex=0&srsName=EPSG%3A4326","source_layer":"idecor:mineria_minas","source_fid":"mineria_minas.319","source_srid":22173,"fetched_at":"2026-07-28T13:38:04+00:00","licencia":"no_especificada","nombre":"LA ESPERANZA II"}},{"type":"Feature","geometry":{"type":"Point","coordinates":[-64.6557,-31.3527]},"properties":{"id":"cordoba:minas_puntos:mineria_minas.320","provincia":"cordoba","provincia_nombre":"Córdoba","tipo":"mina","estado":"desconocido","geom_kind":"punto","fuente_id":"cordoba.idecor.minas_puntos","source_url":"https://idecor-ws.mapascordoba.gob.ar/geoserver/wfs?service=WFS&version=2.0.0&request=GetFeature&typeNames=idecor%3Amineria_minas&outputFormat=application%2Fjson&count=2000&startIndex=0&srsName=EPSG%3A4326","source_layer":"idecor:mineria_minas","source_fid":"mineria_minas.320","source_srid":22173,"fetched_at":"2026-07-28T13:38:04+00:00","licencia":"no_especificada","nombre":"LA ESTRECHURA"}},{"type":"Feature","geometry":{"type":"Point","coordinates":[-64.5969,-31.7556]},"properties":{"id":"cordoba:minas_puntos:mineria_minas.321","provincia":"cordoba","provincia_nombre":"Córdoba","tipo":"mina","estado":"desconocido","geom_kind":"punto","fuente_id":"cordoba.idecor.minas_puntos","source_url":"https://idecor-ws.mapascordoba.gob.ar/geoserver/wfs?service=WFS&version=2.0.0&request=GetFeature&typeNames=idecor%3Amineria_minas&outputFormat=application%2Fjson&count=2000&startIndex=0&srsName=EPSG%3A4326","source_layer":"idecor:mineria_minas","source_fid":"mineria_minas.321","source_srid":22173,"fetched_at":"2026-07-28T13:38:04+00:00","licencia":"no_especificada","nombre":"LA FORTUNA"}},{"type":"Feature","geometry":{"type":"Point","coordinates":[-64.5681,-31.5323]},"properties":{"id":"cordoba:minas_puntos:mineria_minas.322","provincia":"cordoba","provincia_nombre":"Córdoba","tipo":"mina","estado":"desconocido","geom_kind":"punto","fuente_id":"cordoba.idecor.minas_puntos","source_url":"https://idecor-ws.mapascordoba.gob.ar/geoserver/wfs?service=WFS&version=2.0.0&request=GetFeature&typeNames=idecor%3Amineria_minas&outputFormat=application%2Fjson&count=2000&startIndex=0&srsName=EPSG%3A4326","source_layer":"idecor:mineria_minas","source_fid":"mineria_minas.322","source_srid":22173,"fetched_at":"2026-07-28T13:38:04+00:00","licencia":"no_especificada","nombre":"LA ISABEL"}},{"type":"Feature","geometry":{"type":"Point","coordinates":[-64.8932,-31.6343]},"properties":{"id":"cordoba:minas_puntos:mineria_minas.323","provincia":"cordoba","provincia_nombre":"Córdoba","tipo":"mina","estado":"desconocido","geom_kind":"punto","fuente_id":"cordoba.idecor.minas_puntos","source_url":"https://idecor-ws.mapascordoba.gob.ar/geoserver/wfs?service=WFS&version=2.0.0&request=GetFeature&typeNames=idecor%3Amineria_minas&outputFormat=application%2Fjson&count=2000&startIndex=0&srsName=EPSG%3A4326","source_layer":"idecor:mineria_minas","source_fid":"mineria_minas.323","source_srid":22173,"fetched_at":"2026-07-28T13:38:04+00:00","licencia":"no_especificada","nombre":"LA LEALTAD"}},{"type":"Feature","geometry":{"type":"Point","coordinates":[-64.4813,-31.5918]},"properties":{"id":"cordoba:minas_puntos:mineria_minas.324","provincia":"cordoba","provincia_nombre":"Córdoba","tipo":"mina","estado":"desconocido","geom_kind":"punto","fuente_id":"cordoba.idecor.minas_puntos","source_url":"https://idecor-ws.mapascordoba.gob.ar/geoserver/wfs?service=WFS&version=2.0.0&request=GetFeature&typeNames=idecor%3Amineria_minas&outputFormat=application%2Fjson&count=2000&startIndex=0&srsName=EPSG%3A4326","source_layer":"idecor:mineria_minas","source_fid":"mineria_minas.324","source_srid":22173,"fetched_at":"2026-07-28T13:38:04+00:00","licencia":"no_especificada","nombre":"LA LOMADA"}},{"type":"Feature","geometry":{"type":"Point","coordinates":[-64.7855,-31.408]},"properties":{"id":"cordoba:minas_puntos:mineria_minas.325","provincia":"cordoba","provincia_nombre":"Córdoba","tipo":"mina","estado":"desconocido","geom_kind":"punto","fuente_id":"cordoba.idecor.minas_puntos","source_url":"https://idecor-ws.mapascordoba.gob.ar/geoserver/wfs?service=WFS&version=2.0.0&request=GetFeature&typeNames=idecor%3Amineria_minas&outputFormat=application%2Fjson&count=2000&startIndex=0&srsName=EPSG%3A4326","source_layer":"idecor:mineria_minas","source_fid":"mineria_minas.325","source_srid":22173,"fetched_at":"2026-07-28T13:38:04+00:00","licencia":"no_especificada","nombre":"LA LUCILA"}},{"type":"Feature","geometry":{"type":"Point","coordinates":[-64.5061,-31.6191]},"properties":{"id":"cordoba:minas_puntos:mineria_minas.326","provincia":"cordoba","provincia_nombre":"Córdoba","tipo":"mina","estado":"desconocido","geom_kind":"punto","fuente_id":"cordoba.idecor.minas_puntos","source_url":"https://idecor-ws.mapascordoba.gob.ar/geoserver/wfs?service=WFS&version=2.0.0&request=GetFeature&typeNames=idecor%3Amineria_minas&outputFormat=application%2Fjson&count=2000&startIndex=0&srsName=EPSG%3A4326","source_layer":"idecor:mineria_minas","source_fid":"mineria_minas.326","source_srid":22173,"fetched_at":"2026-07-28T13:38:04+00:00","licencia":"no_especificada","nombre":"LA MERCEDES"}},{"type":"Feature","geometry":{"type":"Point","coordinates":[-64.6633,-31.3098]},"properties":{"id":"cordoba:minas_puntos:mineria_minas.327","provincia":"cordoba","provincia_nombre":"Córdoba","tipo":"mina","estado":"desconocido","geom_kind":"punto","fuente_id":"cordoba.idecor.minas_puntos","source_url":"https://idecor-ws.mapascordoba.gob.ar/geoserver/wfs?service=WFS&version=2.0.0&request=GetFeature&typeNames=idecor%3Amineria_minas&outputFormat=application%2Fjson&count=2000&startIndex=0&srsName=EPSG%3A4326","source_layer":"idecor:mineria_minas","source_fid":"mineria_minas.327","source_srid":22173,"fetched_at":"2026-07-28T13:38:04+00:00","licencia":"no_especificada","nombre":"LA MINITA"}},{"type":"Feature","geometry":{"type":"Point","coordinates":[-64.586,-31.4262]},"properties":{"id":"cordoba:minas_puntos:mineria_minas.328","provincia":"cordoba","provincia_nombre":"Córdoba","tipo":"mina","estado":"desconocido","geom_kind":"punto","fuente_id":"cordoba.idecor.minas_puntos","source_url":"https://idecor-ws.mapascordoba.gob.ar/geoserver/wfs?service=WFS&version=2.0.0&request=GetFeature&typeNames=idecor%3Amineria_minas&outputFormat=application%2Fjson&count=2000&startIndex=0&srsName=EPSG%3A4326","source_layer":"idecor:mineria_minas","source_fid":"mineria_minas.328","source_srid":22173,"fetched_at":"2026-07-28T13:38:04+00:00","licencia":"no_especificada","nombre":"LA NUEVA"}},{"type":"Feature","geometry":{"type":"Point","coordinates":[-64.5636,-31.5365]},"properties":{"id":"cordoba:minas_puntos:mineria_minas.329","provincia":"cordoba","provincia_nombre":"Córdoba","tipo":"mina","estado":"desconocido","geom_kind":"punto","fuente_id":"cordoba.idecor.minas_puntos","source_url":"https://idecor-ws.mapascordoba.gob.ar/geoserver/wfs?service=WFS&version=2.0.0&request=GetFeature&typeNames=idecor%3Amineria_minas&outputFormat=application%2Fjson&count=2000&startIndex=0&srsName=EPSG%3A4326","source_layer":"idecor:mineria_minas","source_fid":"mineria_minas.329","source_srid":22173,"fetched_at":"2026-07-28T13:38:04+00:00","licencia":"no_especificada","nombre":"LA PASTORA"}},{"type":"Feature","geometry":{"type":"Point","coordinates":[-64.4601,-31.4886]},"properties":{"id":"cordoba:minas_puntos:mineria_minas.330","provincia":"cordoba","provincia_nombre":"Córdoba","tipo":"mina","estado":"desconocido","geom_kind":"punto","fuente_id":"cordoba.idecor.minas_puntos","source_url":"https://idecor-ws.mapascordoba.gob.ar/geoserver/wfs?service=WFS&version=2.0.0&request=GetFeature&typeNames=idecor%3Amineria_minas&outputFormat=application%2Fjson&count=2000&startIndex=0&srsName=EPSG%3A4326","source_layer":"idecor:mineria_minas","source_fid":"mineria_minas.330","source_srid":22173,"fetched_at":"2026-07-28T13:38:04+00:00","licencia":"no_especificada","nombre":"LA PELIGROSA"}},{"type":"Feature","geometry":{"type":"Point","coordinates":[-64.8084,-31.2884]},"properties":{"id":"cordoba:minas_puntos:mineria_minas.331","provincia":"cordoba","provincia_nombre":"Córdoba","tipo":"mina","estado":"desconocido","geom_kind":"punto","fuente_id":"cordoba.idecor.minas_puntos","source_url":"https://idecor-ws.mapascordoba.gob.ar/geoserver/wfs?service=WFS&version=2.0.0&request=GetFeature&typeNames=idecor%3Amineria_minas&outputFormat=application%2Fjson&count=2000&startIndex=0&srsName=EPSG%3A4326","source_layer":"idecor:mineria_minas","source_fid":"mineria_minas.331","source_srid":22173,"fetched_at":"2026-07-28T13:38:04+00:00","licencia":"no_especificada","nombre":"LA QUEBRADA"}},{"type":"Feature","geometry":{"type":"Point","coordinates":[-64.5361,-31.5936]},"properties":{"id":"cordoba:minas_puntos:mineria_minas.332","provincia":"cordoba","provincia_nombre":"Córdoba","tipo":"mina","estado":"desconocido","geom_kind":"punto","fuente_id":"cordoba.idecor.minas_puntos","source_url":"https://idecor-ws.mapascordoba.gob.ar/geoserver/wfs?service=WFS&version=2.0.0&request=GetFeature&typeNames=idecor%3Amineria_minas&outputFormat=application%2Fjson&count=2000&startIndex=0&srsName=EPSG%3A4326","source_layer":"idecor:mineria_minas","source_fid":"mineria_minas.332","source_srid":22173,"fetched_at":"2026-07-28T13:38:04+00:00","licencia":"no_especificada","nombre":"LA RINCONADA"}},{"type":"Feature","geometry":{"type":"Point","coordinates":[-64.8965,-31.5074]},"properties":{"id":"cordoba:minas_puntos:mineria_minas.333","provincia":"cordoba","provincia_nombre":"Córdoba","tipo":"mina","estado":"desconocido","geom_kind":"punto","fuente_id":"cordoba.idecor.minas_puntos","source_url":"https://idecor-ws.mapascordoba.gob.ar/geoserver/wfs?service=WFS&version=2.0.0&request=GetFeature&typeNames=idecor%3Amineria_minas&outputFormat=application%2Fjson&count=2000&startIndex=0&srsName=EPSG%3A4326","source_layer":"idecor:mineria_minas","source_fid":"mineria_minas.333","source_srid":22173,"fetched_at":"2026-07-28T13:38:04+00:00","licencia":"no_especificada","nombre":"LA ROCILLA"}},{"type":"Feature","geometry":{"type":"Point","coordinates":[-64.5903,-31.5199]},"properties":{"id":"cordoba:minas_puntos:mineria_minas.334","provincia":"cordoba","provincia_nombre":"Córdoba","tipo":"mina","estado":"desconocido","geom_kind":"punto","fuente_id":"cordoba.idecor.minas_puntos","source_url":"https://idecor-ws.mapascordoba.gob.ar/geoserver/wfs?service=WFS&version=2.0.0&request=GetFeature&typeNames=idecor%3Amineria_minas&outputFormat=application%2Fjson&count=2000&startIndex=0&srsName=EPSG%3A4326","source_layer":"idecor:mineria_minas","source_fid":"mineria_minas.334","source_srid":22173,"fetched_at":"2026-07-28T13:38:04+00:00","licencia":"no_especificada","nombre":"LA SERRANITA"}},{"type":"Feature","geometry":{"type":"Point","coordinates":[-64.5089,-31.5453]},"properties":{"id":"cordoba:minas_puntos:mineria_minas.335","provincia":"cordoba","provincia_nombre":"Córdoba","tipo":"mina","estado":"desconocido","geom_kind":"punto","fuente_id":"cordoba.idecor.minas_puntos","source_url":"https://idecor-ws.mapascordoba.gob.ar/geoserver/wfs?service=WFS&version=2.0.0&request=GetFeature&typeNames=idecor%3Amineria_minas&outputFormat=application%2Fjson&count=2000&startIndex=0&srsName=EPSG%3A4326","source_layer":"idecor:mineria_minas","source_fid":"mineria_minas.335","source_srid":22173,"fetched_at":"2026-07-28T13:38:04+00:00","licencia":"no_especificada","nombre":"LA VERTEDORA"}},{"type":"Feature","geometry":{"type":"Point","coordinates":[-64.4589,-31.4958]},"properties":{"id":"cordoba:minas_puntos:mineria_minas.336","provincia":"cordoba","provincia_nombre":"Córdoba","tipo":"mina","estado":"desconocido","geom_kind":"punto","fuente_id":"cordoba.idecor.minas_puntos","source_url":"https://idecor-ws.mapascordoba.gob.ar/geoserver/wfs?service=WFS&version=2.0.0&request=GetFeature&typeNames=idecor%3Amineria_minas&outputFormat=application%2Fjson&count=2000&startIndex=0&srsName=EPSG%3A4326","source_layer":"idecor:mineria_minas","source_fid":"mineria_minas.336","source_srid":22173,"fetched_at":"2026-07-28T13:38:04+00:00","licencia":"no_especificada","nombre":"LA ÑOÑA"}},{"type":"Feature","geometry":{"type":"Point","coordinates":[-65.2245,-31.5856]},"properties":{"id":"cordoba:minas_puntos:mineria_minas.337","provincia":"cordoba","provincia_nombre":"Córdoba","tipo":"mina","estado":"desconocido","geom_kind":"punto","fuente_id":"cordoba.idecor.minas_puntos","source_url":"https://idecor-ws.mapascordoba.gob.ar/geoserver/wfs?service=WFS&version=2.0.0&request=GetFeature&typeNames=idecor%3Amineria_minas&outputFormat=application%2Fjson&count=2000&startIndex=0&srsName=EPSG%3A4326","source_layer":"idecor:mineria_minas","source_fid":"mineria_minas.337","source_srid":22173,"fetched_at":"2026-07-28T13:38:04+00:00","licencia":"no_especificada","nombre":"LAS BARRANCAS"}},{"type":"Feature","geometry":{"type":"Point","coordinates":[-64.5211,-31.5749]},"properties":{"id":"cordoba:minas_puntos:mineria_minas.338","provincia":"cordoba","provincia_nombre":"Córdoba","tipo":"mina","estado":"desconocido","geom_kind":"punto","fuente_id":"cordoba.idecor.minas_puntos","source_url":"https://idecor-ws.mapascordoba.gob.ar/geoserver/wfs?service=WFS&version=2.0.0&request=GetFeature&typeNames=idecor%3Amineria_minas&outputFormat=application%2Fjson&count=2000&startIndex=0&srsName=EPSG%3A4326","source_layer":"idecor:mineria_minas","source_fid":"mineria_minas.338","source_srid":22173,"fetched_at":"2026-07-28T13:38:04+00:00","licencia":"no_especificada","nombre":"LAS CHACRITAS"}},{"type":"Feature","geometry":{"type":"Point","coordinates":[-65.3608,-31.3745]},"properties":{"id":"cordoba:minas_puntos:mineria_minas.339","provincia":"cordoba","provincia_nombre":"Córdoba","tipo":"mina","estado":"desconocido","geom_kind":"punto","fuente_id":"cordoba.idecor.minas_puntos","source_url":"https://idecor-ws.mapascordoba.gob.ar/geoserver/wfs?service=WFS&version=2.0.0&request=GetFeature&typeNames=idecor%3Amineria_minas&outputFormat=application%2Fjson&count=2000&startIndex=0&srsName=EPSG%3A4326","source_layer":"idecor:mineria_minas","source_fid":"mineria_minas.339","source_srid":22173,"fetched_at":"2026-07-28T13:38:04+00:00","licencia":"no_especificada","nombre":"LAS CUCHILLAS BLANCAS"}},{"type":"Feature","geometry":{"type":"Point","coordinates":[-64.5248,-31.6192]},"properties":{"id":"cordoba:minas_puntos:mineria_minas.340","provincia":"cordoba","provincia_nombre":"Córdoba","tipo":"mina","estado":"desconocido","geom_kind":"punto","fuente_id":"cordoba.idecor.minas_puntos","source_url":"https://idecor-ws.mapascordoba.gob.ar/geoserver/wfs?service=WFS&version=2.0.0&request=GetFeature&typeNames=idecor%3Amineria_minas&outputFormat=application%2Fjson&count=2000&startIndex=0&srsName=EPSG%3A4326","source_layer":"idecor:mineria_minas","source_fid":"mineria_minas.340","source_srid":22173,"fetched_at":"2026-07-28T13:38:04+00:00","licencia":"no_especificada","nombre":"LAS PIEDRAS BLANCAS"}},{"type":"Feature","geometry":{"type":"Point","coordinates":[-64.5727,-31.4298]},"properties":{"id":"cordoba:minas_puntos:mineria_minas.341","provincia":"cordoba","provincia_nombre":"Córdoba","tipo":"mina","estado":"desconocido","geom_kind":"punto","fuente_id":"cordoba.idecor.minas_puntos","source_url":"https://idecor-ws.mapascordoba.gob.ar/geoserver/wfs?service=WFS&version=2.0.0&request=GetFeature&typeNames=idecor%3Amineria_minas&outputFormat=application%2Fjson&count=2000&startIndex=0&srsName=EPSG%3A4326","source_layer":"idecor:mineria_minas","source_fid":"mineria_minas.341","source_srid":22173,"fetched_at":"2026-07-28T13:38:04+00:00","licencia":"no_especificada","nombre":"LAS TRES HERMANAS"}},{"type":"Feature","geometry":{"type":"Point","coordinates":[-65.2045,-31.7456]},"properties":{"id":"cordoba:minas_puntos:mineria_minas.342","provincia":"cordoba","provincia_nombre":"Córdoba","tipo":"mina","estado":"desconocido","geom_kind":"punto","fuente_id":"cordoba.idecor.minas_puntos","source_url":"https://idecor-ws.mapascordoba.gob.ar/geoserver/wfs?service=WFS&version=2.0.0&request=GetFeature&typeNames=idecor%3Amineria_minas&outputFormat=application%2Fjson&count=2000&startIndex=0&srsName=EPSG%3A4326","source_layer":"idecor:mineria_minas","source_fid":"mineria_minas.342","source_srid":22173,"fetched_at":"2026-07-28T13:38:04+00:00","licencia":"no_especificada","nombre":"LAURA BEATRIZ"}},{"type":"Feature","geometry":{"type":"Point","coordinates":[-65.3475,-31.4213]},"properties":{"id":"cordoba:minas_puntos:mineria_minas.343","provincia":"cordoba","provincia_nombre":"Córdoba","tipo":"mina","estado":"desconocido","geom_kind":"punto","fuente_id":"cordoba.idecor.minas_puntos","source_url":"https://idecor-ws.mapascordoba.gob.ar/geoserver/wfs?service=WFS&version=2.0.0&request=GetFeature&typeNames=idecor%3Amineria_minas&outputFormat=application%2Fjson&count=2000&startIndex=0&srsName=EPSG%3A4326","source_layer":"idecor:mineria_minas","source_fid":"mineria_minas.343","source_srid":22173,"fetched_at":"2026-07-28T13:38:04+00:00","licencia":"no_especificada","nombre":"LOMA BLANCA"}},{"type":"Feature","geometry":{"type":"Point","coordinates":[-64.4998,-31.5182]},"properties":{"id":"cordoba:minas_puntos:mineria_minas.344","provincia":"cordoba","provincia_nombre":"Córdoba","tipo":"mina","estado":"desconocido","geom_kind":"punto","fuente_id":"cordoba.idecor.minas_puntos","source_url":"https://idecor-ws.mapascordoba.gob.ar/geoserver/wfs?service=WFS&version=2.0.0&request=GetFeature&typeNames=idecor%3Amineria_minas&outputFormat=application%2Fjson&count=2000&startIndex=0&srsName=EPSG%3A4326","source_layer":"idecor:mineria_minas","source_fid":"mineria_minas.344","source_srid":22173,"fetched_at":"2026-07-28T13:38:04+00:00","licencia":"no_especificada","nombre":"LOS DOS COMPAÑEROS"}},{"type":"Feature","geometry":{"type":"Point","coordinates":[-64.4209,-31.3302]},"properties":{"id":"cordoba:minas_puntos:mineria_minas.345","provincia":"cordoba","provincia_nombre":"Córdoba","tipo":"mina","estado":"desconocido","geom_kind":"punto","fuente_id":"cordoba.idecor.minas_puntos","source_url":"https://idecor-ws.mapascordoba.gob.ar/geoserver/wfs?service=WFS&version=2.0.0&request=GetFeature&typeNames=idecor%3Amineria_minas&outputFormat=application%2Fjson&count=2000&startIndex=0&srsName=EPSG%3A4326","source_layer":"idecor:mineria_minas","source_fid":"mineria_minas.345","source_srid":22173,"fetched_at":"2026-07-28T13:38:04+00:00","licencia":"no_especificada","nombre":"LOS DURAZNOS"}},{"type":"Feature","geometry":{"type":"Point","coordinates":[-64.5812,-31.5746]},"properties":{"id":"cordoba:minas_puntos:mineria_minas.346","provincia":"cordoba","provincia_nombre":"Córdoba","tipo":"mina","estado":"desconocido","geom_kind":"punto","fuente_id":"cordoba.idecor.minas_puntos","source_url":"https://idecor-ws.mapascordoba.gob.ar/geoserver/wfs?service=WFS&version=2.0.0&request=GetFeature&typeNames=idecor%3Amineria_minas&outputFormat=application%2Fjson&count=2000&startIndex=0&srsName=EPSG%3A4326","source_layer":"idecor:mineria_minas","source_fid":"mineria_minas.346","source_srid":22173,"fetched_at":"2026-07-28T13:38:04+00:00","licencia":"no_especificada","nombre":"LOS NIETOS"}},{"type":"Feature","geometry":{"type":"Point","coordinates":[-64.5182,-31.5732]},"properties":{"id":"cordoba:minas_puntos:mineria_minas.347","provincia":"cordoba","provincia_nombre":"Córdoba","tipo":"mina","estado":"desconocido","geom_kind":"punto","fuente_id":"cordoba.idecor.minas_puntos","source_url":"https://idecor-ws.mapascordoba.gob.ar/geoserver/wfs?service=WFS&version=2.0.0&request=GetFeature&typeNames=idecor%3Amineria_minas&outputFormat=application%2Fjson&count=2000&startIndex=0&srsName=EPSG%3A4326","source_layer":"idecor:mineria_minas","source_fid":"mineria_minas.347","source_srid":22173,"fetched_at":"2026-07-28T13:38:04+00:00","licencia":"no_especificada","nombre":"LOS PIQUITOS"}},{"type":"Feature","geometry":{"type":"Point","coordinates":[-64.9094,-31.4256]},"properties":{"id":"cordoba:minas_puntos:mineria_minas.348","provincia":"cordoba","provincia_nombre":"Córdoba","tipo":"mina","estado":"desconocido","geom_kind":"punto","fuente_id":"cordoba.idecor.minas_puntos","source_url":"https://idecor-ws.mapascordoba.gob.ar/geoserver/wfs?service=WFS&version=2.0.0&request=GetFeature&typeNames=idecor%3Amineria_minas&outputFormat=application%2Fjson&count=2000&startIndex=0&srsName=EPSG%3A4326","source_layer":"idecor:mineria_minas","source_fid":"mineria_minas.348","source_srid":22173,"fetched_at":"2026-07-28T13:38:04+00:00","licencia":"no_especificada","nombre":"LOS RIOJANOS"}},{"type":"Feature","geometry":{"type":"Point","coordinates":[-64.9078,-31.4178]},"properties":{"id":"cordoba:minas_puntos:mineria_minas.349","provincia":"cordoba","provincia_nombre":"Córdoba","tipo":"mina","estado":"desconocido","geom_kind":"punto","fuente_id":"cordoba.idecor.minas_puntos","source_url":"https://idecor-ws.mapascordoba.gob.ar/geoserver/wfs?service=WFS&version=2.0.0&request=GetFeature&typeNames=idecor%3Amineria_minas&outputFormat=application%2Fjson&count=2000&startIndex=0&srsName=EPSG%3A4326","source_layer":"idecor:mineria_minas","source_fid":"mineria_minas.349","source_srid":22173,"fetched_at":"2026-07-28T13:38:04+00:00","licencia":"no_especificada","nombre":"LOS RIOJANOS I"}},{"type":"Feature","geometry":{"type":"Point","coordinates":[-64.9045,-31.4258]},"properties":{"id":"cordoba:minas_puntos:mineria_minas.350","provincia":"cordoba","provincia_nombre":"Córdoba","tipo":"mina","estado":"desconocido","geom_kind":"punto","fuente_id":"cordoba.idecor.minas_puntos","source_url":"https://idecor-ws.mapascordoba.gob.ar/geoserver/wfs?service=WFS&version=2.0.0&request=GetFeature&typeNames=idecor%3Amineria_minas&outputFormat=application%2Fjson&count=2000&startIndex=0&srsName=EPSG%3A4326","source_layer":"idecor:mineria_minas","source_fid":"mineria_minas.350","source_srid":22173,"fetched_at":"2026-07-28T13:38:04+00:00","licencia":"no_especificada","nombre":"LOS RIOJANOS II"}},{"type":"Feature","geometry":{"type":"Point","coordinates":[-64.9076,-31.4313]},"properties":{"id":"cordoba:minas_puntos:mineria_minas.351","provincia":"cordoba","provincia_nombre":"Córdoba","tipo":"mina","estado":"desconocido","geom_kind":"punto","fuente_id":"cordoba.idecor.minas_puntos","source_url":"https://idecor-ws.mapascordoba.gob.ar/geoserver/wfs?service=WFS&version=2.0.0&request=GetFeature&typeNames=idecor%3Amineria_minas&outputFormat=application%2Fjson&count=2000&startIndex=0&srsName=EPSG%3A4326","source_layer":"idecor:mineria_minas","source_fid":"mineria_minas.351","source_srid":22173,"fetched_at":"2026-07-28T13:38:04+00:00","licencia":"no_especificada","nombre":"LOS RIOJANOS III"}},{"type":"Feature","geometry":{"type":"Point","coordinates":[-64.6205,-31.6749]},"properties":{"id":"cordoba:minas_puntos:mineria_minas.352","provincia":"cordoba","provincia_nombre":"Córdoba","tipo":"mina","estado":"desconocido","geom_kind":"punto","fuente_id":"cordoba.idecor.minas_puntos","source_url":"https://idecor-ws.mapascordoba.gob.ar/geoserver/wfs?service=WFS&version=2.0.0&request=GetFeature&typeNames=idecor%3Amineria_minas&outputFormat=application%2Fjson&count=2000&startIndex=0&srsName=EPSG%3A4326","source_layer":"idecor:mineria_minas","source_fid":"mineria_minas.352","source_srid":22173,"fetched_at":"2026-07-28T13:38:04+00:00","licencia":"no_especificada","nombre":"MALENA I"}},{"type":"Feature","geometry":{"type":"Point","coordinates":[-64.6176,-31.6851]},"properties":{"id":"cordoba:minas_puntos:mineria_minas.353","provincia":"cordoba","provincia_nombre":"Córdoba","tipo":"mina","estado":"desconocido","geom_kind":"punto","fuente_id":"cordoba.idecor.minas_puntos","source_url":"https://idecor-ws.mapascordoba.gob.ar/geoserver/wfs?service=WFS&version=2.0.0&request=GetFeature&typeNames=idecor%3Amineria_minas&outputFormat=application%2Fjson&count=2000&startIndex=0&srsName=EPSG%3A4326","source_layer":"idecor:mineria_minas","source_fid":"mineria_minas.353","source_srid":22173,"fetched_at":"2026-07-28T13:38:04+00:00","licencia":"no_especificada","nombre":"MALENA II"}},{"type":"Feature","geometry":{"type":"Point","coordinates":[-64.5262,-31.5733]},"properties":{"id":"cordoba:minas_puntos:mineria_minas.354","provincia":"cordoba","provincia_nombre":"Córdoba","tipo":"mina","estado":"desconocido","geom_kind":"punto","fuente_id":"cordoba.idecor.minas_puntos","source_url":"https://idecor-ws.mapascordoba.gob.ar/geoserver/wfs?service=WFS&version=2.0.0&request=GetFeature&typeNames=idecor%3Amineria_minas&outputFormat=application%2Fjson&count=2000&startIndex=0&srsName=EPSG%3A4326","source_layer":"idecor:mineria_minas","source_fid":"mineria_minas.354","source_srid":22173,"fetched_at":"2026-07-28T13:38:04+00:00","licencia":"no_especificada","nombre":"MANCHA COLORADA"}},{"type":"Feature","geometry":{"type":"Point","coordinates":[-64.5584,-31.3708]},"properties":{"id":"cordoba:minas_puntos:mineria_minas.355","provincia":"cordoba","provincia_nombre":"Córdoba","tipo":"mina","estado":"desconocido","geom_kind":"punto","fuente_id":"cordoba.idecor.minas_puntos","source_url":"https://idecor-ws.mapascordoba.gob.ar/geoserver/wfs?service=WFS&version=2.0.0&request=GetFeature&typeNames=idecor%3Amineria_minas&outputFormat=application%2Fjson&count=2000&startIndex=0&srsName=EPSG%3A4326","source_layer":"idecor:mineria_minas","source_fid":"mineria_minas.355","source_srid":22173,"fetched_at":"2026-07-28T13:38:04+00:00","licencia":"no_especificada","nombre":"MARGARITA"}},{"type":"Feature","geometry":{"type":"Point","coordinates":[-64.8723,-31.5227]},"properties":{"id":"cordoba:minas_puntos:mineria_minas.356","provincia":"cordoba","provincia_nombre":"Córdoba","tipo":"mina","estado":"desconocido","geom_kind":"punto","fuente_id":"cordoba.idecor.minas_puntos","source_url":"https://idecor-ws.mapascordoba.gob.ar/geoserver/wfs?service=WFS&version=2.0.0&request=GetFeature&typeNames=idecor%3Amineria_minas&outputFormat=application%2Fjson&count=2000&startIndex=0&srsName=EPSG%3A4326","source_layer":"idecor:mineria_minas","source_fid":"mineria_minas.356","source_srid":22173,"fetched_at":"2026-07-28T13:38:04+00:00","licencia":"no_especificada","nombre":"MARIA"}},{"type":"Feature","geometry":{"type":"Point","coordinates":[-64.8753,-31.6494]},"properties":{"id":"cordoba:minas_puntos:mineria_minas.357","provincia":"cordoba","provincia_nombre":"Córdoba","tipo":"mina","estado":"desconocido","geom_kind":"punto","fuente_id":"cordoba.idecor.minas_puntos","source_url":"https://idecor-ws.mapascordoba.gob.ar/geoserver/wfs?service=WFS&version=2.0.0&request=GetFeature&typeNames=idecor%3Amineria_minas&outputFormat=application%2Fjson&count=2000&startIndex=0&srsName=EPSG%3A4326","source_layer":"idecor:mineria_minas","source_fid":"mineria_minas.357","source_srid":22173,"fetched_at":"2026-07-28T13:38:04+00:00","licencia":"no_especificada","nombre":"MARIA AGUSTINA I"}},{"type":"Feature","geometry":{"type":"Point","coordinates":[-64.5056,-31.6424]},"properties":{"id":"cordoba:minas_puntos:mineria_minas.358","provincia":"cordoba","provincia_nombre":"Córdoba","tipo":"mina","estado":"desconocido","geom_kind":"punto","fuente_id":"cordoba.idecor.minas_puntos","source_url":"https://idecor-ws.mapascordoba.gob.ar/geoserver/wfs?service=WFS&version=2.0.0&request=GetFeature&typeNames=idecor%3Amineria_minas&outputFormat=application%2Fjson&count=2000&startIndex=0&srsName=EPSG%3A4326","source_layer":"idecor:mineria_minas","source_fid":"mineria_minas.358","source_srid":22173,"fetched_at":"2026-07-28T13:38:04+00:00","licencia":"no_especificada","nombre":"MARIA BELEN PARAVACHASCA"}},{"type":"Feature","geometry":{"type":"Point","coordinates":[-64.5339,-31.6245]},"properties":{"id":"cordoba:minas_puntos:mineria_minas.359","provincia":"cordoba","provincia_nombre":"Córdoba","tipo":"mina","estado":"desconocido","geom_kind":"punto","fuente_id":"cordoba.idecor.minas_puntos","source_url":"https://idecor-ws.mapascordoba.gob.ar/geoserver/wfs?service=WFS&version=2.0.0&request=GetFeature&typeNames=idecor%3Amineria_minas&outputFormat=application%2Fjson&count=2000&startIndex=0&srsName=EPSG%3A4326","source_layer":"idecor:mineria_minas","source_fid":"mineria_minas.359","source_srid":22173,"fetched_at":"2026-07-28T13:38:04+00:00","licencia":"no_especificada","nombre":"MARIA JOSE"}},{"type":"Feature","geometry":{"type":"Point","coordinates":[-65.1158,-31.7349]},"properties":{"id":"cordoba:minas_puntos:mineria_minas.360","provincia":"cordoba","provincia_nombre":"Córdoba","tipo":"mina","estado":"desconocido","geom_kind":"punto","fuente_id":"cordoba.idecor.minas_puntos","source_url":"https://idecor-ws.mapascordoba.gob.ar/geoserver/wfs?service=WFS&version=2.0.0&request=GetFeature&typeNames=idecor%3Amineria_minas&outputFormat=application%2Fjson&count=2000&startIndex=0&srsName=EPSG%3A4326","source_layer":"idecor:mineria_minas","source_fid":"mineria_minas.360","source_srid":22173,"fetched_at":"2026-07-28T13:38:04+00:00","licencia":"no_especificada","nombre":"MARIA VICTORIA"}},{"type":"Feature","geometry":{"type":"Point","coordinates":[-64.4711,-31.3082]},"properties":{"id":"cordoba:minas_puntos:mineria_minas.361","provincia":"cordoba","provincia_nombre":"Córdoba","tipo":"mina","estado":"desconocido","geom_kind":"punto","fuente_id":"cordoba.idecor.minas_puntos","source_url":"https://idecor-ws.mapascordoba.gob.ar/geoserver/wfs?service=WFS&version=2.0.0&request=GetFeature&typeNames=idecor%3Amineria_minas&outputFormat=application%2Fjson&count=2000&startIndex=0&srsName=EPSG%3A4326","source_layer":"idecor:mineria_minas","source_fid":"mineria_minas.361","source_srid":22173,"fetched_at":"2026-07-28T13:38:04+00:00","licencia":"no_especificada","nombre":"MAXIMILIANO"}},{"type":"Feature","geometry":{"type":"Point","coordinates":[-64.9472,-31.7334]},"properties":{"id":"cordoba:minas_puntos:mineria_minas.362","provincia":"cordoba","provincia_nombre":"Córdoba","tipo":"mina","estado":"desconocido","geom_kind":"punto","fuente_id":"cordoba.idecor.minas_puntos","source_url":"https://idecor-ws.mapascordoba.gob.ar/geoserver/wfs?service=WFS&version=2.0.0&request=GetFeature&typeNames=idecor%3Amineria_minas&outputFormat=application%2Fjson&count=2000&startIndex=0&srsName=EPSG%3A4326","source_layer":"idecor:mineria_minas","source_fid":"mineria_minas.362","source_srid":22173,"fetched_at":"2026-07-28T13:38:04+00:00","licencia":"no_especificada","nombre":"MELISA"}},{"type":"Feature","geometry":{"type":"Point","coordinates":[-64.7919,-31.7172]},"properties":{"id":"cordoba:minas_puntos:mineria_minas.363","provincia":"cordoba","provincia_nombre":"Córdoba","tipo":"mina","estado":"desconocido","geom_kind":"punto","fuente_id":"cordoba.idecor.minas_puntos","source_url":"https://idecor-ws.mapascordoba.gob.ar/geoserver/wfs?service=WFS&version=2.0.0&request=GetFeature&typeNames=idecor%3Amineria_minas&outputFormat=application%2Fjson&count=2000&startIndex=0&srsName=EPSG%3A4326","source_layer":"idecor:mineria_minas","source_fid":"mineria_minas.363","source_srid":22173,"fetched_at":"2026-07-28T13:38:04+00:00","licencia":"no_especificada","nombre":"MIGUEL"}},{"type":"Feature","geometry":{"type":"Point","coordinates":[-64.9581,-31.7335]},"properties":{"id":"cordoba:minas_puntos:mineria_minas.364","provincia":"cordoba","provincia_nombre":"Córdoba","tipo":"mina","estado":"desconocido","geom_kind":"punto","fuente_id":"cordoba.idecor.minas_puntos","source_url":"https://idecor-ws.mapascordoba.gob.ar/geoserver/wfs?service=WFS&version=2.0.0&request=GetFeature&typeNames=idecor%3Amineria_minas&outputFormat=application%2Fjson&count=2000&startIndex=0&srsName=EPSG%3A4326","source_layer":"idecor:mineria_minas","source_fid":"mineria_minas.364","source_srid":22173,"fetched_at":"2026-07-28T13:38:04+00:00","licencia":"no_especificada","nombre":"MOGOTE DEL CORRALON"}},{"type":"Feature","geometry":{"type":"Point","coordinates":[-64.6047,-31.5172]},"properties":{"id":"cordoba:minas_puntos:mineria_minas.365","provincia":"cordoba","provincia_nombre":"Córdoba","tipo":"mina","estado":"desconocido","geom_kind":"punto","fuente_id":"cordoba.idecor.minas_puntos","source_url":"https://idecor-ws.mapascordoba.gob.ar/geoserver/wfs?service=WFS&version=2.0.0&request=GetFeature&typeNames=idecor%3Amineria_minas&outputFormat=application%2Fjson&count=2000&startIndex=0&srsName=EPSG%3A4326","source_layer":"idecor:mineria_minas","source_fid":"mineria_minas.365","source_srid":22173,"fetched_at":"2026-07-28T13:38:04+00:00","licencia":"no_especificada","nombre":"MONICA"}},{"type":"Feature","geometry":{"type":"Point","coordinates":[-64.5218,-31.4801]},"properties":{"id":"cordoba:minas_puntos:mineria_minas.367","provincia":"cordoba","provincia_nombre":"Córdoba","tipo":"mina","estado":"desconocido","geom_kind":"punto","fuente_id":"cordoba.idecor.minas_puntos","source_url":"https://idecor-ws.mapascordoba.gob.ar/geoserver/wfs?service=WFS&version=2.0.0&request=GetFeature&typeNames=idecor%3Amineria_minas&outputFormat=application%2Fjson&count=2000&startIndex=0&srsName=EPSG%3A4326","source_layer":"idecor:mineria_minas","source_fid":"mineria_minas.367","source_srid":22173,"fetched_at":"2026-07-28T13:38:04+00:00","licencia":"no_especificada","nombre":"NICOLAS"}},{"type":"Feature","geometry":{"type":"Point","coordinates":[-64.8716,-31.5888]},"properties":{"id":"cordoba:minas_puntos:mineria_minas.368","provincia":"cordoba","provincia_nombre":"Córdoba","tipo":"mina","estado":"desconocido","geom_kind":"punto","fuente_id":"cordoba.idecor.minas_puntos","source_url":"https://idecor-ws.mapascordoba.gob.ar/geoserver/wfs?service=WFS&version=2.0.0&request=GetFeature&typeNames=idecor%3Amineria_minas&outputFormat=application%2Fjson&count=2000&startIndex=0&srsName=EPSG%3A4326","source_layer":"idecor:mineria_minas","source_fid":"mineria_minas.368","source_srid":22173,"fetched_at":"2026-07-28T13:38:04+00:00","licencia":"no_especificada","nombre":"NOELIA ANTONIO I"}},{"type":"Feature","geometry":{"type":"Point","coordinates":[-64.514,-31.605]},"properties":{"id":"cordoba:minas_puntos:mineria_minas.369","provincia":"cordoba","provincia_nombre":"Córdoba","tipo":"mina","estado":"desconocido","geom_kind":"punto","fuente_id":"cordoba.idecor.minas_puntos","source_url":"https://idecor-ws.mapascordoba.gob.ar/geoserver/wfs?service=WFS&version=2.0.0&request=GetFeature&typeNames=idecor%3Amineria_minas&outputFormat=application%2Fjson&count=2000&startIndex=0&srsName=EPSG%3A4326","source_layer":"idecor:mineria_minas","source_fid":"mineria_minas.369","source_srid":22173,"fetched_at":"2026-07-28T13:38:04+00:00","licencia":"no_especificada","nombre":"NOEMI"}},{"type":"Feature","geometry":{"type":"Point","coordinates":[-64.5113,-31.6056]},"properties":{"id":"cordoba:minas_puntos:mineria_minas.370","provincia":"cordoba","provincia_nombre":"Córdoba","tipo":"mina","estado":"desconocido","geom_kind":"punto","fuente_id":"cordoba.idecor.minas_puntos","source_url":"https://idecor-ws.mapascordoba.gob.ar/geoserver/wfs?service=WFS&version=2.0.0&request=GetFeature&typeNames=idecor%3Amineria_minas&outputFormat=application%2Fjson&count=2000&startIndex=0&srsName=EPSG%3A4326","source_layer":"idecor:mineria_minas","source_fid":"mineria_minas.370","source_srid":22173,"fetched_at":"2026-07-28T13:38:04+00:00","licencia":"no_especificada","nombre":"NUEVA JERUSALEN"}},{"type":"Feature","geometry":{"type":"Point","coordinates":[-64.7622,-31.3399]},"properties":{"id":"cordoba:minas_puntos:mineria_minas.371","provincia":"cordoba","provincia_nombre":"Córdoba","tipo":"mina","estado":"desconocido","geom_kind":"punto","fuente_id":"cordoba.idecor.minas_puntos","source_url":"https://idecor-ws.mapascordoba.gob.ar/geoserver/wfs?service=WFS&version=2.0.0&request=GetFeature&typeNames=idecor%3Amineria_minas&outputFormat=application%2Fjson&count=2000&startIndex=0&srsName=EPSG%3A4326","source_layer":"idecor:mineria_minas","source_fid":"mineria_minas.371","source_srid":22173,"fetched_at":"2026-07-28T13:38:04+00:00","licencia":"no_especificada","nombre":"OSCARCITO"}},{"type":"Feature","geometry":{"type":"Point","coordinates":[-64.5942,-31.5107]},"properties":{"id":"cordoba:minas_puntos:mineria_minas.372","provincia":"cordoba","provincia_nombre":"Córdoba","tipo":"mina","estado":"desconocido","geom_kind":"punto","fuente_id":"cordoba.idecor.minas_puntos","source_url":"https://idecor-ws.mapascordoba.gob.ar/geoserver/wfs?service=WFS&version=2.0.0&request=GetFeature&typeNames=idecor%3Amineria_minas&outputFormat=application%2Fjson&count=2000&startIndex=0&srsName=EPSG%3A4326","source_layer":"idecor:mineria_minas","source_fid":"mineria_minas.372","source_srid":22173,"fetched_at":"2026-07-28T13:38:04+00:00","licencia":"no_especificada","nombre":"OSVALDO"}},{"type":"Feature","geometry":{"type":"Point","coordinates":[-64.5844,-31.3274]},"properties":{"id":"cordoba:minas_puntos:mineria_minas.373","provincia":"cordoba","provincia_nombre":"Córdoba","tipo":"mina","estado":"desconocido","geom_kind":"punto","fuente_id":"cordoba.idecor.minas_puntos","source_url":"https://idecor-ws.mapascordoba.gob.ar/geoserver/wfs?service=WFS&version=2.0.0&request=GetFeature&typeNames=idecor%3Amineria_minas&outputFormat=application%2Fjson&count=2000&startIndex=0&srsName=EPSG%3A4326","source_layer":"idecor:mineria_minas","source_fid":"mineria_minas.373","source_srid":22173,"fetched_at":"2026-07-28T13:38:04+00:00","licencia":"no_especificada","nombre":"PECRI II"}},{"type":"Feature","geometry":{"type":"Point","coordinates":[-65.3672,-31.3672]},"properties":{"id":"cordoba:minas_puntos:mineria_minas.374","provincia":"cordoba","provincia_nombre":"Córdoba","tipo":"mina","estado":"desconocido","geom_kind":"punto","fuente_id":"cordoba.idecor.minas_puntos","source_url":"https://idecor-ws.mapascordoba.gob.ar/geoserver/wfs?service=WFS&version=2.0.0&request=GetFeature&typeNames=idecor%3Amineria_minas&outputFormat=application%2Fjson&count=2000&startIndex=0&srsName=EPSG%3A4326","source_layer":"idecor:mineria_minas","source_fid":"mineria_minas.374","source_srid":22173,"fetched_at":"2026-07-28T13:38:04+00:00","licencia":"no_especificada","nombre":"PEMA III"}},{"type":"Feature","geometry":{"type":"Point","coordinates":[-64.5503,-31.292]},"properties":{"id":"cordoba:minas_puntos:mineria_minas.375","provincia":"cordoba","provincia_nombre":"Córdoba","tipo":"mina","estado":"desconocido","geom_kind":"punto","fuente_id":"cordoba.idecor.minas_puntos","source_url":"https://idecor-ws.mapascordoba.gob.ar/geoserver/wfs?service=WFS&version=2.0.0&request=GetFeature&typeNames=idecor%3Amineria_minas&outputFormat=application%2Fjson&count=2000&startIndex=0&srsName=EPSG%3A4326","source_layer":"idecor:mineria_minas","source_fid":"mineria_minas.375","source_srid":22173,"fetched_at":"2026-07-28T13:38:04+00:00","licencia":"no_especificada","nombre":"PERGENIO"}},{"type":"Feature","geometry":{"type":"Point","coordinates":[-65.4322,-31.3003]},"properties":{"id":"cordoba:minas_puntos:mineria_minas.376","provincia":"cordoba","provincia_nombre":"Córdoba","tipo":"mina","estado":"desconocido","geom_kind":"punto","fuente_id":"cordoba.idecor.minas_puntos","source_url":"https://idecor-ws.mapascordoba.gob.ar/geoserver/wfs?service=WFS&version=2.0.0&request=GetFeature&typeNames=idecor%3Amineria_minas&outputFormat=application%2Fjson&count=2000&startIndex=0&srsName=EPSG%3A4326","source_layer":"idecor:mineria_minas","source_fid":"mineria_minas.376","source_srid":22173,"fetched_at":"2026-07-28T13:38:04+00:00","licencia":"no_especificada","nombre":"PHO"}},{"type":"Feature","geometry":{"type":"Point","coordinates":[-64.6464,-31.3525]},"properties":{"id":"cordoba:minas_puntos:mineria_minas.377","provincia":"cordoba","provincia_nombre":"Córdoba","tipo":"mina","estado":"desconocido","geom_kind":"punto","fuente_id":"cordoba.idecor.minas_puntos","source_url":"https://idecor-ws.mapascordoba.gob.ar/geoserver/wfs?service=WFS&version=2.0.0&request=GetFeature&typeNames=idecor%3Amineria_minas&outputFormat=application%2Fjson&count=2000&startIndex=0&srsName=EPSG%3A4326","source_layer":"idecor:mineria_minas","source_fid":"mineria_minas.377","source_srid":22173,"fetched_at":"2026-07-28T13:38:04+00:00","licencia":"no_especificada","nombre":"PIBE CABEZA"}},{"type":"Feature","geometry":{"type":"Point","coordinates":[-64.4997,-31.5509]},"properties":{"id":"cordoba:minas_puntos:mineria_minas.378","provincia":"cordoba","provincia_nombre":"Córdoba","tipo":"mina","estado":"desconocido","geom_kind":"punto","fuente_id":"cordoba.idecor.minas_puntos","source_url":"https://idecor-ws.mapascordoba.gob.ar/geoserver/wfs?service=WFS&version=2.0.0&request=GetFeature&typeNames=idecor%3Amineria_minas&outputFormat=application%2Fjson&count=2000&startIndex=0&srsName=EPSG%3A4326","source_layer":"idecor:mineria_minas","source_fid":"mineria_minas.378","source_srid":22173,"fetched_at":"2026-07-28T13:38:04+00:00","licencia":"no_especificada","nombre":"PIEDRA BLANCA"}},{"type":"Feature","geometry":{"type":"Point","coordinates":[-64.9718,-31.6748]},"properties":{"id":"cordoba:minas_puntos:mineria_minas.379","provincia":"cordoba","provincia_nombre":"Córdoba","tipo":"mina","estado":"desconocido","geom_kind":"punto","fuente_id":"cordoba.idecor.minas_puntos","source_url":"https://idecor-ws.mapascordoba.gob.ar/geoserver/wfs?service=WFS&version=2.0.0&request=GetFeature&typeNames=idecor%3Amineria_minas&outputFormat=application%2Fjson&count=2000&startIndex=0&srsName=EPSG%3A4326","source_layer":"idecor:mineria_minas","source_fid":"mineria_minas.379","source_srid":22173,"fetched_at":"2026-07-28T13:38:04+00:00","licencia":"no_especificada","nombre":"PUENTE DEL CURA"}},{"type":"Feature","geometry":{"type":"Point","coordinates":[-64.5201,-31.6385]},"properties":{"id":"cordoba:minas_puntos:mineria_minas.380","provincia":"cordoba","provincia_nombre":"Córdoba","tipo":"mina","estado":"desconocido","geom_kind":"punto","fuente_id":"cordoba.idecor.minas_puntos","source_url":"https://idecor-ws.mapascordoba.gob.ar/geoserver/wfs?service=WFS&version=2.0.0&request=GetFeature&typeNames=idecor%3Amineria_minas&outputFormat=application%2Fjson&count=2000&startIndex=0&srsName=EPSG%3A4326","source_layer":"idecor:mineria_minas","source_fid":"mineria_minas.380","source_srid":22173,"fetched_at":"2026-07-28T13:38:04+00:00","licencia":"no_especificada","nombre":"PUESTO DE CURA"}},{"type":"Feature","geometry":{"type":"Point","coordinates":[-64.6391,-31.3735]},"properties":{"id":"cordoba:minas_puntos:mineria_minas.381","provincia":"cordoba","provincia_nombre":"Córdoba","tipo":"mina","estado":"desconocido","geom_kind":"punto","fuente_id":"cordoba.idecor.minas_puntos","source_url":"https://idecor-ws.mapascordoba.gob.ar/geoserver/wfs?service=WFS&version=2.0.0&request=GetFeature&typeNames=idecor%3Amineria_minas&outputFormat=application%2Fjson&count=2000&startIndex=0&srsName=EPSG%3A4326","source_layer":"idecor:mineria_minas","source_fid":"mineria_minas.381","source_srid":22173,"fetched_at":"2026-07-28T13:38:04+00:00","licencia":"no_especificada","nombre":"RAYO DE SOL"}},{"type":"Feature","geometry":{"type":"Point","coordinates":[-65.2959,-31.57]},"properties":{"id":"cordoba:minas_puntos:mineria_minas.382","provincia":"cordoba","provincia_nombre":"Córdoba","tipo":"mina","estado":"desconocido","geom_kind":"punto","fuente_id":"cordoba.idecor.minas_puntos","source_url":"https://idecor-ws.mapascordoba.gob.ar/geoserver/wfs?service=WFS&version=2.0.0&request=GetFeature&typeNames=idecor%3Amineria_minas&outputFormat=application%2Fjson&count=2000&startIndex=0&srsName=EPSG%3A4326","source_layer":"idecor:mineria_minas","source_fid":"mineria_minas.382","source_srid":22173,"fetched_at":"2026-07-28T13:38:04+00:00","licencia":"no_especificada","nombre":"RECONQUISTA"}},{"type":"Feature","geometry":{"type":"Point","coordinates":[-64.5097,-31.6086]},"properties":{"id":"cordoba:minas_puntos:mineria_minas.383","provincia":"cordoba","provincia_nombre":"Córdoba","tipo":"mina","estado":"desconocido","geom_kind":"punto","fuente_id":"cordoba.idecor.minas_puntos","source_url":"https://idecor-ws.mapascordoba.gob.ar/geoserver/wfs?service=WFS&version=2.0.0&request=GetFeature&typeNames=idecor%3Amineria_minas&outputFormat=application%2Fjson&count=2000&startIndex=0&srsName=EPSG%3A4326","source_layer":"idecor:mineria_minas","source_fid":"mineria_minas.383","source_srid":22173,"fetched_at":"2026-07-28T13:38:04+00:00","licencia":"no_especificada","nombre":"REY JESUS"}},{"type":"Feature","geometry":{"type":"Point","coordinates":[-64.5529,-31.6393]},"properties":{"id":"cordoba:minas_puntos:mineria_minas.384","provincia":"cordoba","provincia_nombre":"Córdoba","tipo":"mina","estado":"desconocido","geom_kind":"punto","fuente_id":"cordoba.idecor.minas_puntos","source_url":"https://idecor-ws.mapascordoba.gob.ar/geoserver/wfs?service=WFS&version=2.0.0&request=GetFeature&typeNames=idecor%3Amineria_minas&outputFormat=application%2Fjson&count=2000&startIndex=0&srsName=EPSG%3A4326","source_layer":"idecor:mineria_minas","source_fid":"mineria_minas.384","source_srid":22173,"fetched_at":"2026-07-28T13:38:04+00:00","licencia":"no_especificada","nombre":"ROSA N° 8"}},{"type":"Feature","geometry":{"type":"Point","coordinates":[-65.1973,-31.6142]},"properties":{"id":"cordoba:minas_puntos:mineria_minas.385","provincia":"cordoba","provincia_nombre":"Córdoba","tipo":"mina","estado":"desconocido","geom_kind":"punto","fuente_id":"cordoba.idecor.minas_puntos","source_url":"https://idecor-ws.mapascordoba.gob.ar/geoserver/wfs?service=WFS&version=2.0.0&request=GetFeature&typeNames=idecor%3Amineria_minas&outputFormat=application%2Fjson&count=2000&startIndex=0&srsName=EPSG%3A4326","source_layer":"idecor:mineria_minas","source_fid":"mineria_minas.385","source_srid":22173,"fetched_at":"2026-07-28T13:38:04+00:00","licencia":"no_especificada","nombre":"SAN ANTONIO"}},{"type":"Feature","geometry":{"type":"Point","coordinates":[-64.5294,-31.5666]},"properties":{"id":"cordoba:minas_puntos:mineria_minas.386","provincia":"cordoba","provincia_nombre":"Córdoba","tipo":"mina","estado":"desconocido","geom_kind":"punto","fuente_id":"cordoba.idecor.minas_puntos","source_url":"https://idecor-ws.mapascordoba.gob.ar/geoserver/wfs?service=WFS&version=2.0.0&request=GetFeature&typeNames=idecor%3Amineria_minas&outputFormat=application%2Fjson&count=2000&startIndex=0&srsName=EPSG%3A4326","source_layer":"idecor:mineria_minas","source_fid":"mineria_minas.386","source_srid":22173,"fetched_at":"2026-07-28T13:38:04+00:00","licencia":"no_especificada","nombre":"SAN BARTOLO"}},{"type":"Feature","geometry":{"type":"Point","coordinates":[-64.9892,-31.6803]},"properties":{"id":"cordoba:minas_puntos:mineria_minas.387","provincia":"cordoba","provincia_nombre":"Córdoba","tipo":"mina","estado":"desconocido","geom_kind":"punto","fuente_id":"cordoba.idecor.minas_puntos","source_url":"https://idecor-ws.mapascordoba.gob.ar/geoserver/wfs?service=WFS&version=2.0.0&request=GetFeature&typeNames=idecor%3Amineria_minas&outputFormat=application%2Fjson&count=2000&startIndex=0&srsName=EPSG%3A4326","source_layer":"idecor:mineria_minas","source_fid":"mineria_minas.387","source_srid":22173,"fetched_at":"2026-07-28T13:38:04+00:00","licencia":"no_especificada","nombre":"SAN JORGE"}},{"type":"Feature","geometry":{"type":"Point","coordinates":[-64.5758,-31.3274]},"properties":{"id":"cordoba:minas_puntos:mineria_minas.388","provincia":"cordoba","provincia_nombre":"Córdoba","tipo":"mina","estado":"desconocido","geom_kind":"punto","fuente_id":"cordoba.idecor.minas_puntos","source_url":"https://idecor-ws.mapascordoba.gob.ar/geoserver/wfs?service=WFS&version=2.0.0&request=GetFeature&typeNames=idecor%3Amineria_minas&outputFormat=application%2Fjson&count=2000&startIndex=0&srsName=EPSG%3A4326","source_layer":"idecor:mineria_minas","source_fid":"mineria_minas.388","source_srid":22173,"fetched_at":"2026-07-28T13:38:04+00:00","licencia":"no_especificada","nombre":"SAN JUDAS TADEO"}},{"type":"Feature","geometry":{"type":"Point","coordinates":[-64.7775,-31.3844]},"properties":{"id":"cordoba:minas_puntos:mineria_minas.389","provincia":"cordoba","provincia_nombre":"Córdoba","tipo":"mina","estado":"desconocido","geom_kind":"punto","fuente_id":"cordoba.idecor.minas_puntos","source_url":"https://idecor-ws.mapascordoba.gob.ar/geoserver/wfs?service=WFS&version=2.0.0&request=GetFeature&typeNames=idecor%3Amineria_minas&outputFormat=application%2Fjson&count=2000&startIndex=0&srsName=EPSG%3A4326","source_layer":"idecor:mineria_minas","source_fid":"mineria_minas.389","source_srid":22173,"fetched_at":"2026-07-28T13:38:04+00:00","licencia":"no_especificada","nombre":"SANDRA"}},{"type":"Feature","geometry":{"type":"Point","coordinates":[-65.2337,-31.6361]},"properties":{"id":"cordoba:minas_puntos:mineria_minas.390","provincia":"cordoba","provincia_nombre":"Córdoba","tipo":"mina","estado":"desconocido","geom_kind":"punto","fuente_id":"cordoba.idecor.minas_puntos","source_url":"https://idecor-ws.mapascordoba.gob.ar/geoserver/wfs?service=WFS&version=2.0.0&request=GetFeature&typeNames=idecor%3Amineria_minas&outputFormat=application%2Fjson&count=2000&startIndex=0&srsName=EPSG%3A4326","source_layer":"idecor:mineria_minas","source_fid":"mineria_minas.390","source_srid":22173,"fetched_at":"2026-07-28T13:38:04+00:00","licencia":"no_especificada","nombre":"SANTA CLARA"}},{"type":"Feature","geometry":{"type":"Point","coordinates":[-64.586,-31.5164]},"properties":{"id":"cordoba:minas_puntos:mineria_minas.391","provincia":"cordoba","provincia_nombre":"Córdoba","tipo":"mina","estado":"desconocido","geom_kind":"punto","fuente_id":"cordoba.idecor.minas_puntos","source_url":"https://idecor-ws.mapascordoba.gob.ar/geoserver/wfs?service=WFS&version=2.0.0&request=GetFeature&typeNames=idecor%3Amineria_minas&outputFormat=application%2Fjson&count=2000&startIndex=0&srsName=EPSG%3A4326","source_layer":"idecor:mineria_minas","source_fid":"mineria_minas.391","source_srid":22173,"fetched_at":"2026-07-28T13:38:04+00:00","licencia":"no_especificada","nombre":"SANTA ELENA"}},{"type":"Feature","geometry":{"type":"Point","coordinates":[-64.6013,-31.4979]},"properties":{"id":"cordoba:minas_puntos:mineria_minas.392","provincia":"cordoba","provincia_nombre":"Córdoba","tipo":"mina","estado":"desconocido","geom_kind":"punto","fuente_id":"cordoba.idecor.minas_puntos","source_url":"https://idecor-ws.mapascordoba.gob.ar/geoserver/wfs?service=WFS&version=2.0.0&request=GetFeature&typeNames=idecor%3Amineria_minas&outputFormat=application%2Fjson&count=2000&startIndex=0&srsName=EPSG%3A4326","source_layer":"idecor:mineria_minas","source_fid":"mineria_minas.392","source_srid":22173,"fetched_at":"2026-07-28T13:38:04+00:00","licencia":"no_especificada","nombre":"SANTA MARGARITA"}},{"type":"Feature","geometry":{"type":"Point","coordinates":[-65.2326,-31.5988]},"properties":{"id":"cordoba:minas_puntos:mineria_minas.393","provincia":"cordoba","provincia_nombre":"Córdoba","tipo":"mina","estado":"desconocido","geom_kind":"punto","fuente_id":"cordoba.idecor.minas_puntos","source_url":"https://idecor-ws.mapascordoba.gob.ar/geoserver/wfs?service=WFS&version=2.0.0&request=GetFeature&typeNames=idecor%3Amineria_minas&outputFormat=application%2Fjson&count=2000&startIndex=0&srsName=EPSG%3A4326","source_layer":"idecor:mineria_minas","source_fid":"mineria_minas.393","source_srid":22173,"fetched_at":"2026-07-28T13:38:04+00:00","licencia":"no_especificada","nombre":"SANTA TERESITA"}},{"type":"Feature","geometry":{"type":"Point","coordinates":[-64.5466,-31.5926]},"properties":{"id":"cordoba:minas_puntos:mineria_minas.394","provincia":"cordoba","provincia_nombre":"Córdoba","tipo":"mina","estado":"desconocido","geom_kind":"punto","fuente_id":"cordoba.idecor.minas_puntos","source_url":"https://idecor-ws.mapascordoba.gob.ar/geoserver/wfs?service=WFS&version=2.0.0&request=GetFeature&typeNames=idecor%3Amineria_minas&outputFormat=application%2Fjson&count=2000&startIndex=0&srsName=EPSG%3A4326","source_layer":"idecor:mineria_minas","source_fid":"mineria_minas.394","source_srid":22173,"fetched_at":"2026-07-28T13:38:04+00:00","licencia":"no_especificada","nombre":"SANTA TERESITA"}},{"type":"Feature","geometry":{"type":"Point","coordinates":[-64.7812,-31.4439]},"properties":{"id":"cordoba:minas_puntos:mineria_minas.395","provincia":"cordoba","provincia_nombre":"Córdoba","tipo":"mina","estado":"desconocido","geom_kind":"punto","fuente_id":"cordoba.idecor.minas_puntos","source_url":"https://idecor-ws.mapascordoba.gob.ar/geoserver/wfs?service=WFS&version=2.0.0&request=GetFeature&typeNames=idecor%3Amineria_minas&outputFormat=application%2Fjson&count=2000&startIndex=0&srsName=EPSG%3A4326","source_layer":"idecor:mineria_minas","source_fid":"mineria_minas.395","source_srid":22173,"fetched_at":"2026-07-28T13:38:04+00:00","licencia":"no_especificada","nombre":"SCHLAGINTWEIT"}},{"type":"Feature","geometry":{"type":"Point","coordinates":[-65.2087,-31.7393]},"properties":{"id":"cordoba:minas_puntos:mineria_minas.396","provincia":"cordoba","provincia_nombre":"Córdoba","tipo":"mina","estado":"desconocido","geom_kind":"punto","fuente_id":"cordoba.idecor.minas_puntos","source_url":"https://idecor-ws.mapascordoba.gob.ar/geoserver/wfs?service=WFS&version=2.0.0&request=GetFeature&typeNames=idecor%3Amineria_minas&outputFormat=application%2Fjson&count=2000&startIndex=0&srsName=EPSG%3A4326","source_layer":"idecor:mineria_minas","source_fid":"mineria_minas.396","source_srid":22173,"fetched_at":"2026-07-28T13:38:04+00:00","licencia":"no_especificada","nombre":"SOLITA"}},{"type":"Feature","geometry":{"type":"Point","coordinates":[-65.2611,-31.6123]},"properties":{"id":"cordoba:minas_puntos:mineria_minas.397","provincia":"cordoba","provincia_nombre":"Córdoba","tipo":"mina","estado":"desconocido","geom_kind":"punto","fuente_id":"cordoba.idecor.minas_puntos","source_url":"https://idecor-ws.mapascordoba.gob.ar/geoserver/wfs?service=WFS&version=2.0.0&request=GetFeature&typeNames=idecor%3Amineria_minas&outputFormat=application%2Fjson&count=2000&startIndex=0&srsName=EPSG%3A4326","source_layer":"idecor:mineria_minas","source_fid":"mineria_minas.397","source_srid":22173,"fetched_at":"2026-07-28T13:38:04+00:00","licencia":"no_especificada","nombre":"TOTITO"}},{"type":"Feature","geometry":{"type":"Point","coordinates":[-64.6063,-31.5236]},"properties":{"id":"cordoba:minas_puntos:mineria_minas.398","provincia":"cordoba","provincia_nombre":"Córdoba","tipo":"mina","estado":"desconocido","geom_kind":"punto","fuente_id":"cordoba.idecor.minas_puntos","source_url":"https://idecor-ws.mapascordoba.gob.ar/geoserver/wfs?service=WFS&version=2.0.0&request=GetFeature&typeNames=idecor%3Amineria_minas&outputFormat=application%2Fjson&count=2000&startIndex=0&srsName=EPSG%3A4326","source_layer":"idecor:mineria_minas","source_fid":"mineria_minas.398","source_srid":22173,"fetched_at":"2026-07-28T13:38:04+00:00","licencia":"no_especificada","nombre":"TRINIDAD"}},{"type":"Feature","geometry":{"type":"Point","coordinates":[-64.7578,-31.3887]},"properties":{"id":"cordoba:minas_puntos:mineria_minas.399","provincia":"cordoba","provincia_nombre":"Córdoba","tipo":"mina","estado":"desconocido","geom_kind":"punto","fuente_id":"cordoba.idecor.minas_puntos","source_url":"https://idecor-ws.mapascordoba.gob.ar/geoserver/wfs?service=WFS&version=2.0.0&request=GetFeature&typeNames=idecor%3Amineria_minas&outputFormat=application%2Fjson&count=2000&startIndex=0&srsName=EPSG%3A4326","source_layer":"idecor:mineria_minas","source_fid":"mineria_minas.399","source_srid":22173,"fetched_at":"2026-07-28T13:38:04+00:00","licencia":"no_especificada","nombre":"VALENTINO ZULE"}},{"type":"Feature","geometry":{"type":"Point","coordinates":[-64.8864,-32.4092]},"properties":{"id":"cordoba:minas_puntos:mineria_minas.400","provincia":"cordoba","provincia_nombre":"Córdoba","tipo":"mina","estado":"desconocido","geom_kind":"punto","fuente_id":"cordoba.idecor.minas_puntos","source_url":"https://idecor-ws.mapascordoba.gob.ar/geoserver/wfs?service=WFS&version=2.0.0&request=GetFeature&typeNames=idecor%3Amineria_minas&outputFormat=application%2Fjson&count=2000&startIndex=0&srsName=EPSG%3A4326","source_layer":"idecor:mineria_minas","source_fid":"mineria_minas.400","source_srid":22173,"fetched_at":"2026-07-28T13:38:04+00:00","licencia":"no_especificada","nombre":"OTTO XVI"}},{"type":"Feature","geometry":{"type":"Point","coordinates":[-64.6047,-31.7929]},"properties":{"id":"cordoba:minas_puntos:mineria_minas.401","provincia":"cordoba","provincia_nombre":"Córdoba","tipo":"mina","estado":"desconocido","geom_kind":"punto","fuente_id":"cordoba.idecor.minas_puntos","source_url":"https://idecor-ws.mapascordoba.gob.ar/geoserver/wfs?service=WFS&version=2.0.0&request=GetFeature&typeNames=idecor%3Amineria_minas&outputFormat=application%2Fjson&count=2000&startIndex=0&srsName=EPSG%3A4326","source_layer":"idecor:mineria_minas","source_fid":"mineria_minas.401","source_srid":22173,"fetched_at":"2026-07-28T13:38:04+00:00","licencia":"no_especificada","nombre":"LA CHOLA"}},{"type":"Feature","geometry":{"type":"Point","coordinates":[-64.626,-31.7688]},"properties":{"id":"cordoba:minas_puntos:mineria_minas.402","provincia":"cordoba","provincia_nombre":"Córdoba","tipo":"mina","estado":"desconocido","geom_kind":"punto","fuente_id":"cordoba.idecor.minas_puntos","source_url":"https://idecor-ws.mapascordoba.gob.ar/geoserver/wfs?service=WFS&version=2.0.0&request=GetFeature&typeNames=idecor%3Amineria_minas&outputFormat=application%2Fjson&count=2000&startIndex=0&srsName=EPSG%3A4326","source_layer":"idecor:mineria_minas","source_fid":"mineria_minas.402","source_srid":22173,"fetched_at":"2026-07-28T13:38:04+00:00","licencia":"no_especificada","nombre":"LA CHARITO"}},{"type":"Feature","geometry":{"type":"Point","coordinates":[-64.9217,-32.0498]},"properties":{"id":"cordoba:minas_puntos:mineria_minas.403","provincia":"cordoba","provincia_nombre":"Córdoba","tipo":"mina","estado":"desconocido","geom_kind":"punto","fuente_id":"cordoba.idecor.minas_puntos","source_url":"https://idecor-ws.mapascordoba.gob.ar/geoserver/wfs?service=WFS&version=2.0.0&request=GetFeature&typeNames=idecor%3Amineria_minas&outputFormat=application%2Fjson&count=2000&startIndex=0&srsName=EPSG%3A4326","source_layer":"idecor:mineria_minas","source_fid":"mineria_minas.403","source_srid":22173,"fetched_at":"2026-07-28T13:38:04+00:00","licencia":"no_especificada","nombre":"EL LINDERO"}},{"type":"Feature","geometry":{"type":"Point","coordinates":[-64.579,-31.8085]},"properties":{"id":"cordoba:minas_puntos:mineria_minas.404","provincia":"cordoba","provincia_nombre":"Córdoba","tipo":"mina","estado":"desconocido","geom_kind":"punto","fuente_id":"cordoba.idecor.minas_puntos","source_url":"https://idecor-ws.mapascordoba.gob.ar/geoserver/wfs?service=WFS&version=2.0.0&request=GetFeature&typeNames=idecor%3Amineria_minas&outputFormat=application%2Fjson&count=2000&startIndex=0&srsName=EPSG%3A4326","source_layer":"idecor:mineria_minas","source_fid":"mineria_minas.404","source_srid":22173,"fetched_at":"2026-07-28T13:38:04+00:00","licencia":"no_especificada","nombre":"LAURA"}},{"type":"Feature","geometry":{"type":"Point","coordinates":[-64.7942,-32.5073]},"properties":{"id":"cordoba:minas_puntos:mineria_minas.406","provincia":"cordoba","provincia_nombre":"Córdoba","tipo":"mina","estado":"desconocido","geom_kind":"punto","fuente_id":"cordoba.idecor.minas_puntos","source_url":"https://idecor-ws.mapascordoba.gob.ar/geoserver/wfs?service=WFS&version=2.0.0&request=GetFeature&typeNames=idecor%3Amineria_minas&outputFormat=application%2Fjson&count=2000&startIndex=0&srsName=EPSG%3A4326","source_layer":"idecor:mineria_minas","source_fid":"mineria_minas.406","source_srid":22173,"fetched_at":"2026-07-28T13:38:04+00:00","licencia":"no_especificada","nombre":"31 DE JULIO DE 1896"}},{"type":"Feature","geometry":{"type":"Point","coordinates":[-64.7204,-32.1957]},"properties":{"id":"cordoba:minas_puntos:mineria_minas.407","provincia":"cordoba","provincia_nombre":"Córdoba","tipo":"mina","estado":"desconocido","geom_kind":"punto","fuente_id":"cordoba.idecor.minas_puntos","source_url":"https://idecor-ws.mapascordoba.gob.ar/geoserver/wfs?service=WFS&version=2.0.0&request=GetFeature&typeNames=idecor%3Amineria_minas&outputFormat=application%2Fjson&count=2000&startIndex=0&srsName=EPSG%3A4326","source_layer":"idecor:mineria_minas","source_fid":"mineria_minas.407","source_srid":22173,"fetched_at":"2026-07-28T13:38:04+00:00","licencia":"no_especificada","nombre":"6º PERTENENCIA LOS GUANACOS"}},{"type":"Feature","geometry":{"type":"Point","coordinates":[-64.904,-32.2988]},"properties":{"id":"cordoba:minas_puntos:mineria_minas.408","provincia":"cordoba","provincia_nombre":"Córdoba","tipo":"mina","estado":"desconocido","geom_kind":"punto","fuente_id":"cordoba.idecor.minas_puntos","source_url":"https://idecor-ws.mapascordoba.gob.ar/geoserver/wfs?service=WFS&version=2.0.0&request=GetFeature&typeNames=idecor%3Amineria_minas&outputFormat=application%2Fjson&count=2000&startIndex=0&srsName=EPSG%3A4326","source_layer":"idecor:mineria_minas","source_fid":"mineria_minas.408","source_srid":22173,"fetched_at":"2026-07-28T13:38:04+00:00","licencia":"no_especificada","nombre":"ADOLFO"}},{"type":"Feature","geometry":{"type":"Point","coordinates":[-64.9132,-32.3008]},"properties":{"id":"cordoba:minas_puntos:mineria_minas.409","provincia":"cordoba","provincia_nombre":"Córdoba","tipo":"mina","estado":"desconocido","geom_kind":"punto","fuente_id":"cordoba.idecor.minas_puntos","source_url":"https://idecor-ws.mapascordoba.gob.ar/geoserver/wfs?service=WFS&version=2.0.0&request=GetFeature&typeNames=idecor%3Amineria_minas&outputFormat=application%2Fjson&count=2000&startIndex=0&srsName=EPSG%3A4326","source_layer":"idecor:mineria_minas","source_fid":"mineria_minas.409","source_srid":22173,"fetched_at":"2026-07-28T13:38:04+00:00","licencia":"no_especificada","nombre":"ANGEL -1° PERT."}},{"type":"Feature","geometry":{"type":"Point","coordinates":[-64.9122,-32.2968]},"properties":{"id":"cordoba:minas_puntos:mineria_minas.410","provincia":"cordoba","provincia_nombre":"Córdoba","tipo":"mina","estado":"desconocido","geom_kind":"punto","fuente_id":"cordoba.idecor.minas_puntos","source_url":"https://idecor-ws.mapascordoba.gob.ar/geoserver/wfs?service=WFS&version=2.0.0&request=GetFeature&typeNames=idecor%3Amineria_minas&outputFormat=application%2Fjson&count=2000&startIndex=0&srsName=EPSG%3A4326","source_layer":"idecor:mineria_minas","source_fid":"mineria_minas.410","source_srid":22173,"fetched_at":"2026-07-28T13:38:04+00:00","licencia":"no_especificada","nombre":"ANGEL -2° PERT."}},{"type":"Feature","geometry":{"type":"Point","coordinates":[-64.834,-32.8743]},"properties":{"id":"cordoba:minas_puntos:mineria_minas.411","provincia":"cordoba","provincia_nombre":"Córdoba","tipo":"mina","estado":"desconocido","geom_kind":"punto","fuente_id":"cordoba.idecor.minas_puntos","source_url":"https://idecor-ws.mapascordoba.gob.ar/geoserver/wfs?service=WFS&version=2.0.0&request=GetFeature&typeNames=idecor%3Amineria_minas&outputFormat=application%2Fjson&count=2000&startIndex=0&srsName=EPSG%3A4326","source_layer":"idecor:mineria_minas","source_fid":"mineria_minas.411","source_srid":22173,"fetched_at":"2026-07-28T13:38:04+00:00","licencia":"no_especificada","nombre":"ANIBAL"}},{"type":"Feature","geometry":{"type":"Point","coordinates":[-64.9164,-31.8531]},"properties":{"id":"cordoba:minas_puntos:mineria_minas.412","provincia":"cordoba","provincia_nombre":"Córdoba","tipo":"mina","estado":"desconocido","geom_kind":"punto","fuente_id":"cordoba.idecor.minas_puntos","source_url":"https://idecor-ws.mapascordoba.gob.ar/geoserver/wfs?service=WFS&version=2.0.0&request=GetFeature&typeNames=idecor%3Amineria_minas&outputFormat=application%2Fjson&count=2000&startIndex=0&srsName=EPSG%3A4326","source_layer":"idecor:mineria_minas","source_fid":"mineria_minas.412","source_srid":22173,"fetched_at":"2026-07-28T13:38:04+00:00","licencia":"no_especificada","nombre":"BELEN"}},{"type":"Feature","geometry":{"type":"Point","coordinates":[-64.7005,-31.868]},"properties":{"id":"cordoba:minas_puntos:mineria_minas.413","provincia":"cordoba","provincia_nombre":"Córdoba","tipo":"mina","estado":"desconocido","geom_kind":"punto","fuente_id":"cordoba.idecor.minas_puntos","source_url":"https://idecor-ws.mapascordoba.gob.ar/geoserver/wfs?service=WFS&version=2.0.0&request=GetFeature&typeNames=idecor%3Amineria_minas&outputFormat=application%2Fjson&count=2000&startIndex=0&srsName=EPSG%3A4326","source_layer":"idecor:mineria_minas","source_fid":"mineria_minas.413","source_srid":22173,"fetched_at":"2026-07-28T13:38:04+00:00","licencia":"no_especificada","nombre":"BELEN 7"}},{"type":"Feature","geometry":{"type":"Point","coordinates":[-64.469,-31.8125]},"properties":{"id":"cordoba:minas_puntos:mineria_minas.414","provincia":"cordoba","provincia_nombre":"Córdoba","tipo":"mina","estado":"desconocido","geom_kind":"punto","fuente_id":"cordoba.idecor.minas_puntos","source_url":"https://idecor-ws.mapascordoba.gob.ar/geoserver/wfs?service=WFS&version=2.0.0&request=GetFeature&typeNames=idecor%3Amineria_minas&outputFormat=application%2Fjson&count=2000&startIndex=0&srsName=EPSG%3A4326","source_layer":"idecor:mineria_minas","source_fid":"mineria_minas.414","source_srid":22173,"fetched_at":"2026-07-28T13:38:04+00:00","licencia":"no_especificada","nombre":"BOREAL"}},{"type":"Feature","geometry":{"type":"Point","coordinates":[-64.895,-32.5733]},"properties":{"id":"cordoba:minas_puntos:mineria_minas.415","provincia":"cordoba","provincia_nombre":"Córdoba","tipo":"mina","estado":"desconocido","geom_kind":"punto","fuente_id":"cordoba.idecor.minas_puntos","source_url":"https://idecor-ws.mapascordoba.gob.ar/geoserver/wfs?service=WFS&version=2.0.0&request=GetFeature&typeNames=idecor%3Amineria_minas&outputFormat=application%2Fjson&count=2000&startIndex=0&srsName=EPSG%3A4326","source_layer":"idecor:mineria_minas","source_fid":"mineria_minas.415","source_srid":22173,"fetched_at":"2026-07-28T13:38:04+00:00","licencia":"no_especificada","nombre":"BUBU"}},{"type":"Feature","geometry":{"type":"Point","coordinates":[-64.8107,-32.8758]},"properties":{"id":"cordoba:minas_puntos:mineria_minas.416","provincia":"cordoba","provincia_nombre":"Córdoba","tipo":"mina","estado":"desconocido","geom_kind":"punto","fuente_id":"cordoba.idecor.minas_puntos","source_url":"https://idecor-ws.mapascordoba.gob.ar/geoserver/wfs?service=WFS&version=2.0.0&request=GetFeature&typeNames=idecor%3Amineria_minas&outputFormat=application%2Fjson&count=2000&startIndex=0&srsName=EPSG%3A4326","source_layer":"idecor:mineria_minas","source_fid":"mineria_minas.416","source_srid":22173,"fetched_at":"2026-07-28T13:38:04+00:00","licencia":"no_especificada","nombre":"CAROLINA"}},{"type":"Feature","geometry":{"type":"Point","coordinates":[-64.9375,-33.1652]},"properties":{"id":"cordoba:minas_puntos:mineria_minas.417","provincia":"cordoba","provincia_nombre":"Córdoba","tipo":"mina","estado":"desconocido","geom_kind":"punto","fuente_id":"cordoba.idecor.minas_puntos","source_url":"https://idecor-ws.mapascordoba.gob.ar/geoserver/wfs?service=WFS&version=2.0.0&request=GetFeature&typeNames=idecor%3Amineria_minas&outputFormat=application%2Fjson&count=2000&startIndex=0&srsName=EPSG%3A4326","source_layer":"idecor:mineria_minas","source_fid":"mineria_minas.417","source_srid":22173,"fetched_at":"2026-07-28T13:38:04+00:00","licencia":"no_especificada","nombre":"CENTAURO"}},{"type":"Feature","geometry":{"type":"Point","coordinates":[-64.8738,-32.4274]},"properties":{"id":"cordoba:minas_puntos:mineria_minas.418","provincia":"cordoba","provincia_nombre":"Córdoba","tipo":"mina","estado":"desconocido","geom_kind":"punto","fuente_id":"cordoba.idecor.minas_puntos","source_url":"https://idecor-ws.mapascordoba.gob.ar/geoserver/wfs?service=WFS&version=2.0.0&request=GetFeature&typeNames=idecor%3Amineria_minas&outputFormat=application%2Fjson&count=2000&startIndex=0&srsName=EPSG%3A4326","source_layer":"idecor:mineria_minas","source_fid":"mineria_minas.418","source_srid":22173,"fetched_at":"2026-07-28T13:38:04+00:00","licencia":"no_especificada","nombre":"CERRO ASPERO N° 3"}},{"type":"Feature","geometry":{"type":"Point","coordinates":[-64.9253,-32.1174]},"properties":{"id":"cordoba:minas_puntos:mineria_minas.419","provincia":"cordoba","provincia_nombre":"Córdoba","tipo":"mina","estado":"desconocido","geom_kind":"punto","fuente_id":"cordoba.idecor.minas_puntos","source_url":"https://idecor-ws.mapascordoba.gob.ar/geoserver/wfs?service=WFS&version=2.0.0&request=GetFeature&typeNames=idecor%3Amineria_minas&outputFormat=application%2Fjson&count=2000&startIndex=0&srsName=EPSG%3A4326","source_layer":"idecor:mineria_minas","source_fid":"mineria_minas.419","source_srid":22173,"fetched_at":"2026-07-28T13:38:04+00:00","licencia":"no_especificada","nombre":"CERRO BLANCO - 1° PERT."}},{"type":"Feature","geometry":{"type":"Point","coordinates":[-64.924,-32.1117]},"properties":{"id":"cordoba:minas_puntos:mineria_minas.420","provincia":"cordoba","provincia_nombre":"Córdoba","tipo":"mina","estado":"desconocido","geom_kind":"punto","fuente_id":"cordoba.idecor.minas_puntos","source_url":"https://idecor-ws.mapascordoba.gob.ar/geoserver/wfs?service=WFS&version=2.0.0&request=GetFeature&typeNames=idecor%3Amineria_minas&outputFormat=application%2Fjson&count=2000&startIndex=0&srsName=EPSG%3A4326","source_layer":"idecor:mineria_minas","source_fid":"mineria_minas.420","source_srid":22173,"fetched_at":"2026-07-28T13:38:04+00:00","licencia":"no_especificada","nombre":"CERRO BLANCO - 2° PERT."}},{"type":"Feature","geometry":{"type":"Point","coordinates":[-64.613,-31.8077]},"properties":{"id":"cordoba:minas_puntos:mineria_minas.421","provincia":"cordoba","provincia_nombre":"Córdoba","tipo":"mina","estado":"desconocido","geom_kind":"punto","fuente_id":"cordoba.idecor.minas_puntos","source_url":"https://idecor-ws.mapascordoba.gob.ar/geoserver/wfs?service=WFS&version=2.0.0&request=GetFeature&typeNames=idecor%3Amineria_minas&outputFormat=application%2Fjson&count=2000&startIndex=0&srsName=EPSG%3A4326","source_layer":"idecor:mineria_minas","source_fid":"mineria_minas.421","source_srid":22173,"fetched_at":"2026-07-28T13:38:04+00:00","licencia":"no_especificada","nombre":"CERRO DEL NOGAL"}},{"type":"Feature","geometry":{"type":"Point","coordinates":[-64.7461,-32.0003]},"properties":{"id":"cordoba:minas_puntos:mineria_minas.422","provincia":"cordoba","provincia_nombre":"Córdoba","tipo":"mina","estado":"desconocido","geom_kind":"punto","fuente_id":"cordoba.idecor.minas_puntos","source_url":"https://idecor-ws.mapascordoba.gob.ar/geoserver/wfs?service=WFS&version=2.0.0&request=GetFeature&typeNames=idecor%3Amineria_minas&outputFormat=application%2Fjson&count=2000&startIndex=0&srsName=EPSG%3A4326","source_layer":"idecor:mineria_minas","source_fid":"mineria_minas.422","source_srid":22173,"fetched_at":"2026-07-28T13:38:04+00:00","licencia":"no_especificada","nombre":"CROMITA LOS CONGOS"}},{"type":"Feature","geometry":{"type":"Point","coordinates":[-64.3502,-32.131]},"properties":{"id":"cordoba:minas_puntos:mineria_minas.423","provincia":"cordoba","provincia_nombre":"Córdoba","tipo":"mina","estado":"desconocido","geom_kind":"punto","fuente_id":"cordoba.idecor.minas_puntos","source_url":"https://idecor-ws.mapascordoba.gob.ar/geoserver/wfs?service=WFS&version=2.0.0&request=GetFeature&typeNames=idecor%3Amineria_minas&outputFormat=application%2Fjson&count=2000&startIndex=0&srsName=EPSG%3A4326","source_layer":"idecor:mineria_minas","source_fid":"mineria_minas.423","source_srid":22173,"fetched_at":"2026-07-28T13:38:04+00:00","licencia":"no_especificada","nombre":"DELINA"}},{"type":"Feature","geometry":{"type":"Point","coordinates":[-65.0867,-31.9234]},"properties":{"id":"cordoba:minas_puntos:mineria_minas.424","provincia":"cordoba","provincia_nombre":"Córdoba","tipo":"mina","estado":"desconocido","geom_kind":"punto","fuente_id":"cordoba.idecor.minas_puntos","source_url":"https://idecor-ws.mapascordoba.gob.ar/geoserver/wfs?service=WFS&version=2.0.0&request=GetFeature&typeNames=idecor%3Amineria_minas&outputFormat=application%2Fjson&count=2000&startIndex=0&srsName=EPSG%3A4326","source_layer":"idecor:mineria_minas","source_fid":"mineria_minas.424","source_srid":22173,"fetched_at":"2026-07-28T13:38:04+00:00","licencia":"no_especificada","nombre":"DIANA PRIMERA"}},{"type":"Feature","geometry":{"type":"Point","coordinates":[-64.3463,-32.1129]},"properties":{"id":"cordoba:minas_puntos:mineria_minas.426","provincia":"cordoba","provincia_nombre":"Córdoba","tipo":"mina","estado":"desconocido","geom_kind":"punto","fuente_id":"cordoba.idecor.minas_puntos","source_url":"https://idecor-ws.mapascordoba.gob.ar/geoserver/wfs?service=WFS&version=2.0.0&request=GetFeature&typeNames=idecor%3Amineria_minas&outputFormat=application%2Fjson&count=2000&startIndex=0&srsName=EPSG%3A4326","source_layer":"idecor:mineria_minas","source_fid":"mineria_minas.426","source_srid":22173,"fetched_at":"2026-07-28T13:38:04+00:00","licencia":"no_especificada","nombre":"DON GUILLERMO"}},{"type":"Feature","geometry":{"type":"Point","coordinates":[-64.3697,-32.2044]},"properties":{"id":"cordoba:minas_puntos:mineria_minas.427","provincia":"cordoba","provincia_nombre":"Córdoba","tipo":"mina","estado":"desconocido","geom_kind":"punto","fuente_id":"cordoba.idecor.minas_puntos","source_url":"https://idecor-ws.mapascordoba.gob.ar/geoserver/wfs?service=WFS&version=2.0.0&request=GetFeature&typeNames=idecor%3Amineria_minas&outputFormat=application%2Fjson&count=2000&startIndex=0&srsName=EPSG%3A4326","source_layer":"idecor:mineria_minas","source_fid":"mineria_minas.427","source_srid":22173,"fetched_at":"2026-07-28T13:38:04+00:00","licencia":"no_especificada","nombre":"DON SANTIAGO"}},{"type":"Feature","geometry":{"type":"Point","coordinates":[-64.8622,-32.1581]},"properties":{"id":"cordoba:minas_puntos:mineria_minas.428","provincia":"cordoba","provincia_nombre":"Córdoba","tipo":"mina","estado":"desconocido","geom_kind":"punto","fuente_id":"cordoba.idecor.minas_puntos","source_url":"https://idecor-ws.mapascordoba.gob.ar/geoserver/wfs?service=WFS&version=2.0.0&request=GetFeature&typeNames=idecor%3Amineria_minas&outputFormat=application%2Fjson&count=2000&startIndex=0&srsName=EPSG%3A4326","source_layer":"idecor:mineria_minas","source_fid":"mineria_minas.428","source_srid":22173,"fetched_at":"2026-07-28T13:38:04+00:00","licencia":"no_especificada","nombre":"EDUARDO"}},{"type":"Feature","geometry":{"type":"Point","coordinates":[-64.9184,-32.4355]},"properties":{"id":"cordoba:minas_puntos:mineria_minas.429","provincia":"cordoba","provincia_nombre":"Córdoba","tipo":"mina","estado":"desconocido","geom_kind":"punto","fuente_id":"cordoba.idecor.minas_puntos","source_url":"https://idecor-ws.mapascordoba.gob.ar/geoserver/wfs?service=WFS&version=2.0.0&request=GetFeature&typeNames=idecor%3Amineria_minas&outputFormat=application%2Fjson&count=2000&startIndex=0&srsName=EPSG%3A4326","source_layer":"idecor:mineria_minas","source_fid":"mineria_minas.429","source_srid":22173,"fetched_at":"2026-07-28T13:38:04+00:00","licencia":"no_especificada","nombre":"ELECTRA"}},{"type":"Feature","geometry":{"type":"Point","coordinates":[-64.9049,-32.4361]},"properties":{"id":"cordoba:minas_puntos:mineria_minas.430","provincia":"cordoba","provincia_nombre":"Córdoba","tipo":"mina","estado":"desconocido","geom_kind":"punto","fuente_id":"cordoba.idecor.minas_puntos","source_url":"https://idecor-ws.mapascordoba.gob.ar/geoserver/wfs?service=WFS&version=2.0.0&request=GetFeature&typeNames=idecor%3Amineria_minas&outputFormat=application%2Fjson&count=2000&startIndex=0&srsName=EPSG%3A4326","source_layer":"idecor:mineria_minas","source_fid":"mineria_minas.430","source_srid":22173,"fetched_at":"2026-07-28T13:38:04+00:00","licencia":"no_especificada","nombre":"ELECTRA II"}},{"type":"Feature","geometry":{"type":"Point","coordinates":[-64.9194,-32.4419]},"properties":{"id":"cordoba:minas_puntos:mineria_minas.431","provincia":"cordoba","provincia_nombre":"Córdoba","tipo":"mina","estado":"desconocido","geom_kind":"punto","fuente_id":"cordoba.idecor.minas_puntos","source_url":"https://idecor-ws.mapascordoba.gob.ar/geoserver/wfs?service=WFS&version=2.0.0&request=GetFeature&typeNames=idecor%3Amineria_minas&outputFormat=application%2Fjson&count=2000&startIndex=0&srsName=EPSG%3A4326","source_layer":"idecor:mineria_minas","source_fid":"mineria_minas.431","source_srid":22173,"fetched_at":"2026-07-28T13:38:04+00:00","licencia":"no_especificada","nombre":"ELECTRA III"}},{"type":"Feature","geometry":{"type":"Point","coordinates":[-64.9153,-32.432]},"properties":{"id":"cordoba:minas_puntos:mineria_minas.432","provincia":"cordoba","provincia_nombre":"Córdoba","tipo":"mina","estado":"desconocido","geom_kind":"punto","fuente_id":"cordoba.idecor.minas_puntos","source_url":"https://idecor-ws.mapascordoba.gob.ar/geoserver/wfs?service=WFS&version=2.0.0&request=GetFeature&typeNames=idecor%3Amineria_minas&outputFormat=application%2Fjson&count=2000&startIndex=0&srsName=EPSG%3A4326","source_layer":"idecor:mineria_minas","source_fid":"mineria_minas.432","source_srid":22173,"fetched_at":"2026-07-28T13:38:04+00:00","licencia":"no_especificada","nombre":"ELECTRA VI"}},{"type":"Feature","geometry":{"type":"Point","coordinates":[-64.8001,-32.8082]},"properties":{"id":"cordoba:minas_puntos:mineria_minas.433","provincia":"cordoba","provincia_nombre":"Córdoba","tipo":"mina","estado":"desconocido","geom_kind":"punto","fuente_id":"cordoba.idecor.minas_puntos","source_url":"https://idecor-ws.mapascordoba.gob.ar/geoserver/wfs?service=WFS&version=2.0.0&request=GetFeature&typeNames=idecor%3Amineria_minas&outputFormat=application%2Fjson&count=2000&startIndex=0&srsName=EPSG%3A4326","source_layer":"idecor:mineria_minas","source_fid":"mineria_minas.433","source_srid":22173,"fetched_at":"2026-07-28T13:38:04+00:00","licencia":"no_especificada","nombre":"ENANO"}},{"type":"Feature","geometry":{"type":"Point","coordinates":[-64.5822,-31.8093]},"properties":{"id":"cordoba:minas_puntos:mineria_minas.434","provincia":"cordoba","provincia_nombre":"Córdoba","tipo":"mina","estado":"desconocido","geom_kind":"punto","fuente_id":"cordoba.idecor.minas_puntos","source_url":"https://idecor-ws.mapascordoba.gob.ar/geoserver/wfs?service=WFS&version=2.0.0&request=GetFeature&typeNames=idecor%3Amineria_minas&outputFormat=application%2Fjson&count=2000&startIndex=0&srsName=EPSG%3A4326","source_layer":"idecor:mineria_minas","source_fid":"mineria_minas.434","source_srid":22173,"fetched_at":"2026-07-28T13:38:04+00:00","licencia":"no_especificada","nombre":"ERNESTINA"}},{"type":"Feature","geometry":{"type":"Point","coordinates":[-64.6694,-31.8294]},"properties":{"id":"cordoba:minas_puntos:mineria_minas.435","provincia":"cordoba","provincia_nombre":"Córdoba","tipo":"mina","estado":"desconocido","geom_kind":"punto","fuente_id":"cordoba.idecor.minas_puntos","source_url":"https://idecor-ws.mapascordoba.gob.ar/geoserver/wfs?service=WFS&version=2.0.0&request=GetFeature&typeNames=idecor%3Amineria_minas&outputFormat=application%2Fjson&count=2000&startIndex=0&srsName=EPSG%3A4326","source_layer":"idecor:mineria_minas","source_fid":"mineria_minas.435","source_srid":22173,"fetched_at":"2026-07-28T13:38:04+00:00","licencia":"no_especificada","nombre":"ESMERALDA"}},{"type":"Feature","geometry":{"type":"Point","coordinates":[-64.984,-32.1462]},"properties":{"id":"cordoba:minas_puntos:mineria_minas.436","provincia":"cordoba","provincia_nombre":"Córdoba","tipo":"mina","estado":"desconocido","geom_kind":"punto","fuente_id":"cordoba.idecor.minas_puntos","source_url":"https://idecor-ws.mapascordoba.gob.ar/geoserver/wfs?service=WFS&version=2.0.0&request=GetFeature&typeNames=idecor%3Amineria_minas&outputFormat=application%2Fjson&count=2000&startIndex=0&srsName=EPSG%3A4326","source_layer":"idecor:mineria_minas","source_fid":"mineria_minas.436","source_srid":22173,"fetched_at":"2026-07-28T13:38:04+00:00","licencia":"no_especificada","nombre":"ESTACA MINA 1° DE JULIO"}},{"type":"Feature","geometry":{"type":"Point","coordinates":[-64.9144,-32.3052]},"properties":{"id":"cordoba:minas_puntos:mineria_minas.437","provincia":"cordoba","provincia_nombre":"Córdoba","tipo":"mina","estado":"desconocido","geom_kind":"punto","fuente_id":"cordoba.idecor.minas_puntos","source_url":"https://idecor-ws.mapascordoba.gob.ar/geoserver/wfs?service=WFS&version=2.0.0&request=GetFeature&typeNames=idecor%3Amineria_minas&outputFormat=application%2Fjson&count=2000&startIndex=0&srsName=EPSG%3A4326","source_layer":"idecor:mineria_minas","source_fid":"mineria_minas.437","source_srid":22173,"fetched_at":"2026-07-28T13:38:04+00:00","licencia":"no_especificada","nombre":"ESTACA MINA ANGEL"}},{"type":"Feature","geometry":{"type":"Point","coordinates":[-64.9841,-31.8416]},"properties":{"id":"cordoba:minas_puntos:mineria_minas.438","provincia":"cordoba","provincia_nombre":"Córdoba","tipo":"mina","estado":"desconocido","geom_kind":"punto","fuente_id":"cordoba.idecor.minas_puntos","source_url":"https://idecor-ws.mapascordoba.gob.ar/geoserver/wfs?service=WFS&version=2.0.0&request=GetFeature&typeNames=idecor%3Amineria_minas&outputFormat=application%2Fjson&count=2000&startIndex=0&srsName=EPSG%3A4326","source_layer":"idecor:mineria_minas","source_fid":"mineria_minas.438","source_srid":22173,"fetched_at":"2026-07-28T13:38:04+00:00","licencia":"no_especificada","nombre":"EUREKA"}},{"type":"Feature","geometry":{"type":"Point","coordinates":[-64.7071,-31.8669]},"properties":{"id":"cordoba:minas_puntos:mineria_minas.439","provincia":"cordoba","provincia_nombre":"Córdoba","tipo":"mina","estado":"desconocido","geom_kind":"punto","fuente_id":"cordoba.idecor.minas_puntos","source_url":"https://idecor-ws.mapascordoba.gob.ar/geoserver/wfs?service=WFS&version=2.0.0&request=GetFeature&typeNames=idecor%3Amineria_minas&outputFormat=application%2Fjson&count=2000&startIndex=0&srsName=EPSG%3A4326","source_layer":"idecor:mineria_minas","source_fid":"mineria_minas.439","source_srid":22173,"fetched_at":"2026-07-28T13:38:04+00:00","licencia":"no_especificada","nombre":"FELICIANA"}},{"type":"Feature","geometry":{"type":"Point","coordinates":[-64.9399,-33.1595]},"properties":{"id":"cordoba:minas_puntos:mineria_minas.440","provincia":"cordoba","provincia_nombre":"Córdoba","tipo":"mina","estado":"desconocido","geom_kind":"punto","fuente_id":"cordoba.idecor.minas_puntos","source_url":"https://idecor-ws.mapascordoba.gob.ar/geoserver/wfs?service=WFS&version=2.0.0&request=GetFeature&typeNames=idecor%3Amineria_minas&outputFormat=application%2Fjson&count=2000&startIndex=0&srsName=EPSG%3A4326","source_layer":"idecor:mineria_minas","source_fid":"mineria_minas.440","source_srid":22173,"fetched_at":"2026-07-28T13:38:04+00:00","licencia":"no_especificada","nombre":"GIGANTE"}},{"type":"Feature","geometry":{"type":"Point","coordinates":[-64.9352,-32.1351]},"properties":{"id":"cordoba:minas_puntos:mineria_minas.441","provincia":"cordoba","provincia_nombre":"Córdoba","tipo":"mina","estado":"desconocido","geom_kind":"punto","fuente_id":"cordoba.idecor.minas_puntos","source_url":"https://idecor-ws.mapascordoba.gob.ar/geoserver/wfs?service=WFS&version=2.0.0&request=GetFeature&typeNames=idecor%3Amineria_minas&outputFormat=application%2Fjson&count=2000&startIndex=0&srsName=EPSG%3A4326","source_layer":"idecor:mineria_minas","source_fid":"mineria_minas.441","source_srid":22173,"fetched_at":"2026-07-28T13:38:04+00:00","licencia":"no_especificada","nombre":"GUL"}},{"type":"Feature","geometry":{"type":"Point","coordinates":[-64.5475,-31.8507]},"properties":{"id":"cordoba:minas_puntos:mineria_minas.442","provincia":"cordoba","provincia_nombre":"Córdoba","tipo":"mina","estado":"desconocido","geom_kind":"punto","fuente_id":"cordoba.idecor.minas_puntos","source_url":"https://idecor-ws.mapascordoba.gob.ar/geoserver/wfs?service=WFS&version=2.0.0&request=GetFeature&typeNames=idecor%3Amineria_minas&outputFormat=application%2Fjson&count=2000&startIndex=0&srsName=EPSG%3A4326","source_layer":"idecor:mineria_minas","source_fid":"mineria_minas.442","source_srid":22173,"fetched_at":"2026-07-28T13:38:04+00:00","licencia":"no_especificada","nombre":"INTELIGENTE"}},{"type":"Feature","geometry":{"type":"Point","coordinates":[-64.5504,-31.8466]},"properties":{"id":"cordoba:minas_puntos:mineria_minas.443","provincia":"cordoba","provincia_nombre":"Córdoba","tipo":"mina","estado":"desconocido","geom_kind":"punto","fuente_id":"cordoba.idecor.minas_puntos","source_url":"https://idecor-ws.mapascordoba.gob.ar/geoserver/wfs?service=WFS&version=2.0.0&request=GetFeature&typeNames=idecor%3Amineria_minas&outputFormat=application%2Fjson&count=2000&startIndex=0&srsName=EPSG%3A4326","source_layer":"idecor:mineria_minas","source_fid":"mineria_minas.443","source_srid":22173,"fetched_at":"2026-07-28T13:38:04+00:00","licencia":"no_especificada","nombre":"IGOR"}},{"type":"Feature","geometry":{"type":"Point","coordinates":[-64.8236,-32.8783]},"properties":{"id":"cordoba:minas_puntos:mineria_minas.444","provincia":"cordoba","provincia_nombre":"Córdoba","tipo":"mina","estado":"desconocido","geom_kind":"punto","fuente_id":"cordoba.idecor.minas_puntos","source_url":"https://idecor-ws.mapascordoba.gob.ar/geoserver/wfs?service=WFS&version=2.0.0&request=GetFeature&typeNames=idecor%3Amineria_minas&outputFormat=application%2Fjson&count=2000&startIndex=0&srsName=EPSG%3A4326","source_layer":"idecor:mineria_minas","source_fid":"mineria_minas.444","source_srid":22173,"fetched_at":"2026-07-28T13:38:04+00:00","licencia":"no_especificada","nombre":"INES ANA"}},{"type":"Feature","geometry":{"type":"Point","coordinates":[-64.7949,-32.8542]},"properties":{"id":"cordoba:minas_puntos:mineria_minas.445","provincia":"cordoba","provincia_nombre":"Córdoba","tipo":"mina","estado":"desconocido","geom_kind":"punto","fuente_id":"cordoba.idecor.minas_puntos","source_url":"https://idecor-ws.mapascordoba.gob.ar/geoserver/wfs?service=WFS&version=2.0.0&request=GetFeature&typeNames=idecor%3Amineria_minas&outputFormat=application%2Fjson&count=2000&startIndex=0&srsName=EPSG%3A4326","source_layer":"idecor:mineria_minas","source_fid":"mineria_minas.445","source_srid":22173,"fetched_at":"2026-07-28T13:38:04+00:00","licencia":"no_especificada","nombre":"JUAN ALBERTO"}},{"type":"Feature","geometry":{"type":"Point","coordinates":[-64.8617,-32.1603]},"properties":{"id":"cordoba:minas_puntos:mineria_minas.446","provincia":"cordoba","provincia_nombre":"Córdoba","tipo":"mina","estado":"desconocido","geom_kind":"punto","fuente_id":"cordoba.idecor.minas_puntos","source_url":"https://idecor-ws.mapascordoba.gob.ar/geoserver/wfs?service=WFS&version=2.0.0&request=GetFeature&typeNames=idecor%3Amineria_minas&outputFormat=application%2Fjson&count=2000&startIndex=0&srsName=EPSG%3A4326","source_layer":"idecor:mineria_minas","source_fid":"mineria_minas.446","source_srid":22173,"fetched_at":"2026-07-28T13:38:04+00:00","licencia":"no_especificada","nombre":"JULIO CESAR"}},{"type":"Feature","geometry":{"type":"Point","coordinates":[-64.64,-32.2661]},"properties":{"id":"cordoba:minas_puntos:mineria_minas.447","provincia":"cordoba","provincia_nombre":"Córdoba","tipo":"mina","estado":"desconocido","geom_kind":"punto","fuente_id":"cordoba.idecor.minas_puntos","source_url":"https://idecor-ws.mapascordoba.gob.ar/geoserver/wfs?service=WFS&version=2.0.0&request=GetFeature&typeNames=idecor%3Amineria_minas&outputFormat=application%2Fjson&count=2000&startIndex=0&srsName=EPSG%3A4326","source_layer":"idecor:mineria_minas","source_fid":"mineria_minas.447","source_srid":22173,"fetched_at":"2026-07-28T13:38:04+00:00","licencia":"no_especificada","nombre":"LA CASUALIDAD"}},{"type":"Feature","geometry":{"type":"Point","coordinates":[-64.7928,-32.7415]},"properties":{"id":"cordoba:minas_puntos:mineria_minas.449","provincia":"cordoba","provincia_nombre":"Córdoba","tipo":"mina","estado":"desconocido","geom_kind":"punto","fuente_id":"cordoba.idecor.minas_puntos","source_url":"https://idecor-ws.mapascordoba.gob.ar/geoserver/wfs?service=WFS&version=2.0.0&request=GetFeature&typeNames=idecor%3Amineria_minas&outputFormat=application%2Fjson&count=2000&startIndex=0&srsName=EPSG%3A4326","source_layer":"idecor:mineria_minas","source_fid":"mineria_minas.449","source_srid":22173,"fetched_at":"2026-07-28T13:38:04+00:00","licencia":"no_especificada","nombre":"LA CUCHILLA"}},{"type":"Feature","geometry":{"type":"Point","coordinates":[-64.868,-32.8152]},"properties":{"id":"cordoba:minas_puntos:mineria_minas.450","provincia":"cordoba","provincia_nombre":"Córdoba","tipo":"mina","estado":"desconocido","geom_kind":"punto","fuente_id":"cordoba.idecor.minas_puntos","source_url":"https://idecor-ws.mapascordoba.gob.ar/geoserver/wfs?service=WFS&version=2.0.0&request=GetFeature&typeNames=idecor%3Amineria_minas&outputFormat=application%2Fjson&count=2000&startIndex=0&srsName=EPSG%3A4326","source_layer":"idecor:mineria_minas","source_fid":"mineria_minas.450","source_srid":22173,"fetched_at":"2026-07-28T13:38:04+00:00","licencia":"no_especificada","nombre":"LA ESPERANZA"}},{"type":"Feature","geometry":{"type":"Point","coordinates":[-64.9214,-32.1079]},"properties":{"id":"cordoba:minas_puntos:mineria_minas.451","provincia":"cordoba","provincia_nombre":"Córdoba","tipo":"mina","estado":"desconocido","geom_kind":"punto","fuente_id":"cordoba.idecor.minas_puntos","source_url":"https://idecor-ws.mapascordoba.gob.ar/geoserver/wfs?service=WFS&version=2.0.0&request=GetFeature&typeNames=idecor%3Amineria_minas&outputFormat=application%2Fjson&count=2000&startIndex=0&srsName=EPSG%3A4326","source_layer":"idecor:mineria_minas","source_fid":"mineria_minas.451","source_srid":22173,"fetched_at":"2026-07-28T13:38:04+00:00","licencia":"no_especificada","nombre":"LA FELICIDAD"}},{"type":"Feature","geometry":{"type":"Point","coordinates":[-64.9219,-32.1044]},"properties":{"id":"cordoba:minas_puntos:mineria_minas.452","provincia":"cordoba","provincia_nombre":"Córdoba","tipo":"mina","estado":"desconocido","geom_kind":"punto","fuente_id":"cordoba.idecor.minas_puntos","source_url":"https://idecor-ws.mapascordoba.gob.ar/geoserver/wfs?service=WFS&version=2.0.0&request=GetFeature&typeNames=idecor%3Amineria_minas&outputFormat=application%2Fjson&count=2000&startIndex=0&srsName=EPSG%3A4326","source_layer":"idecor:mineria_minas","source_fid":"mineria_minas.452","source_srid":22173,"fetched_at":"2026-07-28T13:38:04+00:00","licencia":"no_especificada","nombre":"LA FELICIDAD NORTE"}},{"type":"Feature","geometry":{"type":"Point","coordinates":[-64.9331,-32.1111]},"properties":{"id":"cordoba:minas_puntos:mineria_minas.453","provincia":"cordoba","provincia_nombre":"Córdoba","tipo":"mina","estado":"desconocido","geom_kind":"punto","fuente_id":"cordoba.idecor.minas_puntos","source_url":"https://idecor-ws.mapascordoba.gob.ar/geoserver/wfs?service=WFS&version=2.0.0&request=GetFeature&typeNames=idecor%3Amineria_minas&outputFormat=application%2Fjson&count=2000&startIndex=0&srsName=EPSG%3A4326","source_layer":"idecor:mineria_minas","source_fid":"mineria_minas.453","source_srid":22173,"fetched_at":"2026-07-28T13:38:04+00:00","licencia":"no_especificada","nombre":"LA FELICIDAD OESTE"}},{"type":"Feature","geometry":{"type":"Point","coordinates":[-64.5783,-31.794]},"properties":{"id":"cordoba:minas_puntos:mineria_minas.454","provincia":"cordoba","provincia_nombre":"Córdoba","tipo":"mina","estado":"desconocido","geom_kind":"punto","fuente_id":"cordoba.idecor.minas_puntos","source_url":"https://idecor-ws.mapascordoba.gob.ar/geoserver/wfs?service=WFS&version=2.0.0&request=GetFeature&typeNames=idecor%3Amineria_minas&outputFormat=application%2Fjson&count=2000&startIndex=0&srsName=EPSG%3A4326","source_layer":"idecor:mineria_minas","source_fid":"mineria_minas.454","source_srid":22173,"fetched_at":"2026-07-28T13:38:04+00:00","licencia":"no_especificada","nombre":"LA ISABEL"}},{"type":"Feature","geometry":{"type":"Point","coordinates":[-64.6282,-31.7651]},"properties":{"id":"cordoba:minas_puntos:mineria_minas.455","provincia":"cordoba","provincia_nombre":"Córdoba","tipo":"mina","estado":"desconocido","geom_kind":"punto","fuente_id":"cordoba.idecor.minas_puntos","source_url":"https://idecor-ws.mapascordoba.gob.ar/geoserver/wfs?service=WFS&version=2.0.0&request=GetFeature&typeNames=idecor%3Amineria_minas&outputFormat=application%2Fjson&count=2000&startIndex=0&srsName=EPSG%3A4326","source_layer":"idecor:mineria_minas","source_fid":"mineria_minas.455","source_srid":22173,"fetched_at":"2026-07-28T13:38:04+00:00","licencia":"no_especificada","nombre":"LA JUANITA"}},{"type":"Feature","geometry":{"type":"Point","coordinates":[-65.0286,-32.0865]},"properties":{"id":"cordoba:minas_puntos:mineria_minas.457","provincia":"cordoba","provincia_nombre":"Córdoba","tipo":"mina","estado":"desconocido","geom_kind":"punto","fuente_id":"cordoba.idecor.minas_puntos","source_url":"https://idecor-ws.mapascordoba.gob.ar/geoserver/wfs?service=WFS&version=2.0.0&request=GetFeature&typeNames=idecor%3Amineria_minas&outputFormat=application%2Fjson&count=2000&startIndex=0&srsName=EPSG%3A4326","source_layer":"idecor:mineria_minas","source_fid":"mineria_minas.457","source_srid":22173,"fetched_at":"2026-07-28T13:38:04+00:00","licencia":"no_especificada","nombre":"LA LOMITA"}},{"type":"Feature","geometry":{"type":"Point","coordinates":[-64.5741,-32.4393]},"properties":{"id":"cordoba:minas_puntos:mineria_minas.458","provincia":"cordoba","provincia_nombre":"Córdoba","tipo":"mina","estado":"desconocido","geom_kind":"punto","fuente_id":"cordoba.idecor.minas_puntos","source_url":"https://idecor-ws.mapascordoba.gob.ar/geoserver/wfs?service=WFS&version=2.0.0&request=GetFeature&typeNames=idecor%3Amineria_minas&outputFormat=application%2Fjson&count=2000&startIndex=0&srsName=EPSG%3A4326","source_layer":"idecor:mineria_minas","source_fid":"mineria_minas.458","source_srid":22173,"fetched_at":"2026-07-28T13:38:04+00:00","licencia":"no_especificada","nombre":"LA MAGA"}},{"type":"Feature","geometry":{"type":"Point","coordinates":[-64.7157,-31.977]},"properties":{"id":"cordoba:minas_puntos:mineria_minas.459","provincia":"cordoba","provincia_nombre":"Córdoba","tipo":"mina","estado":"desconocido","geom_kind":"punto","fuente_id":"cordoba.idecor.minas_puntos","source_url":"https://idecor-ws.mapascordoba.gob.ar/geoserver/wfs?service=WFS&version=2.0.0&request=GetFeature&typeNames=idecor%3Amineria_minas&outputFormat=application%2Fjson&count=2000&startIndex=0&srsName=EPSG%3A4326","source_layer":"idecor:mineria_minas","source_fid":"mineria_minas.459","source_srid":22173,"fetched_at":"2026-07-28T13:38:04+00:00","licencia":"no_especificada","nombre":"LA NEGRITA"}},{"type":"Feature","geometry":{"type":"Point","coordinates":[-64.6966,-31.8826]},"properties":{"id":"cordoba:minas_puntos:mineria_minas.460","provincia":"cordoba","provincia_nombre":"Córdoba","tipo":"mina","estado":"desconocido","geom_kind":"punto","fuente_id":"cordoba.idecor.minas_puntos","source_url":"https://idecor-ws.mapascordoba.gob.ar/geoserver/wfs?service=WFS&version=2.0.0&request=GetFeature&typeNames=idecor%3Amineria_minas&outputFormat=application%2Fjson&count=2000&startIndex=0&srsName=EPSG%3A4326","source_layer":"idecor:mineria_minas","source_fid":"mineria_minas.460","source_srid":22173,"fetched_at":"2026-07-28T13:38:04+00:00","licencia":"no_especificada","nombre":"LA NONA"}},{"type":"Feature","geometry":{"type":"Point","coordinates":[-64.9088,-32.2886]},"properties":{"id":"cordoba:minas_puntos:mineria_minas.461","provincia":"cordoba","provincia_nombre":"Córdoba","tipo":"mina","estado":"desconocido","geom_kind":"punto","fuente_id":"cordoba.idecor.minas_puntos","source_url":"https://idecor-ws.mapascordoba.gob.ar/geoserver/wfs?service=WFS&version=2.0.0&request=GetFeature&typeNames=idecor%3Amineria_minas&outputFormat=application%2Fjson&count=2000&startIndex=0&srsName=EPSG%3A4326","source_layer":"idecor:mineria_minas","source_fid":"mineria_minas.461","source_srid":22173,"fetched_at":"2026-07-28T13:38:04+00:00","licencia":"no_especificada","nombre":"LA ONA"}},{"type":"Feature","geometry":{"type":"Point","coordinates":[-64.9118,-32.0543]},"properties":{"id":"cordoba:minas_puntos:mineria_minas.462","provincia":"cordoba","provincia_nombre":"Córdoba","tipo":"mina","estado":"desconocido","geom_kind":"punto","fuente_id":"cordoba.idecor.minas_puntos","source_url":"https://idecor-ws.mapascordoba.gob.ar/geoserver/wfs?service=WFS&version=2.0.0&request=GetFeature&typeNames=idecor%3Amineria_minas&outputFormat=application%2Fjson&count=2000&startIndex=0&srsName=EPSG%3A4326","source_layer":"idecor:mineria_minas","source_fid":"mineria_minas.462","source_srid":22173,"fetched_at":"2026-07-28T13:38:04+00:00","licencia":"no_especificada","nombre":"LA OSADA"}},{"type":"Feature","geometry":{"type":"Point","coordinates":[-65.0602,-31.7739]},"properties":{"id":"cordoba:minas_puntos:mineria_minas.463","provincia":"cordoba","provincia_nombre":"Córdoba","tipo":"mina","estado":"desconocido","geom_kind":"punto","fuente_id":"cordoba.idecor.minas_puntos","source_url":"https://idecor-ws.mapascordoba.gob.ar/geoserver/wfs?service=WFS&version=2.0.0&request=GetFeature&typeNames=idecor%3Amineria_minas&outputFormat=application%2Fjson&count=2000&startIndex=0&srsName=EPSG%3A4326","source_layer":"idecor:mineria_minas","source_fid":"mineria_minas.463","source_srid":22173,"fetched_at":"2026-07-28T13:38:04+00:00","licencia":"no_especificada","nombre":"LA PRECAMBRICA"}},{"type":"Feature","geometry":{"type":"Point","coordinates":[-65.0874,-31.9393]},"properties":{"id":"cordoba:minas_puntos:mineria_minas.464","provincia":"cordoba","provincia_nombre":"Córdoba","tipo":"mina","estado":"desconocido","geom_kind":"punto","fuente_id":"cordoba.idecor.minas_puntos","source_url":"https://idecor-ws.mapascordoba.gob.ar/geoserver/wfs?service=WFS&version=2.0.0&request=GetFeature&typeNames=idecor%3Amineria_minas&outputFormat=application%2Fjson&count=2000&startIndex=0&srsName=EPSG%3A4326","source_layer":"idecor:mineria_minas","source_fid":"mineria_minas.464","source_srid":22173,"fetched_at":"2026-07-28T13:38:04+00:00","licencia":"no_especificada","nombre":"LA PROTECTORA"}},{"type":"Feature","geometry":{"type":"Point","coordinates":[-64.5742,-32.1285]},"properties":{"id":"cordoba:minas_puntos:mineria_minas.465","provincia":"cordoba","provincia_nombre":"Córdoba","tipo":"mina","estado":"desconocido","geom_kind":"punto","fuente_id":"cordoba.idecor.minas_puntos","source_url":"https://idecor-ws.mapascordoba.gob.ar/geoserver/wfs?service=WFS&version=2.0.0&request=GetFeature&typeNames=idecor%3Amineria_minas&outputFormat=application%2Fjson&count=2000&startIndex=0&srsName=EPSG%3A4326","source_layer":"idecor:mineria_minas","source_fid":"mineria_minas.465","source_srid":22173,"fetched_at":"2026-07-28T13:38:04+00:00","licencia":"no_especificada","nombre":"LA TERA"}},{"type":"Feature","geometry":{"type":"Point","coordinates":[-64.5751,-32.128]},"properties":{"id":"cordoba:minas_puntos:mineria_minas.466","provincia":"cordoba","provincia_nombre":"Córdoba","tipo":"mina","estado":"desconocido","geom_kind":"punto","fuente_id":"cordoba.idecor.minas_puntos","source_url":"https://idecor-ws.mapascordoba.gob.ar/geoserver/wfs?service=WFS&version=2.0.0&request=GetFeature&typeNames=idecor%3Amineria_minas&outputFormat=application%2Fjson&count=2000&startIndex=0&srsName=EPSG%3A4326","source_layer":"idecor:mineria_minas","source_fid":"mineria_minas.466","source_srid":22173,"fetched_at":"2026-07-28T13:38:04+00:00","licencia":"no_especificada","nombre":"LA TERA II"}},{"type":"Feature","geometry":{"type":"Point","coordinates":[-64.573,-32.1305]},"properties":{"id":"cordoba:minas_puntos:mineria_minas.467","provincia":"cordoba","provincia_nombre":"Córdoba","tipo":"mina","estado":"desconocido","geom_kind":"punto","fuente_id":"cordoba.idecor.minas_puntos","source_url":"https://idecor-ws.mapascordoba.gob.ar/geoserver/wfs?service=WFS&version=2.0.0&request=GetFeature&typeNames=idecor%3Amineria_minas&outputFormat=application%2Fjson&count=2000&startIndex=0&srsName=EPSG%3A4326","source_layer":"idecor:mineria_minas","source_fid":"mineria_minas.467","source_srid":22173,"fetched_at":"2026-07-28T13:38:04+00:00","licencia":"no_especificada","nombre":"LA VECINA"}},{"type":"Feature","geometry":{"type":"Point","coordinates":[-64.7146,-32.6314]},"properties":{"id":"cordoba:minas_puntos:mineria_minas.469","provincia":"cordoba","provincia_nombre":"Córdoba","tipo":"mina","estado":"desconocido","geom_kind":"punto","fuente_id":"cordoba.idecor.minas_puntos","source_url":"https://idecor-ws.mapascordoba.gob.ar/geoserver/wfs?service=WFS&version=2.0.0&request=GetFeature&typeNames=idecor%3Amineria_minas&outputFormat=application%2Fjson&count=2000&startIndex=0&srsName=EPSG%3A4326","source_layer":"idecor:mineria_minas","source_fid":"mineria_minas.469","source_srid":22173,"fetched_at":"2026-07-28T13:38:04+00:00","licencia":"no_especificada","nombre":"LAS GUINDAS"}},{"type":"Feature","geometry":{"type":"Point","coordinates":[-65.0863,-31.9419]},"properties":{"id":"cordoba:minas_puntos:mineria_minas.471","provincia":"cordoba","provincia_nombre":"Córdoba","tipo":"mina","estado":"desconocido","geom_kind":"punto","fuente_id":"cordoba.idecor.minas_puntos","source_url":"https://idecor-ws.mapascordoba.gob.ar/geoserver/wfs?service=WFS&version=2.0.0&request=GetFeature&typeNames=idecor%3Amineria_minas&outputFormat=application%2Fjson&count=2000&startIndex=0&srsName=EPSG%3A4326","source_layer":"idecor:mineria_minas","source_fid":"mineria_minas.471","source_srid":22173,"fetched_at":"2026-07-28T13:38:04+00:00","licencia":"no_especificada","nombre":"LAS TAPIAS"}},{"type":"Feature","geometry":{"type":"Point","coordinates":[-64.7963,-32.5038]},"properties":{"id":"cordoba:minas_puntos:mineria_minas.472","provincia":"cordoba","provincia_nombre":"Córdoba","tipo":"mina","estado":"desconocido","geom_kind":"punto","fuente_id":"cordoba.idecor.minas_puntos","source_url":"https://idecor-ws.mapascordoba.gob.ar/geoserver/wfs?service=WFS&version=2.0.0&request=GetFeature&typeNames=idecor%3Amineria_minas&outputFormat=application%2Fjson&count=2000&startIndex=0&srsName=EPSG%3A4326","source_layer":"idecor:mineria_minas","source_fid":"mineria_minas.472","source_srid":22173,"fetched_at":"2026-07-28T13:38:04+00:00","licencia":"no_especificada","nombre":"LOS CERROS NEGROS"}},{"type":"Feature","geometry":{"type":"Point","coordinates":[-64.7284,-32.1855]},"properties":{"id":"cordoba:minas_puntos:mineria_minas.473","provincia":"cordoba","provincia_nombre":"Córdoba","tipo":"mina","estado":"desconocido","geom_kind":"punto","fuente_id":"cordoba.idecor.minas_puntos","source_url":"https://idecor-ws.mapascordoba.gob.ar/geoserver/wfs?service=WFS&version=2.0.0&request=GetFeature&typeNames=idecor%3Amineria_minas&outputFormat=application%2Fjson&count=2000&startIndex=0&srsName=EPSG%3A4326","source_layer":"idecor:mineria_minas","source_fid":"mineria_minas.473","source_srid":22173,"fetched_at":"2026-07-28T13:38:04+00:00","licencia":"no_especificada","nombre":"LOS GUANACOS"}},{"type":"Feature","geometry":{"type":"Point","coordinates":[-64.8007,-32.8272]},"properties":{"id":"cordoba:minas_puntos:mineria_minas.474","provincia":"cordoba","provincia_nombre":"Córdoba","tipo":"mina","estado":"desconocido","geom_kind":"punto","fuente_id":"cordoba.idecor.minas_puntos","source_url":"https://idecor-ws.mapascordoba.gob.ar/geoserver/wfs?service=WFS&version=2.0.0&request=GetFeature&typeNames=idecor%3Amineria_minas&outputFormat=application%2Fjson&count=2000&startIndex=0&srsName=EPSG%3A4326","source_layer":"idecor:mineria_minas","source_fid":"mineria_minas.474","source_srid":22173,"fetched_at":"2026-07-28T13:38:04+00:00","licencia":"no_especificada","nombre":"LOS MELLIZOS"}},{"type":"Feature","geometry":{"type":"Point","coordinates":[-64.6941,-31.836]},"properties":{"id":"cordoba:minas_puntos:mineria_minas.475","provincia":"cordoba","provincia_nombre":"Córdoba","tipo":"mina","estado":"desconocido","geom_kind":"punto","fuente_id":"cordoba.idecor.minas_puntos","source_url":"https://idecor-ws.mapascordoba.gob.ar/geoserver/wfs?service=WFS&version=2.0.0&request=GetFeature&typeNames=idecor%3Amineria_minas&outputFormat=application%2Fjson&count=2000&startIndex=0&srsName=EPSG%3A4326","source_layer":"idecor:mineria_minas","source_fid":"mineria_minas.475","source_srid":22173,"fetched_at":"2026-07-28T13:38:04+00:00","licencia":"no_especificada","nombre":"LUISA"}},{"type":"Feature","geometry":{"type":"Point","coordinates":[-64.7428,-32.5497]},"properties":{"id":"cordoba:minas_puntos:mineria_minas.476","provincia":"cordoba","provincia_nombre":"Córdoba","tipo":"mina","estado":"desconocido","geom_kind":"punto","fuente_id":"cordoba.idecor.minas_puntos","source_url":"https://idecor-ws.mapascordoba.gob.ar/geoserver/wfs?service=WFS&version=2.0.0&request=GetFeature&typeNames=idecor%3Amineria_minas&outputFormat=application%2Fjson&count=2000&startIndex=0&srsName=EPSG%3A4326","source_layer":"idecor:mineria_minas","source_fid":"mineria_minas.476","source_srid":22173,"fetched_at":"2026-07-28T13:38:04+00:00","licencia":"no_especificada","nombre":"MARCOS"}},{"type":"Feature","geometry":{"type":"Point","coordinates":[-64.94,-31.9937]},"properties":{"id":"cordoba:minas_puntos:mineria_minas.477","provincia":"cordoba","provincia_nombre":"Córdoba","tipo":"mina","estado":"desconocido","geom_kind":"punto","fuente_id":"cordoba.idecor.minas_puntos","source_url":"https://idecor-ws.mapascordoba.gob.ar/geoserver/wfs?service=WFS&version=2.0.0&request=GetFeature&typeNames=idecor%3Amineria_minas&outputFormat=application%2Fjson&count=2000&startIndex=0&srsName=EPSG%3A4326","source_layer":"idecor:mineria_minas","source_fid":"mineria_minas.477","source_srid":22173,"fetched_at":"2026-07-28T13:38:04+00:00","licencia":"no_especificada","nombre":"MARIA ANTONIA"}},{"type":"Feature","geometry":{"type":"Point","coordinates":[-64.6725,-31.8327]},"properties":{"id":"cordoba:minas_puntos:mineria_minas.478","provincia":"cordoba","provincia_nombre":"Córdoba","tipo":"mina","estado":"desconocido","geom_kind":"punto","fuente_id":"cordoba.idecor.minas_puntos","source_url":"https://idecor-ws.mapascordoba.gob.ar/geoserver/wfs?service=WFS&version=2.0.0&request=GetFeature&typeNames=idecor%3Amineria_minas&outputFormat=application%2Fjson&count=2000&startIndex=0&srsName=EPSG%3A4326","source_layer":"idecor:mineria_minas","source_fid":"mineria_minas.478","source_srid":22173,"fetched_at":"2026-07-28T13:38:04+00:00","licencia":"no_especificada","nombre":"MARIA ELENA"}},{"type":"Feature","geometry":{"type":"Point","coordinates":[-64.9291,-31.9303]},"properties":{"id":"cordoba:minas_puntos:mineria_minas.479","provincia":"cordoba","provincia_nombre":"Córdoba","tipo":"mina","estado":"desconocido","geom_kind":"punto","fuente_id":"cordoba.idecor.minas_puntos","source_url":"https://idecor-ws.mapascordoba.gob.ar/geoserver/wfs?service=WFS&version=2.0.0&request=GetFeature&typeNames=idecor%3Amineria_minas&outputFormat=application%2Fjson&count=2000&startIndex=0&srsName=EPSG%3A4326","source_layer":"idecor:mineria_minas","source_fid":"mineria_minas.479","source_srid":22173,"fetched_at":"2026-07-28T13:38:04+00:00","licencia":"no_especificada","nombre":"MARIA FERNANDA"}},{"type":"Feature","geometry":{"type":"Point","coordinates":[-64.7686,-32.671]},"properties":{"id":"cordoba:minas_puntos:mineria_minas.480","provincia":"cordoba","provincia_nombre":"Córdoba","tipo":"mina","estado":"desconocido","geom_kind":"punto","fuente_id":"cordoba.idecor.minas_puntos","source_url":"https://idecor-ws.mapascordoba.gob.ar/geoserver/wfs?service=WFS&version=2.0.0&request=GetFeature&typeNames=idecor%3Amineria_minas&outputFormat=application%2Fjson&count=2000&startIndex=0&srsName=EPSG%3A4326","source_layer":"idecor:mineria_minas","source_fid":"mineria_minas.480","source_srid":22173,"fetched_at":"2026-07-28T13:38:04+00:00","licencia":"no_especificada","nombre":"MARIA MERCEDES"}},{"type":"Feature","geometry":{"type":"Point","coordinates":[-64.8931,-32.438]},"properties":{"id":"cordoba:minas_puntos:mineria_minas.481","provincia":"cordoba","provincia_nombre":"Córdoba","tipo":"mina","estado":"desconocido","geom_kind":"punto","fuente_id":"cordoba.idecor.minas_puntos","source_url":"https://idecor-ws.mapascordoba.gob.ar/geoserver/wfs?service=WFS&version=2.0.0&request=GetFeature&typeNames=idecor%3Amineria_minas&outputFormat=application%2Fjson&count=2000&startIndex=0&srsName=EPSG%3A4326","source_layer":"idecor:mineria_minas","source_fid":"mineria_minas.481","source_srid":22173,"fetched_at":"2026-07-28T13:38:04+00:00","licencia":"no_especificada","nombre":"MARIA TERESA"}},{"type":"Feature","geometry":{"type":"Point","coordinates":[-64.7799,-32.7825]},"properties":{"id":"cordoba:minas_puntos:mineria_minas.482","provincia":"cordoba","provincia_nombre":"Córdoba","tipo":"mina","estado":"desconocido","geom_kind":"punto","fuente_id":"cordoba.idecor.minas_puntos","source_url":"https://idecor-ws.mapascordoba.gob.ar/geoserver/wfs?service=WFS&version=2.0.0&request=GetFeature&typeNames=idecor%3Amineria_minas&outputFormat=application%2Fjson&count=2000&startIndex=0&srsName=EPSG%3A4326","source_layer":"idecor:mineria_minas","source_fid":"mineria_minas.482","source_srid":22173,"fetched_at":"2026-07-28T13:38:04+00:00","licencia":"no_especificada","nombre":"MARIANA"}},{"type":"Feature","geometry":{"type":"Point","coordinates":[-64.7218,-32.5598]},"properties":{"id":"cordoba:minas_puntos:mineria_minas.484","provincia":"cordoba","provincia_nombre":"Córdoba","tipo":"mina","estado":"desconocido","geom_kind":"punto","fuente_id":"cordoba.idecor.minas_puntos","source_url":"https://idecor-ws.mapascordoba.gob.ar/geoserver/wfs?service=WFS&version=2.0.0&request=GetFeature&typeNames=idecor%3Amineria_minas&outputFormat=application%2Fjson&count=2000&startIndex=0&srsName=EPSG%3A4326","source_layer":"idecor:mineria_minas","source_fid":"mineria_minas.484","source_srid":22173,"fetched_at":"2026-07-28T13:38:04+00:00","licencia":"no_especificada","nombre":"MIGUEL"}},{"type":"Feature","geometry":{"type":"Point","coordinates":[-64.8597,-32.1648]},"properties":{"id":"cordoba:minas_puntos:mineria_minas.485","provincia":"cordoba","provincia_nombre":"Córdoba","tipo":"mina","estado":"desconocido","geom_kind":"punto","fuente_id":"cordoba.idecor.minas_puntos","source_url":"https://idecor-ws.mapascordoba.gob.ar/geoserver/wfs?service=WFS&version=2.0.0&request=GetFeature&typeNames=idecor%3Amineria_minas&outputFormat=application%2Fjson&count=2000&startIndex=0&srsName=EPSG%3A4326","source_layer":"idecor:mineria_minas","source_fid":"mineria_minas.485","source_srid":22173,"fetched_at":"2026-07-28T13:38:04+00:00","licencia":"no_especificada","nombre":"NELDITA"}},{"type":"Feature","geometry":{"type":"Point","coordinates":[-64.5953,-31.8725]},"properties":{"id":"cordoba:minas_puntos:mineria_minas.486","provincia":"cordoba","provincia_nombre":"Córdoba","tipo":"mina","estado":"desconocido","geom_kind":"punto","fuente_id":"cordoba.idecor.minas_puntos","source_url":"https://idecor-ws.mapascordoba.gob.ar/geoserver/wfs?service=WFS&version=2.0.0&request=GetFeature&typeNames=idecor%3Amineria_minas&outputFormat=application%2Fjson&count=2000&startIndex=0&srsName=EPSG%3A4326","source_layer":"idecor:mineria_minas","source_fid":"mineria_minas.486","source_srid":22173,"fetched_at":"2026-07-28T13:38:04+00:00","licencia":"no_especificada","nombre":"NOELIA"}},{"type":"Feature","geometry":{"type":"Point","coordinates":[-64.5872,-31.7946]},"properties":{"id":"cordoba:minas_puntos:mineria_minas.487","provincia":"cordoba","provincia_nombre":"Córdoba","tipo":"mina","estado":"desconocido","geom_kind":"punto","fuente_id":"cordoba.idecor.minas_puntos","source_url":"https://idecor-ws.mapascordoba.gob.ar/geoserver/wfs?service=WFS&version=2.0.0&request=GetFeature&typeNames=idecor%3Amineria_minas&outputFormat=application%2Fjson&count=2000&startIndex=0&srsName=EPSG%3A4326","source_layer":"idecor:mineria_minas","source_fid":"mineria_minas.487","source_srid":22173,"fetched_at":"2026-07-28T13:38:04+00:00","licencia":"no_especificada","nombre":"NUMERO UNO (ASTILLAS)"}},{"type":"Feature","geometry":{"type":"Point","coordinates":[-64.8685,-32.288]},"properties":{"id":"cordoba:minas_puntos:mineria_minas.488","provincia":"cordoba","provincia_nombre":"Córdoba","tipo":"mina","estado":"desconocido","geom_kind":"punto","fuente_id":"cordoba.idecor.minas_puntos","source_url":"https://idecor-ws.mapascordoba.gob.ar/geoserver/wfs?service=WFS&version=2.0.0&request=GetFeature&typeNames=idecor%3Amineria_minas&outputFormat=application%2Fjson&count=2000&startIndex=0&srsName=EPSG%3A4326","source_layer":"idecor:mineria_minas","source_fid":"mineria_minas.488","source_srid":22173,"fetched_at":"2026-07-28T13:38:04+00:00","licencia":"no_especificada","nombre":"OTTO"}},{"type":"Feature","geometry":{"type":"Point","coordinates":[-64.8077,-32.3929]},"properties":{"id":"cordoba:minas_puntos:mineria_minas.489","provincia":"cordoba","provincia_nombre":"Córdoba","tipo":"mina","estado":"desconocido","geom_kind":"punto","fuente_id":"cordoba.idecor.minas_puntos","source_url":"https://idecor-ws.mapascordoba.gob.ar/geoserver/wfs?service=WFS&version=2.0.0&request=GetFeature&typeNames=idecor%3Amineria_minas&outputFormat=application%2Fjson&count=2000&startIndex=0&srsName=EPSG%3A4326","source_layer":"idecor:mineria_minas","source_fid":"mineria_minas.489","source_srid":22173,"fetched_at":"2026-07-28T13:38:04+00:00","licencia":"no_especificada","nombre":"OTTO I"}},{"type":"Feature","geometry":{"type":"Point","coordinates":[-64.8166,-32.3791]},"properties":{"id":"cordoba:minas_puntos:mineria_minas.490","provincia":"cordoba","provincia_nombre":"Córdoba","tipo":"mina","estado":"desconocido","geom_kind":"punto","fuente_id":"cordoba.idecor.minas_puntos","source_url":"https://idecor-ws.mapascordoba.gob.ar/geoserver/wfs?service=WFS&version=2.0.0&request=GetFeature&typeNames=idecor%3Amineria_minas&outputFormat=application%2Fjson&count=2000&startIndex=0&srsName=EPSG%3A4326","source_layer":"idecor:mineria_minas","source_fid":"mineria_minas.490","source_srid":22173,"fetched_at":"2026-07-28T13:38:04+00:00","licencia":"no_especificada","nombre":"OTTO II"}},{"type":"Feature","geometry":{"type":"Point","coordinates":[-64.8255,-32.3487]},"properties":{"id":"cordoba:minas_puntos:mineria_minas.491","provincia":"cordoba","provincia_nombre":"Córdoba","tipo":"mina","estado":"desconocido","geom_kind":"punto","fuente_id":"cordoba.idecor.minas_puntos","source_url":"https://idecor-ws.mapascordoba.gob.ar/geoserver/wfs?service=WFS&version=2.0.0&request=GetFeature&typeNames=idecor%3Amineria_minas&outputFormat=application%2Fjson&count=2000&startIndex=0&srsName=EPSG%3A4326","source_layer":"idecor:mineria_minas","source_fid":"mineria_minas.491","source_srid":22173,"fetched_at":"2026-07-28T13:38:04+00:00","licencia":"no_especificada","nombre":"OTTO III"}},{"type":"Feature","geometry":{"type":"Point","coordinates":[-64.8346,-32.3764]},"properties":{"id":"cordoba:minas_puntos:mineria_minas.492","provincia":"cordoba","provincia_nombre":"Córdoba","tipo":"mina","estado":"desconocido","geom_kind":"punto","fuente_id":"cordoba.idecor.minas_puntos","source_url":"https://idecor-ws.mapascordoba.gob.ar/geoserver/wfs?service=WFS&version=2.0.0&request=GetFeature&typeNames=idecor%3Amineria_minas&outputFormat=application%2Fjson&count=2000&startIndex=0&srsName=EPSG%3A4326","source_layer":"idecor:mineria_minas","source_fid":"mineria_minas.492","source_srid":22173,"fetched_at":"2026-07-28T13:38:04+00:00","licencia":"no_especificada","nombre":"OTTO IV"}},{"type":"Feature","geometry":{"type":"Point","coordinates":[-64.8434,-32.3827]},"properties":{"id":"cordoba:minas_puntos:mineria_minas.493","provincia":"cordoba","provincia_nombre":"Córdoba","tipo":"mina","estado":"desconocido","geom_kind":"punto","fuente_id":"cordoba.idecor.minas_puntos","source_url":"https://idecor-ws.mapascordoba.gob.ar/geoserver/wfs?service=WFS&version=2.0.0&request=GetFeature&typeNames=idecor%3Amineria_minas&outputFormat=application%2Fjson&count=2000&startIndex=0&srsName=EPSG%3A4326","source_layer":"idecor:mineria_minas","source_fid":"mineria_minas.493","source_srid":22173,"fetched_at":"2026-07-28T13:38:04+00:00","licencia":"no_especificada","nombre":"OTTO V"}},{"type":"Feature","geometry":{"type":"Point","coordinates":[-64.8307,-32.3641]},"properties":{"id":"cordoba:minas_puntos:mineria_minas.495","provincia":"cordoba","provincia_nombre":"Córdoba","tipo":"mina","estado":"desconocido","geom_kind":"punto","fuente_id":"cordoba.idecor.minas_puntos","source_url":"https://idecor-ws.mapascordoba.gob.ar/geoserver/wfs?service=WFS&version=2.0.0&request=GetFeature&typeNames=idecor%3Amineria_minas&outputFormat=application%2Fjson&count=2000&startIndex=0&srsName=EPSG%3A4326","source_layer":"idecor:mineria_minas","source_fid":"mineria_minas.495","source_srid":22173,"fetched_at":"2026-07-28T13:38:04+00:00","licencia":"no_especificada","nombre":"OTTO IX"}},{"type":"Feature","geometry":{"type":"Point","coordinates":[-64.9174,-32.4249]},"properties":{"id":"cordoba:minas_puntos:mineria_minas.496","provincia":"cordoba","provincia_nombre":"Córdoba","tipo":"mina","estado":"desconocido","geom_kind":"punto","fuente_id":"cordoba.idecor.minas_puntos","source_url":"https://idecor-ws.mapascordoba.gob.ar/geoserver/wfs?service=WFS&version=2.0.0&request=GetFeature&typeNames=idecor%3Amineria_minas&outputFormat=application%2Fjson&count=2000&startIndex=0&srsName=EPSG%3A4326","source_layer":"idecor:mineria_minas","source_fid":"mineria_minas.496","source_srid":22173,"fetched_at":"2026-07-28T13:38:04+00:00","licencia":"no_especificada","nombre":"OTTO XI"}},{"type":"Feature","geometry":{"type":"Point","coordinates":[-64.9255,-32.3979]},"properties":{"id":"cordoba:minas_puntos:mineria_minas.497","provincia":"cordoba","provincia_nombre":"Córdoba","tipo":"mina","estado":"desconocido","geom_kind":"punto","fuente_id":"cordoba.idecor.minas_puntos","source_url":"https://idecor-ws.mapascordoba.gob.ar/geoserver/wfs?service=WFS&version=2.0.0&request=GetFeature&typeNames=idecor%3Amineria_minas&outputFormat=application%2Fjson&count=2000&startIndex=0&srsName=EPSG%3A4326","source_layer":"idecor:mineria_minas","source_fid":"mineria_minas.497","source_srid":22173,"fetched_at":"2026-07-28T13:38:04+00:00","licencia":"no_especificada","nombre":"OTTO XIII"}},{"type":"Feature","geometry":{"type":"Point","coordinates":[-64.8967,-32.3001]},"properties":{"id":"cordoba:minas_puntos:mineria_minas.498","provincia":"cordoba","provincia_nombre":"Córdoba","tipo":"mina","estado":"desconocido","geom_kind":"punto","fuente_id":"cordoba.idecor.minas_puntos","source_url":"https://idecor-ws.mapascordoba.gob.ar/geoserver/wfs?service=WFS&version=2.0.0&request=GetFeature&typeNames=idecor%3Amineria_minas&outputFormat=application%2Fjson&count=2000&startIndex=0&srsName=EPSG%3A4326","source_layer":"idecor:mineria_minas","source_fid":"mineria_minas.498","source_srid":22173,"fetched_at":"2026-07-28T13:38:04+00:00","licencia":"no_especificada","nombre":"PABLO"}},{"type":"Feature","geometry":{"type":"Point","coordinates":[-64.7996,-32.5031]},"properties":{"id":"cordoba:minas_puntos:mineria_minas.499","provincia":"cordoba","provincia_nombre":"Córdoba","tipo":"mina","estado":"desconocido","geom_kind":"punto","fuente_id":"cordoba.idecor.minas_puntos","source_url":"https://idecor-ws.mapascordoba.gob.ar/geoserver/wfs?service=WFS&version=2.0.0&request=GetFeature&typeNames=idecor%3Amineria_minas&outputFormat=application%2Fjson&count=2000&startIndex=0&srsName=EPSG%3A4326","source_layer":"idecor:mineria_minas","source_fid":"mineria_minas.499","source_srid":22173,"fetched_at":"2026-07-28T13:38:04+00:00","licencia":"no_especificada","nombre":"PATRICIA"}},{"type":"Feature","geometry":{"type":"Point","coordinates":[-64.835,-32.4578]},"properties":{"id":"cordoba:minas_puntos:mineria_minas.500","provincia":"cordoba","provincia_nombre":"Córdoba","tipo":"mina","estado":"desconocido","geom_kind":"punto","fuente_id":"cordoba.idecor.minas_puntos","source_url":"https://idecor-ws.mapascordoba.gob.ar/geoserver/wfs?service=WFS&version=2.0.0&request=GetFeature&typeNames=idecor%3Amineria_minas&outputFormat=application%2Fjson&count=2000&startIndex=0&srsName=EPSG%3A4326","source_layer":"idecor:mineria_minas","source_fid":"mineria_minas.500","source_srid":22173,"fetched_at":"2026-07-28T13:38:04+00:00","licencia":"no_especificada","nombre":"PAZ"}},{"type":"Feature","geometry":{"type":"Point","coordinates":[-64.7189,-32.3818]},"properties":{"id":"cordoba:minas_puntos:mineria_minas.501","provincia":"cordoba","provincia_nombre":"Córdoba","tipo":"mina","estado":"desconocido","geom_kind":"punto","fuente_id":"cordoba.idecor.minas_puntos","source_url":"https://idecor-ws.mapascordoba.gob.ar/geoserver/wfs?service=WFS&version=2.0.0&request=GetFeature&typeNames=idecor%3Amineria_minas&outputFormat=application%2Fjson&count=2000&startIndex=0&srsName=EPSG%3A4326","source_layer":"idecor:mineria_minas","source_fid":"mineria_minas.501","source_srid":22173,"fetched_at":"2026-07-28T13:38:04+00:00","licencia":"no_especificada","nombre":"PIRCAS BLANCAS"}},{"type":"Feature","geometry":{"type":"Point","coordinates":[-64.8429,-32.4628]},"properties":{"id":"cordoba:minas_puntos:mineria_minas.502","provincia":"cordoba","provincia_nombre":"Córdoba","tipo":"mina","estado":"desconocido","geom_kind":"punto","fuente_id":"cordoba.idecor.minas_puntos","source_url":"https://idecor-ws.mapascordoba.gob.ar/geoserver/wfs?service=WFS&version=2.0.0&request=GetFeature&typeNames=idecor%3Amineria_minas&outputFormat=application%2Fjson&count=2000&startIndex=0&srsName=EPSG%3A4326","source_layer":"idecor:mineria_minas","source_fid":"mineria_minas.502","source_srid":22173,"fetched_at":"2026-07-28T13:38:04+00:00","licencia":"no_especificada","nombre":"PRODIGA"}},{"type":"Feature","geometry":{"type":"Point","coordinates":[-64.9136,-32.3613]},"properties":{"id":"cordoba:minas_puntos:mineria_minas.503","provincia":"cordoba","provincia_nombre":"Córdoba","tipo":"mina","estado":"desconocido","geom_kind":"punto","fuente_id":"cordoba.idecor.minas_puntos","source_url":"https://idecor-ws.mapascordoba.gob.ar/geoserver/wfs?service=WFS&version=2.0.0&request=GetFeature&typeNames=idecor%3Amineria_minas&outputFormat=application%2Fjson&count=2000&startIndex=0&srsName=EPSG%3A4326","source_layer":"idecor:mineria_minas","source_fid":"mineria_minas.503","source_srid":22173,"fetched_at":"2026-07-28T13:38:04+00:00","licencia":"no_especificada","nombre":"PUERTA VERDE"}},{"type":"Feature","geometry":{"type":"Point","coordinates":[-64.5907,-32.1764]},"properties":{"id":"cordoba:minas_puntos:mineria_minas.504","provincia":"cordoba","provincia_nombre":"Córdoba","tipo":"mina","estado":"desconocido","geom_kind":"punto","fuente_id":"cordoba.idecor.minas_puntos","source_url":"https://idecor-ws.mapascordoba.gob.ar/geoserver/wfs?service=WFS&version=2.0.0&request=GetFeature&typeNames=idecor%3Amineria_minas&outputFormat=application%2Fjson&count=2000&startIndex=0&srsName=EPSG%3A4326","source_layer":"idecor:mineria_minas","source_fid":"mineria_minas.504","source_srid":22173,"fetched_at":"2026-07-28T13:38:04+00:00","licencia":"no_especificada","nombre":"PUNTA DEL MOLLE"}},{"type":"Feature","geometry":{"type":"Point","coordinates":[-64.7613,-32.6803]},"properties":{"id":"cordoba:minas_puntos:mineria_minas.505","provincia":"cordoba","provincia_nombre":"Córdoba","tipo":"mina","estado":"desconocido","geom_kind":"punto","fuente_id":"cordoba.idecor.minas_puntos","source_url":"https://idecor-ws.mapascordoba.gob.ar/geoserver/wfs?service=WFS&version=2.0.0&request=GetFeature&typeNames=idecor%3Amineria_minas&outputFormat=application%2Fjson&count=2000&startIndex=0&srsName=EPSG%3A4326","source_layer":"idecor:mineria_minas","source_fid":"mineria_minas.505","source_srid":22173,"fetched_at":"2026-07-28T13:38:04+00:00","licencia":"no_especificada","nombre":"RITA"}},{"type":"Feature","geometry":{"type":"Point","coordinates":[-65.088,-31.9411]},"properties":{"id":"cordoba:minas_puntos:mineria_minas.506","provincia":"cordoba","provincia_nombre":"Córdoba","tipo":"mina","estado":"desconocido","geom_kind":"punto","fuente_id":"cordoba.idecor.minas_puntos","source_url":"https://idecor-ws.mapascordoba.gob.ar/geoserver/wfs?service=WFS&version=2.0.0&request=GetFeature&typeNames=idecor%3Amineria_minas&outputFormat=application%2Fjson&count=2000&startIndex=0&srsName=EPSG%3A4326","source_layer":"idecor:mineria_minas","source_fid":"mineria_minas.506","source_srid":22173,"fetched_at":"2026-07-28T13:38:04+00:00","licencia":"no_especificada","nombre":"ROSITA"}},{"type":"Feature","geometry":{"type":"Point","coordinates":[-63.9757,-32.2069]},"properties":{"id":"cordoba:minas_puntos:mineria_minas.507","provincia":"cordoba","provincia_nombre":"Córdoba","tipo":"mina","estado":"desconocido","geom_kind":"punto","fuente_id":"cordoba.idecor.minas_puntos","source_url":"https://idecor-ws.mapascordoba.gob.ar/geoserver/wfs?service=WFS&version=2.0.0&request=GetFeature&typeNames=idecor%3Amineria_minas&outputFormat=application%2Fjson&count=2000&startIndex=0&srsName=EPSG%3A4326","source_layer":"idecor:mineria_minas","source_fid":"mineria_minas.507","source_srid":22173,"fetched_at":"2026-07-28T13:38:04+00:00","licencia":"no_especificada","nombre":"SAMANTA"}},{"type":"Feature","geometry":{"type":"Point","coordinates":[-65.1979,-32.2775]},"properties":{"id":"cordoba:minas_puntos:mineria_minas.508","provincia":"cordoba","provincia_nombre":"Córdoba","tipo":"mina","estado":"desconocido","geom_kind":"punto","fuente_id":"cordoba.idecor.minas_puntos","source_url":"https://idecor-ws.mapascordoba.gob.ar/geoserver/wfs?service=WFS&version=2.0.0&request=GetFeature&typeNames=idecor%3Amineria_minas&outputFormat=application%2Fjson&count=2000&startIndex=0&srsName=EPSG%3A4326","source_layer":"idecor:mineria_minas","source_fid":"mineria_minas.508","source_srid":22173,"fetched_at":"2026-07-28T13:38:04+00:00","licencia":"no_especificada","nombre":"SAN ANDRES"}},{"type":"Feature","geometry":{"type":"Point","coordinates":[-64.787,-32.5133]},"properties":{"id":"cordoba:minas_puntos:mineria_minas.509","provincia":"cordoba","provincia_nombre":"Córdoba","tipo":"mina","estado":"desconocido","geom_kind":"punto","fuente_id":"cordoba.idecor.minas_puntos","source_url":"https://idecor-ws.mapascordoba.gob.ar/geoserver/wfs?service=WFS&version=2.0.0&request=GetFeature&typeNames=idecor%3Amineria_minas&outputFormat=application%2Fjson&count=2000&startIndex=0&srsName=EPSG%3A4326","source_layer":"idecor:mineria_minas","source_fid":"mineria_minas.509","source_srid":22173,"fetched_at":"2026-07-28T13:38:04+00:00","licencia":"no_especificada","nombre":"SAN CAYETANO"}},{"type":"Feature","geometry":{"type":"Point","coordinates":[-64.8071,-32.5005]},"properties":{"id":"cordoba:minas_puntos:mineria_minas.510","provincia":"cordoba","provincia_nombre":"Córdoba","tipo":"mina","estado":"desconocido","geom_kind":"punto","fuente_id":"cordoba.idecor.minas_puntos","source_url":"https://idecor-ws.mapascordoba.gob.ar/geoserver/wfs?service=WFS&version=2.0.0&request=GetFeature&typeNames=idecor%3Amineria_minas&outputFormat=application%2Fjson&count=2000&startIndex=0&srsName=EPSG%3A4326","source_layer":"idecor:mineria_minas","source_fid":"mineria_minas.510","source_srid":22173,"fetched_at":"2026-07-28T13:38:04+00:00","licencia":"no_especificada","nombre":"SAN GUILLERMO"}},{"type":"Feature","geometry":{"type":"Point","coordinates":[-65.0889,-31.9435]},"properties":{"id":"cordoba:minas_puntos:mineria_minas.511","provincia":"cordoba","provincia_nombre":"Córdoba","tipo":"mina","estado":"desconocido","geom_kind":"punto","fuente_id":"cordoba.idecor.minas_puntos","source_url":"https://idecor-ws.mapascordoba.gob.ar/geoserver/wfs?service=WFS&version=2.0.0&request=GetFeature&typeNames=idecor%3Amineria_minas&outputFormat=application%2Fjson&count=2000&startIndex=0&srsName=EPSG%3A4326","source_layer":"idecor:mineria_minas","source_fid":"mineria_minas.511","source_srid":22173,"fetched_at":"2026-07-28T13:38:04+00:00","licencia":"no_especificada","nombre":"SAN JOSE"}},{"type":"Feature","geometry":{"type":"Point","coordinates":[-65.0881,-31.9464]},"properties":{"id":"cordoba:minas_puntos:mineria_minas.512","provincia":"cordoba","provincia_nombre":"Córdoba","tipo":"mina","estado":"desconocido","geom_kind":"punto","fuente_id":"cordoba.idecor.minas_puntos","source_url":"https://idecor-ws.mapascordoba.gob.ar/geoserver/wfs?service=WFS&version=2.0.0&request=GetFeature&typeNames=idecor%3Amineria_minas&outputFormat=application%2Fjson&count=2000&startIndex=0&srsName=EPSG%3A4326","source_layer":"idecor:mineria_minas","source_fid":"mineria_minas.512","source_srid":22173,"fetched_at":"2026-07-28T13:38:04+00:00","licencia":"no_especificada","nombre":"SAN JOSE II"}},{"type":"Feature","geometry":{"type":"Point","coordinates":[-65.0855,-31.9445]},"properties":{"id":"cordoba:minas_puntos:mineria_minas.513","provincia":"cordoba","provincia_nombre":"Córdoba","tipo":"mina","estado":"desconocido","geom_kind":"punto","fuente_id":"cordoba.idecor.minas_puntos","source_url":"https://idecor-ws.mapascordoba.gob.ar/geoserver/wfs?service=WFS&version=2.0.0&request=GetFeature&typeNames=idecor%3Amineria_minas&outputFormat=application%2Fjson&count=2000&startIndex=0&srsName=EPSG%3A4326","source_layer":"idecor:mineria_minas","source_fid":"mineria_minas.513","source_srid":22173,"fetched_at":"2026-07-28T13:38:04+00:00","licencia":"no_especificada","nombre":"SAN TELESFORO"}},{"type":"Feature","geometry":{"type":"Point","coordinates":[-64.8393,-32.46]},"properties":{"id":"cordoba:minas_puntos:mineria_minas.514","provincia":"cordoba","provincia_nombre":"Córdoba","tipo":"mina","estado":"desconocido","geom_kind":"punto","fuente_id":"cordoba.idecor.minas_puntos","source_url":"https://idecor-ws.mapascordoba.gob.ar/geoserver/wfs?service=WFS&version=2.0.0&request=GetFeature&typeNames=idecor%3Amineria_minas&outputFormat=application%2Fjson&count=2000&startIndex=0&srsName=EPSG%3A4326","source_layer":"idecor:mineria_minas","source_fid":"mineria_minas.514","source_srid":22173,"fetched_at":"2026-07-28T13:38:04+00:00","licencia":"no_especificada","nombre":"SAN VIRGILIO (AMPLIACION)"}},{"type":"Feature","geometry":{"type":"Point","coordinates":[-64.839,-32.4556]},"properties":{"id":"cordoba:minas_puntos:mineria_minas.515","provincia":"cordoba","provincia_nombre":"Córdoba","tipo":"mina","estado":"desconocido","geom_kind":"punto","fuente_id":"cordoba.idecor.minas_puntos","source_url":"https://idecor-ws.mapascordoba.gob.ar/geoserver/wfs?service=WFS&version=2.0.0&request=GetFeature&typeNames=idecor%3Amineria_minas&outputFormat=application%2Fjson&count=2000&startIndex=0&srsName=EPSG%3A4326","source_layer":"idecor:mineria_minas","source_fid":"mineria_minas.515","source_srid":22173,"fetched_at":"2026-07-28T13:38:04+00:00","licencia":"no_especificada","nombre":"SAN VIRGILIO - ESTACA N° 1"}},{"type":"Feature","geometry":{"type":"Point","coordinates":[-64.8366,-32.4603]},"properties":{"id":"cordoba:minas_puntos:mineria_minas.516","provincia":"cordoba","provincia_nombre":"Córdoba","tipo":"mina","estado":"desconocido","geom_kind":"punto","fuente_id":"cordoba.idecor.minas_puntos","source_url":"https://idecor-ws.mapascordoba.gob.ar/geoserver/wfs?service=WFS&version=2.0.0&request=GetFeature&typeNames=idecor%3Amineria_minas&outputFormat=application%2Fjson&count=2000&startIndex=0&srsName=EPSG%3A4326","source_layer":"idecor:mineria_minas","source_fid":"mineria_minas.516","source_srid":22173,"fetched_at":"2026-07-28T13:38:04+00:00","licencia":"no_especificada","nombre":"SAN VIRGILIO - ESTACA N° 2"}},{"type":"Feature","geometry":{"type":"Point","coordinates":[-64.4659,-32.0781]},"properties":{"id":"cordoba:minas_puntos:mineria_minas.518","provincia":"cordoba","provincia_nombre":"Córdoba","tipo":"mina","estado":"desconocido","geom_kind":"punto","fuente_id":"cordoba.idecor.minas_puntos","source_url":"https://idecor-ws.mapascordoba.gob.ar/geoserver/wfs?service=WFS&version=2.0.0&request=GetFeature&typeNames=idecor%3Amineria_minas&outputFormat=application%2Fjson&count=2000&startIndex=0&srsName=EPSG%3A4326","source_layer":"idecor:mineria_minas","source_fid":"mineria_minas.518","source_srid":22173,"fetched_at":"2026-07-28T13:38:04+00:00","licencia":"no_especificada","nombre":"SANTA LUCIA"}},{"type":"Feature","geometry":{"type":"Point","coordinates":[-64.6777,-31.7807]},"properties":{"id":"cordoba:minas_puntos:mineria_minas.519","provincia":"cordoba","provincia_nombre":"Córdoba","tipo":"mina","estado":"desconocido","geom_kind":"punto","fuente_id":"cordoba.idecor.minas_puntos","source_url":"https://idecor-ws.mapascordoba.gob.ar/geoserver/wfs?service=WFS&version=2.0.0&request=GetFeature&typeNames=idecor%3Amineria_minas&outputFormat=application%2Fjson&count=2000&startIndex=0&srsName=EPSG%3A4326","source_layer":"idecor:mineria_minas","source_fid":"mineria_minas.519","source_srid":22173,"fetched_at":"2026-07-28T13:38:04+00:00","licencia":"no_especificada","nombre":"SOL AGUSTINA II"}},{"type":"Feature","geometry":{"type":"Point","coordinates":[-64.6822,-31.7939]},"properties":{"id":"cordoba:minas_puntos:mineria_minas.520","provincia":"cordoba","provincia_nombre":"Córdoba","tipo":"mina","estado":"desconocido","geom_kind":"punto","fuente_id":"cordoba.idecor.minas_puntos","source_url":"https://idecor-ws.mapascordoba.gob.ar/geoserver/wfs?service=WFS&version=2.0.0&request=GetFeature&typeNames=idecor%3Amineria_minas&outputFormat=application%2Fjson&count=2000&startIndex=0&srsName=EPSG%3A4326","source_layer":"idecor:mineria_minas","source_fid":"mineria_minas.520","source_srid":22173,"fetched_at":"2026-07-28T13:38:04+00:00","licencia":"no_especificada","nombre":"TALCO NEGRO"}},{"type":"Feature","geometry":{"type":"Point","coordinates":[-64.8736,-32.0701]},"properties":{"id":"cordoba:minas_puntos:mineria_minas.521","provincia":"cordoba","provincia_nombre":"Córdoba","tipo":"mina","estado":"desconocido","geom_kind":"punto","fuente_id":"cordoba.idecor.minas_puntos","source_url":"https://idecor-ws.mapascordoba.gob.ar/geoserver/wfs?service=WFS&version=2.0.0&request=GetFeature&typeNames=idecor%3Amineria_minas&outputFormat=application%2Fjson&count=2000&startIndex=0&srsName=EPSG%3A4326","source_layer":"idecor:mineria_minas","source_fid":"mineria_minas.521","source_srid":22173,"fetched_at":"2026-07-28T13:38:04+00:00","licencia":"no_especificada","nombre":"TERESA"}},{"type":"Feature","geometry":{"type":"Point","coordinates":[-64.7355,-32.2085]},"properties":{"id":"cordoba:minas_puntos:mineria_minas.522","provincia":"cordoba","provincia_nombre":"Córdoba","tipo":"mina","estado":"desconocido","geom_kind":"punto","fuente_id":"cordoba.idecor.minas_puntos","source_url":"https://idecor-ws.mapascordoba.gob.ar/geoserver/wfs?service=WFS&version=2.0.0&request=GetFeature&typeNames=idecor%3Amineria_minas&outputFormat=application%2Fjson&count=2000&startIndex=0&srsName=EPSG%3A4326","source_layer":"idecor:mineria_minas","source_fid":"mineria_minas.522","source_srid":22173,"fetched_at":"2026-07-28T13:38:04+00:00","licencia":"no_especificada","nombre":"UME PAY"}},{"type":"Feature","geometry":{"type":"Point","coordinates":[-65.1745,-30.9869]},"properties":{"id":"cordoba:minas_puntos:mineria_minas.524","provincia":"cordoba","provincia_nombre":"Córdoba","tipo":"mina","estado":"desconocido","geom_kind":"punto","fuente_id":"cordoba.idecor.minas_puntos","source_url":"https://idecor-ws.mapascordoba.gob.ar/geoserver/wfs?service=WFS&version=2.0.0&request=GetFeature&typeNames=idecor%3Amineria_minas&outputFormat=application%2Fjson&count=2000&startIndex=0&srsName=EPSG%3A4326","source_layer":"idecor:mineria_minas","source_fid":"mineria_minas.524","source_srid":22173,"fetched_at":"2026-07-28T13:38:04+00:00","licencia":"no_especificada","nombre":"LORENA 2"}},{"type":"Feature","geometry":{"type":"Point","coordinates":[-64.9194,-32.3379]},"properties":{"id":"cordoba:minas_puntos:mineria_minas.527","provincia":"cordoba","provincia_nombre":"Córdoba","tipo":"mina","estado":"desconocido","geom_kind":"punto","fuente_id":"cordoba.idecor.minas_puntos","source_url":"https://idecor-ws.mapascordoba.gob.ar/geoserver/wfs?service=WFS&version=2.0.0&request=GetFeature&typeNames=idecor%3Amineria_minas&outputFormat=application%2Fjson&count=2000&startIndex=0&srsName=EPSG%3A4326","source_layer":"idecor:mineria_minas","source_fid":"mineria_minas.527","source_srid":22173,"fetched_at":"2026-07-28T13:38:04+00:00","licencia":"no_especificada","nombre":"PAMPA"}},{"type":"Feature","geometry":{"type":"Point","coordinates":[-64.9072,-32.3374]},"properties":{"id":"cordoba:minas_puntos:mineria_minas.528","provincia":"cordoba","provincia_nombre":"Córdoba","tipo":"mina","estado":"desconocido","geom_kind":"punto","fuente_id":"cordoba.idecor.minas_puntos","source_url":"https://idecor-ws.mapascordoba.gob.ar/geoserver/wfs?service=WFS&version=2.0.0&request=GetFeature&typeNames=idecor%3Amineria_minas&outputFormat=application%2Fjson&count=2000&startIndex=0&srsName=EPSG%3A4326","source_layer":"idecor:mineria_minas","source_fid":"mineria_minas.528","source_srid":22173,"fetched_at":"2026-07-28T13:38:04+00:00","licencia":"no_especificada","nombre":"TUPAC"}},{"type":"Feature","geometry":{"type":"Point","coordinates":[-64.598,-31.799]},"properties":{"id":"cordoba:minas_puntos:mineria_minas.529","provincia":"cordoba","provincia_nombre":"Córdoba","tipo":"mina","estado":"desconocido","geom_kind":"punto","fuente_id":"cordoba.idecor.minas_puntos","source_url":"https://idecor-ws.mapascordoba.gob.ar/geoserver/wfs?service=WFS&version=2.0.0&request=GetFeature&typeNames=idecor%3Amineria_minas&outputFormat=application%2Fjson&count=2000&startIndex=0&srsName=EPSG%3A4326","source_layer":"idecor:mineria_minas","source_fid":"mineria_minas.529","source_srid":22173,"fetched_at":"2026-07-28T13:38:04+00:00","licencia":"no_especificada","nombre":"GISELA"}},{"type":"Feature","geometry":{"type":"Point","coordinates":[-64.6637,-31.8444]},"properties":{"id":"cordoba:minas_puntos:mineria_minas.531","provincia":"cordoba","provincia_nombre":"Córdoba","tipo":"mina","estado":"desconocido","geom_kind":"punto","fuente_id":"cordoba.idecor.minas_puntos","source_url":"https://idecor-ws.mapascordoba.gob.ar/geoserver/wfs?service=WFS&version=2.0.0&request=GetFeature&typeNames=idecor%3Amineria_minas&outputFormat=application%2Fjson&count=2000&startIndex=0&srsName=EPSG%3A4326","source_layer":"idecor:mineria_minas","source_fid":"mineria_minas.531","source_srid":22173,"fetched_at":"2026-07-28T13:38:04+00:00","licencia":"no_especificada","nombre":"FLORENTINA"}},{"type":"Feature","geometry":{"type":"Point","coordinates":[-64.5395,-32.3818]},"properties":{"id":"cordoba:minas_puntos:mineria_minas.533","provincia":"cordoba","provincia_nombre":"Córdoba","tipo":"mina","estado":"desconocido","geom_kind":"punto","fuente_id":"cordoba.idecor.minas_puntos","source_url":"https://idecor-ws.mapascordoba.gob.ar/geoserver/wfs?service=WFS&version=2.0.0&request=GetFeature&typeNames=idecor%3Amineria_minas&outputFormat=application%2Fjson&count=2000&startIndex=0&srsName=EPSG%3A4326","source_layer":"idecor:mineria_minas","source_fid":"mineria_minas.533","source_srid":22173,"fetched_at":"2026-07-28T13:38:04+00:00","licencia":"no_especificada","nombre":"MAERO"}},{"type":"Feature","geometry":{"type":"Point","coordinates":[-64.5327,-31.5503]},"properties":{"id":"cordoba:minas_puntos:mineria_minas.535","provincia":"cordoba","provincia_nombre":"Córdoba","tipo":"mina","estado":"desconocido","geom_kind":"punto","fuente_id":"cordoba.idecor.minas_puntos","source_url":"https://idecor-ws.mapascordoba.gob.ar/geoserver/wfs?service=WFS&version=2.0.0&request=GetFeature&typeNames=idecor%3Amineria_minas&outputFormat=application%2Fjson&count=2000&startIndex=0&srsName=EPSG%3A4326","source_layer":"idecor:mineria_minas","source_fid":"mineria_minas.535","source_srid":22173,"fetched_at":"2026-07-28T13:38:04+00:00","licencia":"no_especificada","nombre":"LA DOLLY"}},{"type":"Feature","geometry":{"type":"Point","coordinates":[-64.5203,-31.575]},"properties":{"id":"cordoba:minas_puntos:mineria_minas.536","provincia":"cordoba","provincia_nombre":"Córdoba","tipo":"mina","estado":"desconocido","geom_kind":"punto","fuente_id":"cordoba.idecor.minas_puntos","source_url":"https://idecor-ws.mapascordoba.gob.ar/geoserver/wfs?service=WFS&version=2.0.0&request=GetFeature&typeNames=idecor%3Amineria_minas&outputFormat=application%2Fjson&count=2000&startIndex=0&srsName=EPSG%3A4326","source_layer":"idecor:mineria_minas","source_fid":"mineria_minas.536","source_srid":22173,"fetched_at":"2026-07-28T13:38:04+00:00","licencia":"no_especificada","nombre":"LA CHACRITA MIA"}},{"type":"Feature","geometry":{"type":"Point","coordinates":[-65.3052,-31.2233]},"properties":{"id":"cordoba:minas_puntos:mineria_minas.537","provincia":"cordoba","provincia_nombre":"Córdoba","tipo":"mina","estado":"desconocido","geom_kind":"punto","fuente_id":"cordoba.idecor.minas_puntos","source_url":"https://idecor-ws.mapascordoba.gob.ar/geoserver/wfs?service=WFS&version=2.0.0&request=GetFeature&typeNames=idecor%3Amineria_minas&outputFormat=application%2Fjson&count=2000&startIndex=0&srsName=EPSG%3A4326","source_layer":"idecor:mineria_minas","source_fid":"mineria_minas.537","source_srid":22173,"fetched_at":"2026-07-28T13:38:04+00:00","licencia":"no_especificada","nombre":"LA CRUZ DEL SEÑOR 1"}},{"type":"Feature","geometry":{"type":"Point","coordinates":[-64.5042,-31.7902]},"properties":{"id":"cordoba:minas_puntos:mineria_minas.538","provincia":"cordoba","provincia_nombre":"Córdoba","tipo":"mina","estado":"desconocido","geom_kind":"punto","fuente_id":"cordoba.idecor.minas_puntos","source_url":"https://idecor-ws.mapascordoba.gob.ar/geoserver/wfs?service=WFS&version=2.0.0&request=GetFeature&typeNames=idecor%3Amineria_minas&outputFormat=application%2Fjson&count=2000&startIndex=0&srsName=EPSG%3A4326","source_layer":"idecor:mineria_minas","source_fid":"mineria_minas.538","source_srid":22173,"fetched_at":"2026-07-28T13:38:04+00:00","licencia":"no_especificada","nombre":"JEREMIAS"}},{"type":"Feature","geometry":{"type":"Point","coordinates":[-64.6235,-31.7719]},"properties":{"id":"cordoba:minas_puntos:mineria_minas.539","provincia":"cordoba","provincia_nombre":"Córdoba","tipo":"mina","estado":"desconocido","geom_kind":"punto","fuente_id":"cordoba.idecor.minas_puntos","source_url":"https://idecor-ws.mapascordoba.gob.ar/geoserver/wfs?service=WFS&version=2.0.0&request=GetFeature&typeNames=idecor%3Amineria_minas&outputFormat=application%2Fjson&count=2000&startIndex=0&srsName=EPSG%3A4326","source_layer":"idecor:mineria_minas","source_fid":"mineria_minas.539","source_srid":22173,"fetched_at":"2026-07-28T13:38:04+00:00","licencia":"no_especificada","nombre":"CATALINA"}},{"type":"Feature","geometry":{"type":"Point","coordinates":[-64.1054,-29.5761]},"properties":{"id":"cordoba:minas_puntos:mineria_minas.540","provincia":"cordoba","provincia_nombre":"Córdoba","tipo":"mina","estado":"desconocido","geom_kind":"punto","fuente_id":"cordoba.idecor.minas_puntos","source_url":"https://idecor-ws.mapascordoba.gob.ar/geoserver/wfs?service=WFS&version=2.0.0&request=GetFeature&typeNames=idecor%3Amineria_minas&outputFormat=application%2Fjson&count=2000&startIndex=0&srsName=EPSG%3A4326","source_layer":"idecor:mineria_minas","source_fid":"mineria_minas.540","source_srid":22173,"fetched_at":"2026-07-28T13:38:04+00:00","licencia":"no_especificada","nombre":"SAN JOSE II"}},{"type":"Feature","geometry":{"type":"Point","coordinates":[-64.5105,-31.587]},"properties":{"id":"cordoba:minas_puntos:mineria_minas.542","provincia":"cordoba","provincia_nombre":"Córdoba","tipo":"mina","estado":"desconocido","geom_kind":"punto","fuente_id":"cordoba.idecor.minas_puntos","source_url":"https://idecor-ws.mapascordoba.gob.ar/geoserver/wfs?service=WFS&version=2.0.0&request=GetFeature&typeNames=idecor%3Amineria_minas&outputFormat=application%2Fjson&count=2000&startIndex=0&srsName=EPSG%3A4326","source_layer":"idecor:mineria_minas","source_fid":"mineria_minas.542","source_srid":22173,"fetched_at":"2026-07-28T13:38:04+00:00","licencia":"no_especificada","nombre":"EL PUMA"}},{"type":"Feature","geometry":{"type":"Point","coordinates":[-64.6731,-29.9499]},"properties":{"id":"cordoba:minas_puntos:mineria_minas.543","provincia":"cordoba","provincia_nombre":"Córdoba","tipo":"mina","estado":"desconocido","geom_kind":"punto","fuente_id":"cordoba.idecor.minas_puntos","source_url":"https://idecor-ws.mapascordoba.gob.ar/geoserver/wfs?service=WFS&version=2.0.0&request=GetFeature&typeNames=idecor%3Amineria_minas&outputFormat=application%2Fjson&count=2000&startIndex=0&srsName=EPSG%3A4326","source_layer":"idecor:mineria_minas","source_fid":"mineria_minas.543","source_srid":22173,"fetched_at":"2026-07-28T13:38:04+00:00","licencia":"no_especificada","nombre":"DON DADI"}},{"type":"Feature","geometry":{"type":"Point","coordinates":[-64.9941,-30.9669]},"properties":{"id":"cordoba:minas_puntos:mineria_minas.544","provincia":"cordoba","provincia_nombre":"Córdoba","tipo":"mina","estado":"desconocido","geom_kind":"punto","fuente_id":"cordoba.idecor.minas_puntos","source_url":"https://idecor-ws.mapascordoba.gob.ar/geoserver/wfs?service=WFS&version=2.0.0&request=GetFeature&typeNames=idecor%3Amineria_minas&outputFormat=application%2Fjson&count=2000&startIndex=0&srsName=EPSG%3A4326","source_layer":"idecor:mineria_minas","source_fid":"mineria_minas.544","source_srid":22173,"fetched_at":"2026-07-28T13:38:04+00:00","licencia":"no_especificada","nombre":"CASUALIDAD"}},{"type":"Feature","geometry":{"type":"Point","coordinates":[-64.7199,-30.0886]},"properties":{"id":"cordoba:minas_puntos:mineria_minas.545","provincia":"cordoba","provincia_nombre":"Córdoba","tipo":"mina","estado":"desconocido","geom_kind":"punto","fuente_id":"cordoba.idecor.minas_puntos","source_url":"https://idecor-ws.mapascordoba.gob.ar/geoserver/wfs?service=WFS&version=2.0.0&request=GetFeature&typeNames=idecor%3Amineria_minas&outputFormat=application%2Fjson&count=2000&startIndex=0&srsName=EPSG%3A4326","source_layer":"idecor:mineria_minas","source_fid":"mineria_minas.545","source_srid":22173,"fetched_at":"2026-07-28T13:38:04+00:00","licencia":"no_especificada","nombre":"LA LOLA"}},{"type":"Feature","geometry":{"type":"Point","coordinates":[-64.9061,-31.7437]},"properties":{"id":"cordoba:minas_puntos:mineria_minas.546","provincia":"cordoba","provincia_nombre":"Córdoba","tipo":"mina","estado":"desconocido","geom_kind":"punto","fuente_id":"cordoba.idecor.minas_puntos","source_url":"https://idecor-ws.mapascordoba.gob.ar/geoserver/wfs?service=WFS&version=2.0.0&request=GetFeature&typeNames=idecor%3Amineria_minas&outputFormat=application%2Fjson&count=2000&startIndex=0&srsName=EPSG%3A4326","source_layer":"idecor:mineria_minas","source_fid":"mineria_minas.546","source_srid":22173,"fetched_at":"2026-07-28T13:38:04+00:00","licencia":"no_especificada","nombre":"SEÑOR NICOLAS"}},{"type":"Feature","geometry":{"type":"Point","coordinates":[-64.9068,-31.7388]},"properties":{"id":"cordoba:minas_puntos:mineria_minas.547","provincia":"cordoba","provincia_nombre":"Córdoba","tipo":"mina","estado":"desconocido","geom_kind":"punto","fuente_id":"cordoba.idecor.minas_puntos","source_url":"https://idecor-ws.mapascordoba.gob.ar/geoserver/wfs?service=WFS&version=2.0.0&request=GetFeature&typeNames=idecor%3Amineria_minas&outputFormat=application%2Fjson&count=2000&startIndex=0&srsName=EPSG%3A4326","source_layer":"idecor:mineria_minas","source_fid":"mineria_minas.547","source_srid":22173,"fetched_at":"2026-07-28T13:38:04+00:00","licencia":"no_especificada","nombre":"SAN CLAUDIO"}},{"type":"Feature","geometry":{"type":"Point","coordinates":[-64.9065,-31.7419]},"properties":{"id":"cordoba:minas_puntos:mineria_minas.548","provincia":"cordoba","provincia_nombre":"Córdoba","tipo":"mina","estado":"desconocido","geom_kind":"punto","fuente_id":"cordoba.idecor.minas_puntos","source_url":"https://idecor-ws.mapascordoba.gob.ar/geoserver/wfs?service=WFS&version=2.0.0&request=GetFeature&typeNames=idecor%3Amineria_minas&outputFormat=application%2Fjson&count=2000&startIndex=0&srsName=EPSG%3A4326","source_layer":"idecor:mineria_minas","source_fid":"mineria_minas.548","source_srid":22173,"fetched_at":"2026-07-28T13:38:04+00:00","licencia":"no_especificada","nombre":"NEGRO DE LAS MANGAS"}},{"type":"Feature","geometry":{"type":"Point","coordinates":[-64.5592,-31.2353]},"properties":{"id":"cordoba:minas_puntos:mineria_minas.549","provincia":"cordoba","provincia_nombre":"Córdoba","tipo":"mina","estado":"desconocido","geom_kind":"punto","fuente_id":"cordoba.idecor.minas_puntos","source_url":"https://idecor-ws.mapascordoba.gob.ar/geoserver/wfs?service=WFS&version=2.0.0&request=GetFeature&typeNames=idecor%3Amineria_minas&outputFormat=application%2Fjson&count=2000&startIndex=0&srsName=EPSG%3A4326","source_layer":"idecor:mineria_minas","source_fid":"mineria_minas.549","source_srid":22173,"fetched_at":"2026-07-28T13:38:04+00:00","licencia":"no_especificada","nombre":"LA MANDINGA 2 NORTE"}},{"type":"Feature","geometry":{"type":"Point","coordinates":[-64.4936,-31.7851]},"properties":{"id":"cordoba:minas_puntos:mineria_minas.550","provincia":"cordoba","provincia_nombre":"Córdoba","tipo":"mina","estado":"desconocido","geom_kind":"punto","fuente_id":"cordoba.idecor.minas_puntos","source_url":"https://idecor-ws.mapascordoba.gob.ar/geoserver/wfs?service=WFS&version=2.0.0&request=GetFeature&typeNames=idecor%3Amineria_minas&outputFormat=application%2Fjson&count=2000&startIndex=0&srsName=EPSG%3A4326","source_layer":"idecor:mineria_minas","source_fid":"mineria_minas.550","source_srid":22173,"fetched_at":"2026-07-28T13:38:04+00:00","licencia":"no_especificada","nombre":"MINA DE LUZ"}},{"type":"Feature","geometry":{"type":"Point","coordinates":[-64.9667,-31.6339]},"properties":{"id":"cordoba:minas_puntos:mineria_minas.551","provincia":"cordoba","provincia_nombre":"Córdoba","tipo":"mina","estado":"desconocido","geom_kind":"punto","fuente_id":"cordoba.idecor.minas_puntos","source_url":"https://idecor-ws.mapascordoba.gob.ar/geoserver/wfs?service=WFS&version=2.0.0&request=GetFeature&typeNames=idecor%3Amineria_minas&outputFormat=application%2Fjson&count=2000&startIndex=0&srsName=EPSG%3A4326","source_layer":"idecor:mineria_minas","source_fid":"mineria_minas.551","source_srid":22173,"fetched_at":"2026-07-28T13:38:04+00:00","licencia":"no_especificada","nombre":"LA FRANCESA"}},{"type":"Feature","geometry":{"type":"Point","coordinates":[-65.1078,-31.7431]},"properties":{"id":"cordoba:minas_puntos:mineria_minas.552","provincia":"cordoba","provincia_nombre":"Córdoba","tipo":"mina","estado":"desconocido","geom_kind":"punto","fuente_id":"cordoba.idecor.minas_puntos","source_url":"https://idecor-ws.mapascordoba.gob.ar/geoserver/wfs?service=WFS&version=2.0.0&request=GetFeature&typeNames=idecor%3Amineria_minas&outputFormat=application%2Fjson&count=2000&startIndex=0&srsName=EPSG%3A4326","source_layer":"idecor:mineria_minas","source_fid":"mineria_minas.552","source_srid":22173,"fetched_at":"2026-07-28T13:38:04+00:00","licencia":"no_especificada","nombre":"FACUNDO I"}},{"type":"Feature","geometry":{"type":"Point","coordinates":[-64.8008,-32.5708]},"properties":{"id":"cordoba:minas_puntos:mineria_minas.553","provincia":"cordoba","provincia_nombre":"Córdoba","tipo":"mina","estado":"desconocido","geom_kind":"punto","fuente_id":"cordoba.idecor.minas_puntos","source_url":"https://idecor-ws.mapascordoba.gob.ar/geoserver/wfs?service=WFS&version=2.0.0&request=GetFeature&typeNames=idecor%3Amineria_minas&outputFormat=application%2Fjson&count=2000&startIndex=0&srsName=EPSG%3A4326","source_layer":"idecor:mineria_minas","source_fid":"mineria_minas.553","source_srid":22173,"fetched_at":"2026-07-28T13:38:04+00:00","licencia":"no_especificada","nombre":"MINUTTI 3"}},{"type":"Feature","geometry":{"type":"Point","coordinates":[-64.7929,-32.5762]},"properties":{"id":"cordoba:minas_puntos:mineria_minas.554","provincia":"cordoba","provincia_nombre":"Córdoba","tipo":"mina","estado":"desconocido","geom_kind":"punto","fuente_id":"cordoba.idecor.minas_puntos","source_url":"https://idecor-ws.mapascordoba.gob.ar/geoserver/wfs?service=WFS&version=2.0.0&request=GetFeature&typeNames=idecor%3Amineria_minas&outputFormat=application%2Fjson&count=2000&startIndex=0&srsName=EPSG%3A4326","source_layer":"idecor:mineria_minas","source_fid":"mineria_minas.554","source_srid":22173,"fetched_at":"2026-07-28T13:38:04+00:00","licencia":"no_especificada","nombre":"MINUTTI 2"}},{"type":"Feature","geometry":{"type":"Point","coordinates":[-64.8047,-32.5637]},"properties":{"id":"cordoba:minas_puntos:mineria_minas.555","provincia":"cordoba","provincia_nombre":"Córdoba","tipo":"mina","estado":"desconocido","geom_kind":"punto","fuente_id":"cordoba.idecor.minas_puntos","source_url":"https://idecor-ws.mapascordoba.gob.ar/geoserver/wfs?service=WFS&version=2.0.0&request=GetFeature&typeNames=idecor%3Amineria_minas&outputFormat=application%2Fjson&count=2000&startIndex=0&srsName=EPSG%3A4326","source_layer":"idecor:mineria_minas","source_fid":"mineria_minas.555","source_srid":22173,"fetched_at":"2026-07-28T13:38:04+00:00","licencia":"no_especificada","nombre":"MINUTTI 1"}},{"type":"Feature","geometry":{"type":"Point","coordinates":[-64.9751,-31.4465]},"properties":{"id":"cordoba:minas_puntos:mineria_minas.556","provincia":"cordoba","provincia_nombre":"Córdoba","tipo":"mina","estado":"desconocido","geom_kind":"punto","fuente_id":"cordoba.idecor.minas_puntos","source_url":"https://idecor-ws.mapascordoba.gob.ar/geoserver/wfs?service=WFS&version=2.0.0&request=GetFeature&typeNames=idecor%3Amineria_minas&outputFormat=application%2Fjson&count=2000&startIndex=0&srsName=EPSG%3A4326","source_layer":"idecor:mineria_minas","source_fid":"mineria_minas.556","source_srid":22173,"fetched_at":"2026-07-28T13:38:04+00:00","licencia":"no_especificada","nombre":"SAN JUAN BAUTISTA"}},{"type":"Feature","geometry":{"type":"Point","coordinates":[-64.9723,-31.4472]},"properties":{"id":"cordoba:minas_puntos:mineria_minas.557","provincia":"cordoba","provincia_nombre":"Córdoba","tipo":"mina","estado":"desconocido","geom_kind":"punto","fuente_id":"cordoba.idecor.minas_puntos","source_url":"https://idecor-ws.mapascordoba.gob.ar/geoserver/wfs?service=WFS&version=2.0.0&request=GetFeature&typeNames=idecor%3Amineria_minas&outputFormat=application%2Fjson&count=2000&startIndex=0&srsName=EPSG%3A4326","source_layer":"idecor:mineria_minas","source_fid":"mineria_minas.557","source_srid":22173,"fetched_at":"2026-07-28T13:38:04+00:00","licencia":"no_especificada","nombre":"LA UNION"}},{"type":"Feature","geometry":{"type":"Point","coordinates":[-65.238,-30.9627]},"properties":{"id":"cordoba:minas_puntos:mineria_minas.558","provincia":"cordoba","provincia_nombre":"Córdoba","tipo":"mina","estado":"desconocido","geom_kind":"punto","fuente_id":"cordoba.idecor.minas_puntos","source_url":"https://idecor-ws.mapascordoba.gob.ar/geoserver/wfs?service=WFS&version=2.0.0&request=GetFeature&typeNames=idecor%3Amineria_minas&outputFormat=application%2Fjson&count=2000&startIndex=0&srsName=EPSG%3A4326","source_layer":"idecor:mineria_minas","source_fid":"mineria_minas.558","source_srid":22173,"fetched_at":"2026-07-28T13:38:04+00:00","licencia":"no_especificada","nombre":"CIENTO VEINTE"}},{"type":"Feature","geometry":{"type":"Point","coordinates":[-65.2084,-30.9684]},"properties":{"id":"cordoba:minas_puntos:mineria_minas.559","provincia":"cordoba","provincia_nombre":"Córdoba","tipo":"mina","estado":"desconocido","geom_kind":"punto","fuente_id":"cordoba.idecor.minas_puntos","source_url":"https://idecor-ws.mapascordoba.gob.ar/geoserver/wfs?service=WFS&version=2.0.0&request=GetFeature&typeNames=idecor%3Amineria_minas&outputFormat=application%2Fjson&count=2000&startIndex=0&srsName=EPSG%3A4326","source_layer":"idecor:mineria_minas","source_fid":"mineria_minas.559","source_srid":22173,"fetched_at":"2026-07-28T13:38:04+00:00","licencia":"no_especificada","nombre":"RICA"}},{"type":"Feature","geometry":{"type":"Point","coordinates":[-64.4242,-32.029]},"properties":{"id":"cordoba:minas_puntos:mineria_minas.560","provincia":"cordoba","provincia_nombre":"Córdoba","tipo":"mina","estado":"desconocido","geom_kind":"punto","fuente_id":"cordoba.idecor.minas_puntos","source_url":"https://idecor-ws.mapascordoba.gob.ar/geoserver/wfs?service=WFS&version=2.0.0&request=GetFeature&typeNames=idecor%3Amineria_minas&outputFormat=application%2Fjson&count=2000&startIndex=0&srsName=EPSG%3A4326","source_layer":"idecor:mineria_minas","source_fid":"mineria_minas.560","source_srid":22173,"fetched_at":"2026-07-28T13:38:04+00:00","licencia":"no_especificada","nombre":"EL TIO"}},{"type":"Feature","geometry":{"type":"Point","coordinates":[-65.2604,-31.2028]},"properties":{"id":"cordoba:minas_puntos:mineria_minas.561","provincia":"cordoba","provincia_nombre":"Córdoba","tipo":"mina","estado":"desconocido","geom_kind":"punto","fuente_id":"cordoba.idecor.minas_puntos","source_url":"https://idecor-ws.mapascordoba.gob.ar/geoserver/wfs?service=WFS&version=2.0.0&request=GetFeature&typeNames=idecor%3Amineria_minas&outputFormat=application%2Fjson&count=2000&startIndex=0&srsName=EPSG%3A4326","source_layer":"idecor:mineria_minas","source_fid":"mineria_minas.561","source_srid":22173,"fetched_at":"2026-07-28T13:38:04+00:00","licencia":"no_especificada","nombre":"MINA: PROYECTO GUASAPAMPA"}},{"type":"Feature","geometry":{"type":"Point","coordinates":[-65.2604,-31.2028]},"properties":{"id":"cordoba:minas_puntos:mineria_minas.562","provincia":"cordoba","provincia_nombre":"Córdoba","tipo":"mina","estado":"desconocido","geom_kind":"punto","fuente_id":"cordoba.idecor.minas_puntos","source_url":"https://idecor-ws.mapascordoba.gob.ar/geoserver/wfs?service=WFS&version=2.0.0&request=GetFeature&typeNames=idecor%3Amineria_minas&outputFormat=application%2Fjson&count=2000&startIndex=0&srsName=EPSG%3A4326","source_layer":"idecor:mineria_minas","source_fid":"mineria_minas.562","source_srid":22173,"fetched_at":"2026-07-28T13:38:04+00:00","licencia":"no_especificada","nombre":"PROYECTO GUASAPAMPA"}},{"type":"Feature","geometry":{"type":"Point","coordinates":[-65.2646,-31.173]},"properties":{"id":"cordoba:minas_puntos:mineria_minas.563","provincia":"cordoba","provincia_nombre":"Córdoba","tipo":"mina","estado":"desconocido","geom_kind":"punto","fuente_id":"cordoba.idecor.minas_puntos","source_url":"https://idecor-ws.mapascordoba.gob.ar/geoserver/wfs?service=WFS&version=2.0.0&request=GetFeature&typeNames=idecor%3Amineria_minas&outputFormat=application%2Fjson&count=2000&startIndex=0&srsName=EPSG%3A4326","source_layer":"idecor:mineria_minas","source_fid":"mineria_minas.563","source_srid":22173,"fetched_at":"2026-07-28T13:38:04+00:00","licencia":"no_especificada","nombre":"PROYECTO LOS RANCHOS"}},{"type":"Feature","geometry":{"type":"Point","coordinates":[-64.5748,-31.2198]},"properties":{"id":"cordoba:minas_puntos:mineria_minas.564","provincia":"cordoba","provincia_nombre":"Córdoba","tipo":"mina","estado":"desconocido","geom_kind":"punto","fuente_id":"cordoba.idecor.minas_puntos","source_url":"https://idecor-ws.mapascordoba.gob.ar/geoserver/wfs?service=WFS&version=2.0.0&request=GetFeature&typeNames=idecor%3Amineria_minas&outputFormat=application%2Fjson&count=2000&startIndex=0&srsName=EPSG%3A4326","source_layer":"idecor:mineria_minas","source_fid":"mineria_minas.564","source_srid":22173,"fetched_at":"2026-07-28T13:38:04+00:00","licencia":"no_especificada","nombre":"NOMBRE MINA: CHINGOLO"}}]}