{"type":"FeatureCollection","metadata":{"provincia":"cordoba","n":705,"bbox":[-65.4331,-33.6665,-62.9237,-29.5375],"aviso":"Derivado de fuentes provinciales. Licencias por fuente en cobertura.json. El catastro minero es registro publico por el Codigo de Mineria; verificar licencia antes de uso comercial."},"features":[{"type":"Feature","geometry":{"type":"MultiPolygon","coordinates":[[[[-64.8379,-32.4589],[-64.835,-32.4598],[-64.8356,-32.4616],[-64.8386,-32.4606],[-64.8379,-32.4589]]]]},"properties":{"id":"cordoba:pertenencias:mineria_pertenencias_mineras.1","provincia":"cordoba","provincia_nombre":"Córdoba","tipo":"mina","estado":"desconocido","geom_kind":"poligono","fuente_id":"cordoba.idecor.pertenencias","source_url":"https://idecor-ws.mapascordoba.gob.ar/geoserver/wfs?service=WFS&version=2.0.0&request=GetFeature&typeNames=idecor%3Amineria_pertenencias_mineras&outputFormat=application%2Fjson&count=2000&startIndex=0&srsName=EPSG%3A4326","source_layer":"idecor:mineria_pertenencias_mineras","source_fid":"mineria_pertenencias_mineras.1","source_srid":22173,"fetched_at":"2026-07-28T13:38:04+00:00","licencia":"no_especificada","expediente":"1249","nombre":"SAN VIRGILIO ESTACAS N° 2","mineral":["Mineral De Wolfram"],"mineral_origen":"MINERAL DE WOLFRAM","superficie_ha_calc":6.0263}},{"type":"Feature","geometry":{"type":"MultiPolygon","coordinates":[[[[-64.94,-33.1615],[-64.9426,-33.1565],[-64.9406,-33.1558],[-64.9381,-33.1608],[-64.94,-33.1615]]]]},"properties":{"id":"cordoba:pertenencias:mineria_pertenencias_mineras.2","provincia":"cordoba","provincia_nombre":"Córdoba","tipo":"mina","estado":"desconocido","geom_kind":"poligono","fuente_id":"cordoba.idecor.pertenencias","source_url":"https://idecor-ws.mapascordoba.gob.ar/geoserver/wfs?service=WFS&version=2.0.0&request=GetFeature&typeNames=idecor%3Amineria_pertenencias_mineras&outputFormat=application%2Fjson&count=2000&startIndex=0&srsName=EPSG%3A4326","source_layer":"idecor:mineria_pertenencias_mineras","source_fid":"mineria_pertenencias_mineras.2","source_srid":22173,"fetched_at":"2026-07-28T13:38:04+00:00","licencia":"no_especificada","expediente":"8905","nombre":"GIGANTE","mineral":["cuarzo","feldespato"],"mineral_origen":"CUARZO-FELDESPATO","superficie_ha_calc":11.9342}},{"type":"Feature","geometry":{"type":"MultiPolygon","coordinates":[[[[-64.8228,-32.8786],[-64.826,-32.8787],[-64.8262,-32.8769],[-64.823,-32.8768],[-64.8228,-32.8786]]]]},"properties":{"id":"cordoba:pertenencias:mineria_pertenencias_mineras.3","provincia":"cordoba","provincia_nombre":"Córdoba","tipo":"mina","estado":"desconocido","geom_kind":"poligono","fuente_id":"cordoba.idecor.pertenencias","source_url":"https://idecor-ws.mapascordoba.gob.ar/geoserver/wfs?service=WFS&version=2.0.0&request=GetFeature&typeNames=idecor%3Amineria_pertenencias_mineras&outputFormat=application%2Fjson&count=2000&startIndex=0&srsName=EPSG%3A4326","source_layer":"idecor:mineria_pertenencias_mineras","source_fid":"mineria_pertenencias_mineras.3","source_srid":22173,"fetched_at":"2026-07-28T13:38:04+00:00","licencia":"no_especificada","expediente":"7559","nombre":"INES ANA","mineral":["cuarzo"],"mineral_origen":"CUARZO","superficie_ha_calc":5.9987}},{"type":"Feature","geometry":{"type":"MultiPolygon","coordinates":[[[[-64.8115,-32.8754],[-64.8094,-32.8754],[-64.8094,-32.8781],[-64.8115,-32.8781],[-64.8115,-32.8754]]]]},"properties":{"id":"cordoba:pertenencias:mineria_pertenencias_mineras.4","provincia":"cordoba","provincia_nombre":"Córdoba","tipo":"mina","estado":"desconocido","geom_kind":"poligono","fuente_id":"cordoba.idecor.pertenencias","source_url":"https://idecor-ws.mapascordoba.gob.ar/geoserver/wfs?service=WFS&version=2.0.0&request=GetFeature&typeNames=idecor%3Amineria_pertenencias_mineras&outputFormat=application%2Fjson&count=2000&startIndex=0&srsName=EPSG%3A4326","source_layer":"idecor:mineria_pertenencias_mineras","source_fid":"mineria_pertenencias_mineras.4","source_srid":22173,"fetched_at":"2026-07-28T13:38:04+00:00","licencia":"no_especificada","expediente":"9051","nombre":"CAROLINA","mineral":["cuarzo"],"mineral_origen":"CUARZO","superficie_ha_calc":5.8846}},{"type":"Feature","geometry":{"type":"MultiPolygon","coordinates":[[[[-64.7957,-32.8493],[-64.7936,-32.8491],[-64.7928,-32.8544],[-64.7949,-32.8547],[-64.7957,-32.8493]]]]},"properties":{"id":"cordoba:pertenencias:mineria_pertenencias_mineras.5","provincia":"cordoba","provincia_nombre":"Córdoba","tipo":"mina","estado":"desconocido","geom_kind":"poligono","fuente_id":"cordoba.idecor.pertenencias","source_url":"https://idecor-ws.mapascordoba.gob.ar/geoserver/wfs?service=WFS&version=2.0.0&request=GetFeature&typeNames=idecor%3Amineria_pertenencias_mineras&outputFormat=application%2Fjson&count=2000&startIndex=0&srsName=EPSG%3A4326","source_layer":"idecor:mineria_pertenencias_mineras","source_fid":"mineria_pertenencias_mineras.5","source_srid":22173,"fetched_at":"2026-07-28T13:38:04+00:00","licencia":"no_especificada","expediente":"8831","nombre":"JUAN ALBERTO","mineral":["cuarzo"],"mineral_origen":"CUARZO","superficie_ha_calc":11.8712}},{"type":"Feature","geometry":{"type":"MultiPolygon","coordinates":[[[[-64.8005,-32.8279],[-64.8026,-32.8277],[-64.8018,-32.8223],[-64.7997,-32.8226],[-64.8005,-32.8279]]]]},"properties":{"id":"cordoba:pertenencias:mineria_pertenencias_mineras.6","provincia":"cordoba","provincia_nombre":"Córdoba","tipo":"mina","estado":"desconocido","geom_kind":"poligono","fuente_id":"cordoba.idecor.pertenencias","source_url":"https://idecor-ws.mapascordoba.gob.ar/geoserver/wfs?service=WFS&version=2.0.0&request=GetFeature&typeNames=idecor%3Amineria_pertenencias_mineras&outputFormat=application%2Fjson&count=2000&startIndex=0&srsName=EPSG%3A4326","source_layer":"idecor:mineria_pertenencias_mineras","source_fid":"mineria_pertenencias_mineras.6","source_srid":22173,"fetched_at":"2026-07-28T13:38:04+00:00","licencia":"no_especificada","expediente":"9137","nombre":"LOS MELLIZOS","mineral":["cuarzo"],"mineral_origen":"CUARZO","superficie_ha_calc":11.8747}},{"type":"Feature","geometry":{"type":"MultiPolygon","coordinates":[[[[-64.8013,-32.8069],[-64.7992,-32.807],[-64.7992,-32.8097],[-64.8013,-32.8096],[-64.8013,-32.8069]]]]},"properties":{"id":"cordoba:pertenencias:mineria_pertenencias_mineras.7","provincia":"cordoba","provincia_nombre":"Córdoba","tipo":"mina","estado":"desconocido","geom_kind":"poligono","fuente_id":"cordoba.idecor.pertenencias","source_url":"https://idecor-ws.mapascordoba.gob.ar/geoserver/wfs?service=WFS&version=2.0.0&request=GetFeature&typeNames=idecor%3Amineria_pertenencias_mineras&outputFormat=application%2Fjson&count=2000&startIndex=0&srsName=EPSG%3A4326","source_layer":"idecor:mineria_pertenencias_mineras","source_fid":"mineria_pertenencias_mineras.7","source_srid":22173,"fetched_at":"2026-07-28T13:38:04+00:00","licencia":"no_especificada","expediente":"9003","nombre":"ENANO","mineral":["cuarzo"],"mineral_origen":"CUARZO","superficie_ha_calc":5.8891}},{"type":"Feature","geometry":{"type":"MultiPolygon","coordinates":[[[[-64.8691,-32.8167],[-64.8702,-32.8114],[-64.8671,-32.8109],[-64.8659,-32.8162],[-64.8691,-32.8167]]]]},"properties":{"id":"cordoba:pertenencias:mineria_pertenencias_mineras.8","provincia":"cordoba","provincia_nombre":"Córdoba","tipo":"mina","estado":"desconocido","geom_kind":"poligono","fuente_id":"cordoba.idecor.pertenencias","source_url":"https://idecor-ws.mapascordoba.gob.ar/geoserver/wfs?service=WFS&version=2.0.0&request=GetFeature&typeNames=idecor%3Amineria_pertenencias_mineras&outputFormat=application%2Fjson&count=2000&startIndex=0&srsName=EPSG%3A4326","source_layer":"idecor:mineria_pertenencias_mineras","source_fid":"mineria_pertenencias_mineras.8","source_srid":22173,"fetched_at":"2026-07-28T13:38:04+00:00","licencia":"no_especificada","expediente":"85","nombre":"LA ESPERANZA","mineral":["mica"],"mineral_origen":"MICA","superficie_ha_calc":17.9362}},{"type":"Feature","geometry":{"type":"MultiPolygon","coordinates":[[[[-64.7579,-32.6784],[-64.7612,-32.6829],[-64.763,-32.682],[-64.7597,-32.6774],[-64.7579,-32.6784]]]]},"properties":{"id":"cordoba:pertenencias:mineria_pertenencias_mineras.9","provincia":"cordoba","provincia_nombre":"Córdoba","tipo":"mina","estado":"desconocido","geom_kind":"poligono","fuente_id":"cordoba.idecor.pertenencias","source_url":"https://idecor-ws.mapascordoba.gob.ar/geoserver/wfs?service=WFS&version=2.0.0&request=GetFeature&typeNames=idecor%3Amineria_pertenencias_mineras&outputFormat=application%2Fjson&count=2000&startIndex=0&srsName=EPSG%3A4326","source_layer":"idecor:mineria_pertenencias_mineras","source_fid":"mineria_pertenencias_mineras.9","source_srid":22173,"fetched_at":"2026-07-28T13:38:04+00:00","licencia":"no_especificada","expediente":"9867","nombre":"RITA","mineral":["cuarzo"],"mineral_origen":"CUARZO","superficie_ha_calc":11.7792}},{"type":"Feature","geometry":{"type":"MultiPolygon","coordinates":[[[[-64.8919,-32.5722],[-64.8971,-32.5754],[-64.8983,-32.574],[-64.8932,-32.5708],[-64.8919,-32.5722]]]]},"properties":{"id":"cordoba:pertenencias:mineria_pertenencias_mineras.10","provincia":"cordoba","provincia_nombre":"Córdoba","tipo":"mina","estado":"desconocido","geom_kind":"poligono","fuente_id":"cordoba.idecor.pertenencias","source_url":"https://idecor-ws.mapascordoba.gob.ar/geoserver/wfs?service=WFS&version=2.0.0&request=GetFeature&typeNames=idecor%3Amineria_pertenencias_mineras&outputFormat=application%2Fjson&count=2000&startIndex=0&srsName=EPSG%3A4326","source_layer":"idecor:mineria_pertenencias_mineras","source_fid":"mineria_pertenencias_mineras.10","source_srid":22173,"fetched_at":"2026-07-28T13:38:04+00:00","licencia":"no_especificada","expediente":"803","nombre":"BUBU","mineral":["Fluorita"],"mineral_origen":"FLUORITA","superficie_ha_calc":11.6733}},{"type":"Feature","geometry":{"type":"MultiPolygon","coordinates":[[[[-64.785,-32.5133],[-64.7861,-32.5118],[-64.7888,-32.5132],[-64.7877,-32.5148],[-64.785,-32.5133]]]]},"properties":{"id":"cordoba:pertenencias:mineria_pertenencias_mineras.11","provincia":"cordoba","provincia_nombre":"Córdoba","tipo":"mina","estado":"desconocido","geom_kind":"poligono","fuente_id":"cordoba.idecor.pertenencias","source_url":"https://idecor-ws.mapascordoba.gob.ar/geoserver/wfs?service=WFS&version=2.0.0&request=GetFeature&typeNames=idecor%3Amineria_pertenencias_mineras&outputFormat=application%2Fjson&count=2000&startIndex=0&srsName=EPSG%3A4326","source_layer":"idecor:mineria_pertenencias_mineras","source_fid":"mineria_pertenencias_mineras.11","source_srid":22173,"fetched_at":"2026-07-28T13:38:04+00:00","licencia":"no_especificada","expediente":"3138","nombre":"SAN CAYETANO","mineral":["Fluorita"],"mineral_origen":"FLUORITA","superficie_ha_calc":6.0228}},{"type":"Feature","geometry":{"type":"MultiPolygon","coordinates":[[[[-64.7989,-32.5057],[-64.7978,-32.5041],[-64.7923,-32.507],[-64.7935,-32.5085],[-64.7989,-32.5057]]]]},"properties":{"id":"cordoba:pertenencias:mineria_pertenencias_mineras.12","provincia":"cordoba","provincia_nombre":"Córdoba","tipo":"mina","estado":"desconocido","geom_kind":"poligono","fuente_id":"cordoba.idecor.pertenencias","source_url":"https://idecor-ws.mapascordoba.gob.ar/geoserver/wfs?service=WFS&version=2.0.0&request=GetFeature&typeNames=idecor%3Amineria_pertenencias_mineras&outputFormat=application%2Fjson&count=2000&startIndex=0&srsName=EPSG%3A4326","source_layer":"idecor:mineria_pertenencias_mineras","source_fid":"mineria_pertenencias_mineras.12","source_srid":22173,"fetched_at":"2026-07-28T13:38:04+00:00","licencia":"no_especificada","expediente":"2790","nombre":"31 DE JULIO DE 1896","mineral":["Fluorita"],"mineral_origen":"FLUORITA","superficie_ha_calc":12.2185}},{"type":"Feature","geometry":{"type":"MultiPolygon","coordinates":[[[[-64.7946,-32.504],[-64.7978,-32.5041],[-64.7979,-32.5023],[-64.7946,-32.5022],[-64.7946,-32.504]]]]},"properties":{"id":"cordoba:pertenencias:mineria_pertenencias_mineras.13","provincia":"cordoba","provincia_nombre":"Córdoba","tipo":"mina","estado":"desconocido","geom_kind":"poligono","fuente_id":"cordoba.idecor.pertenencias","source_url":"https://idecor-ws.mapascordoba.gob.ar/geoserver/wfs?service=WFS&version=2.0.0&request=GetFeature&typeNames=idecor%3Amineria_pertenencias_mineras&outputFormat=application%2Fjson&count=2000&startIndex=0&srsName=EPSG%3A4326","source_layer":"idecor:mineria_pertenencias_mineras","source_fid":"mineria_pertenencias_mineras.13","source_srid":22173,"fetched_at":"2026-07-28T13:38:04+00:00","licencia":"no_especificada","expediente":"2781","nombre":"LOS CERROS NEGROS","mineral":["Fluorita"],"mineral_origen":"FLUORITA","superficie_ha_calc":6.1016}},{"type":"Feature","geometry":{"type":"MultiPolygon","coordinates":[[[[-64.7982,-32.5041],[-64.8014,-32.504],[-64.8013,-32.5022],[-64.7981,-32.5024],[-64.7982,-32.5041]]]]},"properties":{"id":"cordoba:pertenencias:mineria_pertenencias_mineras.14","provincia":"cordoba","provincia_nombre":"Córdoba","tipo":"mina","estado":"desconocido","geom_kind":"poligono","fuente_id":"cordoba.idecor.pertenencias","source_url":"https://idecor-ws.mapascordoba.gob.ar/geoserver/wfs?service=WFS&version=2.0.0&request=GetFeature&typeNames=idecor%3Amineria_pertenencias_mineras&outputFormat=application%2Fjson&count=2000&startIndex=0&srsName=EPSG%3A4326","source_layer":"idecor:mineria_pertenencias_mineras","source_fid":"mineria_pertenencias_mineras.14","source_srid":22173,"fetched_at":"2026-07-28T13:38:04+00:00","licencia":"no_especificada","expediente":"3759","nombre":"PATRICIA","mineral":["Fluorita"],"mineral_origen":"FLUORITA","superficie_ha_calc":5.8515}},{"type":"Feature","geometry":{"type":"MultiPolygon","coordinates":[[[[-64.8027,-32.5024],[-64.8041,-32.5037],[-64.8088,-32.5001],[-64.8074,-32.4988],[-64.8027,-32.5024]]]]},"properties":{"id":"cordoba:pertenencias:mineria_pertenencias_mineras.15","provincia":"cordoba","provincia_nombre":"Córdoba","tipo":"mina","estado":"desconocido","geom_kind":"poligono","fuente_id":"cordoba.idecor.pertenencias","source_url":"https://idecor-ws.mapascordoba.gob.ar/geoserver/wfs?service=WFS&version=2.0.0&request=GetFeature&typeNames=idecor%3Amineria_pertenencias_mineras&outputFormat=application%2Fjson&count=2000&startIndex=0&srsName=EPSG%3A4326","source_layer":"idecor:mineria_pertenencias_mineras","source_fid":"mineria_pertenencias_mineras.15","source_srid":22173,"fetched_at":"2026-07-28T13:38:04+00:00","licencia":"no_especificada","expediente":"3126","nombre":"SAN GUILLERMO","mineral":["Fluorita"],"mineral_origen":"FLUORITA","superficie_ha_calc":11.6199}},{"type":"Feature","geometry":{"type":"MultiPolygon","coordinates":[[[[-64.8455,-32.4609],[-64.8396,-32.4628],[-64.8403,-32.4644],[-64.8461,-32.4626],[-64.8455,-32.4609]]]]},"properties":{"id":"cordoba:pertenencias:mineria_pertenencias_mineras.16","provincia":"cordoba","provincia_nombre":"Córdoba","tipo":"mina","estado":"desconocido","geom_kind":"poligono","fuente_id":"cordoba.idecor.pertenencias","source_url":"https://idecor-ws.mapascordoba.gob.ar/geoserver/wfs?service=WFS&version=2.0.0&request=GetFeature&typeNames=idecor%3Amineria_pertenencias_mineras&outputFormat=application%2Fjson&count=2000&startIndex=0&srsName=EPSG%3A4326","source_layer":"idecor:mineria_pertenencias_mineras","source_fid":"mineria_pertenencias_mineras.16","source_srid":22173,"fetched_at":"2026-07-28T13:38:04+00:00","licencia":"no_especificada","expediente":"1386","nombre":"PRODIGA","mineral":["Mineral De Wolfram"],"mineral_origen":"MINERAL DE WOLFRAM","superficie_ha_calc":11.3172}},{"type":"Feature","geometry":{"type":"MultiPolygon","coordinates":[[[[-64.8352,-32.4554],[-64.8371,-32.4577],[-64.8373,-32.4577],[-64.8379,-32.4589],[-64.8386,-32.4606],[-64.8396,-32.4628],[-64.8455,-32.4609],[-64.8433,-32.4558],[-64.8431,-32.4559],[-64.8411,-32.4565],[-64.8392,-32.4571],[-64.8371,-32.4549],[-64.8352,-32.4554]]]]},"properties":{"id":"cordoba:pertenencias:mineria_pertenencias_mineras.17","provincia":"cordoba","provincia_nombre":"Córdoba","tipo":"mina","estado":"desconocido","geom_kind":"poligono","fuente_id":"cordoba.idecor.pertenencias","source_url":"https://idecor-ws.mapascordoba.gob.ar/geoserver/wfs?service=WFS&version=2.0.0&request=GetFeature&typeNames=idecor%3Amineria_pertenencias_mineras&outputFormat=application%2Fjson&count=2000&startIndex=0&srsName=EPSG%3A4326","source_layer":"idecor:mineria_pertenencias_mineras","source_fid":"mineria_pertenencias_mineras.17","source_srid":22173,"fetched_at":"2026-07-28T13:38:04+00:00","licencia":"no_especificada","expediente":"1717","nombre":"SAN VIRGILIO (AMPLIACION)","mineral":["Mineral De Wolfram"],"mineral_origen":"MINERAL DE WOLFRAM","superficie_ha_calc":41.872}},{"type":"Feature","geometry":{"type":"MultiPolygon","coordinates":[[[[-64.6307,-30.9533],[-64.6322,-30.952],[-64.63,-30.95],[-64.6285,-30.9513],[-64.6307,-30.9533]]]]},"properties":{"id":"cordoba:pertenencias:mineria_pertenencias_mineras.18","provincia":"cordoba","provincia_nombre":"Córdoba","tipo":"mina","estado":"desconocido","geom_kind":"poligono","fuente_id":"cordoba.idecor.pertenencias","source_url":"https://idecor-ws.mapascordoba.gob.ar/geoserver/wfs?service=WFS&version=2.0.0&request=GetFeature&typeNames=idecor%3Amineria_pertenencias_mineras&outputFormat=application%2Fjson&count=2000&startIndex=0&srsName=EPSG%3A4326","source_layer":"idecor:mineria_pertenencias_mineras","source_fid":"mineria_pertenencias_mineras.18","source_srid":22173,"fetched_at":"2026-07-28T13:38:04+00:00","licencia":"no_especificada","expediente":"10683","nombre":"CERRO NEGRO","mineral":["Granate","Wollastonita"],"mineral_origen":"GRANATE-WOLLASTONITA","superficie_ha_calc":6.2079}},{"type":"Feature","geometry":{"type":"MultiPolygon","coordinates":[[[[-64.839,-32.4543],[-64.8371,-32.4549],[-64.8392,-32.4571],[-64.8411,-32.4565],[-64.839,-32.4543]]]]},"properties":{"id":"cordoba:pertenencias:mineria_pertenencias_mineras.19","provincia":"cordoba","provincia_nombre":"Córdoba","tipo":"mina","estado":"desconocido","geom_kind":"poligono","fuente_id":"cordoba.idecor.pertenencias","source_url":"https://idecor-ws.mapascordoba.gob.ar/geoserver/wfs?service=WFS&version=2.0.0&request=GetFeature&typeNames=idecor%3Amineria_pertenencias_mineras&outputFormat=application%2Fjson&count=2000&startIndex=0&srsName=EPSG%3A4326","source_layer":"idecor:mineria_pertenencias_mineras","source_fid":"mineria_pertenencias_mineras.19","source_srid":22173,"fetched_at":"2026-07-28T13:38:04+00:00","licencia":"no_especificada","expediente":"1249","nombre":"SAN VIRGILIO ESTACAS N° 2","mineral":["Mineral De Wolfram"],"mineral_origen":"MINERAL DE WOLFRAM","superficie_ha_calc":5.6721}},{"type":"Feature","geometry":{"type":"MultiPolygon","coordinates":[[[[-64.9032,-32.2998],[-64.9063,-32.2995],[-64.9061,-32.2977],[-64.9029,-32.298],[-64.9032,-32.2998]]]]},"properties":{"id":"cordoba:pertenencias:mineria_pertenencias_mineras.20","provincia":"cordoba","provincia_nombre":"Córdoba","tipo":"mina","estado":"desconocido","geom_kind":"poligono","fuente_id":"cordoba.idecor.pertenencias","source_url":"https://idecor-ws.mapascordoba.gob.ar/geoserver/wfs?service=WFS&version=2.0.0&request=GetFeature&typeNames=idecor%3Amineria_pertenencias_mineras&outputFormat=application%2Fjson&count=2000&startIndex=0&srsName=EPSG%3A4326","source_layer":"idecor:mineria_pertenencias_mineras","source_fid":"mineria_pertenencias_mineras.20","source_srid":22173,"fetched_at":"2026-07-28T13:38:04+00:00","licencia":"no_especificada","expediente":"743","nombre":"ADOLFO","mineral":["Berilo","cuarzo","feldespato","Tantalita"],"mineral_origen":"BERILO-CUARZO-FELDESPATO-TANTALITA","superficie_ha_calc":6.0003}},{"type":"Feature","geometry":{"type":"MultiPolygon","coordinates":[[[[-64.8379,-32.4589],[-64.8373,-32.4577],[-64.8371,-32.4577],[-64.8352,-32.4554],[-64.8333,-32.456],[-64.835,-32.4598],[-64.8379,-32.4589]]]]},"properties":{"id":"cordoba:pertenencias:mineria_pertenencias_mineras.21","provincia":"cordoba","provincia_nombre":"Córdoba","tipo":"mina","estado":"desconocido","geom_kind":"poligono","fuente_id":"cordoba.idecor.pertenencias","source_url":"https://idecor-ws.mapascordoba.gob.ar/geoserver/wfs?service=WFS&version=2.0.0&request=GetFeature&typeNames=idecor%3Amineria_pertenencias_mineras&outputFormat=application%2Fjson&count=2000&startIndex=0&srsName=EPSG%3A4326","source_layer":"idecor:mineria_pertenencias_mineras","source_fid":"mineria_pertenencias_mineras.21","source_srid":22173,"fetched_at":"2026-07-28T13:38:04+00:00","licencia":"no_especificada","expediente":"2470","nombre":"PAZ","mineral":["Mineral De Wolfram"],"mineral_origen":"MINERAL DE WOLFRAM","superficie_ha_calc":11.2084}},{"type":"Feature","geometry":{"type":"MultiPolygon","coordinates":[[[[-64.8926,-32.4367],[-64.8909,-32.4377],[-64.8927,-32.4399],[-64.8944,-32.4389],[-64.8926,-32.4367]]]]},"properties":{"id":"cordoba:pertenencias:mineria_pertenencias_mineras.23","provincia":"cordoba","provincia_nombre":"Córdoba","tipo":"mina","estado":"desconocido","geom_kind":"poligono","fuente_id":"cordoba.idecor.pertenencias","source_url":"https://idecor-ws.mapascordoba.gob.ar/geoserver/wfs?service=WFS&version=2.0.0&request=GetFeature&typeNames=idecor%3Amineria_pertenencias_mineras&outputFormat=application%2Fjson&count=2000&startIndex=0&srsName=EPSG%3A4326","source_layer":"idecor:mineria_pertenencias_mineras","source_fid":"mineria_pertenencias_mineras.23","source_srid":22173,"fetched_at":"2026-07-28T13:38:04+00:00","licencia":"no_especificada","expediente":"10039","nombre":"MARIA TERESA","mineral":["cuarzo"],"mineral_origen":"CUARZO","superficie_ha_calc":5.7775}},{"type":"Feature","geometry":{"type":"MultiPolygon","coordinates":[[[[-64.866,-32.4273],[-64.8667,-32.429],[-64.8727,-32.4271],[-64.8735,-32.4287],[-64.8765,-32.4278],[-64.875,-32.4244],[-64.866,-32.4273]]]]},"properties":{"id":"cordoba:pertenencias:mineria_pertenencias_mineras.24","provincia":"cordoba","provincia_nombre":"Córdoba","tipo":"mina","estado":"desconocido","geom_kind":"poligono","fuente_id":"cordoba.idecor.pertenencias","source_url":"https://idecor-ws.mapascordoba.gob.ar/geoserver/wfs?service=WFS&version=2.0.0&request=GetFeature&typeNames=idecor%3Amineria_pertenencias_mineras&outputFormat=application%2Fjson&count=2000&startIndex=0&srsName=EPSG%3A4326","source_layer":"idecor:mineria_pertenencias_mineras","source_fid":"mineria_pertenencias_mineras.24","source_srid":22173,"fetched_at":"2026-07-28T13:38:04+00:00","licencia":"no_especificada","expediente":"904","nombre":"CERRO ASPERO Nº 3","mineral":["Mineral De Wolfram"],"mineral_origen":"MINERAL DE WOLFRAM","superficie_ha_calc":24.2752}},{"type":"Feature","geometry":{"type":"MultiPolygon","coordinates":[[[[-64.9148,-32.3075],[-64.9148,-32.3048],[-64.9135,-32.3045],[-64.9127,-32.3043],[-64.9127,-32.3071],[-64.9148,-32.3075]]]]},"properties":{"id":"cordoba:pertenencias:mineria_pertenencias_mineras.25","provincia":"cordoba","provincia_nombre":"Córdoba","tipo":"mina","estado":"desconocido","geom_kind":"poligono","fuente_id":"cordoba.idecor.pertenencias","source_url":"https://idecor-ws.mapascordoba.gob.ar/geoserver/wfs?service=WFS&version=2.0.0&request=GetFeature&typeNames=idecor%3Amineria_pertenencias_mineras&outputFormat=application%2Fjson&count=2000&startIndex=0&srsName=EPSG%3A4326","source_layer":"idecor:mineria_pertenencias_mineras","source_fid":"mineria_pertenencias_mineras.25","source_srid":22173,"fetched_at":"2026-07-28T13:38:04+00:00","licencia":"no_especificada","expediente":"10154","nombre":"ESTACA MINA ANGEL","mineral":["Columbita","mica","Tantalita"],"mineral_origen":"COLUMBITA-MICA-TANTALITA","superficie_ha_calc":6.0207}},{"type":"Feature","geometry":{"type":"MultiPolygon","coordinates":[[[[-64.9141,-32.2991],[-64.913,-32.2991],[-64.9135,-32.3045],[-64.9145,-32.3045],[-64.9141,-32.2991]]]]},"properties":{"id":"cordoba:pertenencias:mineria_pertenencias_mineras.26","provincia":"cordoba","provincia_nombre":"Córdoba","tipo":"mina","estado":"desconocido","geom_kind":"poligono","fuente_id":"cordoba.idecor.pertenencias","source_url":"https://idecor-ws.mapascordoba.gob.ar/geoserver/wfs?service=WFS&version=2.0.0&request=GetFeature&typeNames=idecor%3Amineria_pertenencias_mineras&outputFormat=application%2Fjson&count=2000&startIndex=0&srsName=EPSG%3A4326","source_layer":"idecor:mineria_pertenencias_mineras","source_fid":"mineria_pertenencias_mineras.26","source_srid":22173,"fetched_at":"2026-07-28T13:38:04+00:00","licencia":"no_especificada","expediente":"653","nombre":"ANGEL (2° PERT.)","mineral":["Columbita","Radio","Tantalita","U"],"mineral_origen":"COLUMBITA-RADIO-TANTALITA-MINERAL DE URANIO","superficie_ha_calc":5.9218}},{"type":"Feature","geometry":{"type":"MultiPolygon","coordinates":[[[[-64.914,-32.2988],[-64.9118,-32.2937],[-64.9108,-32.294],[-64.913,-32.2991],[-64.914,-32.2988]]]]},"properties":{"id":"cordoba:pertenencias:mineria_pertenencias_mineras.27","provincia":"cordoba","provincia_nombre":"Córdoba","tipo":"mina","estado":"desconocido","geom_kind":"poligono","fuente_id":"cordoba.idecor.pertenencias","source_url":"https://idecor-ws.mapascordoba.gob.ar/geoserver/wfs?service=WFS&version=2.0.0&request=GetFeature&typeNames=idecor%3Amineria_pertenencias_mineras&outputFormat=application%2Fjson&count=2000&startIndex=0&srsName=EPSG%3A4326","source_layer":"idecor:mineria_pertenencias_mineras","source_fid":"mineria_pertenencias_mineras.27","source_srid":22173,"fetched_at":"2026-07-28T13:38:04+00:00","licencia":"no_especificada","expediente":"653","nombre":"ANGEL (2° PERT.)","mineral":["Columbita","Radio","Tantalita","U"],"mineral_origen":"COLUMBITA-RADIO-TANTALITA-MINERAL DE URANIO","superficie_ha_calc":6.0161}},{"type":"Feature","geometry":{"type":"MultiPolygon","coordinates":[[[[-64.9054,-32.2842],[-64.9098,-32.2943],[-64.9108,-32.294],[-64.9118,-32.2937],[-64.9074,-32.2835],[-64.9054,-32.2842]]]]},"properties":{"id":"cordoba:pertenencias:mineria_pertenencias_mineras.28","provincia":"cordoba","provincia_nombre":"Córdoba","tipo":"mina","estado":"desconocido","geom_kind":"poligono","fuente_id":"cordoba.idecor.pertenencias","source_url":"https://idecor-ws.mapascordoba.gob.ar/geoserver/wfs?service=WFS&version=2.0.0&request=GetFeature&typeNames=idecor%3Amineria_pertenencias_mineras&outputFormat=application%2Fjson&count=2000&startIndex=0&srsName=EPSG%3A4326","source_layer":"idecor:mineria_pertenencias_mineras","source_fid":"mineria_pertenencias_mineras.28","source_srid":22173,"fetched_at":"2026-07-28T13:38:04+00:00","licencia":"no_especificada","expediente":"10100","nombre":"LA ONA","mineral":["Columbita","cuarzo","feldespato"],"mineral_origen":"COLUMBITA-CUARZO-FELDESPATO","superficie_ha_calc":24.1918}},{"type":"Feature","geometry":{"type":"MultiPolygon","coordinates":[[[[-64.8708,-32.2815],[-64.8697,-32.2814],[-64.8677,-32.2921],[-64.8688,-32.2922],[-64.8708,-32.2815]]]]},"properties":{"id":"cordoba:pertenencias:mineria_pertenencias_mineras.29","provincia":"cordoba","provincia_nombre":"Córdoba","tipo":"mina","estado":"desconocido","geom_kind":"poligono","fuente_id":"cordoba.idecor.pertenencias","source_url":"https://idecor-ws.mapascordoba.gob.ar/geoserver/wfs?service=WFS&version=2.0.0&request=GetFeature&typeNames=idecor%3Amineria_pertenencias_mineras&outputFormat=application%2Fjson&count=2000&startIndex=0&srsName=EPSG%3A4326","source_layer":"idecor:mineria_pertenencias_mineras","source_fid":"mineria_pertenencias_mineras.29","source_srid":22173,"fetched_at":"2026-07-28T13:38:04+00:00","licencia":"no_especificada","expediente":"746","nombre":"OTTO","mineral":["Columbita","Tantalita"],"mineral_origen":"COLUMBITA-TANTALITA ","superficie_ha_calc":12.5036}},{"type":"Feature","geometry":{"type":"MultiPolygon","coordinates":[[[[-64.7266,-32.1844],[-64.7222,-32.1884],[-64.7223,-32.1894],[-64.7162,-32.191],[-64.7162,-32.1928],[-64.7202,-32.1918],[-64.7223,-32.1913],[-64.7223,-32.191],[-64.7267,-32.187],[-64.7268,-32.1919],[-64.7311,-32.1918],[-64.7308,-32.1836],[-64.7266,-32.1838],[-64.7266,-32.1844]]]]},"properties":{"id":"cordoba:pertenencias:mineria_pertenencias_mineras.30","provincia":"cordoba","provincia_nombre":"Córdoba","tipo":"mina","estado":"desconocido","geom_kind":"poligono","fuente_id":"cordoba.idecor.pertenencias","source_url":"https://idecor-ws.mapascordoba.gob.ar/geoserver/wfs?service=WFS&version=2.0.0&request=GetFeature&typeNames=idecor%3Amineria_pertenencias_mineras&outputFormat=application%2Fjson&count=2000&startIndex=0&srsName=EPSG%3A4326","source_layer":"idecor:mineria_pertenencias_mineras","source_fid":"mineria_pertenencias_mineras.30","source_srid":22173,"fetched_at":"2026-07-28T13:38:04+00:00","licencia":"no_especificada","expediente":"1901","nombre":"LOS GUANACOS","mineral":["Cromita","Fe","Vermiculita"],"mineral_origen":"CROMITA-MINERAL DE HIERRO-VERMICULITA","superficie_ha_calc":60.2471}},{"type":"Feature","geometry":{"type":"MultiPolygon","coordinates":[[[[-64.8575,-32.1673],[-64.8604,-32.1663],[-64.8596,-32.1646],[-64.8567,-32.1656],[-64.8575,-32.1673]]]]},"properties":{"id":"cordoba:pertenencias:mineria_pertenencias_mineras.31","provincia":"cordoba","provincia_nombre":"Córdoba","tipo":"mina","estado":"desconocido","geom_kind":"poligono","fuente_id":"cordoba.idecor.pertenencias","source_url":"https://idecor-ws.mapascordoba.gob.ar/geoserver/wfs?service=WFS&version=2.0.0&request=GetFeature&typeNames=idecor%3Amineria_pertenencias_mineras&outputFormat=application%2Fjson&count=2000&startIndex=0&srsName=EPSG%3A4326","source_layer":"idecor:mineria_pertenencias_mineras","source_fid":"mineria_pertenencias_mineras.31","source_srid":22173,"fetched_at":"2026-07-28T13:38:04+00:00","licencia":"no_especificada","expediente":"5264","nombre":"NELDITA","mineral":["Berilo","cuarzo"],"mineral_origen":"BERILO-CUARZO","superficie_ha_calc":5.9932}},{"type":"Feature","geometry":{"type":"MultiPolygon","coordinates":[[[[-64.8607,-32.1602],[-64.8617,-32.1627],[-64.8637,-32.1622],[-64.8627,-32.1596],[-64.8619,-32.1598],[-64.8607,-32.1602]]]]},"properties":{"id":"cordoba:pertenencias:mineria_pertenencias_mineras.32","provincia":"cordoba","provincia_nombre":"Córdoba","tipo":"mina","estado":"desconocido","geom_kind":"poligono","fuente_id":"cordoba.idecor.pertenencias","source_url":"https://idecor-ws.mapascordoba.gob.ar/geoserver/wfs?service=WFS&version=2.0.0&request=GetFeature&typeNames=idecor%3Amineria_pertenencias_mineras&outputFormat=application%2Fjson&count=2000&startIndex=0&srsName=EPSG%3A4326","source_layer":"idecor:mineria_pertenencias_mineras","source_fid":"mineria_pertenencias_mineras.32","source_srid":22173,"fetched_at":"2026-07-28T13:38:04+00:00","licencia":"no_especificada","expediente":"2099","nombre":"JULIO CESAR","mineral":["Berilo"],"mineral_origen":"BERILO","superficie_ha_calc":5.9517}},{"type":"Feature","geometry":{"type":"MultiPolygon","coordinates":[[[[-64.8627,-32.1596],[-64.8639,-32.1592],[-64.8628,-32.1567],[-64.8608,-32.1573],[-64.8619,-32.1598],[-64.8627,-32.1596]]]]},"properties":{"id":"cordoba:pertenencias:mineria_pertenencias_mineras.33","provincia":"cordoba","provincia_nombre":"Córdoba","tipo":"mina","estado":"desconocido","geom_kind":"poligono","fuente_id":"cordoba.idecor.pertenencias","source_url":"https://idecor-ws.mapascordoba.gob.ar/geoserver/wfs?service=WFS&version=2.0.0&request=GetFeature&typeNames=idecor%3Amineria_pertenencias_mineras&outputFormat=application%2Fjson&count=2000&startIndex=0&srsName=EPSG%3A4326","source_layer":"idecor:mineria_pertenencias_mineras","source_fid":"mineria_pertenencias_mineras.33","source_srid":22173,"fetched_at":"2026-07-28T13:38:04+00:00","licencia":"no_especificada","expediente":"5485","nombre":"EDUARDO","mineral":["Berilo"],"mineral_origen":"BERILO","superficie_ha_calc":5.9623}},{"type":"Feature","geometry":{"type":"MultiPolygon","coordinates":[[[[-64.9844,-32.1446],[-64.9833,-32.1471],[-64.9853,-32.1477],[-64.9864,-32.1453],[-64.9844,-32.1446]]]]},"properties":{"id":"cordoba:pertenencias:mineria_pertenencias_mineras.34","provincia":"cordoba","provincia_nombre":"Córdoba","tipo":"mina","estado":"desconocido","geom_kind":"poligono","fuente_id":"cordoba.idecor.pertenencias","source_url":"https://idecor-ws.mapascordoba.gob.ar/geoserver/wfs?service=WFS&version=2.0.0&request=GetFeature&typeNames=idecor%3Amineria_pertenencias_mineras&outputFormat=application%2Fjson&count=2000&startIndex=0&srsName=EPSG%3A4326","source_layer":"idecor:mineria_pertenencias_mineras","source_fid":"mineria_pertenencias_mineras.34","source_srid":22173,"fetched_at":"2026-07-28T13:38:04+00:00","licencia":"no_especificada","expediente":"10123","nombre":"ESTACA MINA 1º DE JULIO","mineral":["Berilo","feldespato"],"mineral_origen":"BERILO-FELDESPATO","superficie_ha_calc":5.8742}},{"type":"Feature","geometry":{"type":"MultiPolygon","coordinates":[[[[-64.6116,-31.8084],[-64.6139,-31.8102],[-64.6154,-31.8089],[-64.6131,-31.807],[-64.6116,-31.8084]]]]},"properties":{"id":"cordoba:pertenencias:mineria_pertenencias_mineras.35","provincia":"cordoba","provincia_nombre":"Córdoba","tipo":"mina","estado":"desconocido","geom_kind":"poligono","fuente_id":"cordoba.idecor.pertenencias","source_url":"https://idecor-ws.mapascordoba.gob.ar/geoserver/wfs?service=WFS&version=2.0.0&request=GetFeature&typeNames=idecor%3Amineria_pertenencias_mineras&outputFormat=application%2Fjson&count=2000&startIndex=0&srsName=EPSG%3A4326","source_layer":"idecor:mineria_pertenencias_mineras","source_fid":"mineria_pertenencias_mineras.35","source_srid":22173,"fetched_at":"2026-07-28T13:38:04+00:00","licencia":"no_especificada","expediente":"3643","nombre":"CERRO DEL NOGAL","mineral":["mica"],"mineral_origen":"MICA","superficie_ha_calc":6.1737}},{"type":"Feature","geometry":{"type":"MultiPolygon","coordinates":[[[[-64.9266,-32.1186],[-64.9261,-32.1159],[-64.924,-32.1162],[-64.9245,-32.1189],[-64.9266,-32.1186]]]]},"properties":{"id":"cordoba:pertenencias:mineria_pertenencias_mineras.36","provincia":"cordoba","provincia_nombre":"Córdoba","tipo":"mina","estado":"desconocido","geom_kind":"poligono","fuente_id":"cordoba.idecor.pertenencias","source_url":"https://idecor-ws.mapascordoba.gob.ar/geoserver/wfs?service=WFS&version=2.0.0&request=GetFeature&typeNames=idecor%3Amineria_pertenencias_mineras&outputFormat=application%2Fjson&count=2000&startIndex=0&srsName=EPSG%3A4326","source_layer":"idecor:mineria_pertenencias_mineras","source_fid":"mineria_pertenencias_mineras.36","source_srid":22173,"fetched_at":"2026-07-28T13:38:04+00:00","licencia":"no_especificada","expediente":"1082","nombre":"CERRO BLANCO (2° PERT.)","mineral":["Berilo","mica","Mineral De Tantalio","U"],"mineral_origen":"BERILO-MICA-MINERAL DE TANTALIO-URANIO","superficie_ha_calc":6.0906}},{"type":"Feature","geometry":{"type":"MultiPolygon","coordinates":[[[[-64.9223,-32.1116],[-64.9247,-32.1133],[-64.9261,-32.112],[-64.9237,-32.1102],[-64.9223,-32.1116]]]]},"properties":{"id":"cordoba:pertenencias:mineria_pertenencias_mineras.37","provincia":"cordoba","provincia_nombre":"Córdoba","tipo":"mina","estado":"desconocido","geom_kind":"poligono","fuente_id":"cordoba.idecor.pertenencias","source_url":"https://idecor-ws.mapascordoba.gob.ar/geoserver/wfs?service=WFS&version=2.0.0&request=GetFeature&typeNames=idecor%3Amineria_pertenencias_mineras&outputFormat=application%2Fjson&count=2000&startIndex=0&srsName=EPSG%3A4326","source_layer":"idecor:mineria_pertenencias_mineras","source_fid":"mineria_pertenencias_mineras.37","source_srid":22173,"fetched_at":"2026-07-28T13:38:04+00:00","licencia":"no_especificada","expediente":"1082","nombre":"CERRO BLANCO (2° PERT.)","mineral":["Berilo","mica","Mineral De Tantalio","U"],"mineral_origen":"BERILO-MICA-MINERAL DE TANTALIO-URANIO","superficie_ha_calc":5.9549}},{"type":"Feature","geometry":{"type":"MultiPolygon","coordinates":[[[[-65.0281,-32.0887],[-65.0309,-32.0838],[-65.0292,-32.0827],[-65.026,-32.0874],[-65.0281,-32.0887]]]]},"properties":{"id":"cordoba:pertenencias:mineria_pertenencias_mineras.38","provincia":"cordoba","provincia_nombre":"Córdoba","tipo":"mina","estado":"desconocido","geom_kind":"poligono","fuente_id":"cordoba.idecor.pertenencias","source_url":"https://idecor-ws.mapascordoba.gob.ar/geoserver/wfs?service=WFS&version=2.0.0&request=GetFeature&typeNames=idecor%3Amineria_pertenencias_mineras&outputFormat=application%2Fjson&count=2000&startIndex=0&srsName=EPSG%3A4326","source_layer":"idecor:mineria_pertenencias_mineras","source_fid":"mineria_pertenencias_mineras.38","source_srid":22173,"fetched_at":"2026-07-28T13:38:04+00:00","licencia":"no_especificada","expediente":"9969","nombre":"LA LOMITA","mineral":["cuarzo","feldespato"],"mineral_origen":"CUARZO-FELDESPATO","superficie_ha_calc":13.3158}},{"type":"Feature","geometry":{"type":"MultiPolygon","coordinates":[[[[-65.0855,-31.9454],[-65.0868,-31.9441],[-65.0846,-31.9422],[-65.0832,-31.9435],[-65.0855,-31.9454]]]]},"properties":{"id":"cordoba:pertenencias:mineria_pertenencias_mineras.39","provincia":"cordoba","provincia_nombre":"Córdoba","tipo":"mina","estado":"desconocido","geom_kind":"poligono","fuente_id":"cordoba.idecor.pertenencias","source_url":"https://idecor-ws.mapascordoba.gob.ar/geoserver/wfs?service=WFS&version=2.0.0&request=GetFeature&typeNames=idecor%3Amineria_pertenencias_mineras&outputFormat=application%2Fjson&count=2000&startIndex=0&srsName=EPSG%3A4326","source_layer":"idecor:mineria_pertenencias_mineras","source_fid":"mineria_pertenencias_mineras.39","source_srid":22173,"fetched_at":"2026-07-28T13:38:04+00:00","licencia":"no_especificada","expediente":"1698","nombre":"SAN TELESFORO","mineral":["Mineral De Bismuto"],"mineral_origen":"MINERAL DE BISMUTO","superficie_ha_calc":5.7559}},{"type":"Feature","geometry":{"type":"MultiPolygon","coordinates":[[[[-65.0888,-31.9421],[-65.0872,-31.9409],[-65.084,-31.9386],[-65.0819,-31.9406],[-65.0868,-31.9441],[-65.0888,-31.9421]]]]},"properties":{"id":"cordoba:pertenencias:mineria_pertenencias_mineras.40","provincia":"cordoba","provincia_nombre":"Córdoba","tipo":"mina","estado":"desconocido","geom_kind":"poligono","fuente_id":"cordoba.idecor.pertenencias","source_url":"https://idecor-ws.mapascordoba.gob.ar/geoserver/wfs?service=WFS&version=2.0.0&request=GetFeature&typeNames=idecor%3Amineria_pertenencias_mineras&outputFormat=application%2Fjson&count=2000&startIndex=0&srsName=EPSG%3A4326","source_layer":"idecor:mineria_pertenencias_mineras","source_fid":"mineria_pertenencias_mineras.40","source_srid":22173,"fetched_at":"2026-07-28T13:38:04+00:00","licencia":"no_especificada","expediente":"912","nombre":"LAS TAPIAS","mineral":["Berilo","Mineral De Bismuto","Li"],"mineral_origen":"BERILO-MINERAL DE BISMUTO-LITIO","superficie_ha_calc":17.7768}},{"type":"Feature","geometry":{"type":"MultiPolygon","coordinates":[[[[-65.0888,-31.9421],[-65.0868,-31.9441],[-65.09,-31.9464],[-65.0921,-31.9444],[-65.0888,-31.9421]]]]},"properties":{"id":"cordoba:pertenencias:mineria_pertenencias_mineras.41","provincia":"cordoba","provincia_nombre":"Córdoba","tipo":"mina","estado":"desconocido","geom_kind":"poligono","fuente_id":"cordoba.idecor.pertenencias","source_url":"https://idecor-ws.mapascordoba.gob.ar/geoserver/wfs?service=WFS&version=2.0.0&request=GetFeature&typeNames=idecor%3Amineria_pertenencias_mineras&outputFormat=application%2Fjson&count=2000&startIndex=0&srsName=EPSG%3A4326","source_layer":"idecor:mineria_pertenencias_mineras","source_fid":"mineria_pertenencias_mineras.41","source_srid":22173,"fetched_at":"2026-07-28T13:38:04+00:00","licencia":"no_especificada","expediente":"5445","nombre":"SAN JOSE","mineral":["Berilo"],"mineral_origen":"BERILO","superficie_ha_calc":11.7581}},{"type":"Feature","geometry":{"type":"MultiPolygon","coordinates":[[[[-65.0872,-31.9409],[-65.0888,-31.9421],[-65.0909,-31.94],[-65.0892,-31.9388],[-65.0872,-31.9409]]]]},"properties":{"id":"cordoba:pertenencias:mineria_pertenencias_mineras.42","provincia":"cordoba","provincia_nombre":"Córdoba","tipo":"mina","estado":"desconocido","geom_kind":"poligono","fuente_id":"cordoba.idecor.pertenencias","source_url":"https://idecor-ws.mapascordoba.gob.ar/geoserver/wfs?service=WFS&version=2.0.0&request=GetFeature&typeNames=idecor%3Amineria_pertenencias_mineras&outputFormat=application%2Fjson&count=2000&startIndex=0&srsName=EPSG%3A4326","source_layer":"idecor:mineria_pertenencias_mineras","source_fid":"mineria_pertenencias_mineras.42","source_srid":22173,"fetched_at":"2026-07-28T13:38:04+00:00","licencia":"no_especificada","expediente":"5601","nombre":"ROSITA","mineral":["Berilo","cuarzo","Espodumeno","feldespato"],"mineral_origen":"BERILO-CUARZO-ESPODUMENO-FELDESPATO","superficie_ha_calc":6.2122}},{"type":"Feature","geometry":{"type":"MultiPolygon","coordinates":[[[[-65.0886,-31.9395],[-65.0861,-31.9378],[-65.0848,-31.9391],[-65.0872,-31.9409],[-65.0886,-31.9395]]]]},"properties":{"id":"cordoba:pertenencias:mineria_pertenencias_mineras.43","provincia":"cordoba","provincia_nombre":"Córdoba","tipo":"mina","estado":"desconocido","geom_kind":"poligono","fuente_id":"cordoba.idecor.pertenencias","source_url":"https://idecor-ws.mapascordoba.gob.ar/geoserver/wfs?service=WFS&version=2.0.0&request=GetFeature&typeNames=idecor%3Amineria_pertenencias_mineras&outputFormat=application%2Fjson&count=2000&startIndex=0&srsName=EPSG%3A4326","source_layer":"idecor:mineria_pertenencias_mineras","source_fid":"mineria_pertenencias_mineras.43","source_srid":22173,"fetched_at":"2026-07-28T13:38:04+00:00","licencia":"no_especificada","expediente":"1567","nombre":"LA PROTECTORA","mineral":["Mineral De Berilio","Bismuto"],"mineral_origen":"MINERAL DE BERILIO-BISMUTO","superficie_ha_calc":5.9449}},{"type":"Feature","geometry":{"type":"MultiPolygon","coordinates":[[[[-64.7015,-31.8687],[-64.7011,-31.8669],[-64.6982,-31.867],[-64.6983,-31.8688],[-64.7015,-31.8687]]]]},"properties":{"id":"cordoba:pertenencias:mineria_pertenencias_mineras.44","provincia":"cordoba","provincia_nombre":"Córdoba","tipo":"mina","estado":"desconocido","geom_kind":"poligono","fuente_id":"cordoba.idecor.pertenencias","source_url":"https://idecor-ws.mapascordoba.gob.ar/geoserver/wfs?service=WFS&version=2.0.0&request=GetFeature&typeNames=idecor%3Amineria_pertenencias_mineras&outputFormat=application%2Fjson&count=2000&startIndex=0&srsName=EPSG%3A4326","source_layer":"idecor:mineria_pertenencias_mineras","source_fid":"mineria_pertenencias_mineras.44","source_srid":22173,"fetched_at":"2026-07-28T13:38:04+00:00","licencia":"no_especificada","expediente":"363","nombre":"BELEN 7","mineral":["cuarzo","mica"],"mineral_origen":"CUARZO-MICA","superficie_ha_calc":5.7868}},{"type":"Feature","geometry":{"type":"MultiPolygon","coordinates":[[[[-64.7052,-31.8677],[-64.7113,-31.8692],[-64.7118,-31.8674],[-64.7057,-31.866],[-64.7052,-31.8677]]]]},"properties":{"id":"cordoba:pertenencias:mineria_pertenencias_mineras.45","provincia":"cordoba","provincia_nombre":"Córdoba","tipo":"mina","estado":"desconocido","geom_kind":"poligono","fuente_id":"cordoba.idecor.pertenencias","source_url":"https://idecor-ws.mapascordoba.gob.ar/geoserver/wfs?service=WFS&version=2.0.0&request=GetFeature&typeNames=idecor%3Amineria_pertenencias_mineras&outputFormat=application%2Fjson&count=2000&startIndex=0&srsName=EPSG%3A4326","source_layer":"idecor:mineria_pertenencias_mineras","source_fid":"mineria_pertenencias_mineras.45","source_srid":22173,"fetched_at":"2026-07-28T13:38:04+00:00","licencia":"no_especificada","expediente":"3740","nombre":"FELICIANA","mineral":["mica"],"mineral_origen":"MICA","superficie_ha_calc":11.9619}},{"type":"Feature","geometry":{"type":"MultiPolygon","coordinates":[[[[-64.6926,-31.8378],[-64.6958,-31.8378],[-64.6958,-31.8342],[-64.6927,-31.8342],[-64.6926,-31.8378]]]]},"properties":{"id":"cordoba:pertenencias:mineria_pertenencias_mineras.46","provincia":"cordoba","provincia_nombre":"Córdoba","tipo":"mina","estado":"desconocido","geom_kind":"poligono","fuente_id":"cordoba.idecor.pertenencias","source_url":"https://idecor-ws.mapascordoba.gob.ar/geoserver/wfs?service=WFS&version=2.0.0&request=GetFeature&typeNames=idecor%3Amineria_pertenencias_mineras&outputFormat=application%2Fjson&count=2000&startIndex=0&srsName=EPSG%3A4326","source_layer":"idecor:mineria_pertenencias_mineras","source_fid":"mineria_pertenencias_mineras.46","source_srid":22173,"fetched_at":"2026-07-28T13:38:04+00:00","licencia":"no_especificada","expediente":"1176","nombre":"LUISA","mineral":["mica"],"mineral_origen":"MICA","superficie_ha_calc":11.9029}},{"type":"Feature","geometry":{"type":"MultiPolygon","coordinates":[[[[-64.9863,-31.8387],[-64.9861,-31.8405],[-64.9835,-31.8403],[-64.9834,-31.8406],[-64.9803,-31.8403],[-64.9801,-31.8421],[-64.9832,-31.8424],[-64.9831,-31.8432],[-64.9889,-31.8437],[-64.9892,-31.8417],[-64.9934,-31.8421],[-64.9937,-31.8394],[-64.9863,-31.8387]]]]},"properties":{"id":"cordoba:pertenencias:mineria_pertenencias_mineras.47","provincia":"cordoba","provincia_nombre":"Córdoba","tipo":"mina","estado":"desconocido","geom_kind":"poligono","fuente_id":"cordoba.idecor.pertenencias","source_url":"https://idecor-ws.mapascordoba.gob.ar/geoserver/wfs?service=WFS&version=2.0.0&request=GetFeature&typeNames=idecor%3Amineria_pertenencias_mineras&outputFormat=application%2Fjson&count=2000&startIndex=0&srsName=EPSG%3A4326","source_layer":"idecor:mineria_pertenencias_mineras","source_fid":"mineria_pertenencias_mineras.47","source_srid":22173,"fetched_at":"2026-07-28T13:38:04+00:00","licencia":"no_especificada","expediente":"744","nombre":"EUREKA","mineral":["Caolin"],"mineral_origen":"CAOLIN","superficie_ha_calc":42.0986}},{"type":"Feature","geometry":{"type":"MultiPolygon","coordinates":[[[[-64.5856,-31.8104],[-64.5811,-31.8065],[-64.5797,-31.8077],[-64.5841,-31.8116],[-64.5856,-31.8104]]]]},"properties":{"id":"cordoba:pertenencias:mineria_pertenencias_mineras.48","provincia":"cordoba","provincia_nombre":"Córdoba","tipo":"mina","estado":"desconocido","geom_kind":"poligono","fuente_id":"cordoba.idecor.pertenencias","source_url":"https://idecor-ws.mapascordoba.gob.ar/geoserver/wfs?service=WFS&version=2.0.0&request=GetFeature&typeNames=idecor%3Amineria_pertenencias_mineras&outputFormat=application%2Fjson&count=2000&startIndex=0&srsName=EPSG%3A4326","source_layer":"idecor:mineria_pertenencias_mineras","source_fid":"mineria_pertenencias_mineras.48","source_srid":22173,"fetched_at":"2026-07-28T13:38:04+00:00","licencia":"no_especificada","expediente":"1614","nombre":"ERNESTINA","mineral":["mica"],"mineral_origen":"MICA","superficie_ha_calc":11.5441}},{"type":"Feature","geometry":{"type":"MultiPolygon","coordinates":[[[[-64.4659,-31.8138],[-64.469,-31.8139],[-64.4691,-31.8121],[-64.466,-31.812],[-64.4659,-31.8138]]]]},"properties":{"id":"cordoba:pertenencias:mineria_pertenencias_mineras.49","provincia":"cordoba","provincia_nombre":"Córdoba","tipo":"mina","estado":"desconocido","geom_kind":"poligono","fuente_id":"cordoba.idecor.pertenencias","source_url":"https://idecor-ws.mapascordoba.gob.ar/geoserver/wfs?service=WFS&version=2.0.0&request=GetFeature&typeNames=idecor%3Amineria_pertenencias_mineras&outputFormat=application%2Fjson&count=2000&startIndex=0&srsName=EPSG%3A4326","source_layer":"idecor:mineria_pertenencias_mineras","source_fid":"mineria_pertenencias_mineras.49","source_srid":22173,"fetched_at":"2026-07-28T13:38:04+00:00","licencia":"no_especificada","expediente":"568","nombre":"BOREAL","mineral":["Galena"],"mineral_origen":"GALENA","superficie_ha_calc":5.8689}},{"type":"Feature","geometry":{"type":"MultiPolygon","coordinates":[[[[-64.5797,-31.792],[-64.5776,-31.7916],[-64.5769,-31.7944],[-64.579,-31.7946],[-64.5797,-31.792]]]]},"properties":{"id":"cordoba:pertenencias:mineria_pertenencias_mineras.50","provincia":"cordoba","provincia_nombre":"Córdoba","tipo":"mina","estado":"desconocido","geom_kind":"poligono","fuente_id":"cordoba.idecor.pertenencias","source_url":"https://idecor-ws.mapascordoba.gob.ar/geoserver/wfs?service=WFS&version=2.0.0&request=GetFeature&typeNames=idecor%3Amineria_pertenencias_mineras&outputFormat=application%2Fjson&count=2000&startIndex=0&srsName=EPSG%3A4326","source_layer":"idecor:mineria_pertenencias_mineras","source_fid":"mineria_pertenencias_mineras.50","source_srid":22173,"fetched_at":"2026-07-28T13:38:04+00:00","licencia":"no_especificada","expediente":"1243","nombre":"LA ISABEL","mineral":["cuarzo","feldespato","mica"],"mineral_origen":"CUARZO-FELDESPATO-MICA","superficie_ha_calc":6.1747}},{"type":"Feature","geometry":{"type":"MultiPolygon","coordinates":[[[[-64.5888,-31.7972],[-64.5874,-31.7919],[-64.5854,-31.7923],[-64.5868,-31.7976],[-64.5888,-31.7972]]]]},"properties":{"id":"cordoba:pertenencias:mineria_pertenencias_mineras.51","provincia":"cordoba","provincia_nombre":"Córdoba","tipo":"mina","estado":"desconocido","geom_kind":"poligono","fuente_id":"cordoba.idecor.pertenencias","source_url":"https://idecor-ws.mapascordoba.gob.ar/geoserver/wfs?service=WFS&version=2.0.0&request=GetFeature&typeNames=idecor%3Amineria_pertenencias_mineras&outputFormat=application%2Fjson&count=2000&startIndex=0&srsName=EPSG%3A4326","source_layer":"idecor:mineria_pertenencias_mineras","source_fid":"mineria_pertenencias_mineras.51","source_srid":22173,"fetched_at":"2026-07-28T13:38:04+00:00","licencia":"no_especificada","expediente":"555","nombre":"NUMERO UNO (ASTILLAS)","mineral":["mica"],"mineral_origen":"MICA","superficie_ha_calc":11.7191}},{"type":"Feature","geometry":{"type":"MultiPolygon","coordinates":[[[[-64.962,-31.6704],[-64.9616,-31.665],[-64.9595,-31.6651],[-64.9599,-31.6705],[-64.962,-31.6704]]]]},"properties":{"id":"cordoba:pertenencias:mineria_pertenencias_mineras.52","provincia":"cordoba","provincia_nombre":"Córdoba","tipo":"mina","estado":"desconocido","geom_kind":"poligono","fuente_id":"cordoba.idecor.pertenencias","source_url":"https://idecor-ws.mapascordoba.gob.ar/geoserver/wfs?service=WFS&version=2.0.0&request=GetFeature&typeNames=idecor%3Amineria_pertenencias_mineras&outputFormat=application%2Fjson&count=2000&startIndex=0&srsName=EPSG%3A4326","source_layer":"idecor:mineria_pertenencias_mineras","source_fid":"mineria_pertenencias_mineras.52","source_srid":22173,"fetched_at":"2026-07-28T13:38:04+00:00","licencia":"no_especificada","expediente":"9673","nombre":"BARBARA","mineral":["Amatista"],"mineral_origen":"AMATISTA","superficie_ha_calc":11.9662}},{"type":"Feature","geometry":{"type":"MultiPolygon","coordinates":[[[[-64.9755,-31.6783],[-64.9769,-31.6769],[-64.9721,-31.6736],[-64.9708,-31.675],[-64.9755,-31.6783]]]]},"properties":{"id":"cordoba:pertenencias:mineria_pertenencias_mineras.53","provincia":"cordoba","provincia_nombre":"Córdoba","tipo":"mina","estado":"desconocido","geom_kind":"poligono","fuente_id":"cordoba.idecor.pertenencias","source_url":"https://idecor-ws.mapascordoba.gob.ar/geoserver/wfs?service=WFS&version=2.0.0&request=GetFeature&typeNames=idecor%3Amineria_pertenencias_mineras&outputFormat=application%2Fjson&count=2000&startIndex=0&srsName=EPSG%3A4326","source_layer":"idecor:mineria_pertenencias_mineras","source_fid":"mineria_pertenencias_mineras.53","source_srid":22173,"fetched_at":"2026-07-28T13:38:04+00:00","licencia":"no_especificada","expediente":"5195","nombre":"PUENTE DEL CURA","mineral":["Berilo","cuarzo","feldespato","mica"],"mineral_origen":"BERILO-CUARZO-FELDESPATO-MICA","superficie_ha_calc":11.676}},{"type":"Feature","geometry":{"type":"MultiPolygon","coordinates":[[[[-64.5055,-31.6438],[-64.5091,-31.6394],[-64.5073,-31.6384],[-64.5038,-31.6428],[-64.5055,-31.6438]]]]},"properties":{"id":"cordoba:pertenencias:mineria_pertenencias_mineras.54","provincia":"cordoba","provincia_nombre":"Córdoba","tipo":"mina","estado":"desconocido","geom_kind":"poligono","fuente_id":"cordoba.idecor.pertenencias","source_url":"https://idecor-ws.mapascordoba.gob.ar/geoserver/wfs?service=WFS&version=2.0.0&request=GetFeature&typeNames=idecor%3Amineria_pertenencias_mineras&outputFormat=application%2Fjson&count=2000&startIndex=0&srsName=EPSG%3A4326","source_layer":"idecor:mineria_pertenencias_mineras","source_fid":"mineria_pertenencias_mineras.54","source_srid":22173,"fetched_at":"2026-07-28T13:38:04+00:00","licencia":"no_especificada","expediente":"9677","nombre":"MARIA BELEN PARAVACHASCA","mineral":["cuarzo"],"mineral_origen":"CUARZO","superficie_ha_calc":11.8328}},{"type":"Feature","geometry":{"type":"MultiPolygon","coordinates":[[[[-64.5942,-31.7565],[-64.5973,-31.7568],[-64.5976,-31.7551],[-64.5945,-31.7547],[-64.5942,-31.7565]]]]},"properties":{"id":"cordoba:pertenencias:mineria_pertenencias_mineras.55","provincia":"cordoba","provincia_nombre":"Córdoba","tipo":"mina","estado":"desconocido","geom_kind":"poligono","fuente_id":"cordoba.idecor.pertenencias","source_url":"https://idecor-ws.mapascordoba.gob.ar/geoserver/wfs?service=WFS&version=2.0.0&request=GetFeature&typeNames=idecor%3Amineria_pertenencias_mineras&outputFormat=application%2Fjson&count=2000&startIndex=0&srsName=EPSG%3A4326","source_layer":"idecor:mineria_pertenencias_mineras","source_fid":"mineria_pertenencias_mineras.55","source_srid":22173,"fetched_at":"2026-07-28T13:38:04+00:00","licencia":"no_especificada","expediente":"907","nombre":"LA FORTUNA","mineral":["mica"],"mineral_origen":"MICA","superficie_ha_calc":5.8094}},{"type":"Feature","geometry":{"type":"MultiPolygon","coordinates":[[[[-64.6294,-31.7662],[-64.6309,-31.7649],[-64.6286,-31.763],[-64.6272,-31.7643],[-64.6294,-31.7662]]]]},"properties":{"id":"cordoba:pertenencias:mineria_pertenencias_mineras.56","provincia":"cordoba","provincia_nombre":"Córdoba","tipo":"mina","estado":"desconocido","geom_kind":"poligono","fuente_id":"cordoba.idecor.pertenencias","source_url":"https://idecor-ws.mapascordoba.gob.ar/geoserver/wfs?service=WFS&version=2.0.0&request=GetFeature&typeNames=idecor%3Amineria_pertenencias_mineras&outputFormat=application%2Fjson&count=2000&startIndex=0&srsName=EPSG%3A4326","source_layer":"idecor:mineria_pertenencias_mineras","source_fid":"mineria_pertenencias_mineras.56","source_srid":22173,"fetched_at":"2026-07-28T13:38:04+00:00","licencia":"no_especificada","expediente":"1248","nombre":"LA JUANITA","mineral":["mica"],"mineral_origen":"MICA","superficie_ha_calc":5.9665}},{"type":"Feature","geometry":{"type":"MultiPolygon","coordinates":[[[[-65.0622,-31.7719],[-65.0601,-31.7717],[-65.0591,-31.777],[-65.0612,-31.7773],[-65.0622,-31.7719]]]]},"properties":{"id":"cordoba:pertenencias:mineria_pertenencias_mineras.57","provincia":"cordoba","provincia_nombre":"Córdoba","tipo":"mina","estado":"desconocido","geom_kind":"poligono","fuente_id":"cordoba.idecor.pertenencias","source_url":"https://idecor-ws.mapascordoba.gob.ar/geoserver/wfs?service=WFS&version=2.0.0&request=GetFeature&typeNames=idecor%3Amineria_pertenencias_mineras&outputFormat=application%2Fjson&count=2000&startIndex=0&srsName=EPSG%3A4326","source_layer":"idecor:mineria_pertenencias_mineras","source_fid":"mineria_pertenencias_mineras.57","source_srid":22173,"fetched_at":"2026-07-28T13:38:04+00:00","licencia":"no_especificada","expediente":"10128","nombre":"LA PRECAMBRICA","mineral":["Amatista"],"mineral_origen":"AMATISTA","superficie_ha_calc":12.063}},{"type":"Feature","geometry":{"type":"MultiPolygon","coordinates":[[[[-64.7976,-31.7156],[-64.7967,-31.714],[-64.791,-31.7163],[-64.7919,-31.7179],[-64.7976,-31.7156]]]]},"properties":{"id":"cordoba:pertenencias:mineria_pertenencias_mineras.58","provincia":"cordoba","provincia_nombre":"Córdoba","tipo":"mina","estado":"desconocido","geom_kind":"poligono","fuente_id":"cordoba.idecor.pertenencias","source_url":"https://idecor-ws.mapascordoba.gob.ar/geoserver/wfs?service=WFS&version=2.0.0&request=GetFeature&typeNames=idecor%3Amineria_pertenencias_mineras&outputFormat=application%2Fjson&count=2000&startIndex=0&srsName=EPSG%3A4326","source_layer":"idecor:mineria_pertenencias_mineras","source_fid":"mineria_pertenencias_mineras.58","source_srid":22173,"fetched_at":"2026-07-28T13:38:04+00:00","licencia":"no_especificada","expediente":"3943","nombre":"MIGUEL","mineral":["Berilo","cuarzo"],"mineral_origen":"BERILO-CUARZO","superficie_ha_calc":11.7604}},{"type":"Feature","geometry":{"type":"MultiPolygon","coordinates":[[[[-64.5568,-31.5261],[-64.5588,-31.5264],[-64.5594,-31.5238],[-64.5573,-31.5234],[-64.5568,-31.5261]]]]},"properties":{"id":"cordoba:pertenencias:mineria_pertenencias_mineras.59","provincia":"cordoba","provincia_nombre":"Córdoba","tipo":"mina","estado":"desconocido","geom_kind":"poligono","fuente_id":"cordoba.idecor.pertenencias","source_url":"https://idecor-ws.mapascordoba.gob.ar/geoserver/wfs?service=WFS&version=2.0.0&request=GetFeature&typeNames=idecor%3Amineria_pertenencias_mineras&outputFormat=application%2Fjson&count=2000&startIndex=0&srsName=EPSG%3A4326","source_layer":"idecor:mineria_pertenencias_mineras","source_fid":"mineria_pertenencias_mineras.59","source_srid":22173,"fetched_at":"2026-07-28T13:38:04+00:00","licencia":"no_especificada","expediente":"5158","nombre":"CHICHITA","mineral":["Berilo"],"mineral_origen":"BERILO","superficie_ha_calc":5.9236}},{"type":"Feature","geometry":{"type":"MultiPolygon","coordinates":[[[[-64.9485,-31.7322],[-64.9463,-31.7321],[-64.9463,-31.7348],[-64.9484,-31.7349],[-64.9485,-31.7322]]]]},"properties":{"id":"cordoba:pertenencias:mineria_pertenencias_mineras.61","provincia":"cordoba","provincia_nombre":"Córdoba","tipo":"mina","estado":"desconocido","geom_kind":"poligono","fuente_id":"cordoba.idecor.pertenencias","source_url":"https://idecor-ws.mapascordoba.gob.ar/geoserver/wfs?service=WFS&version=2.0.0&request=GetFeature&typeNames=idecor%3Amineria_pertenencias_mineras&outputFormat=application%2Fjson&count=2000&startIndex=0&srsName=EPSG%3A4326","source_layer":"idecor:mineria_pertenencias_mineras","source_fid":"mineria_pertenencias_mineras.61","source_srid":22173,"fetched_at":"2026-07-28T13:38:04+00:00","licencia":"no_especificada","expediente":"9783","nombre":"MELISA","mineral":["cuarzo","feldespato"],"mineral_origen":"CUARZO-FELDESPATO","superficie_ha_calc":6.105}},{"type":"Feature","geometry":{"type":"MultiPolygon","coordinates":[[[[-65.1144,-31.735],[-65.1159,-31.7362],[-65.1203,-31.7324],[-65.1189,-31.7311],[-65.1144,-31.735]]]]},"properties":{"id":"cordoba:pertenencias:mineria_pertenencias_mineras.62","provincia":"cordoba","provincia_nombre":"Córdoba","tipo":"mina","estado":"desconocido","geom_kind":"poligono","fuente_id":"cordoba.idecor.pertenencias","source_url":"https://idecor-ws.mapascordoba.gob.ar/geoserver/wfs?service=WFS&version=2.0.0&request=GetFeature&typeNames=idecor%3Amineria_pertenencias_mineras&outputFormat=application%2Fjson&count=2000&startIndex=0&srsName=EPSG%3A4326","source_layer":"idecor:mineria_pertenencias_mineras","source_fid":"mineria_pertenencias_mineras.62","source_srid":22173,"fetched_at":"2026-07-28T13:38:04+00:00","licencia":"no_especificada","expediente":"9839","nombre":"MARIA VICTORIA","mineral":["Amatista"],"mineral_origen":"AMATISTA","superficie_ha_calc":11.7109}},{"type":"Feature","geometry":{"type":"MultiPolygon","coordinates":[[[[-65.2073,-31.7418],[-65.2117,-31.7379],[-65.2102,-31.7366],[-65.2058,-31.7405],[-65.2073,-31.7418]]]]},"properties":{"id":"cordoba:pertenencias:mineria_pertenencias_mineras.63","provincia":"cordoba","provincia_nombre":"Córdoba","tipo":"mina","estado":"desconocido","geom_kind":"poligono","fuente_id":"cordoba.idecor.pertenencias","source_url":"https://idecor-ws.mapascordoba.gob.ar/geoserver/wfs?service=WFS&version=2.0.0&request=GetFeature&typeNames=idecor%3Amineria_pertenencias_mineras&outputFormat=application%2Fjson&count=2000&startIndex=0&srsName=EPSG%3A4326","source_layer":"idecor:mineria_pertenencias_mineras","source_fid":"mineria_pertenencias_mineras.63","source_srid":22173,"fetched_at":"2026-07-28T13:38:04+00:00","licencia":"no_especificada","expediente":"9283","nombre":"SOLITA","mineral":["cuarzo"],"mineral_origen":"CUARZO","superficie_ha_calc":12.1568}},{"type":"Feature","geometry":{"type":"MultiPolygon","coordinates":[[[[-64.656,-31.3536],[-64.6565,-31.3518],[-64.6534,-31.3512],[-64.6529,-31.3529],[-64.656,-31.3536]]]]},"properties":{"id":"cordoba:pertenencias:mineria_pertenencias_mineras.64","provincia":"cordoba","provincia_nombre":"Córdoba","tipo":"mina","estado":"desconocido","geom_kind":"poligono","fuente_id":"cordoba.idecor.pertenencias","source_url":"https://idecor-ws.mapascordoba.gob.ar/geoserver/wfs?service=WFS&version=2.0.0&request=GetFeature&typeNames=idecor%3Amineria_pertenencias_mineras&outputFormat=application%2Fjson&count=2000&startIndex=0&srsName=EPSG%3A4326","source_layer":"idecor:mineria_pertenencias_mineras","source_fid":"mineria_pertenencias_mineras.64","source_srid":22173,"fetched_at":"2026-07-28T13:38:04+00:00","licencia":"no_especificada","expediente":"5119","nombre":"LA ESTRECHURA","mineral":["Berilo","Columbita","cuarzo","feldespato","mica"],"mineral_origen":"BERILO-COLUMBITA-CUARZO-FELDESPATO-MICA","superficie_ha_calc":6.0662}},{"type":"Feature","geometry":{"type":"MultiPolygon","coordinates":[[[[-65.1052,-31.6772],[-65.1041,-31.6719],[-65.1021,-31.6722],[-65.1032,-31.6776],[-65.1052,-31.6772]]]]},"properties":{"id":"cordoba:pertenencias:mineria_pertenencias_mineras.65","provincia":"cordoba","provincia_nombre":"Córdoba","tipo":"mina","estado":"desconocido","geom_kind":"poligono","fuente_id":"cordoba.idecor.pertenencias","source_url":"https://idecor-ws.mapascordoba.gob.ar/geoserver/wfs?service=WFS&version=2.0.0&request=GetFeature&typeNames=idecor%3Amineria_pertenencias_mineras&outputFormat=application%2Fjson&count=2000&startIndex=0&srsName=EPSG%3A4326","source_layer":"idecor:mineria_pertenencias_mineras","source_fid":"mineria_pertenencias_mineras.65","source_srid":22173,"fetched_at":"2026-07-28T13:38:04+00:00","licencia":"no_especificada","expediente":"8971","nombre":"DR. ALFREDO STELZNER","mineral":["Berilo","mica"],"mineral_origen":"BERILO-MICA","superficie_ha_calc":11.6551}},{"type":"Feature","geometry":{"type":"MultiPolygon","coordinates":[[[[-64.5373,-31.6161],[-64.5353,-31.6169],[-64.5366,-31.6192],[-64.5383,-31.6186],[-64.5373,-31.6161]]]]},"properties":{"id":"cordoba:pertenencias:mineria_pertenencias_mineras.66","provincia":"cordoba","provincia_nombre":"Córdoba","tipo":"mina","estado":"desconocido","geom_kind":"poligono","fuente_id":"cordoba.idecor.pertenencias","source_url":"https://idecor-ws.mapascordoba.gob.ar/geoserver/wfs?service=WFS&version=2.0.0&request=GetFeature&typeNames=idecor%3Amineria_pertenencias_mineras&outputFormat=application%2Fjson&count=2000&startIndex=0&srsName=EPSG%3A4326","source_layer":"idecor:mineria_pertenencias_mineras","source_fid":"mineria_pertenencias_mineras.66","source_srid":22173,"fetched_at":"2026-07-28T13:38:04+00:00","licencia":"no_especificada","expediente":"8949","nombre":"LA CHIRA","mineral":["cuarzo","feldespato"],"mineral_origen":"CUARZO-FELDESPATO","superficie_ha_calc":5.5181}},{"type":"Feature","geometry":{"type":"MultiPolygon","coordinates":[[[[-64.5323,-31.6167],[-64.5341,-31.6177],[-64.5375,-31.6131],[-64.5357,-31.6122],[-64.5323,-31.6167]]]]},"properties":{"id":"cordoba:pertenencias:mineria_pertenencias_mineras.67","provincia":"cordoba","provincia_nombre":"Córdoba","tipo":"mina","estado":"desconocido","geom_kind":"poligono","fuente_id":"cordoba.idecor.pertenencias","source_url":"https://idecor-ws.mapascordoba.gob.ar/geoserver/wfs?service=WFS&version=2.0.0&request=GetFeature&typeNames=idecor%3Amineria_pertenencias_mineras&outputFormat=application%2Fjson&count=2000&startIndex=0&srsName=EPSG%3A4326","source_layer":"idecor:mineria_pertenencias_mineras","source_fid":"mineria_pertenencias_mineras.67","source_srid":22173,"fetched_at":"2026-07-28T13:38:04+00:00","licencia":"no_especificada","expediente":"3502","nombre":"EL DIVISADERO","mineral":["mica"],"mineral_origen":"MICA","superficie_ha_calc":12.0149}},{"type":"Feature","geometry":{"type":"MultiPolygon","coordinates":[[[[-65.2322,-31.6372],[-65.2343,-31.6377],[-65.2351,-31.6351],[-65.2331,-31.6346],[-65.2322,-31.6372]]]]},"properties":{"id":"cordoba:pertenencias:mineria_pertenencias_mineras.68","provincia":"cordoba","provincia_nombre":"Córdoba","tipo":"mina","estado":"desconocido","geom_kind":"poligono","fuente_id":"cordoba.idecor.pertenencias","source_url":"https://idecor-ws.mapascordoba.gob.ar/geoserver/wfs?service=WFS&version=2.0.0&request=GetFeature&typeNames=idecor%3Amineria_pertenencias_mineras&outputFormat=application%2Fjson&count=2000&startIndex=0&srsName=EPSG%3A4326","source_layer":"idecor:mineria_pertenencias_mineras","source_fid":"mineria_pertenencias_mineras.68","source_srid":22173,"fetched_at":"2026-07-28T13:38:04+00:00","licencia":"no_especificada","expediente":"9286","nombre":"SANTA CLARA","mineral":["cuarzo"],"mineral_origen":"CUARZO","superficie_ha_calc":6.0535}},{"type":"Feature","geometry":{"type":"MultiPolygon","coordinates":[[[[-64.4921,-31.5891],[-64.4942,-31.5891],[-64.4941,-31.5864],[-64.492,-31.5864],[-64.4921,-31.5891]]]]},"properties":{"id":"cordoba:pertenencias:mineria_pertenencias_mineras.69","provincia":"cordoba","provincia_nombre":"Córdoba","tipo":"mina","estado":"desconocido","geom_kind":"poligono","fuente_id":"cordoba.idecor.pertenencias","source_url":"https://idecor-ws.mapascordoba.gob.ar/geoserver/wfs?service=WFS&version=2.0.0&request=GetFeature&typeNames=idecor%3Amineria_pertenencias_mineras&outputFormat=application%2Fjson&count=2000&startIndex=0&srsName=EPSG%3A4326","source_layer":"idecor:mineria_pertenencias_mineras","source_fid":"mineria_pertenencias_mineras.69","source_srid":22173,"fetched_at":"2026-07-28T13:38:04+00:00","licencia":"no_especificada","expediente":"854","nombre":"HILDA GLADI","mineral":["mica"],"mineral_origen":"MICA","superficie_ha_calc":5.9671}},{"type":"Feature","geometry":{"type":"MultiPolygon","coordinates":[[[[-64.548,-31.5924],[-64.5462,-31.5914],[-64.5427,-31.5959],[-64.5444,-31.5969],[-64.548,-31.5924]]]]},"properties":{"id":"cordoba:pertenencias:mineria_pertenencias_mineras.70","provincia":"cordoba","provincia_nombre":"Córdoba","tipo":"mina","estado":"desconocido","geom_kind":"poligono","fuente_id":"cordoba.idecor.pertenencias","source_url":"https://idecor-ws.mapascordoba.gob.ar/geoserver/wfs?service=WFS&version=2.0.0&request=GetFeature&typeNames=idecor%3Amineria_pertenencias_mineras&outputFormat=application%2Fjson&count=2000&startIndex=0&srsName=EPSG%3A4326","source_layer":"idecor:mineria_pertenencias_mineras","source_fid":"mineria_pertenencias_mineras.70","source_srid":22173,"fetched_at":"2026-07-28T13:38:04+00:00","licencia":"no_especificada","expediente":"2474","nombre":"SANTA TERESITA","mineral":["Berilo","cuarzo","feldespato","mica"],"mineral_origen":"BERILO-CUARZO-FELDESPATO-MICA","superficie_ha_calc":12.0228}},{"type":"Feature","geometry":{"type":"MultiPolygon","coordinates":[[[[-64.537,-31.594],[-64.5358,-31.5914],[-64.5338,-31.5922],[-64.5351,-31.5947],[-64.537,-31.594]]]]},"properties":{"id":"cordoba:pertenencias:mineria_pertenencias_mineras.71","provincia":"cordoba","provincia_nombre":"Córdoba","tipo":"mina","estado":"desconocido","geom_kind":"poligono","fuente_id":"cordoba.idecor.pertenencias","source_url":"https://idecor-ws.mapascordoba.gob.ar/geoserver/wfs?service=WFS&version=2.0.0&request=GetFeature&typeNames=idecor%3Amineria_pertenencias_mineras&outputFormat=application%2Fjson&count=2000&startIndex=0&srsName=EPSG%3A4326","source_layer":"idecor:mineria_pertenencias_mineras","source_fid":"mineria_pertenencias_mineras.71","source_srid":22173,"fetched_at":"2026-07-28T13:38:04+00:00","licencia":"no_especificada","expediente":"3276","nombre":"LA RINCONADA","mineral":["mica"],"mineral_origen":"MICA","superficie_ha_calc":6.2193}},{"type":"Feature","geometry":{"type":"MultiPolygon","coordinates":[[[[-64.5198,-31.5729],[-64.5177,-31.5727],[-64.5173,-31.5754],[-64.5194,-31.5756],[-64.5198,-31.5729]]]]},"properties":{"id":"cordoba:pertenencias:mineria_pertenencias_mineras.72","provincia":"cordoba","provincia_nombre":"Córdoba","tipo":"mina","estado":"desconocido","geom_kind":"poligono","fuente_id":"cordoba.idecor.pertenencias","source_url":"https://idecor-ws.mapascordoba.gob.ar/geoserver/wfs?service=WFS&version=2.0.0&request=GetFeature&typeNames=idecor%3Amineria_pertenencias_mineras&outputFormat=application%2Fjson&count=2000&startIndex=0&srsName=EPSG%3A4326","source_layer":"idecor:mineria_pertenencias_mineras","source_fid":"mineria_pertenencias_mineras.72","source_srid":22173,"fetched_at":"2026-07-28T13:38:04+00:00","licencia":"no_especificada","expediente":"3537","nombre":"LOS PIQUITOS","mineral":["mica"],"mineral_origen":"MICA","superficie_ha_calc":6.0521}},{"type":"Feature","geometry":{"type":"MultiPolygon","coordinates":[[[[-64.5268,-31.573],[-64.5248,-31.5733],[-64.5254,-31.576],[-64.5274,-31.5756],[-64.5268,-31.573]]]]},"properties":{"id":"cordoba:pertenencias:mineria_pertenencias_mineras.73","provincia":"cordoba","provincia_nombre":"Córdoba","tipo":"mina","estado":"desconocido","geom_kind":"poligono","fuente_id":"cordoba.idecor.pertenencias","source_url":"https://idecor-ws.mapascordoba.gob.ar/geoserver/wfs?service=WFS&version=2.0.0&request=GetFeature&typeNames=idecor%3Amineria_pertenencias_mineras&outputFormat=application%2Fjson&count=2000&startIndex=0&srsName=EPSG%3A4326","source_layer":"idecor:mineria_pertenencias_mineras","source_fid":"mineria_pertenencias_mineras.73","source_srid":22173,"fetched_at":"2026-07-28T13:38:04+00:00","licencia":"no_especificada","expediente":"3647","nombre":"MANCHA COLORADA","mineral":["mica"],"mineral_origen":"MICA","superficie_ha_calc":5.7995}},{"type":"Feature","geometry":{"type":"MultiPolygon","coordinates":[[[[-64.5334,-31.5691],[-64.5288,-31.5654],[-64.5274,-31.5667],[-64.532,-31.5704],[-64.5334,-31.5691]]]]},"properties":{"id":"cordoba:pertenencias:mineria_pertenencias_mineras.74","provincia":"cordoba","provincia_nombre":"Córdoba","tipo":"mina","estado":"desconocido","geom_kind":"poligono","fuente_id":"cordoba.idecor.pertenencias","source_url":"https://idecor-ws.mapascordoba.gob.ar/geoserver/wfs?service=WFS&version=2.0.0&request=GetFeature&typeNames=idecor%3Amineria_pertenencias_mineras&outputFormat=application%2Fjson&count=2000&startIndex=0&srsName=EPSG%3A4326","source_layer":"idecor:mineria_pertenencias_mineras","source_fid":"mineria_pertenencias_mineras.74","source_srid":22173,"fetched_at":"2026-07-28T13:38:04+00:00","licencia":"no_especificada","expediente":"147","nombre":"SAN BARTOLO","mineral":["mica"],"mineral_origen":"MICA","superficie_ha_calc":11.7472}},{"type":"Feature","geometry":{"type":"MultiPolygon","coordinates":[[[[-64.501,-31.5532],[-64.5011,-31.5505],[-64.499,-31.5505],[-64.499,-31.5532],[-64.501,-31.5532]]]]},"properties":{"id":"cordoba:pertenencias:mineria_pertenencias_mineras.75","provincia":"cordoba","provincia_nombre":"Córdoba","tipo":"mina","estado":"desconocido","geom_kind":"poligono","fuente_id":"cordoba.idecor.pertenencias","source_url":"https://idecor-ws.mapascordoba.gob.ar/geoserver/wfs?service=WFS&version=2.0.0&request=GetFeature&typeNames=idecor%3Amineria_pertenencias_mineras&outputFormat=application%2Fjson&count=2000&startIndex=0&srsName=EPSG%3A4326","source_layer":"idecor:mineria_pertenencias_mineras","source_fid":"mineria_pertenencias_mineras.75","source_srid":22173,"fetched_at":"2026-07-28T13:38:04+00:00","licencia":"no_especificada","expediente":"616","nombre":"PIEDRA BLANCA","mineral":["mica"],"mineral_origen":"MICA","superficie_ha_calc":5.8272}},{"type":"Feature","geometry":{"type":"MultiPolygon","coordinates":[[[[-64.5084,-31.5456],[-64.5105,-31.5454],[-64.51,-31.5427],[-64.5079,-31.543],[-64.5084,-31.5456]]]]},"properties":{"id":"cordoba:pertenencias:mineria_pertenencias_mineras.76","provincia":"cordoba","provincia_nombre":"Córdoba","tipo":"mina","estado":"desconocido","geom_kind":"poligono","fuente_id":"cordoba.idecor.pertenencias","source_url":"https://idecor-ws.mapascordoba.gob.ar/geoserver/wfs?service=WFS&version=2.0.0&request=GetFeature&typeNames=idecor%3Amineria_pertenencias_mineras&outputFormat=application%2Fjson&count=2000&startIndex=0&srsName=EPSG%3A4326","source_layer":"idecor:mineria_pertenencias_mineras","source_fid":"mineria_pertenencias_mineras.76","source_srid":22173,"fetched_at":"2026-07-28T13:38:04+00:00","licencia":"no_especificada","expediente":"824","nombre":"LA VERTEDORA","mineral":["cuarzo","mica"],"mineral_origen":"CUARZO-MICA","superficie_ha_calc":5.9909}},{"type":"Feature","geometry":{"type":"MultiPolygon","coordinates":[[[[-65.2953,-31.5686],[-65.2942,-31.5711],[-65.2962,-31.5717],[-65.2972,-31.5691],[-65.2953,-31.5686]]]]},"properties":{"id":"cordoba:pertenencias:mineria_pertenencias_mineras.77","provincia":"cordoba","provincia_nombre":"Córdoba","tipo":"mina","estado":"desconocido","geom_kind":"poligono","fuente_id":"cordoba.idecor.pertenencias","source_url":"https://idecor-ws.mapascordoba.gob.ar/geoserver/wfs?service=WFS&version=2.0.0&request=GetFeature&typeNames=idecor%3Amineria_pertenencias_mineras&outputFormat=application%2Fjson&count=2000&startIndex=0&srsName=EPSG%3A4326","source_layer":"idecor:mineria_pertenencias_mineras","source_fid":"mineria_pertenencias_mineras.77","source_srid":22173,"fetched_at":"2026-07-28T13:38:04+00:00","licencia":"no_especificada","expediente":"3908","nombre":"RECONQUISTA","mineral":["Berilo","mica"],"mineral_origen":"BERILO-MICA","superficie_ha_calc":5.8419}},{"type":"Feature","geometry":{"type":"MultiPolygon","coordinates":[[[[-64.5016,-31.5192],[-64.5024,-31.5175],[-64.4995,-31.5165],[-64.4987,-31.5182],[-64.5016,-31.5192]]]]},"properties":{"id":"cordoba:pertenencias:mineria_pertenencias_mineras.78","provincia":"cordoba","provincia_nombre":"Córdoba","tipo":"mina","estado":"desconocido","geom_kind":"poligono","fuente_id":"cordoba.idecor.pertenencias","source_url":"https://idecor-ws.mapascordoba.gob.ar/geoserver/wfs?service=WFS&version=2.0.0&request=GetFeature&typeNames=idecor%3Amineria_pertenencias_mineras&outputFormat=application%2Fjson&count=2000&startIndex=0&srsName=EPSG%3A4326","source_layer":"idecor:mineria_pertenencias_mineras","source_fid":"mineria_pertenencias_mineras.78","source_srid":22173,"fetched_at":"2026-07-28T13:38:04+00:00","licencia":"no_especificada","expediente":"8309","nombre":"LOS DOS COMPAÑEROS","mineral":["cuarzo","feldespato"],"mineral_origen":"CUARZO-FELDESPATO","superficie_ha_calc":6.0347}},{"type":"Feature","geometry":{"type":"MultiPolygon","coordinates":[[[[-64.5606,-31.5352],[-64.5587,-31.536],[-64.5601,-31.5385],[-64.562,-31.5377],[-64.5606,-31.5352]]]]},"properties":{"id":"cordoba:pertenencias:mineria_pertenencias_mineras.79","provincia":"cordoba","provincia_nombre":"Córdoba","tipo":"mina","estado":"desconocido","geom_kind":"poligono","fuente_id":"cordoba.idecor.pertenencias","source_url":"https://idecor-ws.mapascordoba.gob.ar/geoserver/wfs?service=WFS&version=2.0.0&request=GetFeature&typeNames=idecor%3Amineria_pertenencias_mineras&outputFormat=application%2Fjson&count=2000&startIndex=0&srsName=EPSG%3A4326","source_layer":"idecor:mineria_pertenencias_mineras","source_fid":"mineria_pertenencias_mineras.79","source_srid":22173,"fetched_at":"2026-07-28T13:38:04+00:00","licencia":"no_especificada","expediente":"5960","nombre":"GRACIELA","mineral":["cuarzo","feldespato","mica"],"mineral_origen":"CUARZO-FELDESPATO-MICA","superficie_ha_calc":6.1809}},{"type":"Feature","geometry":{"type":"MultiPolygon","coordinates":[[[[-64.5689,-31.5329],[-64.5684,-31.5303],[-64.5663,-31.5305],[-64.5668,-31.5332],[-64.5689,-31.5329]]]]},"properties":{"id":"cordoba:pertenencias:mineria_pertenencias_mineras.80","provincia":"cordoba","provincia_nombre":"Córdoba","tipo":"mina","estado":"desconocido","geom_kind":"poligono","fuente_id":"cordoba.idecor.pertenencias","source_url":"https://idecor-ws.mapascordoba.gob.ar/geoserver/wfs?service=WFS&version=2.0.0&request=GetFeature&typeNames=idecor%3Amineria_pertenencias_mineras&outputFormat=application%2Fjson&count=2000&startIndex=0&srsName=EPSG%3A4326","source_layer":"idecor:mineria_pertenencias_mineras","source_fid":"mineria_pertenencias_mineras.80","source_srid":22173,"fetched_at":"2026-07-28T13:38:04+00:00","licencia":"no_especificada","expediente":"1236","nombre":"LA ISABEL","mineral":["cuarzo","feldespato","mica"],"mineral_origen":"CUARZO-FELDESPATO-MICA","superficie_ha_calc":5.9917}},{"type":"Feature","geometry":{"type":"MultiPolygon","coordinates":[[[[-64.5896,-31.5222],[-64.5917,-31.5221],[-64.5916,-31.5194],[-64.5895,-31.5195],[-64.5896,-31.5222]]]]},"properties":{"id":"cordoba:pertenencias:mineria_pertenencias_mineras.81","provincia":"cordoba","provincia_nombre":"Córdoba","tipo":"mina","estado":"desconocido","geom_kind":"poligono","fuente_id":"cordoba.idecor.pertenencias","source_url":"https://idecor-ws.mapascordoba.gob.ar/geoserver/wfs?service=WFS&version=2.0.0&request=GetFeature&typeNames=idecor%3Amineria_pertenencias_mineras&outputFormat=application%2Fjson&count=2000&startIndex=0&srsName=EPSG%3A4326","source_layer":"idecor:mineria_pertenencias_mineras","source_fid":"mineria_pertenencias_mineras.81","source_srid":22173,"fetched_at":"2026-07-28T13:38:04+00:00","licencia":"no_especificada","expediente":"3385","nombre":"LA SERRANITA","mineral":["cuarzo","feldespato","mica"],"mineral_origen":"CUARZO-FELDESPATO-MICA","superficie_ha_calc":5.9818}},{"type":"Feature","geometry":{"type":"MultiPolygon","coordinates":[[[[-64.597,-31.5221],[-64.5978,-31.5195],[-64.5958,-31.5191],[-64.595,-31.5217],[-64.597,-31.5221]]]]},"properties":{"id":"cordoba:pertenencias:mineria_pertenencias_mineras.82","provincia":"cordoba","provincia_nombre":"Córdoba","tipo":"mina","estado":"desconocido","geom_kind":"poligono","fuente_id":"cordoba.idecor.pertenencias","source_url":"https://idecor-ws.mapascordoba.gob.ar/geoserver/wfs?service=WFS&version=2.0.0&request=GetFeature&typeNames=idecor%3Amineria_pertenencias_mineras&outputFormat=application%2Fjson&count=2000&startIndex=0&srsName=EPSG%3A4326","source_layer":"idecor:mineria_pertenencias_mineras","source_fid":"mineria_pertenencias_mineras.82","source_srid":22173,"fetched_at":"2026-07-28T13:38:04+00:00","licencia":"no_especificada","expediente":"676","nombre":"EL MANZANO","mineral":["mica"],"mineral_origen":"MICA","superficie_ha_calc":5.8133}},{"type":"Feature","geometry":{"type":"MultiPolygon","coordinates":[[[[-64.6042,-31.5247],[-64.6063,-31.5249],[-64.6066,-31.5222],[-64.6044,-31.522],[-64.6042,-31.5247]]]]},"properties":{"id":"cordoba:pertenencias:mineria_pertenencias_mineras.83","provincia":"cordoba","provincia_nombre":"Córdoba","tipo":"mina","estado":"desconocido","geom_kind":"poligono","fuente_id":"cordoba.idecor.pertenencias","source_url":"https://idecor-ws.mapascordoba.gob.ar/geoserver/wfs?service=WFS&version=2.0.0&request=GetFeature&typeNames=idecor%3Amineria_pertenencias_mineras&outputFormat=application%2Fjson&count=2000&startIndex=0&srsName=EPSG%3A4326","source_layer":"idecor:mineria_pertenencias_mineras","source_fid":"mineria_pertenencias_mineras.83","source_srid":22173,"fetched_at":"2026-07-28T13:38:04+00:00","licencia":"no_especificada","expediente":"144","nombre":"TRINIDAD","mineral":["cuarzo","mica"],"mineral_origen":"CUARZO-MICA","superficie_ha_calc":6.166}},{"type":"Feature","geometry":{"type":"MultiPolygon","coordinates":[[[[-64.5838,-31.5133],[-64.5845,-31.5107],[-64.5825,-31.5102],[-64.5817,-31.5128],[-64.5838,-31.5133]]]]},"properties":{"id":"cordoba:pertenencias:mineria_pertenencias_mineras.84","provincia":"cordoba","provincia_nombre":"Córdoba","tipo":"mina","estado":"desconocido","geom_kind":"poligono","fuente_id":"cordoba.idecor.pertenencias","source_url":"https://idecor-ws.mapascordoba.gob.ar/geoserver/wfs?service=WFS&version=2.0.0&request=GetFeature&typeNames=idecor%3Amineria_pertenencias_mineras&outputFormat=application%2Fjson&count=2000&startIndex=0&srsName=EPSG%3A4326","source_layer":"idecor:mineria_pertenencias_mineras","source_fid":"mineria_pertenencias_mineras.84","source_srid":22173,"fetched_at":"2026-07-28T13:38:04+00:00","licencia":"no_especificada","expediente":"3307","nombre":"LA ANTORCHA","mineral":["cuarzo","mica"],"mineral_origen":"CUARZO-MICA","superficie_ha_calc":6.0087}},{"type":"Feature","geometry":{"type":"MultiPolygon","coordinates":[[[[-64.5825,-31.5102],[-64.5845,-31.5107],[-64.5852,-31.508],[-64.5832,-31.5076],[-64.5825,-31.5102]]]]},"properties":{"id":"cordoba:pertenencias:mineria_pertenencias_mineras.85","provincia":"cordoba","provincia_nombre":"Córdoba","tipo":"mina","estado":"desconocido","geom_kind":"poligono","fuente_id":"cordoba.idecor.pertenencias","source_url":"https://idecor-ws.mapascordoba.gob.ar/geoserver/wfs?service=WFS&version=2.0.0&request=GetFeature&typeNames=idecor%3Amineria_pertenencias_mineras&outputFormat=application%2Fjson&count=2000&startIndex=0&srsName=EPSG%3A4326","source_layer":"idecor:mineria_pertenencias_mineras","source_fid":"mineria_pertenencias_mineras.85","source_srid":22173,"fetched_at":"2026-07-28T13:38:04+00:00","licencia":"no_especificada","expediente":"1391","nombre":"LA CHOLITA","mineral":["cuarzo","feldespato","mica"],"mineral_origen":"CUARZO-FELDESPATO-MICA","superficie_ha_calc":5.9141}},{"type":"Feature","geometry":{"type":"MultiPolygon","coordinates":[[[[-64.5573,-31.4424],[-64.5648,-31.4361],[-64.5626,-31.4342],[-64.5551,-31.4405],[-64.5573,-31.4424]]]]},"properties":{"id":"cordoba:pertenencias:mineria_pertenencias_mineras.86","provincia":"cordoba","provincia_nombre":"Córdoba","tipo":"mina","estado":"desconocido","geom_kind":"poligono","fuente_id":"cordoba.idecor.pertenencias","source_url":"https://idecor-ws.mapascordoba.gob.ar/geoserver/wfs?service=WFS&version=2.0.0&request=GetFeature&typeNames=idecor%3Amineria_pertenencias_mineras&outputFormat=application%2Fjson&count=2000&startIndex=0&srsName=EPSG%3A4326","source_layer":"idecor:mineria_pertenencias_mineras","source_fid":"mineria_pertenencias_mineras.86","source_srid":22173,"fetched_at":"2026-07-28T13:38:04+00:00","licencia":"no_especificada","expediente":"243","nombre":"BUENA VENTURA","mineral":["Fluorita"],"mineral_origen":"FLUORITA","superficie_ha_calc":29.6293}},{"type":"Feature","geometry":{"type":"MultiPolygon","coordinates":[[[[-64.6061,-31.5155],[-64.6022,-31.514],[-64.601,-31.5165],[-64.6048,-31.518],[-64.6061,-31.5155]]]]},"properties":{"id":"cordoba:pertenencias:mineria_pertenencias_mineras.87","provincia":"cordoba","provincia_nombre":"Córdoba","tipo":"mina","estado":"desconocido","geom_kind":"poligono","fuente_id":"cordoba.idecor.pertenencias","source_url":"https://idecor-ws.mapascordoba.gob.ar/geoserver/wfs?service=WFS&version=2.0.0&request=GetFeature&typeNames=idecor%3Amineria_pertenencias_mineras&outputFormat=application%2Fjson&count=2000&startIndex=0&srsName=EPSG%3A4326","source_layer":"idecor:mineria_pertenencias_mineras","source_fid":"mineria_pertenencias_mineras.87","source_srid":22173,"fetched_at":"2026-07-28T13:38:04+00:00","licencia":"no_especificada","expediente":"9863","nombre":"MONICA","mineral":["cuarzo","mica"],"mineral_origen":"CUARZO-MICA","superficie_ha_calc":12.1117}},{"type":"Feature","geometry":{"type":"MultiPolygon","coordinates":[[[[-64.599,-31.5157],[-64.601,-31.5165],[-64.6022,-31.514],[-64.6003,-31.5133],[-64.599,-31.5157]]]]},"properties":{"id":"cordoba:pertenencias:mineria_pertenencias_mineras.88","provincia":"cordoba","provincia_nombre":"Córdoba","tipo":"mina","estado":"desconocido","geom_kind":"poligono","fuente_id":"cordoba.idecor.pertenencias","source_url":"https://idecor-ws.mapascordoba.gob.ar/geoserver/wfs?service=WFS&version=2.0.0&request=GetFeature&typeNames=idecor%3Amineria_pertenencias_mineras&outputFormat=application%2Fjson&count=2000&startIndex=0&srsName=EPSG%3A4326","source_layer":"idecor:mineria_pertenencias_mineras","source_fid":"mineria_pertenencias_mineras.88","source_srid":22173,"fetched_at":"2026-07-28T13:38:04+00:00","licencia":"no_especificada","expediente":"2117","nombre":"EL TALCO OVERO","mineral":["cuarzo","feldespato","mica"],"mineral_origen":"CUARZO-FELDESPATO-MICA","superficie_ha_calc":6.0191}},{"type":"Feature","geometry":{"type":"MultiPolygon","coordinates":[[[[-64.5913,-31.5089],[-64.5945,-31.5136],[-64.5963,-31.5127],[-64.5931,-31.508],[-64.5913,-31.5089]]]]},"properties":{"id":"cordoba:pertenencias:mineria_pertenencias_mineras.89","provincia":"cordoba","provincia_nombre":"Córdoba","tipo":"mina","estado":"desconocido","geom_kind":"poligono","fuente_id":"cordoba.idecor.pertenencias","source_url":"https://idecor-ws.mapascordoba.gob.ar/geoserver/wfs?service=WFS&version=2.0.0&request=GetFeature&typeNames=idecor%3Amineria_pertenencias_mineras&outputFormat=application%2Fjson&count=2000&startIndex=0&srsName=EPSG%3A4326","source_layer":"idecor:mineria_pertenencias_mineras","source_fid":"mineria_pertenencias_mineras.89","source_srid":22173,"fetched_at":"2026-07-28T13:38:04+00:00","licencia":"no_especificada","expediente":"7431","nombre":"OSVALDO","mineral":["mica"],"mineral_origen":"MICA","superficie_ha_calc":11.9438}},{"type":"Feature","geometry":{"type":"MultiPolygon","coordinates":[[[[-64.9069,-31.5088],[-64.9048,-31.5088],[-64.9047,-31.5115],[-64.9069,-31.5115],[-64.9069,-31.5088]]]]},"properties":{"id":"cordoba:pertenencias:mineria_pertenencias_mineras.90","provincia":"cordoba","provincia_nombre":"Córdoba","tipo":"mina","estado":"desconocido","geom_kind":"poligono","fuente_id":"cordoba.idecor.pertenencias","source_url":"https://idecor-ws.mapascordoba.gob.ar/geoserver/wfs?service=WFS&version=2.0.0&request=GetFeature&typeNames=idecor%3Amineria_pertenencias_mineras&outputFormat=application%2Fjson&count=2000&startIndex=0&srsName=EPSG%3A4326","source_layer":"idecor:mineria_pertenencias_mineras","source_fid":"mineria_pertenencias_mineras.90","source_srid":22173,"fetched_at":"2026-07-28T13:38:04+00:00","licencia":"no_especificada","expediente":"5256","nombre":"EL CIENEGO","mineral":["Berilo"],"mineral_origen":"BERILO","superficie_ha_calc":6.1141}},{"type":"Feature","geometry":{"type":"MultiPolygon","coordinates":[[[[-64.9578,-31.5044],[-64.96,-31.5045],[-64.9601,-31.5018],[-64.958,-31.5017],[-64.9578,-31.5044]]]]},"properties":{"id":"cordoba:pertenencias:mineria_pertenencias_mineras.91","provincia":"cordoba","provincia_nombre":"Córdoba","tipo":"mina","estado":"desconocido","geom_kind":"poligono","fuente_id":"cordoba.idecor.pertenencias","source_url":"https://idecor-ws.mapascordoba.gob.ar/geoserver/wfs?service=WFS&version=2.0.0&request=GetFeature&typeNames=idecor%3Amineria_pertenencias_mineras&outputFormat=application%2Fjson&count=2000&startIndex=0&srsName=EPSG%3A4326","source_layer":"idecor:mineria_pertenencias_mineras","source_fid":"mineria_pertenencias_mineras.91","source_srid":22173,"fetched_at":"2026-07-28T13:38:04+00:00","licencia":"no_especificada","expediente":"9971","nombre":"LA BEATRIZ","mineral":["cuarzo"],"mineral_origen":"CUARZO","superficie_ha_calc":6.1304}},{"type":"Feature","geometry":{"type":"MultiPolygon","coordinates":[[[[-64.659,-31.4724],[-64.6602,-31.4738],[-64.6653,-31.4706],[-64.6641,-31.4692],[-64.659,-31.4724]]]]},"properties":{"id":"cordoba:pertenencias:mineria_pertenencias_mineras.92","provincia":"cordoba","provincia_nombre":"Córdoba","tipo":"mina","estado":"desconocido","geom_kind":"poligono","fuente_id":"cordoba.idecor.pertenencias","source_url":"https://idecor-ws.mapascordoba.gob.ar/geoserver/wfs?service=WFS&version=2.0.0&request=GetFeature&typeNames=idecor%3Amineria_pertenencias_mineras&outputFormat=application%2Fjson&count=2000&startIndex=0&srsName=EPSG%3A4326","source_layer":"idecor:mineria_pertenencias_mineras","source_fid":"mineria_pertenencias_mineras.92","source_srid":22173,"fetched_at":"2026-07-28T13:38:04+00:00","licencia":"no_especificada","expediente":"825","nombre":"LA BLANCA","mineral":["Fluorita"],"mineral_origen":"FLUORITA","superficie_ha_calc":11.5694}},{"type":"Feature","geometry":{"type":"MultiPolygon","coordinates":[[[[-64.6005,-31.5065],[-64.6006,-31.5029],[-64.5991,-31.5029],[-64.599,-31.5065],[-64.6005,-31.5065]]]]},"properties":{"id":"cordoba:pertenencias:mineria_pertenencias_mineras.93","provincia":"cordoba","provincia_nombre":"Córdoba","tipo":"mina","estado":"desconocido","geom_kind":"poligono","fuente_id":"cordoba.idecor.pertenencias","source_url":"https://idecor-ws.mapascordoba.gob.ar/geoserver/wfs?service=WFS&version=2.0.0&request=GetFeature&typeNames=idecor%3Amineria_pertenencias_mineras&outputFormat=application%2Fjson&count=2000&startIndex=0&srsName=EPSG%3A4326","source_layer":"idecor:mineria_pertenencias_mineras","source_fid":"mineria_pertenencias_mineras.93","source_srid":22173,"fetched_at":"2026-07-28T13:38:04+00:00","licencia":"no_especificada","expediente":"8486","nombre":"EL ESPEJITO","mineral":["cuarzo","mica"],"mineral_origen":"CUARZO-MICA","superficie_ha_calc":5.6879}},{"type":"Feature","geometry":{"type":"MultiPolygon","coordinates":[[[[-64.4661,-31.4959],[-64.4658,-31.4923],[-64.4626,-31.4925],[-64.4629,-31.4961],[-64.4661,-31.4959]]]]},"properties":{"id":"cordoba:pertenencias:mineria_pertenencias_mineras.94","provincia":"cordoba","provincia_nombre":"Córdoba","tipo":"mina","estado":"desconocido","geom_kind":"poligono","fuente_id":"cordoba.idecor.pertenencias","source_url":"https://idecor-ws.mapascordoba.gob.ar/geoserver/wfs?service=WFS&version=2.0.0&request=GetFeature&typeNames=idecor%3Amineria_pertenencias_mineras&outputFormat=application%2Fjson&count=2000&startIndex=0&srsName=EPSG%3A4326","source_layer":"idecor:mineria_pertenencias_mineras","source_fid":"mineria_pertenencias_mineras.94","source_srid":22173,"fetched_at":"2026-07-28T13:38:04+00:00","licencia":"no_especificada","expediente":"6721","nombre":"COMPLEJO MINERO","mineral":["mica"],"mineral_origen":"MICA","superficie_ha_calc":12.1987}},{"type":"Feature","geometry":{"type":"MultiPolygon","coordinates":[[[[-64.5824,-31.3041],[-64.583,-31.3068],[-64.5851,-31.3064],[-64.5845,-31.3038],[-64.5824,-31.3041]]]]},"properties":{"id":"cordoba:pertenencias:mineria_pertenencias_mineras.95","provincia":"cordoba","provincia_nombre":"Córdoba","tipo":"mina","estado":"desconocido","geom_kind":"poligono","fuente_id":"cordoba.idecor.pertenencias","source_url":"https://idecor-ws.mapascordoba.gob.ar/geoserver/wfs?service=WFS&version=2.0.0&request=GetFeature&typeNames=idecor%3Amineria_pertenencias_mineras&outputFormat=application%2Fjson&count=2000&startIndex=0&srsName=EPSG%3A4326","source_layer":"idecor:mineria_pertenencias_mineras","source_fid":"mineria_pertenencias_mineras.95","source_srid":22173,"fetched_at":"2026-07-28T13:38:04+00:00","licencia":"no_especificada","expediente":"9443","nombre":"LA ASPEREZA","mineral":["cuarzo"],"mineral_origen":"CUARZO","superficie_ha_calc":6.0956}},{"type":"Feature","geometry":{"type":"MultiPolygon","coordinates":[[[[-64.4584,-31.4838],[-64.456,-31.4848],[-64.459,-31.4906],[-64.4615,-31.4896],[-64.4584,-31.4838]]]]},"properties":{"id":"cordoba:pertenencias:mineria_pertenencias_mineras.96","provincia":"cordoba","provincia_nombre":"Córdoba","tipo":"mina","estado":"desconocido","geom_kind":"poligono","fuente_id":"cordoba.idecor.pertenencias","source_url":"https://idecor-ws.mapascordoba.gob.ar/geoserver/wfs?service=WFS&version=2.0.0&request=GetFeature&typeNames=idecor%3Amineria_pertenencias_mineras&outputFormat=application%2Fjson&count=2000&startIndex=0&srsName=EPSG%3A4326","source_layer":"idecor:mineria_pertenencias_mineras","source_fid":"mineria_pertenencias_mineras.96","source_srid":22173,"fetched_at":"2026-07-28T13:38:04+00:00","licencia":"no_especificada","expediente":"7243","nombre":"LA PELIGROSA","mineral":["cuarzo","feldespato","mica"],"mineral_origen":"CUARZO-FELDESPATO-MICA","superficie_ha_calc":18.1836}},{"type":"Feature","geometry":{"type":"MultiPolygon","coordinates":[[[[-64.7839,-31.4393],[-64.7743,-31.4391],[-64.7744,-31.4348],[-64.77,-31.4347],[-64.7698,-31.4394],[-64.7609,-31.439],[-64.7608,-31.4479],[-64.7837,-31.4481],[-64.7839,-31.4393]]]]},"properties":{"id":"cordoba:pertenencias:mineria_pertenencias_mineras.97","provincia":"cordoba","provincia_nombre":"Córdoba","tipo":"mina","estado":"desconocido","geom_kind":"poligono","fuente_id":"cordoba.idecor.pertenencias","source_url":"https://idecor-ws.mapascordoba.gob.ar/geoserver/wfs?service=WFS&version=2.0.0&request=GetFeature&typeNames=idecor%3Amineria_pertenencias_mineras&outputFormat=application%2Fjson&count=2000&startIndex=0&srsName=EPSG%3A4326","source_layer":"idecor:mineria_pertenencias_mineras","source_fid":"mineria_pertenencias_mineras.97","source_srid":22173,"fetched_at":"2026-07-28T13:38:04+00:00","licencia":"no_especificada","expediente":"6473","nombre":"SCHLAGINTWEIT","mineral":["U"],"mineral_origen":"MINERAL DE URANIO","superficie_ha_calc":233.7625}},{"type":"Feature","geometry":{"type":"MultiPolygon","coordinates":[[[[-64.5697,-31.4304],[-64.5757,-31.4294],[-64.5753,-31.4276],[-64.5693,-31.4287],[-64.5697,-31.4304]]]]},"properties":{"id":"cordoba:pertenencias:mineria_pertenencias_mineras.98","provincia":"cordoba","provincia_nombre":"Córdoba","tipo":"mina","estado":"desconocido","geom_kind":"poligono","fuente_id":"cordoba.idecor.pertenencias","source_url":"https://idecor-ws.mapascordoba.gob.ar/geoserver/wfs?service=WFS&version=2.0.0&request=GetFeature&typeNames=idecor%3Amineria_pertenencias_mineras&outputFormat=application%2Fjson&count=2000&startIndex=0&srsName=EPSG%3A4326","source_layer":"idecor:mineria_pertenencias_mineras","source_fid":"mineria_pertenencias_mineras.98","source_srid":22173,"fetched_at":"2026-07-28T13:38:04+00:00","licencia":"no_especificada","expediente":"7537","nombre":"LAS TRES HERMANAS","mineral":["cuarzo","Fluorita"],"mineral_origen":"CUARZO-FLUORITA","superficie_ha_calc":11.5113}},{"type":"Feature","geometry":{"type":"MultiPolygon","coordinates":[[[[-64.5766,-31.4299],[-64.5919,-31.4266],[-64.5908,-31.4231],[-64.5756,-31.4264],[-64.5766,-31.4299]]]]},"properties":{"id":"cordoba:pertenencias:mineria_pertenencias_mineras.99","provincia":"cordoba","provincia_nombre":"Córdoba","tipo":"mina","estado":"desconocido","geom_kind":"poligono","fuente_id":"cordoba.idecor.pertenencias","source_url":"https://idecor-ws.mapascordoba.gob.ar/geoserver/wfs?service=WFS&version=2.0.0&request=GetFeature&typeNames=idecor%3Amineria_pertenencias_mineras&outputFormat=application%2Fjson&count=2000&startIndex=0&srsName=EPSG%3A4326","source_layer":"idecor:mineria_pertenencias_mineras","source_fid":"mineria_pertenencias_mineras.99","source_srid":22173,"fetched_at":"2026-07-28T13:38:04+00:00","licencia":"no_especificada","expediente":"202","nombre":"LA NUEVA","mineral":["Fluorita","Fe"],"mineral_origen":"FLUORITA-MINERAL DE HIERRO","superficie_ha_calc":59.9196}},{"type":"Feature","geometry":{"type":"MultiPolygon","coordinates":[[[[-64.7696,-31.4115],[-64.7717,-31.4118],[-64.7721,-31.41],[-64.7752,-31.4105],[-64.7755,-31.4087],[-64.7724,-31.4083],[-64.7728,-31.4064],[-64.7707,-31.4061],[-64.7696,-31.4115]]]]},"properties":{"id":"cordoba:pertenencias:mineria_pertenencias_mineras.100","provincia":"cordoba","provincia_nombre":"Córdoba","tipo":"mina","estado":"desconocido","geom_kind":"poligono","fuente_id":"cordoba.idecor.pertenencias","source_url":"https://idecor-ws.mapascordoba.gob.ar/geoserver/wfs?service=WFS&version=2.0.0&request=GetFeature&typeNames=idecor%3Amineria_pertenencias_mineras&outputFormat=application%2Fjson&count=2000&startIndex=0&srsName=EPSG%3A4326","source_layer":"idecor:mineria_pertenencias_mineras","source_fid":"mineria_pertenencias_mineras.100","source_srid":22173,"fetched_at":"2026-07-28T13:38:04+00:00","licencia":"no_especificada","expediente":"10569","nombre":"GRUPO MINERO GIGANTE","mineral":["Berilo","cuarzo","feldespato","mica"],"mineral_origen":"BERILO-CUARZO-FELDESPATO-MICA","superficie_ha_calc":18.2037}},{"type":"Feature","geometry":{"type":"MultiPolygon","coordinates":[[[[-64.7848,-31.4061],[-64.7832,-31.4084],[-64.7851,-31.4093],[-64.7866,-31.4069],[-64.7848,-31.4061]]]]},"properties":{"id":"cordoba:pertenencias:mineria_pertenencias_mineras.101","provincia":"cordoba","provincia_nombre":"Córdoba","tipo":"mina","estado":"desconocido","geom_kind":"poligono","fuente_id":"cordoba.idecor.pertenencias","source_url":"https://idecor-ws.mapascordoba.gob.ar/geoserver/wfs?service=WFS&version=2.0.0&request=GetFeature&typeNames=idecor%3Amineria_pertenencias_mineras&outputFormat=application%2Fjson&count=2000&startIndex=0&srsName=EPSG%3A4326","source_layer":"idecor:mineria_pertenencias_mineras","source_fid":"mineria_pertenencias_mineras.101","source_srid":22173,"fetched_at":"2026-07-28T13:38:04+00:00","licencia":"no_especificada","expediente":"5758","nombre":"LA LUCILA","mineral":["Berilo","cuarzo","feldespato"],"mineral_origen":"BERILO-CUARZO-FELDESPATO","superficie_ha_calc":5.9731}},{"type":"Feature","geometry":{"type":"MultiPolygon","coordinates":[[[[-64.6451,-31.3621],[-64.6478,-31.3608],[-64.6468,-31.3592],[-64.644,-31.3605],[-64.6451,-31.3621]]]]},"properties":{"id":"cordoba:pertenencias:mineria_pertenencias_mineras.102","provincia":"cordoba","provincia_nombre":"Córdoba","tipo":"mina","estado":"desconocido","geom_kind":"poligono","fuente_id":"cordoba.idecor.pertenencias","source_url":"https://idecor-ws.mapascordoba.gob.ar/geoserver/wfs?service=WFS&version=2.0.0&request=GetFeature&typeNames=idecor%3Amineria_pertenencias_mineras&outputFormat=application%2Fjson&count=2000&startIndex=0&srsName=EPSG%3A4326","source_layer":"idecor:mineria_pertenencias_mineras","source_fid":"mineria_pertenencias_mineras.102","source_srid":22173,"fetched_at":"2026-07-28T13:38:04+00:00","licencia":"no_especificada","expediente":"3602","nombre":"EL GAUCHO (2° PERT.)","mineral":["Berilo","Fluorita","mica"],"mineral_origen":"BERILO-FLUORITA-MICA","superficie_ha_calc":6.0815}},{"type":"Feature","geometry":{"type":"MultiPolygon","coordinates":[[[[-64.641,-31.3597],[-64.6439,-31.3609],[-64.644,-31.3605],[-64.6448,-31.3592],[-64.6419,-31.3581],[-64.641,-31.3597]]]]},"properties":{"id":"cordoba:pertenencias:mineria_pertenencias_mineras.103","provincia":"cordoba","provincia_nombre":"Córdoba","tipo":"mina","estado":"desconocido","geom_kind":"poligono","fuente_id":"cordoba.idecor.pertenencias","source_url":"https://idecor-ws.mapascordoba.gob.ar/geoserver/wfs?service=WFS&version=2.0.0&request=GetFeature&typeNames=idecor%3Amineria_pertenencias_mineras&outputFormat=application%2Fjson&count=2000&startIndex=0&srsName=EPSG%3A4326","source_layer":"idecor:mineria_pertenencias_mineras","source_fid":"mineria_pertenencias_mineras.103","source_srid":22173,"fetched_at":"2026-07-28T13:38:04+00:00","licencia":"no_especificada","expediente":"3602","nombre":"EL GAUCHO (2° PERT.)","mineral":["Berilo","Fluorita","mica"],"mineral_origen":"BERILO-FLUORITA-MICA","superficie_ha_calc":6.0394}},{"type":"Feature","geometry":{"type":"MultiPolygon","coordinates":[[[[-64.9996,-31.0429],[-65.0017,-31.043],[-65.0018,-31.0403],[-64.9997,-31.0402],[-64.9996,-31.0429]]]]},"properties":{"id":"cordoba:pertenencias:mineria_pertenencias_mineras.104","provincia":"cordoba","provincia_nombre":"Córdoba","tipo":"mina","estado":"desconocido","geom_kind":"poligono","fuente_id":"cordoba.idecor.pertenencias","source_url":"https://idecor-ws.mapascordoba.gob.ar/geoserver/wfs?service=WFS&version=2.0.0&request=GetFeature&typeNames=idecor%3Amineria_pertenencias_mineras&outputFormat=application%2Fjson&count=2000&startIndex=0&srsName=EPSG%3A4326","source_layer":"idecor:mineria_pertenencias_mineras","source_fid":"mineria_pertenencias_mineras.104","source_srid":22173,"fetched_at":"2026-07-28T13:38:04+00:00","licencia":"no_especificada","expediente":"7841","nombre":"PIEDRA BLANCA","mineral":["cuarzo","feldespato"],"mineral_origen":"CUARZO-FELDESPATO","superficie_ha_calc":6.0117}},{"type":"Feature","geometry":{"type":"MultiPolygon","coordinates":[[[[-64.648,-31.351],[-64.6459,-31.3506],[-64.6455,-31.3534],[-64.6474,-31.3537],[-64.648,-31.351]]]]},"properties":{"id":"cordoba:pertenencias:mineria_pertenencias_mineras.105","provincia":"cordoba","provincia_nombre":"Córdoba","tipo":"mina","estado":"desconocido","geom_kind":"poligono","fuente_id":"cordoba.idecor.pertenencias","source_url":"https://idecor-ws.mapascordoba.gob.ar/geoserver/wfs?service=WFS&version=2.0.0&request=GetFeature&typeNames=idecor%3Amineria_pertenencias_mineras&outputFormat=application%2Fjson&count=2000&startIndex=0&srsName=EPSG%3A4326","source_layer":"idecor:mineria_pertenencias_mineras","source_fid":"mineria_pertenencias_mineras.105","source_srid":22173,"fetched_at":"2026-07-28T13:38:04+00:00","licencia":"no_especificada","expediente":"7470","nombre":"PIBE CABEZA","mineral":["cuarzo","feldespato"],"mineral_origen":"CUARZO-FELDESPATO","superficie_ha_calc":5.9871}},{"type":"Feature","geometry":{"type":"MultiPolygon","coordinates":[[[[-64.6548,-31.3578],[-64.6544,-31.3605],[-64.6565,-31.3607],[-64.6568,-31.358],[-64.6548,-31.3578]]]]},"properties":{"id":"cordoba:pertenencias:mineria_pertenencias_mineras.106","provincia":"cordoba","provincia_nombre":"Córdoba","tipo":"mina","estado":"desconocido","geom_kind":"poligono","fuente_id":"cordoba.idecor.pertenencias","source_url":"https://idecor-ws.mapascordoba.gob.ar/geoserver/wfs?service=WFS&version=2.0.0&request=GetFeature&typeNames=idecor%3Amineria_pertenencias_mineras&outputFormat=application%2Fjson&count=2000&startIndex=0&srsName=EPSG%3A4326","source_layer":"idecor:mineria_pertenencias_mineras","source_fid":"mineria_pertenencias_mineras.106","source_srid":22173,"fetched_at":"2026-07-28T13:38:04+00:00","licencia":"no_especificada","expediente":"771","nombre":"EL CRIOLLO (3° PERT.)","mineral":["Columbita","U"],"mineral_origen":"COLUMBITA-MINERAL DE URANIO","superficie_ha_calc":5.9128}},{"type":"Feature","geometry":{"type":"MultiPolygon","coordinates":[[[[-64.6548,-31.3578],[-64.6546,-31.356],[-64.6515,-31.3559],[-64.6517,-31.3577],[-64.6548,-31.3578]]]]},"properties":{"id":"cordoba:pertenencias:mineria_pertenencias_mineras.107","provincia":"cordoba","provincia_nombre":"Córdoba","tipo":"mina","estado":"desconocido","geom_kind":"poligono","fuente_id":"cordoba.idecor.pertenencias","source_url":"https://idecor-ws.mapascordoba.gob.ar/geoserver/wfs?service=WFS&version=2.0.0&request=GetFeature&typeNames=idecor%3Amineria_pertenencias_mineras&outputFormat=application%2Fjson&count=2000&startIndex=0&srsName=EPSG%3A4326","source_layer":"idecor:mineria_pertenencias_mineras","source_fid":"mineria_pertenencias_mineras.107","source_srid":22173,"fetched_at":"2026-07-28T13:38:04+00:00","licencia":"no_especificada","expediente":"771","nombre":"EL CRIOLLO (3° PERT.)","mineral":["Columbita","U"],"mineral_origen":"COLUMBITA-MINERAL DE URANIO","superficie_ha_calc":5.8655}},{"type":"Feature","geometry":{"type":"MultiPolygon","coordinates":[[[[-64.657,-31.3501],[-64.6539,-31.3494],[-64.6534,-31.3512],[-64.6565,-31.3518],[-64.657,-31.3501]]]]},"properties":{"id":"cordoba:pertenencias:mineria_pertenencias_mineras.108","provincia":"cordoba","provincia_nombre":"Córdoba","tipo":"mina","estado":"desconocido","geom_kind":"poligono","fuente_id":"cordoba.idecor.pertenencias","source_url":"https://idecor-ws.mapascordoba.gob.ar/geoserver/wfs?service=WFS&version=2.0.0&request=GetFeature&typeNames=idecor%3Amineria_pertenencias_mineras&outputFormat=application%2Fjson&count=2000&startIndex=0&srsName=EPSG%3A4326","source_layer":"idecor:mineria_pertenencias_mineras","source_fid":"mineria_pertenencias_mineras.108","source_srid":22173,"fetched_at":"2026-07-28T13:38:04+00:00","licencia":"no_especificada","expediente":"771","nombre":"EL CRIOLLO (3° PERT.)","mineral":["Columbita","U"],"mineral_origen":"COLUMBITA-MINERAL DE URANIO","superficie_ha_calc":6.0663}},{"type":"Feature","geometry":{"type":"MultiPolygon","coordinates":[[[[-64.7661,-31.3416],[-64.767,-31.34],[-64.7612,-31.3378],[-64.7604,-31.3394],[-64.7661,-31.3416]]]]},"properties":{"id":"cordoba:pertenencias:mineria_pertenencias_mineras.109","provincia":"cordoba","provincia_nombre":"Córdoba","tipo":"mina","estado":"desconocido","geom_kind":"poligono","fuente_id":"cordoba.idecor.pertenencias","source_url":"https://idecor-ws.mapascordoba.gob.ar/geoserver/wfs?service=WFS&version=2.0.0&request=GetFeature&typeNames=idecor%3Amineria_pertenencias_mineras&outputFormat=application%2Fjson&count=2000&startIndex=0&srsName=EPSG%3A4326","source_layer":"idecor:mineria_pertenencias_mineras","source_fid":"mineria_pertenencias_mineras.109","source_srid":22173,"fetched_at":"2026-07-28T13:38:04+00:00","licencia":"no_especificada","expediente":"5595","nombre":"OSCARCITO","mineral":["Berilo","cuarzo","feldespato"],"mineral_origen":"BERILO-CUARZO-FELDESPATO","superficie_ha_calc":11.6803}},{"type":"Feature","geometry":{"type":"MultiPolygon","coordinates":[[[[-65.0623,-31.3698],[-65.0702,-31.3743],[-65.0714,-31.3728],[-65.0635,-31.3683],[-65.0623,-31.3698]]]]},"properties":{"id":"cordoba:pertenencias:mineria_pertenencias_mineras.110","provincia":"cordoba","provincia_nombre":"Córdoba","tipo":"mina","estado":"desconocido","geom_kind":"poligono","fuente_id":"cordoba.idecor.pertenencias","source_url":"https://idecor-ws.mapascordoba.gob.ar/geoserver/wfs?service=WFS&version=2.0.0&request=GetFeature&typeNames=idecor%3Amineria_pertenencias_mineras&outputFormat=application%2Fjson&count=2000&startIndex=0&srsName=EPSG%3A4326","source_layer":"idecor:mineria_pertenencias_mineras","source_fid":"mineria_pertenencias_mineras.110","source_srid":22173,"fetched_at":"2026-07-28T13:38:04+00:00","licencia":"no_especificada","expediente":"9546","nombre":"DIANA","mineral":["Au"],"mineral_origen":"MINERAL DE ORO","superficie_ha_calc":18.1951}},{"type":"Feature","geometry":{"type":"MultiPolygon","coordinates":[[[[-65.3784,-31.3464],[-65.3822,-31.3423],[-65.3806,-31.3412],[-65.3767,-31.3453],[-65.3784,-31.3464]]]]},"properties":{"id":"cordoba:pertenencias:mineria_pertenencias_mineras.111","provincia":"cordoba","provincia_nombre":"Córdoba","tipo":"mina","estado":"desconocido","geom_kind":"poligono","fuente_id":"cordoba.idecor.pertenencias","source_url":"https://idecor-ws.mapascordoba.gob.ar/geoserver/wfs?service=WFS&version=2.0.0&request=GetFeature&typeNames=idecor%3Amineria_pertenencias_mineras&outputFormat=application%2Fjson&count=2000&startIndex=0&srsName=EPSG%3A4326","source_layer":"idecor:mineria_pertenencias_mineras","source_fid":"mineria_pertenencias_mineras.111","source_srid":22173,"fetched_at":"2026-07-28T13:38:04+00:00","licencia":"no_especificada","expediente":"9942","nombre":"LA CUMBRE","mineral":["cuarzo"],"mineral_origen":"CUARZO","superficie_ha_calc":11.606}},{"type":"Feature","geometry":{"type":"MultiPolygon","coordinates":[[[[-64.3318,-31.3122],[-64.33,-31.3144],[-64.3317,-31.3154],[-64.3335,-31.3132],[-64.3318,-31.3122]]]]},"properties":{"id":"cordoba:pertenencias:mineria_pertenencias_mineras.112","provincia":"cordoba","provincia_nombre":"Córdoba","tipo":"mina","estado":"desconocido","geom_kind":"poligono","fuente_id":"cordoba.idecor.pertenencias","source_url":"https://idecor-ws.mapascordoba.gob.ar/geoserver/wfs?service=WFS&version=2.0.0&request=GetFeature&typeNames=idecor%3Amineria_pertenencias_mineras&outputFormat=application%2Fjson&count=2000&startIndex=0&srsName=EPSG%3A4326","source_layer":"idecor:mineria_pertenencias_mineras","source_fid":"mineria_pertenencias_mineras.112","source_srid":22173,"fetched_at":"2026-07-28T13:38:04+00:00","licencia":"no_especificada","expediente":"9358","nombre":"ESPERANZA ","mineral":["Cu"],"mineral_origen":"MINERAL DE COBRE","superficie_ha_calc":5.847}},{"type":"Feature","geometry":{"type":"MultiPolygon","coordinates":[[[[-64.4973,-31.3031],[-64.4987,-31.2978],[-64.4967,-31.2974],[-64.4953,-31.3027],[-64.4973,-31.3031]]]]},"properties":{"id":"cordoba:pertenencias:mineria_pertenencias_mineras.113","provincia":"cordoba","provincia_nombre":"Córdoba","tipo":"mina","estado":"desconocido","geom_kind":"poligono","fuente_id":"cordoba.idecor.pertenencias","source_url":"https://idecor-ws.mapascordoba.gob.ar/geoserver/wfs?service=WFS&version=2.0.0&request=GetFeature&typeNames=idecor%3Amineria_pertenencias_mineras&outputFormat=application%2Fjson&count=2000&startIndex=0&srsName=EPSG%3A4326","source_layer":"idecor:mineria_pertenencias_mineras","source_fid":"mineria_pertenencias_mineras.113","source_srid":22173,"fetched_at":"2026-07-28T13:38:04+00:00","licencia":"no_especificada","expediente":"4178","nombre":"ARGENTINA","mineral":["Berilo","cuarzo","feldespato"],"mineral_origen":"BERILO-CUARZO-FELDESPATO","superficie_ha_calc":11.7801}},{"type":"Feature","geometry":{"type":"MultiPolygon","coordinates":[[[[-64.5477,-31.2916],[-64.5495,-31.2938],[-64.5509,-31.2929],[-64.5512,-31.2928],[-64.5494,-31.2906],[-64.5477,-31.2916]]]]},"properties":{"id":"cordoba:pertenencias:mineria_pertenencias_mineras.114","provincia":"cordoba","provincia_nombre":"Córdoba","tipo":"mina","estado":"desconocido","geom_kind":"poligono","fuente_id":"cordoba.idecor.pertenencias","source_url":"https://idecor-ws.mapascordoba.gob.ar/geoserver/wfs?service=WFS&version=2.0.0&request=GetFeature&typeNames=idecor%3Amineria_pertenencias_mineras&outputFormat=application%2Fjson&count=2000&startIndex=0&srsName=EPSG%3A4326","source_layer":"idecor:mineria_pertenencias_mineras","source_fid":"mineria_pertenencias_mineras.114","source_srid":22173,"fetched_at":"2026-07-28T13:38:04+00:00","licencia":"no_especificada","expediente":"3860","nombre":"PERGENIO","mineral":["Berilo","cuarzo","feldespato","mica"],"mineral_origen":"BERILO-CUARZO-FELDESPATO-MICA","superficie_ha_calc":5.7797}},{"type":"Feature","geometry":{"type":"MultiPolygon","coordinates":[[[[-64.5528,-31.2952],[-64.5509,-31.2929],[-64.5495,-31.2938],[-64.5492,-31.294],[-64.551,-31.2962],[-64.5528,-31.2952]]]]},"properties":{"id":"cordoba:pertenencias:mineria_pertenencias_mineras.115","provincia":"cordoba","provincia_nombre":"Córdoba","tipo":"mina","estado":"desconocido","geom_kind":"poligono","fuente_id":"cordoba.idecor.pertenencias","source_url":"https://idecor-ws.mapascordoba.gob.ar/geoserver/wfs?service=WFS&version=2.0.0&request=GetFeature&typeNames=idecor%3Amineria_pertenencias_mineras&outputFormat=application%2Fjson&count=2000&startIndex=0&srsName=EPSG%3A4326","source_layer":"idecor:mineria_pertenencias_mineras","source_fid":"mineria_pertenencias_mineras.115","source_srid":22173,"fetched_at":"2026-07-28T13:38:04+00:00","licencia":"no_especificada","expediente":"3274","nombre":"DOMINGO FAUSTINO SARMIENTO","mineral":["Berilo"],"mineral_origen":"BERILO","superficie_ha_calc":6.2124}},{"type":"Feature","geometry":{"type":"MultiPolygon","coordinates":[[[[-64.6622,-31.3083],[-64.6622,-31.311],[-64.6643,-31.311],[-64.6643,-31.3083],[-64.6622,-31.3083]]]]},"properties":{"id":"cordoba:pertenencias:mineria_pertenencias_mineras.116","provincia":"cordoba","provincia_nombre":"Córdoba","tipo":"mina","estado":"desconocido","geom_kind":"poligono","fuente_id":"cordoba.idecor.pertenencias","source_url":"https://idecor-ws.mapascordoba.gob.ar/geoserver/wfs?service=WFS&version=2.0.0&request=GetFeature&typeNames=idecor%3Amineria_pertenencias_mineras&outputFormat=application%2Fjson&count=2000&startIndex=0&srsName=EPSG%3A4326","source_layer":"idecor:mineria_pertenencias_mineras","source_fid":"mineria_pertenencias_mineras.116","source_srid":22173,"fetched_at":"2026-07-28T13:38:04+00:00","licencia":"no_especificada","expediente":"2962","nombre":"LA MINITA","mineral":["Berilo"],"mineral_origen":"BERILO","superficie_ha_calc":5.9845}},{"type":"Feature","geometry":{"type":"MultiPolygon","coordinates":[[[[-64.8082,-31.2867],[-64.8065,-31.2879],[-64.8085,-31.29],[-64.8102,-31.2888],[-64.8082,-31.2867]]]]},"properties":{"id":"cordoba:pertenencias:mineria_pertenencias_mineras.117","provincia":"cordoba","provincia_nombre":"Córdoba","tipo":"mina","estado":"desconocido","geom_kind":"poligono","fuente_id":"cordoba.idecor.pertenencias","source_url":"https://idecor-ws.mapascordoba.gob.ar/geoserver/wfs?service=WFS&version=2.0.0&request=GetFeature&typeNames=idecor%3Amineria_pertenencias_mineras&outputFormat=application%2Fjson&count=2000&startIndex=0&srsName=EPSG%3A4326","source_layer":"idecor:mineria_pertenencias_mineras","source_fid":"mineria_pertenencias_mineras.117","source_srid":22173,"fetched_at":"2026-07-28T13:38:04+00:00","licencia":"no_especificada","expediente":"9831","nombre":"LA QUEBRADA","mineral":["cuarzo","feldespato"],"mineral_origen":"CUARZO-FELDESPATO","superficie_ha_calc":6.3025}},{"type":"Feature","geometry":{"type":"MultiPolygon","coordinates":[[[[-64.8435,-31.2791],[-64.844,-31.2773],[-64.841,-31.2767],[-64.8405,-31.2785],[-64.8435,-31.2791]]]]},"properties":{"id":"cordoba:pertenencias:mineria_pertenencias_mineras.118","provincia":"cordoba","provincia_nombre":"Córdoba","tipo":"mina","estado":"desconocido","geom_kind":"poligono","fuente_id":"cordoba.idecor.pertenencias","source_url":"https://idecor-ws.mapascordoba.gob.ar/geoserver/wfs?service=WFS&version=2.0.0&request=GetFeature&typeNames=idecor%3Amineria_pertenencias_mineras&outputFormat=application%2Fjson&count=2000&startIndex=0&srsName=EPSG%3A4326","source_layer":"idecor:mineria_pertenencias_mineras","source_fid":"mineria_pertenencias_mineras.118","source_srid":22173,"fetched_at":"2026-07-28T13:38:04+00:00","licencia":"no_especificada","expediente":"5834","nombre":"BEATRIZ","mineral":["Esteatita"],"mineral_origen":"ESTEATITA","superficie_ha_calc":6.0181}},{"type":"Feature","geometry":{"type":"MultiPolygon","coordinates":[[[[-65.3609,-31.3265],[-65.3624,-31.3277],[-65.3646,-31.3257],[-65.363,-31.3245],[-65.3609,-31.3265]]]]},"properties":{"id":"cordoba:pertenencias:mineria_pertenencias_mineras.119","provincia":"cordoba","provincia_nombre":"Córdoba","tipo":"mina","estado":"desconocido","geom_kind":"poligono","fuente_id":"cordoba.idecor.pertenencias","source_url":"https://idecor-ws.mapascordoba.gob.ar/geoserver/wfs?service=WFS&version=2.0.0&request=GetFeature&typeNames=idecor%3Amineria_pertenencias_mineras&outputFormat=application%2Fjson&count=2000&startIndex=0&srsName=EPSG%3A4326","source_layer":"idecor:mineria_pertenencias_mineras","source_fid":"mineria_pertenencias_mineras.119","source_srid":22173,"fetched_at":"2026-07-28T13:38:04+00:00","licencia":"no_especificada","expediente":"679","nombre":"CUEVA BLANCA","mineral":["cuarzo"],"mineral_origen":"CUARZO","superficie_ha_calc":5.994}},{"type":"Feature","geometry":{"type":"MultiPolygon","coordinates":[[[[-64.5611,-31.2363],[-64.5604,-31.2382],[-64.5635,-31.238],[-64.5642,-31.2361],[-64.5611,-31.2363]]]]},"properties":{"id":"cordoba:pertenencias:mineria_pertenencias_mineras.120","provincia":"cordoba","provincia_nombre":"Córdoba","tipo":"mina","estado":"desconocido","geom_kind":"poligono","fuente_id":"cordoba.idecor.pertenencias","source_url":"https://idecor-ws.mapascordoba.gob.ar/geoserver/wfs?service=WFS&version=2.0.0&request=GetFeature&typeNames=idecor%3Amineria_pertenencias_mineras&outputFormat=application%2Fjson&count=2000&startIndex=0&srsName=EPSG%3A4326","source_layer":"idecor:mineria_pertenencias_mineras","source_fid":"mineria_pertenencias_mineras.120","source_srid":22173,"fetched_at":"2026-07-28T13:38:04+00:00","licencia":"no_especificada","expediente":"3993","nombre":"CACHITO","mineral":["Fluorita"],"mineral_origen":"FLUORITA","superficie_ha_calc":6.0735}},{"type":"Feature","geometry":{"type":"MultiPolygon","coordinates":[[[[-64.5759,-31.2131],[-64.5756,-31.2113],[-64.5725,-31.2117],[-64.5728,-31.2135],[-64.5759,-31.2131]]]]},"properties":{"id":"cordoba:pertenencias:mineria_pertenencias_mineras.121","provincia":"cordoba","provincia_nombre":"Córdoba","tipo":"mina","estado":"desconocido","geom_kind":"poligono","fuente_id":"cordoba.idecor.pertenencias","source_url":"https://idecor-ws.mapascordoba.gob.ar/geoserver/wfs?service=WFS&version=2.0.0&request=GetFeature&typeNames=idecor%3Amineria_pertenencias_mineras&outputFormat=application%2Fjson&count=2000&startIndex=0&srsName=EPSG%3A4326","source_layer":"idecor:mineria_pertenencias_mineras","source_fid":"mineria_pertenencias_mineras.121","source_srid":22173,"fetched_at":"2026-07-28T13:38:04+00:00","licencia":"no_especificada","expediente":"9524","nombre":"LA NEGRA","mineral":["cuarzo","feldespato","mica"],"mineral_origen":"CUARZO-FELDESPATO-MICA","superficie_ha_calc":6.0222}},{"type":"Feature","geometry":{"type":"MultiPolygon","coordinates":[[[[-64.5714,-32.127],[-64.5724,-32.1285],[-64.5742,-32.1277],[-64.5752,-32.1273],[-64.5742,-32.1257],[-64.5714,-32.127]]]]},"properties":{"id":"cordoba:pertenencias:mineria_pertenencias_mineras.122","provincia":"cordoba","provincia_nombre":"Córdoba","tipo":"mina","estado":"desconocido","geom_kind":"poligono","fuente_id":"cordoba.idecor.pertenencias","source_url":"https://idecor-ws.mapascordoba.gob.ar/geoserver/wfs?service=WFS&version=2.0.0&request=GetFeature&typeNames=idecor%3Amineria_pertenencias_mineras&outputFormat=application%2Fjson&count=2000&startIndex=0&srsName=EPSG%3A4326","source_layer":"idecor:mineria_pertenencias_mineras","source_fid":"mineria_pertenencias_mineras.122","source_srid":22173,"fetched_at":"2026-07-28T13:38:04+00:00","licencia":"no_especificada","expediente":"1933","nombre":"MEDIA LUNA","mineral":["mica"],"mineral_origen":"MICA","superficie_ha_calc":5.8074}},{"type":"Feature","geometry":{"type":"MultiPolygon","coordinates":[[[[-64.5721,-31.1833],[-64.5714,-31.184],[-64.573,-31.1851],[-64.575,-31.183],[-64.5685,-31.1784],[-64.5672,-31.1798],[-64.5721,-31.1833]]]]},"properties":{"id":"cordoba:pertenencias:mineria_pertenencias_mineras.123","provincia":"cordoba","provincia_nombre":"Córdoba","tipo":"mina","estado":"desconocido","geom_kind":"poligono","fuente_id":"cordoba.idecor.pertenencias","source_url":"https://idecor-ws.mapascordoba.gob.ar/geoserver/wfs?service=WFS&version=2.0.0&request=GetFeature&typeNames=idecor%3Amineria_pertenencias_mineras&outputFormat=application%2Fjson&count=2000&startIndex=0&srsName=EPSG%3A4326","source_layer":"idecor:mineria_pertenencias_mineras","source_fid":"mineria_pertenencias_mineras.123","source_srid":22173,"fetched_at":"2026-07-28T13:38:04+00:00","licencia":"no_especificada","expediente":"3488","nombre":"QUEBRADA DE LOS CONTRABANDISTAS","mineral":["Scheelita"],"mineral_origen":"SCHEELITA","superficie_ha_calc":18.0088}},{"type":"Feature","geometry":{"type":"MultiPolygon","coordinates":[[[[-65.2617,-31.2064],[-65.2628,-31.2039],[-65.2608,-31.2033],[-65.2598,-31.2058],[-65.2617,-31.2064]]]]},"properties":{"id":"cordoba:pertenencias:mineria_pertenencias_mineras.124","provincia":"cordoba","provincia_nombre":"Córdoba","tipo":"mina","estado":"desconocido","geom_kind":"poligono","fuente_id":"cordoba.idecor.pertenencias","source_url":"https://idecor-ws.mapascordoba.gob.ar/geoserver/wfs?service=WFS&version=2.0.0&request=GetFeature&typeNames=idecor%3Amineria_pertenencias_mineras&outputFormat=application%2Fjson&count=2000&startIndex=0&srsName=EPSG%3A4326","source_layer":"idecor:mineria_pertenencias_mineras","source_fid":"mineria_pertenencias_mineras.124","source_srid":22173,"fetched_at":"2026-07-28T13:38:04+00:00","licencia":"no_especificada","expediente":"5832","nombre":"LOS TRES UNIDOS","mineral":["Mn"],"mineral_origen":"MINERAL DE MANGANESO","superficie_ha_calc":5.8167}},{"type":"Feature","geometry":{"type":"MultiPolygon","coordinates":[[[[-65.306,-31.222],[-65.3041,-31.2228],[-65.3055,-31.2252],[-65.3074,-31.2244],[-65.306,-31.222]]]]},"properties":{"id":"cordoba:pertenencias:mineria_pertenencias_mineras.125","provincia":"cordoba","provincia_nombre":"Córdoba","tipo":"mina","estado":"desconocido","geom_kind":"poligono","fuente_id":"cordoba.idecor.pertenencias","source_url":"https://idecor-ws.mapascordoba.gob.ar/geoserver/wfs?service=WFS&version=2.0.0&request=GetFeature&typeNames=idecor%3Amineria_pertenencias_mineras&outputFormat=application%2Fjson&count=2000&startIndex=0&srsName=EPSG%3A4326","source_layer":"idecor:mineria_pertenencias_mineras","source_fid":"mineria_pertenencias_mineras.125","source_srid":22173,"fetched_at":"2026-07-28T13:38:04+00:00","licencia":"no_especificada","expediente":"2101","nombre":"LA CRUZ DEL SEÑOR","mineral":["Blenda","Mineral De Wolfram","Galena"],"mineral_origen":"BLENDA-MINERAL DE WOLFRAM-GALENA","superficie_ha_calc":6.0004}},{"type":"Feature","geometry":{"type":"MultiPolygon","coordinates":[[[[-65.3128,-31.2153],[-65.3151,-31.2123],[-65.3125,-31.2108],[-65.3102,-31.2138],[-65.3128,-31.2153]]]]},"properties":{"id":"cordoba:pertenencias:mineria_pertenencias_mineras.126","provincia":"cordoba","provincia_nombre":"Córdoba","tipo":"mina","estado":"desconocido","geom_kind":"poligono","fuente_id":"cordoba.idecor.pertenencias","source_url":"https://idecor-ws.mapascordoba.gob.ar/geoserver/wfs?service=WFS&version=2.0.0&request=GetFeature&typeNames=idecor%3Amineria_pertenencias_mineras&outputFormat=application%2Fjson&count=2000&startIndex=0&srsName=EPSG%3A4326","source_layer":"idecor:mineria_pertenencias_mineras","source_fid":"mineria_pertenencias_mineras.126","source_srid":22173,"fetched_at":"2026-07-28T13:38:04+00:00","licencia":"no_especificada","expediente":"3592","nombre":"ROSA NELLY RIOS","mineral":["Galena"],"mineral_origen":"GALENA","superficie_ha_calc":11.8859}},{"type":"Feature","geometry":{"type":"MultiPolygon","coordinates":[[[[-65.2725,-31.1846],[-65.2708,-31.1835],[-65.2632,-31.1921],[-65.2649,-31.1932],[-65.2725,-31.1846]]]]},"properties":{"id":"cordoba:pertenencias:mineria_pertenencias_mineras.127","provincia":"cordoba","provincia_nombre":"Córdoba","tipo":"mina","estado":"desconocido","geom_kind":"poligono","fuente_id":"cordoba.idecor.pertenencias","source_url":"https://idecor-ws.mapascordoba.gob.ar/geoserver/wfs?service=WFS&version=2.0.0&request=GetFeature&typeNames=idecor%3Amineria_pertenencias_mineras&outputFormat=application%2Fjson&count=2000&startIndex=0&srsName=EPSG%3A4326","source_layer":"idecor:mineria_pertenencias_mineras","source_fid":"mineria_pertenencias_mineras.127","source_srid":22173,"fetched_at":"2026-07-28T13:38:04+00:00","licencia":"no_especificada","expediente":"3862","nombre":"ERNESTO","mineral":["Fe","Mn"],"mineral_origen":"MINERAL DE HIERRO-MANGANESO","superficie_ha_calc":24.2851}},{"type":"Feature","geometry":{"type":"MultiPolygon","coordinates":[[[[-64.5206,-31.1486],[-64.5202,-31.1468],[-64.5171,-31.1473],[-64.5175,-31.1491],[-64.5206,-31.1486]]]]},"properties":{"id":"cordoba:pertenencias:mineria_pertenencias_mineras.128","provincia":"cordoba","provincia_nombre":"Córdoba","tipo":"mina","estado":"desconocido","geom_kind":"poligono","fuente_id":"cordoba.idecor.pertenencias","source_url":"https://idecor-ws.mapascordoba.gob.ar/geoserver/wfs?service=WFS&version=2.0.0&request=GetFeature&typeNames=idecor%3Amineria_pertenencias_mineras&outputFormat=application%2Fjson&count=2000&startIndex=0&srsName=EPSG%3A4326","source_layer":"idecor:mineria_pertenencias_mineras","source_fid":"mineria_pertenencias_mineras.128","source_srid":22173,"fetched_at":"2026-07-28T13:38:04+00:00","licencia":"no_especificada","expediente":"2954","nombre":"DON PEDRO","mineral":["Cuprita"],"mineral_origen":"CUPRITA","superficie_ha_calc":6.1108}},{"type":"Feature","geometry":{"type":"MultiPolygon","coordinates":[[[[-65.2557,-31.1702],[-65.2563,-31.1756],[-65.2584,-31.1754],[-65.2578,-31.17],[-65.2557,-31.1702]]]]},"properties":{"id":"cordoba:pertenencias:mineria_pertenencias_mineras.129","provincia":"cordoba","provincia_nombre":"Córdoba","tipo":"mina","estado":"desconocido","geom_kind":"poligono","fuente_id":"cordoba.idecor.pertenencias","source_url":"https://idecor-ws.mapascordoba.gob.ar/geoserver/wfs?service=WFS&version=2.0.0&request=GetFeature&typeNames=idecor%3Amineria_pertenencias_mineras&outputFormat=application%2Fjson&count=2000&startIndex=0&srsName=EPSG%3A4326","source_layer":"idecor:mineria_pertenencias_mineras","source_fid":"mineria_pertenencias_mineras.129","source_srid":22173,"fetched_at":"2026-07-28T13:38:04+00:00","licencia":"no_especificada","expediente":"2093","nombre":"DURAZNO N° 4","mineral":["Mineral De Wolfram"],"mineral_origen":"MINERAL DE WOLFRAM","superficie_ha_calc":12.1128}},{"type":"Feature","geometry":{"type":"MultiPolygon","coordinates":[[[[-65.2615,-31.1751],[-65.2609,-31.1697],[-65.2588,-31.1699],[-65.2595,-31.1753],[-65.2615,-31.1751]]]]},"properties":{"id":"cordoba:pertenencias:mineria_pertenencias_mineras.130","provincia":"cordoba","provincia_nombre":"Córdoba","tipo":"mina","estado":"desconocido","geom_kind":"poligono","fuente_id":"cordoba.idecor.pertenencias","source_url":"https://idecor-ws.mapascordoba.gob.ar/geoserver/wfs?service=WFS&version=2.0.0&request=GetFeature&typeNames=idecor%3Amineria_pertenencias_mineras&outputFormat=application%2Fjson&count=2000&startIndex=0&srsName=EPSG%3A4326","source_layer":"idecor:mineria_pertenencias_mineras","source_fid":"mineria_pertenencias_mineras.130","source_srid":22173,"fetched_at":"2026-07-28T13:38:04+00:00","licencia":"no_especificada","expediente":"2095","nombre":"DURAZNO N° 3","mineral":["Mineral De Wolfram"],"mineral_origen":"MINERAL DE WOLFRAM","superficie_ha_calc":11.8381}},{"type":"Feature","geometry":{"type":"MultiPolygon","coordinates":[[[[-65.2623,-31.1723],[-65.2644,-31.1721],[-65.2637,-31.1668],[-65.2616,-31.1669],[-65.2623,-31.1723]]]]},"properties":{"id":"cordoba:pertenencias:mineria_pertenencias_mineras.131","provincia":"cordoba","provincia_nombre":"Córdoba","tipo":"mina","estado":"desconocido","geom_kind":"poligono","fuente_id":"cordoba.idecor.pertenencias","source_url":"https://idecor-ws.mapascordoba.gob.ar/geoserver/wfs?service=WFS&version=2.0.0&request=GetFeature&typeNames=idecor%3Amineria_pertenencias_mineras&outputFormat=application%2Fjson&count=2000&startIndex=0&srsName=EPSG%3A4326","source_layer":"idecor:mineria_pertenencias_mineras","source_fid":"mineria_pertenencias_mineras.131","source_srid":22173,"fetched_at":"2026-07-28T13:38:04+00:00","licencia":"no_especificada","expediente":"2094","nombre":"DURAZNO N° 1","mineral":["Mineral De Wolfram"],"mineral_origen":"MINERAL DE WOLFRAM","superficie_ha_calc":11.9864}},{"type":"Feature","geometry":{"type":"MultiPolygon","coordinates":[[[[-64.8175,-31.0616],[-64.8177,-31.0598],[-64.8145,-31.0596],[-64.8132,-31.0749],[-64.8153,-31.0751],[-64.8165,-31.0616],[-64.8175,-31.0616]]]]},"properties":{"id":"cordoba:pertenencias:mineria_pertenencias_mineras.132","provincia":"cordoba","provincia_nombre":"Córdoba","tipo":"mina","estado":"desconocido","geom_kind":"poligono","fuente_id":"cordoba.idecor.pertenencias","source_url":"https://idecor-ws.mapascordoba.gob.ar/geoserver/wfs?service=WFS&version=2.0.0&request=GetFeature&typeNames=idecor%3Amineria_pertenencias_mineras&outputFormat=application%2Fjson&count=2000&startIndex=0&srsName=EPSG%3A4326","source_layer":"idecor:mineria_pertenencias_mineras","source_fid":"mineria_pertenencias_mineras.132","source_srid":22173,"fetched_at":"2026-07-28T13:38:04+00:00","licencia":"no_especificada","expediente":"1677","nombre":"PASO DE LA QUINTA","mineral":["cuarzo","Au"],"mineral_origen":"CUARZO-MINERAL DE ORO ","superficie_ha_calc":36.8172}},{"type":"Feature","geometry":{"type":"MultiPolygon","coordinates":[[[[-64.9868,-31.0914],[-64.9837,-31.0912],[-64.9835,-31.093],[-64.9866,-31.0932],[-64.9868,-31.0914]]]]},"properties":{"id":"cordoba:pertenencias:mineria_pertenencias_mineras.133","provincia":"cordoba","provincia_nombre":"Córdoba","tipo":"mina","estado":"desconocido","geom_kind":"poligono","fuente_id":"cordoba.idecor.pertenencias","source_url":"https://idecor-ws.mapascordoba.gob.ar/geoserver/wfs?service=WFS&version=2.0.0&request=GetFeature&typeNames=idecor%3Amineria_pertenencias_mineras&outputFormat=application%2Fjson&count=2000&startIndex=0&srsName=EPSG%3A4326","source_layer":"idecor:mineria_pertenencias_mineras","source_fid":"mineria_pertenencias_mineras.133","source_srid":22173,"fetched_at":"2026-07-28T13:38:04+00:00","licencia":"no_especificada","expediente":"2472","nombre":"EL NIÑO DIOS","mineral":["Ag","Pb"],"mineral_origen":"MINERAL DE PLATA-PLOMO","superficie_ha_calc":5.9451}},{"type":"Feature","geometry":{"type":"MultiPolygon","coordinates":[[[[-64.7111,-31.0007],[-64.7127,-30.9984],[-64.7109,-30.9975],[-64.7093,-30.9998],[-64.7111,-31.0007]]]]},"properties":{"id":"cordoba:pertenencias:mineria_pertenencias_mineras.134","provincia":"cordoba","provincia_nombre":"Córdoba","tipo":"mina","estado":"desconocido","geom_kind":"poligono","fuente_id":"cordoba.idecor.pertenencias","source_url":"https://idecor-ws.mapascordoba.gob.ar/geoserver/wfs?service=WFS&version=2.0.0&request=GetFeature&typeNames=idecor%3Amineria_pertenencias_mineras&outputFormat=application%2Fjson&count=2000&startIndex=0&srsName=EPSG%3A4326","source_layer":"idecor:mineria_pertenencias_mineras","source_fid":"mineria_pertenencias_mineras.134","source_srid":22173,"fetched_at":"2026-07-28T13:38:04+00:00","licencia":"no_especificada","expediente":"9937","nombre":"LA ROSA","mineral":["cuarzo"],"mineral_origen":"CUARZO","superficie_ha_calc":5.9084}},{"type":"Feature","geometry":{"type":"MultiPolygon","coordinates":[[[[-64.6961,-31.0066],[-64.6985,-31.0084],[-64.6999,-31.007],[-64.6975,-31.0053],[-64.6961,-31.0066]]]]},"properties":{"id":"cordoba:pertenencias:mineria_pertenencias_mineras.135","provincia":"cordoba","provincia_nombre":"Córdoba","tipo":"mina","estado":"desconocido","geom_kind":"poligono","fuente_id":"cordoba.idecor.pertenencias","source_url":"https://idecor-ws.mapascordoba.gob.ar/geoserver/wfs?service=WFS&version=2.0.0&request=GetFeature&typeNames=idecor%3Amineria_pertenencias_mineras&outputFormat=application%2Fjson&count=2000&startIndex=0&srsName=EPSG%3A4326","source_layer":"idecor:mineria_pertenencias_mineras","source_fid":"mineria_pertenencias_mineras.135","source_srid":22173,"fetched_at":"2026-07-28T13:38:04+00:00","licencia":"no_especificada","expediente":"9970","nombre":"MARIA LUISA","mineral":["cuarzo"],"mineral_origen":"CUARZO","superficie_ha_calc":6.0244}},{"type":"Feature","geometry":{"type":"MultiPolygon","coordinates":[[[[-64.6638,-31.0089],[-64.6658,-31.0094],[-64.6665,-31.0067],[-64.6644,-31.0063],[-64.6638,-31.0089]]]]},"properties":{"id":"cordoba:pertenencias:mineria_pertenencias_mineras.136","provincia":"cordoba","provincia_nombre":"Córdoba","tipo":"mina","estado":"desconocido","geom_kind":"poligono","fuente_id":"cordoba.idecor.pertenencias","source_url":"https://idecor-ws.mapascordoba.gob.ar/geoserver/wfs?service=WFS&version=2.0.0&request=GetFeature&typeNames=idecor%3Amineria_pertenencias_mineras&outputFormat=application%2Fjson&count=2000&startIndex=0&srsName=EPSG%3A4326","source_layer":"idecor:mineria_pertenencias_mineras","source_fid":"mineria_pertenencias_mineras.136","source_srid":22173,"fetched_at":"2026-07-28T13:38:04+00:00","licencia":"no_especificada","expediente":"10019","nombre":"LA FORTUNA","mineral":["cuarzo","feldespato"],"mineral_origen":"CUARZO-FELDESPATO","superficie_ha_calc":6.0614}},{"type":"Feature","geometry":{"type":"MultiPolygon","coordinates":[[[[-64.6637,-30.9953],[-64.6639,-30.9926],[-64.6618,-30.9924],[-64.6616,-30.9951],[-64.6637,-30.9953]]]]},"properties":{"id":"cordoba:pertenencias:mineria_pertenencias_mineras.137","provincia":"cordoba","provincia_nombre":"Córdoba","tipo":"mina","estado":"desconocido","geom_kind":"poligono","fuente_id":"cordoba.idecor.pertenencias","source_url":"https://idecor-ws.mapascordoba.gob.ar/geoserver/wfs?service=WFS&version=2.0.0&request=GetFeature&typeNames=idecor%3Amineria_pertenencias_mineras&outputFormat=application%2Fjson&count=2000&startIndex=0&srsName=EPSG%3A4326","source_layer":"idecor:mineria_pertenencias_mineras","source_fid":"mineria_pertenencias_mineras.137","source_srid":22173,"fetched_at":"2026-07-28T13:38:04+00:00","licencia":"no_especificada","expediente":"10021","nombre":"SAN ANTONIO","mineral":["cuarzo"],"mineral_origen":"CUARZO","superficie_ha_calc":6.0464}},{"type":"Feature","geometry":{"type":"MultiPolygon","coordinates":[[[[-64.7503,-30.0735],[-64.7503,-30.0667],[-64.742,-30.0667],[-64.742,-30.0735],[-64.7503,-30.0735]]]]},"properties":{"id":"cordoba:pertenencias:mineria_pertenencias_mineras.138","provincia":"cordoba","provincia_nombre":"Córdoba","tipo":"mina","estado":"desconocido","geom_kind":"poligono","fuente_id":"cordoba.idecor.pertenencias","source_url":"https://idecor-ws.mapascordoba.gob.ar/geoserver/wfs?service=WFS&version=2.0.0&request=GetFeature&typeNames=idecor%3Amineria_pertenencias_mineras&outputFormat=application%2Fjson&count=2000&startIndex=0&srsName=EPSG%3A4326","source_layer":"idecor:mineria_pertenencias_mineras","source_fid":"mineria_pertenencias_mineras.138","source_srid":22173,"fetched_at":"2026-07-28T13:38:04+00:00","licencia":"no_especificada","expediente":"288","nombre":"VIGO","mineral":["sal"],"mineral_origen":"SAL","superficie_ha_calc":60.3249}},{"type":"Feature","geometry":{"type":"MultiPolygon","coordinates":[[[[-64.6903,-31.0011],[-64.6924,-31.0011],[-64.6924,-30.9984],[-64.6903,-30.9984],[-64.6903,-31.0011]]]]},"properties":{"id":"cordoba:pertenencias:mineria_pertenencias_mineras.139","provincia":"cordoba","provincia_nombre":"Córdoba","tipo":"mina","estado":"desconocido","geom_kind":"poligono","fuente_id":"cordoba.idecor.pertenencias","source_url":"https://idecor-ws.mapascordoba.gob.ar/geoserver/wfs?service=WFS&version=2.0.0&request=GetFeature&typeNames=idecor%3Amineria_pertenencias_mineras&outputFormat=application%2Fjson&count=2000&startIndex=0&srsName=EPSG%3A4326","source_layer":"idecor:mineria_pertenencias_mineras","source_fid":"mineria_pertenencias_mineras.139","source_srid":22173,"fetched_at":"2026-07-28T13:38:04+00:00","licencia":"no_especificada","expediente":"9935","nombre":"DIFUNTA CORREA","mineral":["cuarzo"],"mineral_origen":"CUARZO","superficie_ha_calc":6.0037}},{"type":"Feature","geometry":{"type":"MultiPolygon","coordinates":[[[[-64.6847,-30.9988],[-64.6867,-30.9982],[-64.6857,-30.9957],[-64.6837,-30.9963],[-64.6847,-30.9988]]]]},"properties":{"id":"cordoba:pertenencias:mineria_pertenencias_mineras.140","provincia":"cordoba","provincia_nombre":"Córdoba","tipo":"mina","estado":"desconocido","geom_kind":"poligono","fuente_id":"cordoba.idecor.pertenencias","source_url":"https://idecor-ws.mapascordoba.gob.ar/geoserver/wfs?service=WFS&version=2.0.0&request=GetFeature&typeNames=idecor%3Amineria_pertenencias_mineras&outputFormat=application%2Fjson&count=2000&startIndex=0&srsName=EPSG%3A4326","source_layer":"idecor:mineria_pertenencias_mineras","source_fid":"mineria_pertenencias_mineras.140","source_srid":22173,"fetched_at":"2026-07-28T13:38:04+00:00","licencia":"no_especificada","expediente":"9936","nombre":"SUSANA","mineral":["cuarzo"],"mineral_origen":"CUARZO","superficie_ha_calc":5.9297}},{"type":"Feature","geometry":{"type":"MultiPolygon","coordinates":[[[[-64.688,-30.9899],[-64.6859,-30.9899],[-64.6858,-30.9926],[-64.6879,-30.9926],[-64.688,-30.9899]]]]},"properties":{"id":"cordoba:pertenencias:mineria_pertenencias_mineras.141","provincia":"cordoba","provincia_nombre":"Córdoba","tipo":"mina","estado":"desconocido","geom_kind":"poligono","fuente_id":"cordoba.idecor.pertenencias","source_url":"https://idecor-ws.mapascordoba.gob.ar/geoserver/wfs?service=WFS&version=2.0.0&request=GetFeature&typeNames=idecor%3Amineria_pertenencias_mineras&outputFormat=application%2Fjson&count=2000&startIndex=0&srsName=EPSG%3A4326","source_layer":"idecor:mineria_pertenencias_mineras","source_fid":"mineria_pertenencias_mineras.141","source_srid":22173,"fetched_at":"2026-07-28T13:38:04+00:00","licencia":"no_especificada","expediente":"10022","nombre":"SAN GREGORIO","mineral":["cuarzo"],"mineral_origen":"CUARZO","superficie_ha_calc":6.0042}},{"type":"Feature","geometry":{"type":"MultiPolygon","coordinates":[[[[-64.7914,-32.7405],[-64.7925,-32.7431],[-64.7944,-32.7424],[-64.7932,-32.7399],[-64.7914,-32.7405]]]]},"properties":{"id":"cordoba:pertenencias:mineria_pertenencias_mineras.142","provincia":"cordoba","provincia_nombre":"Córdoba","tipo":"mina","estado":"desconocido","geom_kind":"poligono","fuente_id":"cordoba.idecor.pertenencias","source_url":"https://idecor-ws.mapascordoba.gob.ar/geoserver/wfs?service=WFS&version=2.0.0&request=GetFeature&typeNames=idecor%3Amineria_pertenencias_mineras&outputFormat=application%2Fjson&count=2000&startIndex=0&srsName=EPSG%3A4326","source_layer":"idecor:mineria_pertenencias_mineras","source_fid":"mineria_pertenencias_mineras.142","source_srid":22173,"fetched_at":"2026-07-28T13:38:04+00:00","licencia":"no_especificada","expediente":"8929","nombre":"LA CUCHILLA","mineral":["cuarzo"],"mineral_origen":"CUARZO","superficie_ha_calc":5.6804}},{"type":"Feature","geometry":{"type":"MultiPolygon","coordinates":[[[[-64.3519,-32.1291],[-64.3503,-32.1281],[-64.3478,-32.131],[-64.3494,-32.132],[-64.3519,-32.1291]]]]},"properties":{"id":"cordoba:pertenencias:mineria_pertenencias_mineras.143","provincia":"cordoba","provincia_nombre":"Córdoba","tipo":"mina","estado":"desconocido","geom_kind":"poligono","fuente_id":"cordoba.idecor.pertenencias","source_url":"https://idecor-ws.mapascordoba.gob.ar/geoserver/wfs?service=WFS&version=2.0.0&request=GetFeature&typeNames=idecor%3Amineria_pertenencias_mineras&outputFormat=application%2Fjson&count=2000&startIndex=0&srsName=EPSG%3A4326","source_layer":"idecor:mineria_pertenencias_mineras","source_fid":"mineria_pertenencias_mineras.143","source_srid":22173,"fetched_at":"2026-07-28T13:38:04+00:00","licencia":"no_especificada","expediente":"2789","nombre":"DELINA","mineral":["Caolin","cuarzo","mica","Vermiculita"],"mineral_origen":"CAOLIN-CUARZO-MICA-VERMICULITA","superficie_ha_calc":7.4709}},{"type":"Feature","geometry":{"type":"MultiPolygon","coordinates":[[[[-64.5705,-32.1294],[-64.572,-32.1318],[-64.5739,-32.1309],[-64.5724,-32.1285],[-64.5705,-32.1294]]]]},"properties":{"id":"cordoba:pertenencias:mineria_pertenencias_mineras.144","provincia":"cordoba","provincia_nombre":"Córdoba","tipo":"mina","estado":"desconocido","geom_kind":"poligono","fuente_id":"cordoba.idecor.pertenencias","source_url":"https://idecor-ws.mapascordoba.gob.ar/geoserver/wfs?service=WFS&version=2.0.0&request=GetFeature&typeNames=idecor%3Amineria_pertenencias_mineras&outputFormat=application%2Fjson&count=2000&startIndex=0&srsName=EPSG%3A4326","source_layer":"idecor:mineria_pertenencias_mineras","source_fid":"mineria_pertenencias_mineras.144","source_srid":22173,"fetched_at":"2026-07-28T13:38:04+00:00","licencia":"no_especificada","expediente":"7554","nombre":"LA VECINA","mineral":["cuarzo","feldespato","mica"],"mineral_origen":"CUARZO-FELDESPATO-MICA","superficie_ha_calc":6.1839}},{"type":"Feature","geometry":{"type":"MultiPolygon","coordinates":[[[[-64.5724,-32.1285],[-64.5739,-32.1309],[-64.5757,-32.1301],[-64.5742,-32.1277],[-64.5724,-32.1285]]]]},"properties":{"id":"cordoba:pertenencias:mineria_pertenencias_mineras.145","provincia":"cordoba","provincia_nombre":"Córdoba","tipo":"mina","estado":"desconocido","geom_kind":"poligono","fuente_id":"cordoba.idecor.pertenencias","source_url":"https://idecor-ws.mapascordoba.gob.ar/geoserver/wfs?service=WFS&version=2.0.0&request=GetFeature&typeNames=idecor%3Amineria_pertenencias_mineras&outputFormat=application%2Fjson&count=2000&startIndex=0&srsName=EPSG%3A4326","source_layer":"idecor:mineria_pertenencias_mineras","source_fid":"mineria_pertenencias_mineras.145","source_srid":22173,"fetched_at":"2026-07-28T13:38:04+00:00","licencia":"no_especificada","expediente":"1625","nombre":"LA TERA","mineral":["Berilo","cuarzo","feldespato","mica"],"mineral_origen":"BERILO-CUARZO-FELDESPATO-MICA","superficie_ha_calc":5.7759}},{"type":"Feature","geometry":{"type":"MultiPolygon","coordinates":[[[[-65.1739,-31.718],[-65.1739,-31.7208],[-65.176,-31.7208],[-65.176,-31.718],[-65.1739,-31.718]]]]},"properties":{"id":"cordoba:pertenencias:mineria_pertenencias_mineras.146","provincia":"cordoba","provincia_nombre":"Córdoba","tipo":"mina","estado":"desconocido","geom_kind":"poligono","fuente_id":"cordoba.idecor.pertenencias","source_url":"https://idecor-ws.mapascordoba.gob.ar/geoserver/wfs?service=WFS&version=2.0.0&request=GetFeature&typeNames=idecor%3Amineria_pertenencias_mineras&outputFormat=application%2Fjson&count=2000&startIndex=0&srsName=EPSG%3A4326","source_layer":"idecor:mineria_pertenencias_mineras","source_fid":"mineria_pertenencias_mineras.146","source_srid":22173,"fetched_at":"2026-07-28T13:38:04+00:00","licencia":"no_especificada","expediente":"10069","nombre":"COLOR OBISPO","mineral":["Amatista"],"mineral_origen":"AMATISTA","superficie_ha_calc":6.1795}},{"type":"Feature","geometry":{"type":"MultiPolygon","coordinates":[[[[-65.0917,-31.7121],[-65.0896,-31.7121],[-65.0897,-31.7176],[-65.0918,-31.7175],[-65.0917,-31.7121]]]]},"properties":{"id":"cordoba:pertenencias:mineria_pertenencias_mineras.147","provincia":"cordoba","provincia_nombre":"Córdoba","tipo":"mina","estado":"desconocido","geom_kind":"poligono","fuente_id":"cordoba.idecor.pertenencias","source_url":"https://idecor-ws.mapascordoba.gob.ar/geoserver/wfs?service=WFS&version=2.0.0&request=GetFeature&typeNames=idecor%3Amineria_pertenencias_mineras&outputFormat=application%2Fjson&count=2000&startIndex=0&srsName=EPSG%3A4326","source_layer":"idecor:mineria_pertenencias_mineras","source_fid":"mineria_pertenencias_mineras.147","source_srid":22173,"fetched_at":"2026-07-28T13:38:04+00:00","licencia":"no_especificada","expediente":"8836","nombre":"JUSTICIA","mineral":["Amatista"],"mineral_origen":"AMATISTA","superficie_ha_calc":12.0338}},{"type":"Feature","geometry":{"type":"MultiPolygon","coordinates":[[[[-64.5253,-31.6203],[-64.5251,-31.6176],[-64.523,-31.6177],[-64.5232,-31.6204],[-64.5253,-31.6203]]]]},"properties":{"id":"cordoba:pertenencias:mineria_pertenencias_mineras.148","provincia":"cordoba","provincia_nombre":"Córdoba","tipo":"mina","estado":"desconocido","geom_kind":"poligono","fuente_id":"cordoba.idecor.pertenencias","source_url":"https://idecor-ws.mapascordoba.gob.ar/geoserver/wfs?service=WFS&version=2.0.0&request=GetFeature&typeNames=idecor%3Amineria_pertenencias_mineras&outputFormat=application%2Fjson&count=2000&startIndex=0&srsName=EPSG%3A4326","source_layer":"idecor:mineria_pertenencias_mineras","source_fid":"mineria_pertenencias_mineras.148","source_srid":22173,"fetched_at":"2026-07-28T13:38:04+00:00","licencia":"no_especificada","expediente":"1240","nombre":"LAS PIEDRAS BLANCAS","mineral":["mica"],"mineral_origen":"MICA","superficie_ha_calc":5.9862}},{"type":"Feature","geometry":{"type":"MultiPolygon","coordinates":[[[[-64.4572,-31.4913],[-64.4579,-31.4967],[-64.46,-31.4965],[-64.4593,-31.4911],[-64.4572,-31.4913]]]]},"properties":{"id":"cordoba:pertenencias:mineria_pertenencias_mineras.149","provincia":"cordoba","provincia_nombre":"Córdoba","tipo":"mina","estado":"desconocido","geom_kind":"poligono","fuente_id":"cordoba.idecor.pertenencias","source_url":"https://idecor-ws.mapascordoba.gob.ar/geoserver/wfs?service=WFS&version=2.0.0&request=GetFeature&typeNames=idecor%3Amineria_pertenencias_mineras&outputFormat=application%2Fjson&count=2000&startIndex=0&srsName=EPSG%3A4326","source_layer":"idecor:mineria_pertenencias_mineras","source_fid":"mineria_pertenencias_mineras.149","source_srid":22173,"fetched_at":"2026-07-28T13:38:04+00:00","licencia":"no_especificada","expediente":"10776","nombre":"LA ÑOÑA","mineral":["cuarzo","feldespato","mica"],"mineral_origen":"CUARZO-FELDESPATO-MICA","superficie_ha_calc":12.0934}},{"type":"Feature","geometry":{"type":"MultiPolygon","coordinates":[[[[-64.46,-31.4965],[-64.4621,-31.4963],[-64.4614,-31.4909],[-64.4593,-31.4911],[-64.46,-31.4965]]]]},"properties":{"id":"cordoba:pertenencias:mineria_pertenencias_mineras.150","provincia":"cordoba","provincia_nombre":"Córdoba","tipo":"mina","estado":"desconocido","geom_kind":"poligono","fuente_id":"cordoba.idecor.pertenencias","source_url":"https://idecor-ws.mapascordoba.gob.ar/geoserver/wfs?service=WFS&version=2.0.0&request=GetFeature&typeNames=idecor%3Amineria_pertenencias_mineras&outputFormat=application%2Fjson&count=2000&startIndex=0&srsName=EPSG%3A4326","source_layer":"idecor:mineria_pertenencias_mineras","source_fid":"mineria_pertenencias_mineras.150","source_srid":22173,"fetched_at":"2026-07-28T13:38:04+00:00","licencia":"no_especificada","expediente":"2552","nombre":"JUANITA","mineral":["mica"],"mineral_origen":"MICA","superficie_ha_calc":12.0935}},{"type":"Feature","geometry":{"type":"MultiPolygon","coordinates":[[[[-64.9101,-31.4232],[-64.9081,-31.4238],[-64.9099,-31.4289],[-64.9119,-31.4284],[-64.9101,-31.4232]]]]},"properties":{"id":"cordoba:pertenencias:mineria_pertenencias_mineras.151","provincia":"cordoba","provincia_nombre":"Córdoba","tipo":"mina","estado":"desconocido","geom_kind":"poligono","fuente_id":"cordoba.idecor.pertenencias","source_url":"https://idecor-ws.mapascordoba.gob.ar/geoserver/wfs?service=WFS&version=2.0.0&request=GetFeature&typeNames=idecor%3Amineria_pertenencias_mineras&outputFormat=application%2Fjson&count=2000&startIndex=0&srsName=EPSG%3A4326","source_layer":"idecor:mineria_pertenencias_mineras","source_fid":"mineria_pertenencias_mineras.151","source_srid":22173,"fetched_at":"2026-07-28T13:38:04+00:00","licencia":"no_especificada","expediente":"10546","nombre":"LOS RIOJANOS","mineral":["feldespato"],"mineral_origen":"FELDESPATO","superficie_ha_calc":11.9017}},{"type":"Feature","geometry":{"type":"MultiPolygon","coordinates":[[[[-64.4247,-31.3277],[-64.4247,-31.3295],[-64.4278,-31.3296],[-64.4279,-31.3278],[-64.4247,-31.3277]]]]},"properties":{"id":"cordoba:pertenencias:mineria_pertenencias_mineras.152","provincia":"cordoba","provincia_nombre":"Córdoba","tipo":"mina","estado":"desconocido","geom_kind":"poligono","fuente_id":"cordoba.idecor.pertenencias","source_url":"https://idecor-ws.mapascordoba.gob.ar/geoserver/wfs?service=WFS&version=2.0.0&request=GetFeature&typeNames=idecor%3Amineria_pertenencias_mineras&outputFormat=application%2Fjson&count=2000&startIndex=0&srsName=EPSG%3A4326","source_layer":"idecor:mineria_pertenencias_mineras","source_fid":"mineria_pertenencias_mineras.152","source_srid":22173,"fetched_at":"2026-07-28T13:38:04+00:00","licencia":"no_especificada","expediente":"10420","nombre":"ELSITA II","mineral":["feldespato","mica"],"mineral_origen":"FELDESPATO-MICA","superficie_ha_calc":5.9886}},{"type":"Feature","geometry":{"type":"MultiPolygon","coordinates":[[[[-64.5521,-30.9527],[-64.5549,-30.9539],[-64.5558,-30.9523],[-64.553,-30.9511],[-64.5521,-30.9527]]]]},"properties":{"id":"cordoba:pertenencias:mineria_pertenencias_mineras.153","provincia":"cordoba","provincia_nombre":"Córdoba","tipo":"mina","estado":"desconocido","geom_kind":"poligono","fuente_id":"cordoba.idecor.pertenencias","source_url":"https://idecor-ws.mapascordoba.gob.ar/geoserver/wfs?service=WFS&version=2.0.0&request=GetFeature&typeNames=idecor%3Amineria_pertenencias_mineras&outputFormat=application%2Fjson&count=2000&startIndex=0&srsName=EPSG%3A4326","source_layer":"idecor:mineria_pertenencias_mineras","source_fid":"mineria_pertenencias_mineras.153","source_srid":22173,"fetched_at":"2026-07-28T13:38:04+00:00","licencia":"no_especificada","expediente":"609","nombre":"PUMAGUASA","mineral":["Au"],"mineral_origen":"MINERAL DE ORO","superficie_ha_calc":5.8901}},{"type":"Feature","geometry":{"type":"MultiPolygon","coordinates":[[[[-64.5372,-30.9498],[-64.536,-30.9497],[-64.5342,-30.9468],[-64.5303,-30.9468],[-64.5326,-30.9508],[-64.5379,-30.9508],[-64.5372,-30.9498]]]]},"properties":{"id":"cordoba:pertenencias:mineria_pertenencias_mineras.154","provincia":"cordoba","provincia_nombre":"Córdoba","tipo":"mina","estado":"desconocido","geom_kind":"poligono","fuente_id":"cordoba.idecor.pertenencias","source_url":"https://idecor-ws.mapascordoba.gob.ar/geoserver/wfs?service=WFS&version=2.0.0&request=GetFeature&typeNames=idecor%3Amineria_pertenencias_mineras&outputFormat=application%2Fjson&count=2000&startIndex=0&srsName=EPSG%3A4326","source_layer":"idecor:mineria_pertenencias_mineras","source_fid":"mineria_pertenencias_mineras.154","source_srid":22173,"fetched_at":"2026-07-28T13:38:04+00:00","licencia":"no_especificada","expediente":"447","nombre":"SAN IGNACIO","mineral":["Au"],"mineral_origen":"MINERAL DE ORO","superficie_ha_calc":18.2219}},{"type":"Feature","geometry":{"type":"MultiPolygon","coordinates":[[[[-64.5447,-30.9423],[-64.5448,-30.9414],[-64.5261,-30.9396],[-64.526,-30.9405],[-64.5447,-30.9423]]]]},"properties":{"id":"cordoba:pertenencias:mineria_pertenencias_mineras.155","provincia":"cordoba","provincia_nombre":"Córdoba","tipo":"mina","estado":"desconocido","geom_kind":"poligono","fuente_id":"cordoba.idecor.pertenencias","source_url":"https://idecor-ws.mapascordoba.gob.ar/geoserver/wfs?service=WFS&version=2.0.0&request=GetFeature&typeNames=idecor%3Amineria_pertenencias_mineras&outputFormat=application%2Fjson&count=2000&startIndex=0&srsName=EPSG%3A4326","source_layer":"idecor:mineria_pertenencias_mineras","source_fid":"mineria_pertenencias_mineras.155","source_srid":22173,"fetched_at":"2026-07-28T13:38:04+00:00","licencia":"no_especificada","expediente":"510","nombre":"SAN IGNACIO VETA Nº 5","mineral":["Au"],"mineral_origen":"MINERAL DE ORO","superficie_ha_calc":18.022}},{"type":"Feature","geometry":{"type":"MultiPolygon","coordinates":[[[[-64.5605,-30.8608],[-64.5616,-30.8624],[-64.5697,-30.8583],[-64.5687,-30.8567],[-64.5605,-30.8608]]]]},"properties":{"id":"cordoba:pertenencias:mineria_pertenencias_mineras.156","provincia":"cordoba","provincia_nombre":"Córdoba","tipo":"mina","estado":"desconocido","geom_kind":"poligono","fuente_id":"cordoba.idecor.pertenencias","source_url":"https://idecor-ws.mapascordoba.gob.ar/geoserver/wfs?service=WFS&version=2.0.0&request=GetFeature&typeNames=idecor%3Amineria_pertenencias_mineras&outputFormat=application%2Fjson&count=2000&startIndex=0&srsName=EPSG%3A4326","source_layer":"idecor:mineria_pertenencias_mineras","source_fid":"mineria_pertenencias_mineras.156","source_srid":22173,"fetched_at":"2026-07-28T13:38:04+00:00","licencia":"no_especificada","expediente":"5123","nombre":"LA GLADYS","mineral":["Berilo"],"mineral_origen":"BERILO","superficie_ha_calc":18.3922}},{"type":"Feature","geometry":{"type":"MultiPolygon","coordinates":[[[[-64.5664,-30.8648],[-64.5673,-30.8622],[-64.5653,-30.8617],[-64.5644,-30.8643],[-64.5664,-30.8648]]]]},"properties":{"id":"cordoba:pertenencias:mineria_pertenencias_mineras.157","provincia":"cordoba","provincia_nombre":"Córdoba","tipo":"mina","estado":"desconocido","geom_kind":"poligono","fuente_id":"cordoba.idecor.pertenencias","source_url":"https://idecor-ws.mapascordoba.gob.ar/geoserver/wfs?service=WFS&version=2.0.0&request=GetFeature&typeNames=idecor%3Amineria_pertenencias_mineras&outputFormat=application%2Fjson&count=2000&startIndex=0&srsName=EPSG%3A4326","source_layer":"idecor:mineria_pertenencias_mineras","source_fid":"mineria_pertenencias_mineras.157","source_srid":22173,"fetched_at":"2026-07-28T13:38:04+00:00","licencia":"no_especificada","expediente":"10637","nombre":"FELDESPATOPOLIS (2)","mineral":["cuarzo","feldespato","mica"],"mineral_origen":"CUARZO-FELDESPATO-MICA","superficie_ha_calc":5.9909}},{"type":"Feature","geometry":{"type":"MultiPolygon","coordinates":[[[[-64.7254,-30.0951],[-64.7254,-30.0816],[-64.7254,-30.0771],[-64.7223,-30.0771],[-64.7223,-30.0861],[-64.7223,-30.0951],[-64.7254,-30.0951]]]]},"properties":{"id":"cordoba:pertenencias:mineria_pertenencias_mineras.158","provincia":"cordoba","provincia_nombre":"Córdoba","tipo":"mina","estado":"desconocido","geom_kind":"poligono","fuente_id":"cordoba.idecor.pertenencias","source_url":"https://idecor-ws.mapascordoba.gob.ar/geoserver/wfs?service=WFS&version=2.0.0&request=GetFeature&typeNames=idecor%3Amineria_pertenencias_mineras&outputFormat=application%2Fjson&count=2000&startIndex=0&srsName=EPSG%3A4326","source_layer":"idecor:mineria_pertenencias_mineras","source_fid":"mineria_pertenencias_mineras.158","source_srid":22173,"fetched_at":"2026-07-28T13:38:04+00:00","licencia":"no_especificada","expediente":"49","nombre":"EL PORVENIR","mineral":["sal"],"mineral_origen":"SAL","superficie_ha_calc":59.6314}},{"type":"Feature","geometry":{"type":"MultiPolygon","coordinates":[[[[-64.7669,-30.0748],[-64.7669,-30.0735],[-64.7586,-30.0735],[-64.7503,-30.0735],[-64.742,-30.0735],[-64.7337,-30.0735],[-64.7254,-30.0735],[-64.7254,-30.0748],[-64.7337,-30.0748],[-64.742,-30.0748],[-64.7669,-30.0748]]]]},"properties":{"id":"cordoba:pertenencias:mineria_pertenencias_mineras.159","provincia":"cordoba","provincia_nombre":"Córdoba","tipo":"mina","estado":"desconocido","geom_kind":"poligono","fuente_id":"cordoba.idecor.pertenencias","source_url":"https://idecor-ws.mapascordoba.gob.ar/geoserver/wfs?service=WFS&version=2.0.0&request=GetFeature&typeNames=idecor%3Amineria_pertenencias_mineras&outputFormat=application%2Fjson&count=2000&startIndex=0&srsName=EPSG%3A4326","source_layer":"idecor:mineria_pertenencias_mineras","source_fid":"mineria_pertenencias_mineras.159","source_srid":22173,"fetched_at":"2026-07-28T13:38:04+00:00","licencia":"no_especificada","expediente":"270","nombre":"SAN ANTONIO 2º","mineral":["sal"],"mineral_origen":"SAL","superficie_ha_calc":57.6705}},{"type":"Feature","geometry":{"type":"MultiPolygon","coordinates":[[[[-64.5722,-30.8689],[-64.5736,-30.8665],[-64.5718,-30.8657],[-64.5703,-30.8681],[-64.5722,-30.8689]]]]},"properties":{"id":"cordoba:pertenencias:mineria_pertenencias_mineras.160","provincia":"cordoba","provincia_nombre":"Córdoba","tipo":"mina","estado":"desconocido","geom_kind":"poligono","fuente_id":"cordoba.idecor.pertenencias","source_url":"https://idecor-ws.mapascordoba.gob.ar/geoserver/wfs?service=WFS&version=2.0.0&request=GetFeature&typeNames=idecor%3Amineria_pertenencias_mineras&outputFormat=application%2Fjson&count=2000&startIndex=0&srsName=EPSG%3A4326","source_layer":"idecor:mineria_pertenencias_mineras","source_fid":"mineria_pertenencias_mineras.160","source_srid":22173,"fetched_at":"2026-07-28T13:38:04+00:00","licencia":"no_especificada","expediente":"10637","nombre":"FELDESPATOPOLIS (2)","mineral":["cuarzo","feldespato","mica"],"mineral_origen":"CUARZO-FELDESPATO-MICA","superficie_ha_calc":5.9376}},{"type":"Feature","geometry":{"type":"MultiPolygon","coordinates":[[[[-64.5789,-30.8491],[-64.5804,-30.8504],[-64.5826,-30.8485],[-64.5811,-30.8472],[-64.5789,-30.8491]]]]},"properties":{"id":"cordoba:pertenencias:mineria_pertenencias_mineras.161","provincia":"cordoba","provincia_nombre":"Córdoba","tipo":"mina","estado":"desconocido","geom_kind":"poligono","fuente_id":"cordoba.idecor.pertenencias","source_url":"https://idecor-ws.mapascordoba.gob.ar/geoserver/wfs?service=WFS&version=2.0.0&request=GetFeature&typeNames=idecor%3Amineria_pertenencias_mineras&outputFormat=application%2Fjson&count=2000&startIndex=0&srsName=EPSG%3A4326","source_layer":"idecor:mineria_pertenencias_mineras","source_fid":"mineria_pertenencias_mineras.161","source_srid":22173,"fetched_at":"2026-07-28T13:38:04+00:00","licencia":"no_especificada","expediente":"8535","nombre":"OLGA","mineral":["cuarzo","feldespato","mica"],"mineral_origen":"CUARZO-FELDESPATO-MICA","superficie_ha_calc":6.0554}},{"type":"Feature","geometry":{"type":"MultiPolygon","coordinates":[[[[-64.5748,-30.8486],[-64.5798,-30.8452],[-64.5785,-30.8438],[-64.5806,-30.8424],[-64.5793,-30.841],[-64.5768,-30.8427],[-64.5781,-30.8441],[-64.5736,-30.8472],[-64.5748,-30.8486]]]]},"properties":{"id":"cordoba:pertenencias:mineria_pertenencias_mineras.162","provincia":"cordoba","provincia_nombre":"Córdoba","tipo":"mina","estado":"desconocido","geom_kind":"poligono","fuente_id":"cordoba.idecor.pertenencias","source_url":"https://idecor-ws.mapascordoba.gob.ar/geoserver/wfs?service=WFS&version=2.0.0&request=GetFeature&typeNames=idecor%3Amineria_pertenencias_mineras&outputFormat=application%2Fjson&count=2000&startIndex=0&srsName=EPSG%3A4326","source_layer":"idecor:mineria_pertenencias_mineras","source_fid":"mineria_pertenencias_mineras.162","source_srid":22173,"fetched_at":"2026-07-28T13:38:04+00:00","licencia":"no_especificada","expediente":"4561","nombre":"LA ESTRELLA DE DON BASILIO","mineral":["mica"],"mineral_origen":"MICA","superficie_ha_calc":17.817}},{"type":"Feature","geometry":{"type":"MultiPolygon","coordinates":[[[[-64.6379,-30.814],[-64.64,-30.8145],[-64.6416,-30.8092],[-64.6395,-30.8088],[-64.6379,-30.814]]]]},"properties":{"id":"cordoba:pertenencias:mineria_pertenencias_mineras.163","provincia":"cordoba","provincia_nombre":"Córdoba","tipo":"mina","estado":"desconocido","geom_kind":"poligono","fuente_id":"cordoba.idecor.pertenencias","source_url":"https://idecor-ws.mapascordoba.gob.ar/geoserver/wfs?service=WFS&version=2.0.0&request=GetFeature&typeNames=idecor%3Amineria_pertenencias_mineras&outputFormat=application%2Fjson&count=2000&startIndex=0&srsName=EPSG%3A4326","source_layer":"idecor:mineria_pertenencias_mineras","source_fid":"mineria_pertenencias_mineras.163","source_srid":22173,"fetched_at":"2026-07-28T13:38:04+00:00","licencia":"no_especificada","expediente":"9932","nombre":"ASCENCION","mineral":["Cu"],"mineral_origen":"MINERAL DE COBRE","superficie_ha_calc":12.4602}},{"type":"Feature","geometry":{"type":"MultiPolygon","coordinates":[[[[-64.8519,-30.9621],[-64.8544,-30.9571],[-64.8515,-30.956],[-64.849,-30.961],[-64.8519,-30.9621]]]]},"properties":{"id":"cordoba:pertenencias:mineria_pertenencias_mineras.164","provincia":"cordoba","provincia_nombre":"Córdoba","tipo":"mina","estado":"desconocido","geom_kind":"poligono","fuente_id":"cordoba.idecor.pertenencias","source_url":"https://idecor-ws.mapascordoba.gob.ar/geoserver/wfs?service=WFS&version=2.0.0&request=GetFeature&typeNames=idecor%3Amineria_pertenencias_mineras&outputFormat=application%2Fjson&count=2000&startIndex=0&srsName=EPSG%3A4326","source_layer":"idecor:mineria_pertenencias_mineras","source_fid":"mineria_pertenencias_mineras.164","source_srid":22173,"fetched_at":"2026-07-28T13:38:04+00:00","licencia":"no_especificada","expediente":"614","nombre":"CLEMENTINA O MATILDE","mineral":["Au"],"mineral_origen":"MINERAL DE ORO","superficie_ha_calc":18.2729}},{"type":"Feature","geometry":{"type":"MultiPolygon","coordinates":[[[[-64.9396,-30.9652],[-64.9389,-30.9626],[-64.9369,-30.963],[-64.9375,-30.9656],[-64.9396,-30.9652]]]]},"properties":{"id":"cordoba:pertenencias:mineria_pertenencias_mineras.165","provincia":"cordoba","provincia_nombre":"Córdoba","tipo":"mina","estado":"desconocido","geom_kind":"poligono","fuente_id":"cordoba.idecor.pertenencias","source_url":"https://idecor-ws.mapascordoba.gob.ar/geoserver/wfs?service=WFS&version=2.0.0&request=GetFeature&typeNames=idecor%3Amineria_pertenencias_mineras&outputFormat=application%2Fjson&count=2000&startIndex=0&srsName=EPSG%3A4326","source_layer":"idecor:mineria_pertenencias_mineras","source_fid":"mineria_pertenencias_mineras.165","source_srid":22173,"fetched_at":"2026-07-28T13:38:04+00:00","licencia":"no_especificada","expediente":"5204","nombre":"SAN BENITO","mineral":["mica"],"mineral_origen":"MICA","superficie_ha_calc":5.9212}},{"type":"Feature","geometry":{"type":"MultiPolygon","coordinates":[[[[-65.2016,-30.9887],[-65.2034,-30.9878],[-65.2006,-30.9837],[-65.198,-30.9834],[-65.2016,-30.9887]]]]},"properties":{"id":"cordoba:pertenencias:mineria_pertenencias_mineras.166","provincia":"cordoba","provincia_nombre":"Córdoba","tipo":"mina","estado":"desconocido","geom_kind":"poligono","fuente_id":"cordoba.idecor.pertenencias","source_url":"https://idecor-ws.mapascordoba.gob.ar/geoserver/wfs?service=WFS&version=2.0.0&request=GetFeature&typeNames=idecor%3Amineria_pertenencias_mineras&outputFormat=application%2Fjson&count=2000&startIndex=0&srsName=EPSG%3A4326","source_layer":"idecor:mineria_pertenencias_mineras","source_fid":"mineria_pertenencias_mineras.166","source_srid":22173,"fetched_at":"2026-07-28T13:38:04+00:00","licencia":"no_especificada","expediente":"56","nombre":"LA PEREGRINA","mineral":["Mineral De Vanadio"],"mineral_origen":"MINERAL DE VANADIO","superficie_ha_calc":11.9669}},{"type":"Feature","geometry":{"type":"MultiPolygon","coordinates":[[[[-65.209,-30.9783],[-65.2099,-30.9779],[-65.2073,-30.973],[-65.2063,-30.9734],[-65.209,-30.9783]]]]},"properties":{"id":"cordoba:pertenencias:mineria_pertenencias_mineras.167","provincia":"cordoba","provincia_nombre":"Córdoba","tipo":"mina","estado":"desconocido","geom_kind":"poligono","fuente_id":"cordoba.idecor.pertenencias","source_url":"https://idecor-ws.mapascordoba.gob.ar/geoserver/wfs?service=WFS&version=2.0.0&request=GetFeature&typeNames=idecor%3Amineria_pertenencias_mineras&outputFormat=application%2Fjson&count=2000&startIndex=0&srsName=EPSG%3A4326","source_layer":"idecor:mineria_pertenencias_mineras","source_fid":"mineria_pertenencias_mineras.167","source_srid":22173,"fetched_at":"2026-07-28T13:38:04+00:00","licencia":"no_especificada","expediente":"52","nombre":"EUFEMIA","mineral":["Mineral De Vanadio"],"mineral_origen":"MINERAL DE VANADIO","superficie_ha_calc":6.0529}},{"type":"Feature","geometry":{"type":"MultiPolygon","coordinates":[[[[-65.2124,-30.9771],[-65.2133,-30.9766],[-65.2063,-30.9675],[-65.2055,-30.968],[-65.2124,-30.9771]]]]},"properties":{"id":"cordoba:pertenencias:mineria_pertenencias_mineras.168","provincia":"cordoba","provincia_nombre":"Córdoba","tipo":"mina","estado":"desconocido","geom_kind":"poligono","fuente_id":"cordoba.idecor.pertenencias","source_url":"https://idecor-ws.mapascordoba.gob.ar/geoserver/wfs?service=WFS&version=2.0.0&request=GetFeature&typeNames=idecor%3Amineria_pertenencias_mineras&outputFormat=application%2Fjson&count=2000&startIndex=0&srsName=EPSG%3A4326","source_layer":"idecor:mineria_pertenencias_mineras","source_fid":"mineria_pertenencias_mineras.168","source_srid":22173,"fetched_at":"2026-07-28T13:38:04+00:00","licencia":"no_especificada","expediente":"45","nombre":"MOGOTE BLANCO","mineral":["Mineral De Vanadio"],"mineral_origen":"MINERAL DE VANADIO","superficie_ha_calc":11.8731}},{"type":"Feature","geometry":{"type":"MultiPolygon","coordinates":[[[[-65.1877,-30.9693],[-65.1875,-30.9677],[-65.1873,-30.9666],[-65.1852,-30.9669],[-65.1853,-30.9677],[-65.1857,-30.9695],[-65.1877,-30.9693]]]]},"properties":{"id":"cordoba:pertenencias:mineria_pertenencias_mineras.169","provincia":"cordoba","provincia_nombre":"Córdoba","tipo":"mina","estado":"desconocido","geom_kind":"poligono","fuente_id":"cordoba.idecor.pertenencias","source_url":"https://idecor-ws.mapascordoba.gob.ar/geoserver/wfs?service=WFS&version=2.0.0&request=GetFeature&typeNames=idecor%3Amineria_pertenencias_mineras&outputFormat=application%2Fjson&count=2000&startIndex=0&srsName=EPSG%3A4326","source_layer":"idecor:mineria_pertenencias_mineras","source_fid":"mineria_pertenencias_mineras.169","source_srid":22173,"fetched_at":"2026-07-28T13:38:04+00:00","licencia":"no_especificada","expediente":"125","nombre":"CARMEN","mineral":["Mineral De Vanadio"],"mineral_origen":"MINERAL DE VANADIO","superficie_ha_calc":6.0004}},{"type":"Feature","geometry":{"type":"MultiPolygon","coordinates":[[[[-65.225,-30.9734],[-65.236,-30.9866],[-65.2368,-30.9861],[-65.2259,-30.9729],[-65.225,-30.9734]]]]},"properties":{"id":"cordoba:pertenencias:mineria_pertenencias_mineras.170","provincia":"cordoba","provincia_nombre":"Córdoba","tipo":"mina","estado":"desconocido","geom_kind":"poligono","fuente_id":"cordoba.idecor.pertenencias","source_url":"https://idecor-ws.mapascordoba.gob.ar/geoserver/wfs?service=WFS&version=2.0.0&request=GetFeature&typeNames=idecor%3Amineria_pertenencias_mineras&outputFormat=application%2Fjson&count=2000&startIndex=0&srsName=EPSG%3A4326","source_layer":"idecor:mineria_pertenencias_mineras","source_fid":"mineria_pertenencias_mineras.170","source_srid":22173,"fetched_at":"2026-07-28T13:38:04+00:00","licencia":"no_especificada","expediente":"207","nombre":"GARIBALDI (LOTE C)","mineral":["Mineral De Vanadio"],"mineral_origen":"MINERAL DE VANADIO","superficie_ha_calc":17.6813}},{"type":"Feature","geometry":{"type":"MultiPolygon","coordinates":[[[[-65.2123,-30.9614],[-65.2248,-30.9735],[-65.2256,-30.9729],[-65.2131,-30.9607],[-65.2123,-30.9614]]]]},"properties":{"id":"cordoba:pertenencias:mineria_pertenencias_mineras.171","provincia":"cordoba","provincia_nombre":"Córdoba","tipo":"mina","estado":"desconocido","geom_kind":"poligono","fuente_id":"cordoba.idecor.pertenencias","source_url":"https://idecor-ws.mapascordoba.gob.ar/geoserver/wfs?service=WFS&version=2.0.0&request=GetFeature&typeNames=idecor%3Amineria_pertenencias_mineras&outputFormat=application%2Fjson&count=2000&startIndex=0&srsName=EPSG%3A4326","source_layer":"idecor:mineria_pertenencias_mineras","source_fid":"mineria_pertenencias_mineras.171","source_srid":22173,"fetched_at":"2026-07-28T13:38:04+00:00","licencia":"no_especificada","expediente":"207","nombre":"GARIBALDI (LOTE C)","mineral":["Mineral De Vanadio"],"mineral_origen":"MINERAL DE VANADIO","superficie_ha_calc":18.9015}},{"type":"Feature","geometry":{"type":"MultiPolygon","coordinates":[[[[-65.2188,-30.9617],[-65.2221,-30.9663],[-65.223,-30.9659],[-65.2197,-30.9612],[-65.2188,-30.9617]]]]},"properties":{"id":"cordoba:pertenencias:mineria_pertenencias_mineras.172","provincia":"cordoba","provincia_nombre":"Córdoba","tipo":"mina","estado":"desconocido","geom_kind":"poligono","fuente_id":"cordoba.idecor.pertenencias","source_url":"https://idecor-ws.mapascordoba.gob.ar/geoserver/wfs?service=WFS&version=2.0.0&request=GetFeature&typeNames=idecor%3Amineria_pertenencias_mineras&outputFormat=application%2Fjson&count=2000&startIndex=0&srsName=EPSG%3A4326","source_layer":"idecor:mineria_pertenencias_mineras","source_fid":"mineria_pertenencias_mineras.172","source_srid":22173,"fetched_at":"2026-07-28T13:38:04+00:00","licencia":"no_especificada","expediente":"207","nombre":"GARIBALDI (LOTE C)","mineral":["Mineral De Vanadio"],"mineral_origen":"MINERAL DE VANADIO","superficie_ha_calc":6.0059}},{"type":"Feature","geometry":{"type":"MultiPolygon","coordinates":[[[[-65.369,-30.7148],[-65.369,-30.7121],[-65.3675,-30.7108],[-65.3674,-30.7136],[-65.369,-30.7148]]]]},"properties":{"id":"cordoba:pertenencias:mineria_pertenencias_mineras.173","provincia":"cordoba","provincia_nombre":"Córdoba","tipo":"mina","estado":"desconocido","geom_kind":"poligono","fuente_id":"cordoba.idecor.pertenencias","source_url":"https://idecor-ws.mapascordoba.gob.ar/geoserver/wfs?service=WFS&version=2.0.0&request=GetFeature&typeNames=idecor%3Amineria_pertenencias_mineras&outputFormat=application%2Fjson&count=2000&startIndex=0&srsName=EPSG%3A4326","source_layer":"idecor:mineria_pertenencias_mineras","source_fid":"mineria_pertenencias_mineras.173","source_srid":22173,"fetched_at":"2026-07-28T13:38:04+00:00","licencia":"no_especificada","expediente":"9596","nombre":"LA SUERTE VIII","mineral":["cuarzo"],"mineral_origen":"CUARZO","superficie_ha_calc":4.593}},{"type":"Feature","geometry":{"type":"MultiPolygon","coordinates":[[[[-65.369,-30.7121],[-65.3733,-30.7081],[-65.3718,-30.7069],[-65.3675,-30.7108],[-65.369,-30.7121]]]]},"properties":{"id":"cordoba:pertenencias:mineria_pertenencias_mineras.174","provincia":"cordoba","provincia_nombre":"Córdoba","tipo":"mina","estado":"desconocido","geom_kind":"poligono","fuente_id":"cordoba.idecor.pertenencias","source_url":"https://idecor-ws.mapascordoba.gob.ar/geoserver/wfs?service=WFS&version=2.0.0&request=GetFeature&typeNames=idecor%3Amineria_pertenencias_mineras&outputFormat=application%2Fjson&count=2000&startIndex=0&srsName=EPSG%3A4326","source_layer":"idecor:mineria_pertenencias_mineras","source_fid":"mineria_pertenencias_mineras.174","source_srid":22173,"fetched_at":"2026-07-28T13:38:04+00:00","licencia":"no_especificada","expediente":"8690","nombre":"LA SUERTE II","mineral":["cuarzo"],"mineral_origen":"CUARZO","superficie_ha_calc":12.0006}},{"type":"Feature","geometry":{"type":"MultiPolygon","coordinates":[[[[-65.3733,-30.7081],[-65.3738,-30.7086],[-65.3738,-30.7046],[-65.3733,-30.7042],[-65.3718,-30.7029],[-65.3718,-30.7069],[-65.3733,-30.7081]]]]},"properties":{"id":"cordoba:pertenencias:mineria_pertenencias_mineras.175","provincia":"cordoba","provincia_nombre":"Córdoba","tipo":"mina","estado":"desconocido","geom_kind":"poligono","fuente_id":"cordoba.idecor.pertenencias","source_url":"https://idecor-ws.mapascordoba.gob.ar/geoserver/wfs?service=WFS&version=2.0.0&request=GetFeature&typeNames=idecor%3Amineria_pertenencias_mineras&outputFormat=application%2Fjson&count=2000&startIndex=0&srsName=EPSG%3A4326","source_layer":"idecor:mineria_pertenencias_mineras","source_fid":"mineria_pertenencias_mineras.175","source_srid":22173,"fetched_at":"2026-07-28T13:38:04+00:00","licencia":"no_especificada","expediente":"8689","nombre":"LA SUERTE I","mineral":["cuarzo"],"mineral_origen":"CUARZO","superficie_ha_calc":8.3901}},{"type":"Feature","geometry":{"type":"MultiPolygon","coordinates":[[[[-65.3748,-30.7054],[-65.3763,-30.7066],[-65.3806,-30.7027],[-65.3791,-30.7015],[-65.3748,-30.7054]]]]},"properties":{"id":"cordoba:pertenencias:mineria_pertenencias_mineras.176","provincia":"cordoba","provincia_nombre":"Córdoba","tipo":"mina","estado":"desconocido","geom_kind":"poligono","fuente_id":"cordoba.idecor.pertenencias","source_url":"https://idecor-ws.mapascordoba.gob.ar/geoserver/wfs?service=WFS&version=2.0.0&request=GetFeature&typeNames=idecor%3Amineria_pertenencias_mineras&outputFormat=application%2Fjson&count=2000&startIndex=0&srsName=EPSG%3A4326","source_layer":"idecor:mineria_pertenencias_mineras","source_fid":"mineria_pertenencias_mineras.176","source_srid":22173,"fetched_at":"2026-07-28T13:38:04+00:00","licencia":"no_especificada","expediente":"9594","nombre":"LA SUERTE VI","mineral":["cuarzo"],"mineral_origen":"CUARZO","superficie_ha_calc":11.6933}},{"type":"Feature","geometry":{"type":"MultiPolygon","coordinates":[[[[-65.3791,-30.7015],[-65.3776,-30.7002],[-65.3733,-30.7042],[-65.3738,-30.7046],[-65.3748,-30.7054],[-65.3791,-30.7015]]]]},"properties":{"id":"cordoba:pertenencias:mineria_pertenencias_mineras.177","provincia":"cordoba","provincia_nombre":"Córdoba","tipo":"mina","estado":"desconocido","geom_kind":"poligono","fuente_id":"cordoba.idecor.pertenencias","source_url":"https://idecor-ws.mapascordoba.gob.ar/geoserver/wfs?service=WFS&version=2.0.0&request=GetFeature&typeNames=idecor%3Amineria_pertenencias_mineras&outputFormat=application%2Fjson&count=2000&startIndex=0&srsName=EPSG%3A4326","source_layer":"idecor:mineria_pertenencias_mineras","source_fid":"mineria_pertenencias_mineras.177","source_srid":22173,"fetched_at":"2026-07-28T13:38:04+00:00","licencia":"no_especificada","expediente":"8626","nombre":"LA SUERTE","mineral":["cuarzo"],"mineral_origen":"CUARZO","superficie_ha_calc":12.0014}},{"type":"Feature","geometry":{"type":"MultiPolygon","coordinates":[[[[-65.3718,-30.7029],[-65.3761,-30.699],[-65.3746,-30.6977],[-65.3703,-30.7017],[-65.3718,-30.7029]]]]},"properties":{"id":"cordoba:pertenencias:mineria_pertenencias_mineras.178","provincia":"cordoba","provincia_nombre":"Córdoba","tipo":"mina","estado":"desconocido","geom_kind":"poligono","fuente_id":"cordoba.idecor.pertenencias","source_url":"https://idecor-ws.mapascordoba.gob.ar/geoserver/wfs?service=WFS&version=2.0.0&request=GetFeature&typeNames=idecor%3Amineria_pertenencias_mineras&outputFormat=application%2Fjson&count=2000&startIndex=0&srsName=EPSG%3A4326","source_layer":"idecor:mineria_pertenencias_mineras","source_fid":"mineria_pertenencias_mineras.178","source_srid":22173,"fetched_at":"2026-07-28T13:38:04+00:00","licencia":"no_especificada","expediente":"9593","nombre":"LA SUERTE V","mineral":["cuarzo"],"mineral_origen":"CUARZO","superficie_ha_calc":12.0017}},{"type":"Feature","geometry":{"type":"MultiPolygon","coordinates":[[[[-65.3746,-30.6977],[-65.3761,-30.699],[-65.3776,-30.7002],[-65.3791,-30.7015],[-65.3805,-30.7001],[-65.376,-30.6964],[-65.3746,-30.6977]]]]},"properties":{"id":"cordoba:pertenencias:mineria_pertenencias_mineras.179","provincia":"cordoba","provincia_nombre":"Córdoba","tipo":"mina","estado":"desconocido","geom_kind":"poligono","fuente_id":"cordoba.idecor.pertenencias","source_url":"https://idecor-ws.mapascordoba.gob.ar/geoserver/wfs?service=WFS&version=2.0.0&request=GetFeature&typeNames=idecor%3Amineria_pertenencias_mineras&outputFormat=application%2Fjson&count=2000&startIndex=0&srsName=EPSG%3A4326","source_layer":"idecor:mineria_pertenencias_mineras","source_fid":"mineria_pertenencias_mineras.179","source_srid":22173,"fetched_at":"2026-07-28T13:38:04+00:00","licencia":"no_especificada","expediente":"9592","nombre":"LA SUERTE IV","mineral":["cuarzo"],"mineral_origen":"CUARZO","superficie_ha_calc":12.0283}},{"type":"Feature","geometry":{"type":"MultiPolygon","coordinates":[[[[-65.3733,-30.7042],[-65.3776,-30.7002],[-65.3761,-30.699],[-65.3718,-30.7029],[-65.3733,-30.7042]]]]},"properties":{"id":"cordoba:pertenencias:mineria_pertenencias_mineras.180","provincia":"cordoba","provincia_nombre":"Córdoba","tipo":"mina","estado":"desconocido","geom_kind":"poligono","fuente_id":"cordoba.idecor.pertenencias","source_url":"https://idecor-ws.mapascordoba.gob.ar/geoserver/wfs?service=WFS&version=2.0.0&request=GetFeature&typeNames=idecor%3Amineria_pertenencias_mineras&outputFormat=application%2Fjson&count=2000&startIndex=0&srsName=EPSG%3A4326","source_layer":"idecor:mineria_pertenencias_mineras","source_fid":"mineria_pertenencias_mineras.180","source_srid":22173,"fetched_at":"2026-07-28T13:38:04+00:00","licencia":"no_especificada","expediente":"8738","nombre":"LA SUERTE III","mineral":["cuarzo"],"mineral_origen":"CUARZO","superficie_ha_calc":12.0016}},{"type":"Feature","geometry":{"type":"MultiPolygon","coordinates":[[[[-64.5107,-31.6415],[-64.5115,-31.6441],[-64.5124,-31.6467],[-64.5144,-31.6463],[-64.5136,-31.6437],[-64.5128,-31.641],[-64.5107,-31.6415]]]]},"properties":{"id":"cordoba:pertenencias:mineria_pertenencias_mineras.181","provincia":"cordoba","provincia_nombre":"Córdoba","tipo":"mina","estado":"desconocido","geom_kind":"poligono","fuente_id":"cordoba.idecor.pertenencias","source_url":"https://idecor-ws.mapascordoba.gob.ar/geoserver/wfs?service=WFS&version=2.0.0&request=GetFeature&typeNames=idecor%3Amineria_pertenencias_mineras&outputFormat=application%2Fjson&count=2000&startIndex=0&srsName=EPSG%3A4326","source_layer":"idecor:mineria_pertenencias_mineras","source_fid":"mineria_pertenencias_mineras.181","source_srid":22173,"fetched_at":"2026-07-28T13:38:04+00:00","licencia":"no_especificada","expediente":"10015","nombre":"EL ZORRO","mineral":["cuarzo","feldespato","mica"],"mineral_origen":"CUARZO-FELDESPATO-MICA","superficie_ha_calc":12.1953}},{"type":"Feature","geometry":{"type":"MultiPolygon","coordinates":[[[[-64.8183,-30.9993],[-64.8152,-30.9988],[-64.8136,-31.0059],[-64.8167,-31.0064],[-64.8183,-30.9993]]]]},"properties":{"id":"cordoba:pertenencias:mineria_pertenencias_mineras.182","provincia":"cordoba","provincia_nombre":"Córdoba","tipo":"mina","estado":"desconocido","geom_kind":"poligono","fuente_id":"cordoba.idecor.pertenencias","source_url":"https://idecor-ws.mapascordoba.gob.ar/geoserver/wfs?service=WFS&version=2.0.0&request=GetFeature&typeNames=idecor%3Amineria_pertenencias_mineras&outputFormat=application%2Fjson&count=2000&startIndex=0&srsName=EPSG%3A4326","source_layer":"idecor:mineria_pertenencias_mineras","source_fid":"mineria_pertenencias_mineras.182","source_srid":22173,"fetched_at":"2026-07-28T13:38:04+00:00","licencia":"no_especificada","expediente":"1617","nombre":"MONSERRAT O PUIGARI","mineral":["Au"],"mineral_origen":"MINERAL DE ORO","superficie_ha_calc":24.1517}},{"type":"Feature","geometry":{"type":"MultiPolygon","coordinates":[[[[-64.7439,-31.4321],[-64.7419,-31.4327],[-64.7442,-31.4378],[-64.7462,-31.4371],[-64.7439,-31.4321]]]]},"properties":{"id":"cordoba:pertenencias:mineria_pertenencias_mineras.183","provincia":"cordoba","provincia_nombre":"Córdoba","tipo":"mina","estado":"desconocido","geom_kind":"poligono","fuente_id":"cordoba.idecor.pertenencias","source_url":"https://idecor-ws.mapascordoba.gob.ar/geoserver/wfs?service=WFS&version=2.0.0&request=GetFeature&typeNames=idecor%3Amineria_pertenencias_mineras&outputFormat=application%2Fjson&count=2000&startIndex=0&srsName=EPSG%3A4326","source_layer":"idecor:mineria_pertenencias_mineras","source_fid":"mineria_pertenencias_mineras.183","source_srid":22173,"fetched_at":"2026-07-28T13:38:04+00:00","licencia":"no_especificada","expediente":"10283","nombre":"LA ESPERANZA","mineral":["cuarzo","feldespato","mica"],"mineral_origen":"CUARZO-FELDESPATO-MICA","superficie_ha_calc":12.2221}},{"type":"Feature","geometry":{"type":"MultiPolygon","coordinates":[[[[-64.6285,-30.9487],[-64.6311,-30.9502],[-64.6334,-30.9472],[-64.6308,-30.9457],[-64.6285,-30.9487]]]]},"properties":{"id":"cordoba:pertenencias:mineria_pertenencias_mineras.184","provincia":"cordoba","provincia_nombre":"Córdoba","tipo":"mina","estado":"desconocido","geom_kind":"poligono","fuente_id":"cordoba.idecor.pertenencias","source_url":"https://idecor-ws.mapascordoba.gob.ar/geoserver/wfs?service=WFS&version=2.0.0&request=GetFeature&typeNames=idecor%3Amineria_pertenencias_mineras&outputFormat=application%2Fjson&count=2000&startIndex=0&srsName=EPSG%3A4326","source_layer":"idecor:mineria_pertenencias_mineras","source_fid":"mineria_pertenencias_mineras.184","source_srid":22173,"fetched_at":"2026-07-28T13:38:04+00:00","licencia":"no_especificada","expediente":"10683","nombre":"CERRO NEGRO","mineral":["Granate","Wollastonita"],"mineral_origen":"GRANATE-WOLLASTONITA","superficie_ha_calc":11.9184}},{"type":"Feature","geometry":{"type":"MultiPolygon","coordinates":[[[[-64.4248,-31.3259],[-64.4227,-31.3259],[-64.4226,-31.3286],[-64.4247,-31.3286],[-64.4248,-31.3259]]]]},"properties":{"id":"cordoba:pertenencias:mineria_pertenencias_mineras.185","provincia":"cordoba","provincia_nombre":"Córdoba","tipo":"mina","estado":"desconocido","geom_kind":"poligono","fuente_id":"cordoba.idecor.pertenencias","source_url":"https://idecor-ws.mapascordoba.gob.ar/geoserver/wfs?service=WFS&version=2.0.0&request=GetFeature&typeNames=idecor%3Amineria_pertenencias_mineras&outputFormat=application%2Fjson&count=2000&startIndex=0&srsName=EPSG%3A4326","source_layer":"idecor:mineria_pertenencias_mineras","source_fid":"mineria_pertenencias_mineras.185","source_srid":22173,"fetched_at":"2026-07-28T13:38:04+00:00","licencia":"no_especificada","expediente":"10420","nombre":"ELSITA II","mineral":["feldespato","mica"],"mineral_origen":"FELDESPATO-MICA","superficie_ha_calc":5.9834}},{"type":"Feature","geometry":{"type":"MultiPolygon","coordinates":[[[[-64.4247,-31.3313],[-64.4247,-31.3286],[-64.4226,-31.3286],[-64.4226,-31.3313],[-64.4247,-31.3313]]]]},"properties":{"id":"cordoba:pertenencias:mineria_pertenencias_mineras.186","provincia":"cordoba","provincia_nombre":"Córdoba","tipo":"mina","estado":"desconocido","geom_kind":"poligono","fuente_id":"cordoba.idecor.pertenencias","source_url":"https://idecor-ws.mapascordoba.gob.ar/geoserver/wfs?service=WFS&version=2.0.0&request=GetFeature&typeNames=idecor%3Amineria_pertenencias_mineras&outputFormat=application%2Fjson&count=2000&startIndex=0&srsName=EPSG%3A4326","source_layer":"idecor:mineria_pertenencias_mineras","source_fid":"mineria_pertenencias_mineras.186","source_srid":22173,"fetched_at":"2026-07-28T13:38:04+00:00","licencia":"no_especificada","expediente":"10420","nombre":"ELSITA II","mineral":["feldespato","mica"],"mineral_origen":"FELDESPATO-MICA","superficie_ha_calc":5.9832}},{"type":"Feature","geometry":{"type":"MultiPolygon","coordinates":[[[[-64.7161,-30.0816],[-64.7161,-30.0771],[-64.7119,-30.0771],[-64.7119,-30.0816],[-64.7161,-30.0816]]]]},"properties":{"id":"cordoba:pertenencias:mineria_pertenencias_mineras.187","provincia":"cordoba","provincia_nombre":"Córdoba","tipo":"mina","estado":"desconocido","geom_kind":"poligono","fuente_id":"cordoba.idecor.pertenencias","source_url":"https://idecor-ws.mapascordoba.gob.ar/geoserver/wfs?service=WFS&version=2.0.0&request=GetFeature&typeNames=idecor%3Amineria_pertenencias_mineras&outputFormat=application%2Fjson&count=2000&startIndex=0&srsName=EPSG%3A4326","source_layer":"idecor:mineria_pertenencias_mineras","source_fid":"mineria_pertenencias_mineras.187","source_srid":22173,"fetched_at":"2026-07-28T13:38:04+00:00","licencia":"no_especificada","expediente":"249","nombre":"SAN JERONIMO","mineral":["sal"],"mineral_origen":"SAL","superficie_ha_calc":20.1991}},{"type":"Feature","geometry":{"type":"MultiPolygon","coordinates":[[[[-64.7161,-30.0816],[-64.7161,-30.0861],[-64.7223,-30.0861],[-64.7223,-30.0771],[-64.7161,-30.0771],[-64.7161,-30.0816]]]]},"properties":{"id":"cordoba:pertenencias:mineria_pertenencias_mineras.188","provincia":"cordoba","provincia_nombre":"Córdoba","tipo":"mina","estado":"desconocido","geom_kind":"poligono","fuente_id":"cordoba.idecor.pertenencias","source_url":"https://idecor-ws.mapascordoba.gob.ar/geoserver/wfs?service=WFS&version=2.0.0&request=GetFeature&typeNames=idecor%3Amineria_pertenencias_mineras&outputFormat=application%2Fjson&count=2000&startIndex=0&srsName=EPSG%3A4326","source_layer":"idecor:mineria_pertenencias_mineras","source_fid":"mineria_pertenencias_mineras.188","source_srid":22173,"fetched_at":"2026-07-28T13:38:04+00:00","licencia":"no_especificada","expediente":"153","nombre":"LA ROSARINA","mineral":["sal"],"mineral_origen":"SAL","superficie_ha_calc":59.6341}},{"type":"Feature","geometry":{"type":"MultiPolygon","coordinates":[[[[-64.7503,-30.0884],[-64.7503,-30.0816],[-64.742,-30.0816],[-64.742,-30.0884],[-64.7503,-30.0884]]]]},"properties":{"id":"cordoba:pertenencias:mineria_pertenencias_mineras.189","provincia":"cordoba","provincia_nombre":"Córdoba","tipo":"mina","estado":"desconocido","geom_kind":"poligono","fuente_id":"cordoba.idecor.pertenencias","source_url":"https://idecor-ws.mapascordoba.gob.ar/geoserver/wfs?service=WFS&version=2.0.0&request=GetFeature&typeNames=idecor%3Amineria_pertenencias_mineras&outputFormat=application%2Fjson&count=2000&startIndex=0&srsName=EPSG%3A4326","source_layer":"idecor:mineria_pertenencias_mineras","source_fid":"mineria_pertenencias_mineras.189","source_srid":22173,"fetched_at":"2026-07-28T13:38:04+00:00","licencia":"no_especificada","expediente":"9709","nombre":"SALINA UNO","mineral":["sal"],"mineral_origen":"SAL","superficie_ha_calc":60.316}},{"type":"Feature","geometry":{"type":"MultiPolygon","coordinates":[[[[-64.742,-30.0884],[-64.742,-30.0816],[-64.7337,-30.0816],[-64.7337,-30.0884],[-64.742,-30.0884]]]]},"properties":{"id":"cordoba:pertenencias:mineria_pertenencias_mineras.190","provincia":"cordoba","provincia_nombre":"Córdoba","tipo":"mina","estado":"desconocido","geom_kind":"poligono","fuente_id":"cordoba.idecor.pertenencias","source_url":"https://idecor-ws.mapascordoba.gob.ar/geoserver/wfs?service=WFS&version=2.0.0&request=GetFeature&typeNames=idecor%3Amineria_pertenencias_mineras&outputFormat=application%2Fjson&count=2000&startIndex=0&srsName=EPSG%3A4326","source_layer":"idecor:mineria_pertenencias_mineras","source_fid":"mineria_pertenencias_mineras.190","source_srid":22173,"fetched_at":"2026-07-28T13:38:04+00:00","licencia":"no_especificada","expediente":"89","nombre":"PEBETA","mineral":["sal"],"mineral_origen":"SAL","superficie_ha_calc":60.316}},{"type":"Feature","geometry":{"type":"MultiPolygon","coordinates":[[[[-64.7171,-30.0735],[-64.7098,-30.0735],[-64.7098,-30.0771],[-64.7119,-30.0771],[-64.7161,-30.0771],[-64.7223,-30.0771],[-64.7254,-30.0771],[-64.7254,-30.0748],[-64.7254,-30.0735],[-64.7171,-30.0735]]]]},"properties":{"id":"cordoba:pertenencias:mineria_pertenencias_mineras.191","provincia":"cordoba","provincia_nombre":"Córdoba","tipo":"mina","estado":"desconocido","geom_kind":"poligono","fuente_id":"cordoba.idecor.pertenencias","source_url":"https://idecor-ws.mapascordoba.gob.ar/geoserver/wfs?service=WFS&version=2.0.0&request=GetFeature&typeNames=idecor%3Amineria_pertenencias_mineras&outputFormat=application%2Fjson&count=2000&startIndex=0&srsName=EPSG%3A4326","source_layer":"idecor:mineria_pertenencias_mineras","source_fid":"mineria_pertenencias_mineras.191","source_srid":22173,"fetched_at":"2026-07-28T13:38:04+00:00","licencia":"no_especificada","expediente":"93","nombre":"PATRIA","mineral":["sal"],"mineral_origen":"SAL","superficie_ha_calc":60.0221}},{"type":"Feature","geometry":{"type":"MultiPolygon","coordinates":[[[[-64.7254,-30.0771],[-64.7254,-30.0816],[-64.7337,-30.0816],[-64.7337,-30.0748],[-64.7254,-30.0748],[-64.7254,-30.0771]]]]},"properties":{"id":"cordoba:pertenencias:mineria_pertenencias_mineras.192","provincia":"cordoba","provincia_nombre":"Córdoba","tipo":"mina","estado":"desconocido","geom_kind":"poligono","fuente_id":"cordoba.idecor.pertenencias","source_url":"https://idecor-ws.mapascordoba.gob.ar/geoserver/wfs?service=WFS&version=2.0.0&request=GetFeature&typeNames=idecor%3Amineria_pertenencias_mineras&outputFormat=application%2Fjson&count=2000&startIndex=0&srsName=EPSG%3A4326","source_layer":"idecor:mineria_pertenencias_mineras","source_fid":"mineria_pertenencias_mineras.192","source_srid":22173,"fetched_at":"2026-07-28T13:38:04+00:00","licencia":"no_especificada","expediente":"90","nombre":"LINDA","mineral":["sal"],"mineral_origen":"SAL","superficie_ha_calc":60.3201}},{"type":"Feature","geometry":{"type":"MultiPolygon","coordinates":[[[[-64.7337,-30.0748],[-64.7337,-30.0816],[-64.742,-30.0816],[-64.742,-30.0748],[-64.7337,-30.0748]]]]},"properties":{"id":"cordoba:pertenencias:mineria_pertenencias_mineras.193","provincia":"cordoba","provincia_nombre":"Córdoba","tipo":"mina","estado":"desconocido","geom_kind":"poligono","fuente_id":"cordoba.idecor.pertenencias","source_url":"https://idecor-ws.mapascordoba.gob.ar/geoserver/wfs?service=WFS&version=2.0.0&request=GetFeature&typeNames=idecor%3Amineria_pertenencias_mineras&outputFormat=application%2Fjson&count=2000&startIndex=0&srsName=EPSG%3A4326","source_layer":"idecor:mineria_pertenencias_mineras","source_fid":"mineria_pertenencias_mineras.193","source_srid":22173,"fetched_at":"2026-07-28T13:38:04+00:00","licencia":"no_especificada","expediente":"88","nombre":"BOTAFOGO","mineral":["sal"],"mineral_origen":"SAL","superficie_ha_calc":60.3201}},{"type":"Feature","geometry":{"type":"MultiPolygon","coordinates":[[[[-64.7586,-30.0735],[-64.7586,-30.0667],[-64.7503,-30.0667],[-64.7503,-30.0735],[-64.7586,-30.0735]]]]},"properties":{"id":"cordoba:pertenencias:mineria_pertenencias_mineras.194","provincia":"cordoba","provincia_nombre":"Córdoba","tipo":"mina","estado":"desconocido","geom_kind":"poligono","fuente_id":"cordoba.idecor.pertenencias","source_url":"https://idecor-ws.mapascordoba.gob.ar/geoserver/wfs?service=WFS&version=2.0.0&request=GetFeature&typeNames=idecor%3Amineria_pertenencias_mineras&outputFormat=application%2Fjson&count=2000&startIndex=0&srsName=EPSG%3A4326","source_layer":"idecor:mineria_pertenencias_mineras","source_fid":"mineria_pertenencias_mineras.194","source_srid":22173,"fetched_at":"2026-07-28T13:38:04+00:00","licencia":"no_especificada","expediente":"214","nombre":"QUILINO","mineral":["sal"],"mineral_origen":"SAL","superficie_ha_calc":60.3249}},{"type":"Feature","geometry":{"type":"MultiPolygon","coordinates":[[[[-64.7503,-30.0667],[-64.7586,-30.0667],[-64.7586,-30.0599],[-64.7503,-30.0599],[-64.7503,-30.0667]]]]},"properties":{"id":"cordoba:pertenencias:mineria_pertenencias_mineras.195","provincia":"cordoba","provincia_nombre":"Córdoba","tipo":"mina","estado":"desconocido","geom_kind":"poligono","fuente_id":"cordoba.idecor.pertenencias","source_url":"https://idecor-ws.mapascordoba.gob.ar/geoserver/wfs?service=WFS&version=2.0.0&request=GetFeature&typeNames=idecor%3Amineria_pertenencias_mineras&outputFormat=application%2Fjson&count=2000&startIndex=0&srsName=EPSG%3A4326","source_layer":"idecor:mineria_pertenencias_mineras","source_fid":"mineria_pertenencias_mineras.195","source_srid":22173,"fetched_at":"2026-07-28T13:38:04+00:00","licencia":"no_especificada","expediente":"71","nombre":"RECONQUISTA","mineral":["sal"],"mineral_origen":"SAL","superficie_ha_calc":60.329}},{"type":"Feature","geometry":{"type":"MultiPolygon","coordinates":[[[[-64.7503,-30.0667],[-64.7503,-30.0599],[-64.742,-30.06],[-64.742,-30.0667],[-64.7503,-30.0667]]]]},"properties":{"id":"cordoba:pertenencias:mineria_pertenencias_mineras.196","provincia":"cordoba","provincia_nombre":"Córdoba","tipo":"mina","estado":"desconocido","geom_kind":"poligono","fuente_id":"cordoba.idecor.pertenencias","source_url":"https://idecor-ws.mapascordoba.gob.ar/geoserver/wfs?service=WFS&version=2.0.0&request=GetFeature&typeNames=idecor%3Amineria_pertenencias_mineras&outputFormat=application%2Fjson&count=2000&startIndex=0&srsName=EPSG%3A4326","source_layer":"idecor:mineria_pertenencias_mineras","source_fid":"mineria_pertenencias_mineras.196","source_srid":22173,"fetched_at":"2026-07-28T13:38:04+00:00","licencia":"no_especificada","expediente":"286","nombre":"VENECIA","mineral":["sal"],"mineral_origen":"SAL","superficie_ha_calc":59.8854}},{"type":"Feature","geometry":{"type":"MultiPolygon","coordinates":[[[[-64.742,-30.0735],[-64.742,-30.0667],[-64.7337,-30.0667],[-64.7337,-30.0735],[-64.742,-30.0735]]]]},"properties":{"id":"cordoba:pertenencias:mineria_pertenencias_mineras.197","provincia":"cordoba","provincia_nombre":"Córdoba","tipo":"mina","estado":"desconocido","geom_kind":"poligono","fuente_id":"cordoba.idecor.pertenencias","source_url":"https://idecor-ws.mapascordoba.gob.ar/geoserver/wfs?service=WFS&version=2.0.0&request=GetFeature&typeNames=idecor%3Amineria_pertenencias_mineras&outputFormat=application%2Fjson&count=2000&startIndex=0&srsName=EPSG%3A4326","source_layer":"idecor:mineria_pertenencias_mineras","source_fid":"mineria_pertenencias_mineras.197","source_srid":22173,"fetched_at":"2026-07-28T13:38:04+00:00","licencia":"no_especificada","expediente":"290","nombre":"BOLONIA","mineral":["sal"],"mineral_origen":"SAL","superficie_ha_calc":60.3249}},{"type":"Feature","geometry":{"type":"MultiPolygon","coordinates":[[[[-64.742,-30.0667],[-64.742,-30.06],[-64.7337,-30.06],[-64.7337,-30.0667],[-64.742,-30.0667]]]]},"properties":{"id":"cordoba:pertenencias:mineria_pertenencias_mineras.198","provincia":"cordoba","provincia_nombre":"Córdoba","tipo":"mina","estado":"desconocido","geom_kind":"poligono","fuente_id":"cordoba.idecor.pertenencias","source_url":"https://idecor-ws.mapascordoba.gob.ar/geoserver/wfs?service=WFS&version=2.0.0&request=GetFeature&typeNames=idecor%3Amineria_pertenencias_mineras&outputFormat=application%2Fjson&count=2000&startIndex=0&srsName=EPSG%3A4326","source_layer":"idecor:mineria_pertenencias_mineras","source_fid":"mineria_pertenencias_mineras.198","source_srid":22173,"fetched_at":"2026-07-28T13:38:04+00:00","licencia":"no_especificada","expediente":"289","nombre":"PIAVE","mineral":["sal"],"mineral_origen":"SAL","superficie_ha_calc":59.4418}},{"type":"Feature","geometry":{"type":"MultiPolygon","coordinates":[[[[-64.7254,-30.0735],[-64.7337,-30.0735],[-64.7337,-30.0667],[-64.7254,-30.0667],[-64.7254,-30.0735]]]]},"properties":{"id":"cordoba:pertenencias:mineria_pertenencias_mineras.199","provincia":"cordoba","provincia_nombre":"Córdoba","tipo":"mina","estado":"desconocido","geom_kind":"poligono","fuente_id":"cordoba.idecor.pertenencias","source_url":"https://idecor-ws.mapascordoba.gob.ar/geoserver/wfs?service=WFS&version=2.0.0&request=GetFeature&typeNames=idecor%3Amineria_pertenencias_mineras&outputFormat=application%2Fjson&count=2000&startIndex=0&srsName=EPSG%3A4326","source_layer":"idecor:mineria_pertenencias_mineras","source_fid":"mineria_pertenencias_mineras.199","source_srid":22173,"fetched_at":"2026-07-28T13:38:04+00:00","licencia":"no_especificada","expediente":"101","nombre":"ITALIA","mineral":["sal"],"mineral_origen":"SAL","superficie_ha_calc":60.3249}},{"type":"Feature","geometry":{"type":"MultiPolygon","coordinates":[[[[-64.7254,-30.0667],[-64.7171,-30.0667],[-64.7171,-30.0735],[-64.7254,-30.0735],[-64.7254,-30.0667]]]]},"properties":{"id":"cordoba:pertenencias:mineria_pertenencias_mineras.200","provincia":"cordoba","provincia_nombre":"Córdoba","tipo":"mina","estado":"desconocido","geom_kind":"poligono","fuente_id":"cordoba.idecor.pertenencias","source_url":"https://idecor-ws.mapascordoba.gob.ar/geoserver/wfs?service=WFS&version=2.0.0&request=GetFeature&typeNames=idecor%3Amineria_pertenencias_mineras&outputFormat=application%2Fjson&count=2000&startIndex=0&srsName=EPSG%3A4326","source_layer":"idecor:mineria_pertenencias_mineras","source_fid":"mineria_pertenencias_mineras.200","source_srid":22173,"fetched_at":"2026-07-28T13:38:04+00:00","licencia":"no_especificada","expediente":"95","nombre":"PINTORESCA","mineral":["sal"],"mineral_origen":"SAL","superficie_ha_calc":60.3249}},{"type":"Feature","geometry":{"type":"MultiPolygon","coordinates":[[[[-64.7088,-30.0735],[-64.7098,-30.0735],[-64.7171,-30.0735],[-64.7171,-30.0667],[-64.7088,-30.0667],[-64.7088,-30.0735]]]]},"properties":{"id":"cordoba:pertenencias:mineria_pertenencias_mineras.201","provincia":"cordoba","provincia_nombre":"Córdoba","tipo":"mina","estado":"desconocido","geom_kind":"poligono","fuente_id":"cordoba.idecor.pertenencias","source_url":"https://idecor-ws.mapascordoba.gob.ar/geoserver/wfs?service=WFS&version=2.0.0&request=GetFeature&typeNames=idecor%3Amineria_pertenencias_mineras&outputFormat=application%2Fjson&count=2000&startIndex=0&srsName=EPSG%3A4326","source_layer":"idecor:mineria_pertenencias_mineras","source_fid":"mineria_pertenencias_mineras.201","source_srid":22173,"fetched_at":"2026-07-28T13:38:04+00:00","licencia":"no_especificada","expediente":"127","nombre":"CORDOBESA","mineral":["sal"],"mineral_origen":"SAL","superficie_ha_calc":60.3248}},{"type":"Feature","geometry":{"type":"MultiPolygon","coordinates":[[[[-64.7088,-30.0667],[-64.7005,-30.0667],[-64.7005,-30.0735],[-64.7088,-30.0735],[-64.7088,-30.0667]]]]},"properties":{"id":"cordoba:pertenencias:mineria_pertenencias_mineras.202","provincia":"cordoba","provincia_nombre":"Córdoba","tipo":"mina","estado":"desconocido","geom_kind":"poligono","fuente_id":"cordoba.idecor.pertenencias","source_url":"https://idecor-ws.mapascordoba.gob.ar/geoserver/wfs?service=WFS&version=2.0.0&request=GetFeature&typeNames=idecor%3Amineria_pertenencias_mineras&outputFormat=application%2Fjson&count=2000&startIndex=0&srsName=EPSG%3A4326","source_layer":"idecor:mineria_pertenencias_mineras","source_fid":"mineria_pertenencias_mineras.202","source_srid":22173,"fetched_at":"2026-07-28T13:38:04+00:00","licencia":"no_especificada","expediente":"91","nombre":"NIVEA","mineral":["sal"],"mineral_origen":"SAL","superficie_ha_calc":60.3249}},{"type":"Feature","geometry":{"type":"MultiPolygon","coordinates":[[[[-64.7171,-30.0667],[-64.7171,-30.06],[-64.7088,-30.06],[-64.7088,-30.0667],[-64.7171,-30.0667]]]]},"properties":{"id":"cordoba:pertenencias:mineria_pertenencias_mineras.203","provincia":"cordoba","provincia_nombre":"Córdoba","tipo":"mina","estado":"desconocido","geom_kind":"poligono","fuente_id":"cordoba.idecor.pertenencias","source_url":"https://idecor-ws.mapascordoba.gob.ar/geoserver/wfs?service=WFS&version=2.0.0&request=GetFeature&typeNames=idecor%3Amineria_pertenencias_mineras&outputFormat=application%2Fjson&count=2000&startIndex=0&srsName=EPSG%3A4326","source_layer":"idecor:mineria_pertenencias_mineras","source_fid":"mineria_pertenencias_mineras.203","source_srid":22173,"fetched_at":"2026-07-28T13:38:04+00:00","licencia":"no_especificada","expediente":"131","nombre":"HELVETICA","mineral":["sal"],"mineral_origen":"SAL","superficie_ha_calc":59.4418}},{"type":"Feature","geometry":{"type":"MultiPolygon","coordinates":[[[[-64.7088,-30.0532],[-64.7088,-30.0464],[-64.7005,-30.0464],[-64.7005,-30.0532],[-64.7088,-30.0532]]]]},"properties":{"id":"cordoba:pertenencias:mineria_pertenencias_mineras.204","provincia":"cordoba","provincia_nombre":"Córdoba","tipo":"mina","estado":"desconocido","geom_kind":"poligono","fuente_id":"cordoba.idecor.pertenencias","source_url":"https://idecor-ws.mapascordoba.gob.ar/geoserver/wfs?service=WFS&version=2.0.0&request=GetFeature&typeNames=idecor%3Amineria_pertenencias_mineras&outputFormat=application%2Fjson&count=2000&startIndex=0&srsName=EPSG%3A4326","source_layer":"idecor:mineria_pertenencias_mineras","source_fid":"mineria_pertenencias_mineras.204","source_srid":22173,"fetched_at":"2026-07-28T13:38:04+00:00","licencia":"no_especificada","expediente":"749","nombre":"LA PRIMERA","mineral":["sal"],"mineral_origen":"SAL","superficie_ha_calc":60.337}},{"type":"Feature","geometry":{"type":"MultiPolygon","coordinates":[[[[-64.6974,-30.0442],[-64.6974,-30.0487],[-64.6974,-30.0532],[-64.7005,-30.0532],[-64.7005,-30.0464],[-64.7005,-30.0442],[-64.6974,-30.0442]]]]},"properties":{"id":"cordoba:pertenencias:mineria_pertenencias_mineras.205","provincia":"cordoba","provincia_nombre":"Córdoba","tipo":"mina","estado":"desconocido","geom_kind":"poligono","fuente_id":"cordoba.idecor.pertenencias","source_url":"https://idecor-ws.mapascordoba.gob.ar/geoserver/wfs?service=WFS&version=2.0.0&request=GetFeature&typeNames=idecor%3Amineria_pertenencias_mineras&outputFormat=application%2Fjson&count=2000&startIndex=0&srsName=EPSG%3A4326","source_layer":"idecor:mineria_pertenencias_mineras","source_fid":"mineria_pertenencias_mineras.205","source_srid":22173,"fetched_at":"2026-07-28T13:38:04+00:00","licencia":"no_especificada","expediente":"117","nombre":"CORDOBA SALINAS","mineral":["sal"],"mineral_origen":"SAL","superficie_ha_calc":29.8268}},{"type":"Feature","geometry":{"type":"MultiPolygon","coordinates":[[[[-64.7005,-30.0464],[-64.7088,-30.0464],[-64.7088,-30.0397],[-64.7005,-30.0397],[-64.7005,-30.0464]]]]},"properties":{"id":"cordoba:pertenencias:mineria_pertenencias_mineras.206","provincia":"cordoba","provincia_nombre":"Córdoba","tipo":"mina","estado":"desconocido","geom_kind":"poligono","fuente_id":"cordoba.idecor.pertenencias","source_url":"https://idecor-ws.mapascordoba.gob.ar/geoserver/wfs?service=WFS&version=2.0.0&request=GetFeature&typeNames=idecor%3Amineria_pertenencias_mineras&outputFormat=application%2Fjson&count=2000&startIndex=0&srsName=EPSG%3A4326","source_layer":"idecor:mineria_pertenencias_mineras","source_fid":"mineria_pertenencias_mineras.206","source_srid":22173,"fetched_at":"2026-07-28T13:38:04+00:00","licencia":"no_especificada","expediente":"753","nombre":"LA SEGUNDA","mineral":["sal"],"mineral_origen":"SAL","superficie_ha_calc":59.4537}},{"type":"Feature","geometry":{"type":"MultiPolygon","coordinates":[[[[-64.6752,-29.9768],[-64.6794,-29.9768],[-64.6794,-29.9632],[-64.6752,-29.9632],[-64.6752,-29.9768]]]]},"properties":{"id":"cordoba:pertenencias:mineria_pertenencias_mineras.207","provincia":"cordoba","provincia_nombre":"Córdoba","tipo":"mina","estado":"desconocido","geom_kind":"poligono","fuente_id":"cordoba.idecor.pertenencias","source_url":"https://idecor-ws.mapascordoba.gob.ar/geoserver/wfs?service=WFS&version=2.0.0&request=GetFeature&typeNames=idecor%3Amineria_pertenencias_mineras&outputFormat=application%2Fjson&count=2000&startIndex=0&srsName=EPSG%3A4326","source_layer":"idecor:mineria_pertenencias_mineras","source_fid":"mineria_pertenencias_mineras.207","source_srid":22173,"fetched_at":"2026-07-28T13:38:04+00:00","licencia":"no_especificada","expediente":"251","nombre":"SAN CARLOS","mineral":["sal"],"mineral_origen":"SAL","superficie_ha_calc":61.1122}},{"type":"Feature","geometry":{"type":"MultiPolygon","coordinates":[[[[-64.6794,-29.9768],[-64.6835,-29.9768],[-64.6835,-29.9632],[-64.6794,-29.9632],[-64.6794,-29.9768]]]]},"properties":{"id":"cordoba:pertenencias:mineria_pertenencias_mineras.208","provincia":"cordoba","provincia_nombre":"Córdoba","tipo":"mina","estado":"desconocido","geom_kind":"poligono","fuente_id":"cordoba.idecor.pertenencias","source_url":"https://idecor-ws.mapascordoba.gob.ar/geoserver/wfs?service=WFS&version=2.0.0&request=GetFeature&typeNames=idecor%3Amineria_pertenencias_mineras&outputFormat=application%2Fjson&count=2000&startIndex=0&srsName=EPSG%3A4326","source_layer":"idecor:mineria_pertenencias_mineras","source_fid":"mineria_pertenencias_mineras.208","source_srid":22173,"fetched_at":"2026-07-28T13:38:04+00:00","licencia":"no_especificada","expediente":"250","nombre":"GRANO DE ORO","mineral":["sal"],"mineral_origen":"SAL","superficie_ha_calc":59.6571}},{"type":"Feature","geometry":{"type":"MultiPolygon","coordinates":[[[[-64.7135,-29.964],[-64.7135,-29.9549],[-64.7073,-29.9549],[-64.7073,-29.964],[-64.7135,-29.964]]]]},"properties":{"id":"cordoba:pertenencias:mineria_pertenencias_mineras.209","provincia":"cordoba","provincia_nombre":"Córdoba","tipo":"mina","estado":"desconocido","geom_kind":"poligono","fuente_id":"cordoba.idecor.pertenencias","source_url":"https://idecor-ws.mapascordoba.gob.ar/geoserver/wfs?service=WFS&version=2.0.0&request=GetFeature&typeNames=idecor%3Amineria_pertenencias_mineras&outputFormat=application%2Fjson&count=2000&startIndex=0&srsName=EPSG%3A4326","source_layer":"idecor:mineria_pertenencias_mineras","source_fid":"mineria_pertenencias_mineras.209","source_srid":22173,"fetched_at":"2026-07-28T13:38:04+00:00","licencia":"no_especificada","expediente":"452","nombre":"LA AURORA","mineral":["sal"],"mineral_origen":"SAL","superficie_ha_calc":60.3695}},{"type":"Feature","geometry":{"type":"MultiPolygon","coordinates":[[[[-64.7197,-29.9549],[-64.7176,-29.9549],[-64.7135,-29.9549],[-64.7135,-29.964],[-64.7197,-29.964],[-64.7197,-29.9549]]]]},"properties":{"id":"cordoba:pertenencias:mineria_pertenencias_mineras.210","provincia":"cordoba","provincia_nombre":"Córdoba","tipo":"mina","estado":"desconocido","geom_kind":"poligono","fuente_id":"cordoba.idecor.pertenencias","source_url":"https://idecor-ws.mapascordoba.gob.ar/geoserver/wfs?service=WFS&version=2.0.0&request=GetFeature&typeNames=idecor%3Amineria_pertenencias_mineras&outputFormat=application%2Fjson&count=2000&startIndex=0&srsName=EPSG%3A4326","source_layer":"idecor:mineria_pertenencias_mineras","source_fid":"mineria_pertenencias_mineras.210","source_srid":22173,"fetched_at":"2026-07-28T13:38:04+00:00","licencia":"no_especificada","expediente":"451","nombre":"HUYAMAMPA","mineral":["sal"],"mineral_origen":"SAL","superficie_ha_calc":60.3696}},{"type":"Feature","geometry":{"type":"MultiPolygon","coordinates":[[[[-64.7197,-29.9549],[-64.7197,-29.9509],[-64.7197,-29.9459],[-64.7176,-29.9459],[-64.7176,-29.9477],[-64.7176,-29.9495],[-64.7176,-29.9513],[-64.7176,-29.9531],[-64.7176,-29.9549],[-64.7197,-29.9549]]]]},"properties":{"id":"cordoba:pertenencias:mineria_pertenencias_mineras.211","provincia":"cordoba","provincia_nombre":"Córdoba","tipo":"mina","estado":"desconocido","geom_kind":"poligono","fuente_id":"cordoba.idecor.pertenencias","source_url":"https://idecor-ws.mapascordoba.gob.ar/geoserver/wfs?service=WFS&version=2.0.0&request=GetFeature&typeNames=idecor%3Amineria_pertenencias_mineras&outputFormat=application%2Fjson&count=2000&startIndex=0&srsName=EPSG%3A4326","source_layer":"idecor:mineria_pertenencias_mineras","source_fid":"mineria_pertenencias_mineras.211","source_srid":22173,"fetched_at":"2026-07-28T13:38:04+00:00","licencia":"no_especificada","expediente":"342","nombre":"LA CAPRICHOSA","mineral":["sal"],"mineral_origen":"SAL","superficie_ha_calc":20.2248}},{"type":"Feature","geometry":{"type":"MultiPolygon","coordinates":[[[[-64.7069,-29.8555],[-64.7124,-29.8529],[-64.716,-29.8512],[-64.7131,-29.8464],[-64.704,-29.8507],[-64.7069,-29.8555]]]]},"properties":{"id":"cordoba:pertenencias:mineria_pertenencias_mineras.212","provincia":"cordoba","provincia_nombre":"Córdoba","tipo":"mina","estado":"desconocido","geom_kind":"poligono","fuente_id":"cordoba.idecor.pertenencias","source_url":"https://idecor-ws.mapascordoba.gob.ar/geoserver/wfs?service=WFS&version=2.0.0&request=GetFeature&typeNames=idecor%3Amineria_pertenencias_mineras&outputFormat=application%2Fjson&count=2000&startIndex=0&srsName=EPSG%3A4326","source_layer":"idecor:mineria_pertenencias_mineras","source_fid":"mineria_pertenencias_mineras.212","source_srid":22173,"fetched_at":"2026-07-28T13:38:04+00:00","licencia":"no_especificada","expediente":"83","nombre":"TELARITO","mineral":["sal"],"mineral_origen":"SAL","superficie_ha_calc":60.1388}},{"type":"Feature","geometry":{"type":"MultiPolygon","coordinates":[[[[-64.7232,-29.845],[-64.7244,-29.8439],[-64.7219,-29.8393],[-64.7178,-29.8406],[-64.7232,-29.845]]]]},"properties":{"id":"cordoba:pertenencias:mineria_pertenencias_mineras.213","provincia":"cordoba","provincia_nombre":"Córdoba","tipo":"mina","estado":"desconocido","geom_kind":"poligono","fuente_id":"cordoba.idecor.pertenencias","source_url":"https://idecor-ws.mapascordoba.gob.ar/geoserver/wfs?service=WFS&version=2.0.0&request=GetFeature&typeNames=idecor%3Amineria_pertenencias_mineras&outputFormat=application%2Fjson&count=2000&startIndex=0&srsName=EPSG%3A4326","source_layer":"idecor:mineria_pertenencias_mineras","source_fid":"mineria_pertenencias_mineras.213","source_srid":22173,"fetched_at":"2026-07-28T13:38:04+00:00","licencia":"no_especificada","expediente":"205","nombre":"SAN PABLO","mineral":["sal"],"mineral_origen":"SAL","superficie_ha_calc":17.8523}},{"type":"Feature","geometry":{"type":"MultiPolygon","coordinates":[[[[-64.7135,-29.9549],[-64.7176,-29.9549],[-64.7176,-29.9531],[-64.7073,-29.9531],[-64.7073,-29.9549],[-64.7135,-29.9549]]]]},"properties":{"id":"cordoba:pertenencias:mineria_pertenencias_mineras.214","provincia":"cordoba","provincia_nombre":"Córdoba","tipo":"mina","estado":"desconocido","geom_kind":"poligono","fuente_id":"cordoba.idecor.pertenencias","source_url":"https://idecor-ws.mapascordoba.gob.ar/geoserver/wfs?service=WFS&version=2.0.0&request=GetFeature&typeNames=idecor%3Amineria_pertenencias_mineras&outputFormat=application%2Fjson&count=2000&startIndex=0&srsName=EPSG%3A4326","source_layer":"idecor:mineria_pertenencias_mineras","source_fid":"mineria_pertenencias_mineras.214","source_srid":22173,"fetched_at":"2026-07-28T13:38:04+00:00","licencia":"no_especificada","expediente":"341","nombre":"LA SIN RIVAL","mineral":["sal"],"mineral_origen":"SAL","superficie_ha_calc":19.8384}},{"type":"Feature","geometry":{"type":"MultiPolygon","coordinates":[[[[-64.7176,-29.9531],[-64.7176,-29.9513],[-64.7073,-29.9513],[-64.7073,-29.9531],[-64.7176,-29.9531]]]]},"properties":{"id":"cordoba:pertenencias:mineria_pertenencias_mineras.215","provincia":"cordoba","provincia_nombre":"Córdoba","tipo":"mina","estado":"desconocido","geom_kind":"poligono","fuente_id":"cordoba.idecor.pertenencias","source_url":"https://idecor-ws.mapascordoba.gob.ar/geoserver/wfs?service=WFS&version=2.0.0&request=GetFeature&typeNames=idecor%3Amineria_pertenencias_mineras&outputFormat=application%2Fjson&count=2000&startIndex=0&srsName=EPSG%3A4326","source_layer":"idecor:mineria_pertenencias_mineras","source_fid":"mineria_pertenencias_mineras.215","source_srid":22173,"fetched_at":"2026-07-28T13:38:04+00:00","licencia":"no_especificada","expediente":"343","nombre":"LA BONITA","mineral":["sal"],"mineral_origen":"SAL","superficie_ha_calc":19.8393}},{"type":"Feature","geometry":{"type":"MultiPolygon","coordinates":[[[[-64.7073,-29.9513],[-64.7176,-29.9513],[-64.7176,-29.9495],[-64.7073,-29.9495],[-64.7073,-29.9513]]]]},"properties":{"id":"cordoba:pertenencias:mineria_pertenencias_mineras.216","provincia":"cordoba","provincia_nombre":"Córdoba","tipo":"mina","estado":"desconocido","geom_kind":"poligono","fuente_id":"cordoba.idecor.pertenencias","source_url":"https://idecor-ws.mapascordoba.gob.ar/geoserver/wfs?service=WFS&version=2.0.0&request=GetFeature&typeNames=idecor%3Amineria_pertenencias_mineras&outputFormat=application%2Fjson&count=2000&startIndex=0&srsName=EPSG%3A4326","source_layer":"idecor:mineria_pertenencias_mineras","source_fid":"mineria_pertenencias_mineras.216","source_srid":22173,"fetched_at":"2026-07-28T13:38:04+00:00","licencia":"no_especificada","expediente":"338","nombre":"LA PROVIDENCIA","mineral":["sal"],"mineral_origen":"SAL","superficie_ha_calc":19.8396}},{"type":"Feature","geometry":{"type":"MultiPolygon","coordinates":[[[[-64.7075,-29.9495],[-64.7176,-29.9495],[-64.7176,-29.9477],[-64.7073,-29.9477],[-64.7075,-29.9495]]]]},"properties":{"id":"cordoba:pertenencias:mineria_pertenencias_mineras.217","provincia":"cordoba","provincia_nombre":"Córdoba","tipo":"mina","estado":"desconocido","geom_kind":"poligono","fuente_id":"cordoba.idecor.pertenencias","source_url":"https://idecor-ws.mapascordoba.gob.ar/geoserver/wfs?service=WFS&version=2.0.0&request=GetFeature&typeNames=idecor%3Amineria_pertenencias_mineras&outputFormat=application%2Fjson&count=2000&startIndex=0&srsName=EPSG%3A4326","source_layer":"idecor:mineria_pertenencias_mineras","source_fid":"mineria_pertenencias_mineras.217","source_srid":22173,"fetched_at":"2026-07-28T13:38:04+00:00","licencia":"no_especificada","expediente":"340","nombre":"LA FORTUNA","mineral":["sal"],"mineral_origen":"SAL","superficie_ha_calc":19.6473}},{"type":"Feature","geometry":{"type":"MultiPolygon","coordinates":[[[[-64.7131,-29.9459],[-64.7075,-29.9459],[-64.7075,-29.9477],[-64.7176,-29.9477],[-64.7176,-29.9459],[-64.7131,-29.9459]]]]},"properties":{"id":"cordoba:pertenencias:mineria_pertenencias_mineras.218","provincia":"cordoba","provincia_nombre":"Córdoba","tipo":"mina","estado":"desconocido","geom_kind":"poligono","fuente_id":"cordoba.idecor.pertenencias","source_url":"https://idecor-ws.mapascordoba.gob.ar/geoserver/wfs?service=WFS&version=2.0.0&request=GetFeature&typeNames=idecor%3Amineria_pertenencias_mineras&outputFormat=application%2Fjson&count=2000&startIndex=0&srsName=EPSG%3A4326","source_layer":"idecor:mineria_pertenencias_mineras","source_fid":"mineria_pertenencias_mineras.218","source_srid":22173,"fetched_at":"2026-07-28T13:38:04+00:00","licencia":"no_especificada","expediente":"339","nombre":"LA LUCHA","mineral":["sal"],"mineral_origen":"SAL","superficie_ha_calc":19.4556}},{"type":"Feature","geometry":{"type":"MultiPolygon","coordinates":[[[[-64.6945,-29.8798],[-64.6945,-29.8708],[-64.6883,-29.8708],[-64.6883,-29.8798],[-64.6945,-29.8798]]]]},"properties":{"id":"cordoba:pertenencias:mineria_pertenencias_mineras.219","provincia":"cordoba","provincia_nombre":"Córdoba","tipo":"mina","estado":"desconocido","geom_kind":"poligono","fuente_id":"cordoba.idecor.pertenencias","source_url":"https://idecor-ws.mapascordoba.gob.ar/geoserver/wfs?service=WFS&version=2.0.0&request=GetFeature&typeNames=idecor%3Amineria_pertenencias_mineras&outputFormat=application%2Fjson&count=2000&startIndex=0&srsName=EPSG%3A4326","source_layer":"idecor:mineria_pertenencias_mineras","source_fid":"mineria_pertenencias_mineras.219","source_srid":22173,"fetched_at":"2026-07-28T13:38:04+00:00","licencia":"no_especificada","expediente":"65","nombre":"PRINCESA","mineral":["sal"],"mineral_origen":"SAL","superficie_ha_calc":59.7556}},{"type":"Feature","geometry":{"type":"MultiPolygon","coordinates":[[[[-64.7075,-29.9459],[-64.7131,-29.9459],[-64.7131,-29.9441],[-64.708,-29.9441],[-64.708,-29.9405],[-64.708,-29.9396],[-64.7036,-29.9396],[-64.7036,-29.9507],[-64.7075,-29.9507],[-64.7075,-29.9495],[-64.7075,-29.9477],[-64.7075,-29.9459]]]]},"properties":{"id":"cordoba:pertenencias:mineria_pertenencias_mineras.220","provincia":"cordoba","provincia_nombre":"Córdoba","tipo":"mina","estado":"desconocido","geom_kind":"poligono","fuente_id":"cordoba.idecor.pertenencias","source_url":"https://idecor-ws.mapascordoba.gob.ar/geoserver/wfs?service=WFS&version=2.0.0&request=GetFeature&typeNames=idecor%3Amineria_pertenencias_mineras&outputFormat=application%2Fjson&count=2000&startIndex=0&srsName=EPSG%3A4326","source_layer":"idecor:mineria_pertenencias_mineras","source_fid":"mineria_pertenencias_mineras.220","source_srid":22173,"fetched_at":"2026-07-28T13:38:04+00:00","licencia":"no_especificada","expediente":"344","nombre":"LA SANJUANINA","mineral":["sal"],"mineral_origen":"SAL","superficie_ha_calc":59.522}},{"type":"Feature","geometry":{"type":"MultiPolygon","coordinates":[[[[-64.7132,-29.9418],[-64.7132,-29.9454],[-64.7184,-29.9454],[-64.7184,-29.9418],[-64.7174,-29.9418],[-64.7132,-29.9418]]]]},"properties":{"id":"cordoba:pertenencias:mineria_pertenencias_mineras.221","provincia":"cordoba","provincia_nombre":"Córdoba","tipo":"mina","estado":"desconocido","geom_kind":"poligono","fuente_id":"cordoba.idecor.pertenencias","source_url":"https://idecor-ws.mapascordoba.gob.ar/geoserver/wfs?service=WFS&version=2.0.0&request=GetFeature&typeNames=idecor%3Amineria_pertenencias_mineras&outputFormat=application%2Fjson&count=2000&startIndex=0&srsName=EPSG%3A4326","source_layer":"idecor:mineria_pertenencias_mineras","source_fid":"mineria_pertenencias_mineras.221","source_srid":22173,"fetched_at":"2026-07-28T13:38:04+00:00","licencia":"no_especificada","expediente":"294","nombre":"EL TIMBO","mineral":["sal"],"mineral_origen":"SAL","superficie_ha_calc":20.0336}},{"type":"Feature","geometry":{"type":"MultiPolygon","coordinates":[[[[-64.7131,-29.9441],[-64.7131,-29.9405],[-64.709,-29.9405],[-64.708,-29.9405],[-64.708,-29.9441],[-64.7131,-29.9441]]]]},"properties":{"id":"cordoba:pertenencias:mineria_pertenencias_mineras.222","provincia":"cordoba","provincia_nombre":"Córdoba","tipo":"mina","estado":"desconocido","geom_kind":"poligono","fuente_id":"cordoba.idecor.pertenencias","source_url":"https://idecor-ws.mapascordoba.gob.ar/geoserver/wfs?service=WFS&version=2.0.0&request=GetFeature&typeNames=idecor%3Amineria_pertenencias_mineras&outputFormat=application%2Fjson&count=2000&startIndex=0&srsName=EPSG%3A4326","source_layer":"idecor:mineria_pertenencias_mineras","source_fid":"mineria_pertenencias_mineras.222","source_srid":22173,"fetched_at":"2026-07-28T13:38:04+00:00","licencia":"no_especificada","expediente":"322","nombre":"LA INDUSTRIAL","mineral":["sal"],"mineral_origen":"SAL","superficie_ha_calc":19.6486}},{"type":"Feature","geometry":{"type":"MultiPolygon","coordinates":[[[[-64.7132,-29.9418],[-64.7174,-29.9418],[-64.7174,-29.9328],[-64.7132,-29.9328],[-64.7132,-29.9418]]]]},"properties":{"id":"cordoba:pertenencias:mineria_pertenencias_mineras.223","provincia":"cordoba","provincia_nombre":"Córdoba","tipo":"mina","estado":"desconocido","geom_kind":"poligono","fuente_id":"cordoba.idecor.pertenencias","source_url":"https://idecor-ws.mapascordoba.gob.ar/geoserver/wfs?service=WFS&version=2.0.0&request=GetFeature&typeNames=idecor%3Amineria_pertenencias_mineras&outputFormat=application%2Fjson&count=2000&startIndex=0&srsName=EPSG%3A4326","source_layer":"idecor:mineria_pertenencias_mineras","source_fid":"mineria_pertenencias_mineras.223","source_srid":22173,"fetched_at":"2026-07-28T13:38:04+00:00","licencia":"no_especificada","expediente":"291","nombre":"LA TUCUMANA","mineral":["sal"],"mineral_origen":"SAL","superficie_ha_calc":40.4549}},{"type":"Feature","geometry":{"type":"MultiPolygon","coordinates":[[[[-64.709,-29.9405],[-64.7131,-29.9405],[-64.7131,-29.9315],[-64.709,-29.9315],[-64.709,-29.9405]]]]},"properties":{"id":"cordoba:pertenencias:mineria_pertenencias_mineras.224","provincia":"cordoba","provincia_nombre":"Córdoba","tipo":"mina","estado":"desconocido","geom_kind":"poligono","fuente_id":"cordoba.idecor.pertenencias","source_url":"https://idecor-ws.mapascordoba.gob.ar/geoserver/wfs?service=WFS&version=2.0.0&request=GetFeature&typeNames=idecor%3Amineria_pertenencias_mineras&outputFormat=application%2Fjson&count=2000&startIndex=0&srsName=EPSG%3A4326","source_layer":"idecor:mineria_pertenencias_mineras","source_fid":"mineria_pertenencias_mineras.224","source_srid":22173,"fetched_at":"2026-07-28T13:38:04+00:00","licencia":"no_especificada","expediente":"292","nombre":"LA LIRA","mineral":["sal"],"mineral_origen":"SAL","superficie_ha_calc":39.4922}},{"type":"Feature","geometry":{"type":"MultiPolygon","coordinates":[[[[-64.7088,-29.9391],[-64.7088,-29.9301],[-64.7046,-29.9301],[-64.7046,-29.9391],[-64.7088,-29.9391]]]]},"properties":{"id":"cordoba:pertenencias:mineria_pertenencias_mineras.225","provincia":"cordoba","provincia_nombre":"Córdoba","tipo":"mina","estado":"desconocido","geom_kind":"poligono","fuente_id":"cordoba.idecor.pertenencias","source_url":"https://idecor-ws.mapascordoba.gob.ar/geoserver/wfs?service=WFS&version=2.0.0&request=GetFeature&typeNames=idecor%3Amineria_pertenencias_mineras&outputFormat=application%2Fjson&count=2000&startIndex=0&srsName=EPSG%3A4326","source_layer":"idecor:mineria_pertenencias_mineras","source_fid":"mineria_pertenencias_mineras.225","source_srid":22173,"fetched_at":"2026-07-28T13:38:04+00:00","licencia":"no_especificada","expediente":"280","nombre":"LA CORDOBA","mineral":["sal"],"mineral_origen":"SAL","superficie_ha_calc":40.456}},{"type":"Feature","geometry":{"type":"MultiPolygon","coordinates":[[[[-64.7197,-29.9419],[-64.7197,-29.9459],[-64.7197,-29.9509],[-64.7259,-29.9509],[-64.7259,-29.9419],[-64.7197,-29.9419]]]]},"properties":{"id":"cordoba:pertenencias:mineria_pertenencias_mineras.226","provincia":"cordoba","provincia_nombre":"Córdoba","tipo":"mina","estado":"desconocido","geom_kind":"poligono","fuente_id":"cordoba.idecor.pertenencias","source_url":"https://idecor-ws.mapascordoba.gob.ar/geoserver/wfs?service=WFS&version=2.0.0&request=GetFeature&typeNames=idecor%3Amineria_pertenencias_mineras&outputFormat=application%2Fjson&count=2000&startIndex=0&srsName=EPSG%3A4326","source_layer":"idecor:mineria_pertenencias_mineras","source_fid":"mineria_pertenencias_mineras.226","source_srid":22173,"fetched_at":"2026-07-28T13:38:04+00:00","licencia":"no_especificada","expediente":"434","nombre":"LA COMPETENCIA","mineral":["sal"],"mineral_origen":"SAL","superficie_ha_calc":59.7138}},{"type":"Feature","geometry":{"type":"MultiPolygon","coordinates":[[[[-64.6821,-29.8983],[-64.6821,-29.8979],[-64.6821,-29.8915],[-64.6752,-29.8915],[-64.6739,-29.8915],[-64.6739,-29.8983],[-64.6821,-29.8983]]]]},"properties":{"id":"cordoba:pertenencias:mineria_pertenencias_mineras.227","provincia":"cordoba","provincia_nombre":"Córdoba","tipo":"mina","estado":"desconocido","geom_kind":"poligono","fuente_id":"cordoba.idecor.pertenencias","source_url":"https://idecor-ws.mapascordoba.gob.ar/geoserver/wfs?service=WFS&version=2.0.0&request=GetFeature&typeNames=idecor%3Amineria_pertenencias_mineras&outputFormat=application%2Fjson&count=2000&startIndex=0&srsName=EPSG%3A4326","source_layer":"idecor:mineria_pertenencias_mineras","source_fid":"mineria_pertenencias_mineras.227","source_srid":22173,"fetched_at":"2026-07-28T13:38:04+00:00","licencia":"no_especificada","expediente":"273","nombre":"EL BOSFORO","mineral":["sal"],"mineral_origen":"SAL","superficie_ha_calc":59.7014}},{"type":"Feature","geometry":{"type":"MultiPolygon","coordinates":[[[[-64.6842,-29.8979],[-64.6842,-29.8888],[-64.6841,-29.8888],[-64.6779,-29.8888],[-64.6759,-29.8888],[-64.6752,-29.8888],[-64.6752,-29.8915],[-64.6821,-29.8915],[-64.6821,-29.8979],[-64.6842,-29.8979]]]]},"properties":{"id":"cordoba:pertenencias:mineria_pertenencias_mineras.228","provincia":"cordoba","provincia_nombre":"Córdoba","tipo":"mina","estado":"desconocido","geom_kind":"poligono","fuente_id":"cordoba.idecor.pertenencias","source_url":"https://idecor-ws.mapascordoba.gob.ar/geoserver/wfs?service=WFS&version=2.0.0&request=GetFeature&typeNames=idecor%3Amineria_pertenencias_mineras&outputFormat=application%2Fjson&count=2000&startIndex=0&srsName=EPSG%3A4326","source_layer":"idecor:mineria_pertenencias_mineras","source_fid":"mineria_pertenencias_mineras.228","source_srid":22173,"fetched_at":"2026-07-28T13:38:04+00:00","licencia":"no_especificada","expediente":"781","nombre":"MANUEL BELGRANO","mineral":["sal"],"mineral_origen":"SAL","superficie_ha_calc":40.4088}},{"type":"Feature","geometry":{"type":"MultiPolygon","coordinates":[[[[-64.6842,-29.8888],[-64.6842,-29.8979],[-64.6904,-29.8979],[-64.6904,-29.8888],[-64.6883,-29.8888],[-64.6842,-29.8888]]]]},"properties":{"id":"cordoba:pertenencias:mineria_pertenencias_mineras.229","provincia":"cordoba","provincia_nombre":"Córdoba","tipo":"mina","estado":"desconocido","geom_kind":"poligono","fuente_id":"cordoba.idecor.pertenencias","source_url":"https://idecor-ws.mapascordoba.gob.ar/geoserver/wfs?service=WFS&version=2.0.0&request=GetFeature&typeNames=idecor%3Amineria_pertenencias_mineras&outputFormat=application%2Fjson&count=2000&startIndex=0&srsName=EPSG%3A4326","source_layer":"idecor:mineria_pertenencias_mineras","source_fid":"mineria_pertenencias_mineras.229","source_srid":22173,"fetched_at":"2026-07-28T13:38:04+00:00","licencia":"no_especificada","expediente":"63","nombre":"ESPUMA","mineral":["sal"],"mineral_origen":"SAL","superficie_ha_calc":60.4089}},{"type":"Feature","geometry":{"type":"MultiPolygon","coordinates":[[[[-64.7837,-29.8256],[-64.7757,-29.8275],[-64.7764,-29.8297],[-64.7844,-29.8278],[-64.7837,-29.8256]]]]},"properties":{"id":"cordoba:pertenencias:mineria_pertenencias_mineras.230","provincia":"cordoba","provincia_nombre":"Córdoba","tipo":"mina","estado":"desconocido","geom_kind":"poligono","fuente_id":"cordoba.idecor.pertenencias","source_url":"https://idecor-ws.mapascordoba.gob.ar/geoserver/wfs?service=WFS&version=2.0.0&request=GetFeature&typeNames=idecor%3Amineria_pertenencias_mineras&outputFormat=application%2Fjson&count=2000&startIndex=0&srsName=EPSG%3A4326","source_layer":"idecor:mineria_pertenencias_mineras","source_fid":"mineria_pertenencias_mineras.230","source_srid":22173,"fetched_at":"2026-07-28T13:38:04+00:00","licencia":"no_especificada","expediente":"906","nombre":"SIRIA","mineral":["sal"],"mineral_origen":"SAL","superficie_ha_calc":20.2814}},{"type":"Feature","geometry":{"type":"MultiPolygon","coordinates":[[[[-64.1152,-29.908],[-64.1173,-29.908],[-64.1183,-29.9027],[-64.1162,-29.9027],[-64.1152,-29.908]]]]},"properties":{"id":"cordoba:pertenencias:mineria_pertenencias_mineras.231","provincia":"cordoba","provincia_nombre":"Córdoba","tipo":"mina","estado":"desconocido","geom_kind":"poligono","fuente_id":"cordoba.idecor.pertenencias","source_url":"https://idecor-ws.mapascordoba.gob.ar/geoserver/wfs?service=WFS&version=2.0.0&request=GetFeature&typeNames=idecor%3Amineria_pertenencias_mineras&outputFormat=application%2Fjson&count=2000&startIndex=0&srsName=EPSG%3A4326","source_layer":"idecor:mineria_pertenencias_mineras","source_fid":"mineria_pertenencias_mineras.231","source_srid":22173,"fetched_at":"2026-07-28T13:38:04+00:00","licencia":"no_especificada","expediente":"6149","nombre":"FATIMA Nº 12","mineral":["Mn"],"mineral_origen":"MINERAL DE MANGANESO","superficie_ha_calc":11.9155}},{"type":"Feature","geometry":{"type":"MultiPolygon","coordinates":[[[[-64.0946,-29.5704],[-64.0907,-29.5717],[-64.0896,-29.5741],[-64.0953,-29.5721],[-64.0946,-29.5704]]]]},"properties":{"id":"cordoba:pertenencias:mineria_pertenencias_mineras.232","provincia":"cordoba","provincia_nombre":"Córdoba","tipo":"mina","estado":"desconocido","geom_kind":"poligono","fuente_id":"cordoba.idecor.pertenencias","source_url":"https://idecor-ws.mapascordoba.gob.ar/geoserver/wfs?service=WFS&version=2.0.0&request=GetFeature&typeNames=idecor%3Amineria_pertenencias_mineras&outputFormat=application%2Fjson&count=2000&startIndex=0&srsName=EPSG%3A4326","source_layer":"idecor:mineria_pertenencias_mineras","source_fid":"mineria_pertenencias_mineras.232","source_srid":22173,"fetched_at":"2026-07-28T13:38:04+00:00","licencia":"no_especificada","expediente":"6367","nombre":"RAULITO","mineral":["Mn"],"mineral_origen":"MINERAL DE MANGANESO","superficie_ha_calc":10.2144}},{"type":"Feature","geometry":{"type":"MultiPolygon","coordinates":[[[[-64.6779,-29.8888],[-64.6841,-29.8888],[-64.6841,-29.8798],[-64.6821,-29.8798],[-64.6779,-29.8798],[-64.6779,-29.8861],[-64.6779,-29.8888]]]]},"properties":{"id":"cordoba:pertenencias:mineria_pertenencias_mineras.233","provincia":"cordoba","provincia_nombre":"Córdoba","tipo":"mina","estado":"desconocido","geom_kind":"poligono","fuente_id":"cordoba.idecor.pertenencias","source_url":"https://idecor-ws.mapascordoba.gob.ar/geoserver/wfs?service=WFS&version=2.0.0&request=GetFeature&typeNames=idecor%3Amineria_pertenencias_mineras&outputFormat=application%2Fjson&count=2000&startIndex=0&srsName=EPSG%3A4326","source_layer":"idecor:mineria_pertenencias_mineras","source_fid":"mineria_pertenencias_mineras.233","source_srid":22173,"fetched_at":"2026-07-28T13:38:04+00:00","licencia":"no_especificada","expediente":"68","nombre":"CAMPAÑA","mineral":["sal"],"mineral_origen":"SAL","superficie_ha_calc":59.7504}},{"type":"Feature","geometry":{"type":"MultiPolygon","coordinates":[[[[-64.6883,-29.8798],[-64.6841,-29.8798],[-64.6841,-29.8888],[-64.6883,-29.8888],[-64.6883,-29.8798]]]]},"properties":{"id":"cordoba:pertenencias:mineria_pertenencias_mineras.234","provincia":"cordoba","provincia_nombre":"Córdoba","tipo":"mina","estado":"desconocido","geom_kind":"poligono","fuente_id":"cordoba.idecor.pertenencias","source_url":"https://idecor-ws.mapascordoba.gob.ar/geoserver/wfs?service=WFS&version=2.0.0&request=GetFeature&typeNames=idecor%3Amineria_pertenencias_mineras&outputFormat=application%2Fjson&count=2000&startIndex=0&srsName=EPSG%3A4326","source_layer":"idecor:mineria_pertenencias_mineras","source_fid":"mineria_pertenencias_mineras.234","source_srid":22173,"fetched_at":"2026-07-28T13:38:04+00:00","licencia":"no_especificada","expediente":"267","nombre":"SAN VICENTE","mineral":["sal"],"mineral_origen":"SAL","superficie_ha_calc":40.476}},{"type":"Feature","geometry":{"type":"MultiPolygon","coordinates":[[[[-64.6904,-29.8888],[-64.6945,-29.8888],[-64.6945,-29.8798],[-64.6883,-29.8798],[-64.6883,-29.8888],[-64.6904,-29.8888]]]]},"properties":{"id":"cordoba:pertenencias:mineria_pertenencias_mineras.235","provincia":"cordoba","provincia_nombre":"Córdoba","tipo":"mina","estado":"desconocido","geom_kind":"poligono","fuente_id":"cordoba.idecor.pertenencias","source_url":"https://idecor-ws.mapascordoba.gob.ar/geoserver/wfs?service=WFS&version=2.0.0&request=GetFeature&typeNames=idecor%3Amineria_pertenencias_mineras&outputFormat=application%2Fjson&count=2000&startIndex=0&srsName=EPSG%3A4326","source_layer":"idecor:mineria_pertenencias_mineras","source_fid":"mineria_pertenencias_mineras.235","source_srid":22173,"fetched_at":"2026-07-28T13:38:04+00:00","licencia":"no_especificada","expediente":"3443","nombre":"MITRE","mineral":["sal"],"mineral_origen":"SAL","superficie_ha_calc":59.7502}},{"type":"Feature","geometry":{"type":"MultiPolygon","coordinates":[[[[-64.6904,-29.8888],[-64.6904,-29.8979],[-64.6966,-29.8979],[-64.6966,-29.8888],[-64.6945,-29.8888],[-64.6904,-29.8888]]]]},"properties":{"id":"cordoba:pertenencias:mineria_pertenencias_mineras.236","provincia":"cordoba","provincia_nombre":"Córdoba","tipo":"mina","estado":"desconocido","geom_kind":"poligono","fuente_id":"cordoba.idecor.pertenencias","source_url":"https://idecor-ws.mapascordoba.gob.ar/geoserver/wfs?service=WFS&version=2.0.0&request=GetFeature&typeNames=idecor%3Amineria_pertenencias_mineras&outputFormat=application%2Fjson&count=2000&startIndex=0&srsName=EPSG%3A4326","source_layer":"idecor:mineria_pertenencias_mineras","source_fid":"mineria_pertenencias_mineras.236","source_srid":22173,"fetched_at":"2026-07-28T13:38:04+00:00","licencia":"no_especificada","expediente":"277","nombre":"WILSON","mineral":["sal"],"mineral_origen":"SAL","superficie_ha_calc":60.4089}},{"type":"Feature","geometry":{"type":"MultiPolygon","coordinates":[[[[-64.6779,-29.8888],[-64.6779,-29.8861],[-64.6759,-29.8861],[-64.6759,-29.8888],[-64.6779,-29.8888]]]]},"properties":{"id":"cordoba:pertenencias:mineria_pertenencias_mineras.237","provincia":"cordoba","provincia_nombre":"Córdoba","tipo":"mina","estado":"desconocido","geom_kind":"poligono","fuente_id":"cordoba.idecor.pertenencias","source_url":"https://idecor-ws.mapascordoba.gob.ar/geoserver/wfs?service=WFS&version=2.0.0&request=GetFeature&typeNames=idecor%3Amineria_pertenencias_mineras&outputFormat=application%2Fjson&count=2000&startIndex=0&srsName=EPSG%3A4326","source_layer":"idecor:mineria_pertenencias_mineras","source_fid":"mineria_pertenencias_mineras.237","source_srid":22173,"fetched_at":"2026-07-28T13:38:04+00:00","licencia":"no_especificada","expediente":"839","nombre":"NENA","mineral":["sal"],"mineral_origen":"SAL","superficie_ha_calc":5.7821}},{"type":"Feature","geometry":{"type":"MultiPolygon","coordinates":[[[[-64.6717,-29.8776],[-64.6759,-29.8776],[-64.6759,-29.8685],[-64.6717,-29.8685],[-64.6717,-29.8776]]]]},"properties":{"id":"cordoba:pertenencias:mineria_pertenencias_mineras.238","provincia":"cordoba","provincia_nombre":"Córdoba","tipo":"mina","estado":"desconocido","geom_kind":"poligono","fuente_id":"cordoba.idecor.pertenencias","source_url":"https://idecor-ws.mapascordoba.gob.ar/geoserver/wfs?service=WFS&version=2.0.0&request=GetFeature&typeNames=idecor%3Amineria_pertenencias_mineras&outputFormat=application%2Fjson&count=2000&startIndex=0&srsName=EPSG%3A4326","source_layer":"idecor:mineria_pertenencias_mineras","source_fid":"mineria_pertenencias_mineras.238","source_srid":22173,"fetched_at":"2026-07-28T13:38:04+00:00","licencia":"no_especificada","expediente":"896","nombre":"EL ESCONDIDO","mineral":["sal"],"mineral_origen":"SAL","superficie_ha_calc":40.9303}},{"type":"Feature","geometry":{"type":"MultiPolygon","coordinates":[[[[-64.6759,-29.8861],[-64.6779,-29.8861],[-64.6779,-29.8798],[-64.6779,-29.8776],[-64.6821,-29.8776],[-64.6821,-29.8751],[-64.6779,-29.8751],[-64.6779,-29.8685],[-64.6759,-29.8685],[-64.6759,-29.8776],[-64.6717,-29.8776],[-64.671,-29.8776],[-64.671,-29.8796],[-64.6759,-29.8796],[-64.6759,-29.8798],[-64.6759,-29.8861]]]]},"properties":{"id":"cordoba:pertenencias:mineria_pertenencias_mineras.239","provincia":"cordoba","provincia_nombre":"Córdoba","tipo":"mina","estado":"desconocido","geom_kind":"poligono","fuente_id":"cordoba.idecor.pertenencias","source_url":"https://idecor-ws.mapascordoba.gob.ar/geoserver/wfs?service=WFS&version=2.0.0&request=GetFeature&typeNames=idecor%3Amineria_pertenencias_mineras&outputFormat=application%2Fjson&count=2000&startIndex=0&srsName=EPSG%3A4326","source_layer":"idecor:mineria_pertenencias_mineras","source_fid":"mineria_pertenencias_mineras.239","source_srid":22173,"fetched_at":"2026-07-28T13:38:04+00:00","licencia":"no_especificada","expediente":"641","nombre":"LA SUPERIORA","mineral":["sal"],"mineral_origen":"SAL","superficie_ha_calc":59.4331}},{"type":"Feature","geometry":{"type":"MultiPolygon","coordinates":[[[[-64.6821,-29.8798],[-64.6821,-29.8776],[-64.6779,-29.8776],[-64.6779,-29.8798],[-64.6821,-29.8798]]]]},"properties":{"id":"cordoba:pertenencias:mineria_pertenencias_mineras.240","provincia":"cordoba","provincia_nombre":"Córdoba","tipo":"mina","estado":"desconocido","geom_kind":"poligono","fuente_id":"cordoba.idecor.pertenencias","source_url":"https://idecor-ws.mapascordoba.gob.ar/geoserver/wfs?service=WFS&version=2.0.0&request=GetFeature&typeNames=idecor%3Amineria_pertenencias_mineras&outputFormat=application%2Fjson&count=2000&startIndex=0&srsName=EPSG%3A4326","source_layer":"idecor:mineria_pertenencias_mineras","source_fid":"mineria_pertenencias_mineras.240","source_srid":22173,"fetched_at":"2026-07-28T13:38:04+00:00","licencia":"no_especificada","expediente":"745","nombre":"DEL SOCORRO","mineral":["sal"],"mineral_origen":"SAL","superficie_ha_calc":9.8947}},{"type":"Feature","geometry":{"type":"MultiPolygon","coordinates":[[[[-64.6883,-29.8798],[-64.6883,-29.8708],[-64.6873,-29.8708],[-64.6821,-29.8708],[-64.6821,-29.8751],[-64.6821,-29.8776],[-64.6821,-29.8798],[-64.6841,-29.8798],[-64.6883,-29.8798]]]]},"properties":{"id":"cordoba:pertenencias:mineria_pertenencias_mineras.241","provincia":"cordoba","provincia_nombre":"Córdoba","tipo":"mina","estado":"desconocido","geom_kind":"poligono","fuente_id":"cordoba.idecor.pertenencias","source_url":"https://idecor-ws.mapascordoba.gob.ar/geoserver/wfs?service=WFS&version=2.0.0&request=GetFeature&typeNames=idecor%3Amineria_pertenencias_mineras&outputFormat=application%2Fjson&count=2000&startIndex=0&srsName=EPSG%3A4326","source_layer":"idecor:mineria_pertenencias_mineras","source_fid":"mineria_pertenencias_mineras.241","source_srid":22173,"fetched_at":"2026-07-28T13:38:04+00:00","licencia":"no_especificada","expediente":"64","nombre":"GLORIA","mineral":["sal"],"mineral_origen":"SAL","superficie_ha_calc":59.7555}},{"type":"Feature","geometry":{"type":"MultiPolygon","coordinates":[[[[-64.7007,-29.8798],[-64.7007,-29.8708],[-64.6945,-29.8708],[-64.6945,-29.8798],[-64.7007,-29.8798]]]]},"properties":{"id":"cordoba:pertenencias:mineria_pertenencias_mineras.242","provincia":"cordoba","provincia_nombre":"Córdoba","tipo":"mina","estado":"desconocido","geom_kind":"poligono","fuente_id":"cordoba.idecor.pertenencias","source_url":"https://idecor-ws.mapascordoba.gob.ar/geoserver/wfs?service=WFS&version=2.0.0&request=GetFeature&typeNames=idecor%3Amineria_pertenencias_mineras&outputFormat=application%2Fjson&count=2000&startIndex=0&srsName=EPSG%3A4326","source_layer":"idecor:mineria_pertenencias_mineras","source_fid":"mineria_pertenencias_mineras.242","source_srid":22173,"fetched_at":"2026-07-28T13:38:04+00:00","licencia":"no_especificada","expediente":"780","nombre":"NECOCHEA","mineral":["sal"],"mineral_origen":"SAL","superficie_ha_calc":59.7556}},{"type":"Feature","geometry":{"type":"MultiPolygon","coordinates":[[[[-64.6779,-29.8685],[-64.6779,-29.8685],[-64.6779,-29.8751],[-64.6821,-29.8751],[-64.6821,-29.8708],[-64.6821,-29.8616],[-64.6779,-29.8616],[-64.6779,-29.8685]]]]},"properties":{"id":"cordoba:pertenencias:mineria_pertenencias_mineras.243","provincia":"cordoba","provincia_nombre":"Córdoba","tipo":"mina","estado":"desconocido","geom_kind":"poligono","fuente_id":"cordoba.idecor.pertenencias","source_url":"https://idecor-ws.mapascordoba.gob.ar/geoserver/wfs?service=WFS&version=2.0.0&request=GetFeature&typeNames=idecor%3Amineria_pertenencias_mineras&outputFormat=application%2Fjson&count=2000&startIndex=0&srsName=EPSG%3A4326","source_layer":"idecor:mineria_pertenencias_mineras","source_fid":"mineria_pertenencias_mineras.243","source_srid":22173,"fetched_at":"2026-07-28T13:38:04+00:00","licencia":"no_especificada","expediente":"268","nombre":"CONSTANTINOPLA","mineral":["sal"],"mineral_origen":"SAL","superficie_ha_calc":60.7235}},{"type":"Feature","geometry":{"type":"MultiPolygon","coordinates":[[[[-64.6821,-29.8616],[-64.6821,-29.8708],[-64.6873,-29.8708],[-64.6873,-29.86],[-64.6821,-29.86],[-64.6821,-29.8616]]]]},"properties":{"id":"cordoba:pertenencias:mineria_pertenencias_mineras.244","provincia":"cordoba","provincia_nombre":"Córdoba","tipo":"mina","estado":"desconocido","geom_kind":"poligono","fuente_id":"cordoba.idecor.pertenencias","source_url":"https://idecor-ws.mapascordoba.gob.ar/geoserver/wfs?service=WFS&version=2.0.0&request=GetFeature&typeNames=idecor%3Amineria_pertenencias_mineras&outputFormat=application%2Fjson&count=2000&startIndex=0&srsName=EPSG%3A4326","source_layer":"idecor:mineria_pertenencias_mineras","source_fid":"mineria_pertenencias_mineras.244","source_srid":22173,"fetched_at":"2026-07-28T13:38:04+00:00","licencia":"no_especificada","expediente":"779","nombre":"TIANITA","mineral":["sal"],"mineral_origen":"SAL","superficie_ha_calc":60.1469}},{"type":"Feature","geometry":{"type":"MultiPolygon","coordinates":[[[[-64.6873,-29.8708],[-64.6883,-29.8708],[-64.6883,-29.8618],[-64.6883,-29.86],[-64.6873,-29.86],[-64.6873,-29.8708]]]]},"properties":{"id":"cordoba:pertenencias:mineria_pertenencias_mineras.245","provincia":"cordoba","provincia_nombre":"Córdoba","tipo":"mina","estado":"desconocido","geom_kind":"poligono","fuente_id":"cordoba.idecor.pertenencias","source_url":"https://idecor-ws.mapascordoba.gob.ar/geoserver/wfs?service=WFS&version=2.0.0&request=GetFeature&typeNames=idecor%3Amineria_pertenencias_mineras&outputFormat=application%2Fjson&count=2000&startIndex=0&srsName=EPSG%3A4326","source_layer":"idecor:mineria_pertenencias_mineras","source_fid":"mineria_pertenencias_mineras.245","source_srid":22173,"fetched_at":"2026-07-28T13:38:04+00:00","licencia":"no_especificada","expediente":"491","nombre":"LA DULCE","mineral":["sal"],"mineral_origen":"SAL","superficie_ha_calc":11.5667}},{"type":"Feature","geometry":{"type":"MultiPolygon","coordinates":[[[[-64.7183,-29.819],[-64.7263,-29.8317],[-64.7356,-29.8279],[-64.7277,-29.8127],[-64.7183,-29.819]]]]},"properties":{"id":"cordoba:pertenencias:mineria_pertenencias_mineras.246","provincia":"cordoba","provincia_nombre":"Córdoba","tipo":"mina","estado":"desconocido","geom_kind":"poligono","fuente_id":"cordoba.idecor.pertenencias","source_url":"https://idecor-ws.mapascordoba.gob.ar/geoserver/wfs?service=WFS&version=2.0.0&request=GetFeature&typeNames=idecor%3Amineria_pertenencias_mineras&outputFormat=application%2Fjson&count=2000&startIndex=0&srsName=EPSG%3A4326","source_layer":"idecor:mineria_pertenencias_mineras","source_fid":"mineria_pertenencias_mineras.246","source_srid":22173,"fetched_at":"2026-07-28T13:38:04+00:00","licencia":"no_especificada","expediente":"11211","nombre":"VIDA NUEVA II","mineral":["sal"],"mineral_origen":"SAL","superficie_ha_calc":182.7652}},{"type":"Feature","geometry":{"type":"MultiPolygon","coordinates":[[[[-64.7757,-31.3839],[-64.7756,-31.3893],[-64.7788,-31.3893],[-64.7788,-31.3839],[-64.7757,-31.3839]]]]},"properties":{"id":"cordoba:pertenencias:mineria_pertenencias_mineras.247","provincia":"cordoba","provincia_nombre":"Córdoba","tipo":"mina","estado":"desconocido","geom_kind":"poligono","fuente_id":"cordoba.idecor.pertenencias","source_url":"https://idecor-ws.mapascordoba.gob.ar/geoserver/wfs?service=WFS&version=2.0.0&request=GetFeature&typeNames=idecor%3Amineria_pertenencias_mineras&outputFormat=application%2Fjson&count=2000&startIndex=0&srsName=EPSG%3A4326","source_layer":"idecor:mineria_pertenencias_mineras","source_fid":"mineria_pertenencias_mineras.247","source_srid":22173,"fetched_at":"2026-07-28T13:38:04+00:00","licencia":"no_especificada","expediente":"10440","nombre":"SANDRA","mineral":["Berilo","cuarzo","feldespato","mica"],"mineral_origen":"BERILO-CUARZO-FELDESPATO-MICA","superficie_ha_calc":17.9391}},{"type":"Feature","geometry":{"type":"MultiPolygon","coordinates":[[[[-64.6883,-29.8618],[-64.6883,-29.8708],[-64.6945,-29.8708],[-64.6945,-29.8618],[-64.6883,-29.8618]]]]},"properties":{"id":"cordoba:pertenencias:mineria_pertenencias_mineras.248","provincia":"cordoba","provincia_nombre":"Córdoba","tipo":"mina","estado":"desconocido","geom_kind":"poligono","fuente_id":"cordoba.idecor.pertenencias","source_url":"https://idecor-ws.mapascordoba.gob.ar/geoserver/wfs?service=WFS&version=2.0.0&request=GetFeature&typeNames=idecor%3Amineria_pertenencias_mineras&outputFormat=application%2Fjson&count=2000&startIndex=0&srsName=EPSG%3A4326","source_layer":"idecor:mineria_pertenencias_mineras","source_fid":"mineria_pertenencias_mineras.248","source_srid":22173,"fetched_at":"2026-07-28T13:38:04+00:00","licencia":"no_especificada","expediente":"74","nombre":"SUPERGA","mineral":["sal"],"mineral_origen":"SAL","superficie_ha_calc":59.7609}},{"type":"Feature","geometry":{"type":"MultiPolygon","coordinates":[[[[-64.6945,-29.8708],[-64.7007,-29.8708],[-64.7007,-29.8618],[-64.6945,-29.8618],[-64.6945,-29.8708]]]]},"properties":{"id":"cordoba:pertenencias:mineria_pertenencias_mineras.249","provincia":"cordoba","provincia_nombre":"Córdoba","tipo":"mina","estado":"desconocido","geom_kind":"poligono","fuente_id":"cordoba.idecor.pertenencias","source_url":"https://idecor-ws.mapascordoba.gob.ar/geoserver/wfs?service=WFS&version=2.0.0&request=GetFeature&typeNames=idecor%3Amineria_pertenencias_mineras&outputFormat=application%2Fjson&count=2000&startIndex=0&srsName=EPSG%3A4326","source_layer":"idecor:mineria_pertenencias_mineras","source_fid":"mineria_pertenencias_mineras.249","source_srid":22173,"fetched_at":"2026-07-28T13:38:04+00:00","licencia":"no_especificada","expediente":"272","nombre":"RIOJANA","mineral":["sal"],"mineral_origen":"SAL","superficie_ha_calc":59.7609}},{"type":"Feature","geometry":{"type":"MultiPolygon","coordinates":[[[[-64.7007,-29.8708],[-64.7069,-29.8708],[-64.7069,-29.8618],[-64.7007,-29.8618],[-64.7007,-29.8708]]]]},"properties":{"id":"cordoba:pertenencias:mineria_pertenencias_mineras.250","provincia":"cordoba","provincia_nombre":"Córdoba","tipo":"mina","estado":"desconocido","geom_kind":"poligono","fuente_id":"cordoba.idecor.pertenencias","source_url":"https://idecor-ws.mapascordoba.gob.ar/geoserver/wfs?service=WFS&version=2.0.0&request=GetFeature&typeNames=idecor%3Amineria_pertenencias_mineras&outputFormat=application%2Fjson&count=2000&startIndex=0&srsName=EPSG%3A4326","source_layer":"idecor:mineria_pertenencias_mineras","source_fid":"mineria_pertenencias_mineras.250","source_srid":22173,"fetched_at":"2026-07-28T13:38:04+00:00","licencia":"no_especificada","expediente":"276","nombre":"SALTEÑA","mineral":["sal"],"mineral_origen":"SAL","superficie_ha_calc":59.7609}},{"type":"Feature","geometry":{"type":"MultiPolygon","coordinates":[[[[-64.7007,-29.8618],[-64.7007,-29.8528],[-64.6945,-29.8528],[-64.6945,-29.8618],[-64.7007,-29.8618]]]]},"properties":{"id":"cordoba:pertenencias:mineria_pertenencias_mineras.251","provincia":"cordoba","provincia_nombre":"Córdoba","tipo":"mina","estado":"desconocido","geom_kind":"poligono","fuente_id":"cordoba.idecor.pertenencias","source_url":"https://idecor-ws.mapascordoba.gob.ar/geoserver/wfs?service=WFS&version=2.0.0&request=GetFeature&typeNames=idecor%3Amineria_pertenencias_mineras&outputFormat=application%2Fjson&count=2000&startIndex=0&srsName=EPSG%3A4326","source_layer":"idecor:mineria_pertenencias_mineras","source_fid":"mineria_pertenencias_mineras.251","source_srid":22173,"fetched_at":"2026-07-28T13:38:04+00:00","licencia":"no_especificada","expediente":"141","nombre":"QUIRQUINCHO","mineral":["sal"],"mineral_origen":"SAL","superficie_ha_calc":59.7661}},{"type":"Feature","geometry":{"type":"MultiPolygon","coordinates":[[[[-64.7069,-29.8618],[-64.7069,-29.86],[-64.7069,-29.8555],[-64.7052,-29.8528],[-64.7007,-29.8528],[-64.7007,-29.8618],[-64.7069,-29.8618],[-64.7069,-29.8618]]]]},"properties":{"id":"cordoba:pertenencias:mineria_pertenencias_mineras.252","provincia":"cordoba","provincia_nombre":"Córdoba","tipo":"mina","estado":"desconocido","geom_kind":"poligono","fuente_id":"cordoba.idecor.pertenencias","source_url":"https://idecor-ws.mapascordoba.gob.ar/geoserver/wfs?service=WFS&version=2.0.0&request=GetFeature&typeNames=idecor%3Amineria_pertenencias_mineras&outputFormat=application%2Fjson&count=2000&startIndex=0&srsName=EPSG%3A4326","source_layer":"idecor:mineria_pertenencias_mineras","source_fid":"mineria_pertenencias_mineras.252","source_srid":22173,"fetched_at":"2026-07-28T13:38:04+00:00","licencia":"no_especificada","expediente":"721","nombre":"LA TERCERA","mineral":["sal"],"mineral_origen":"SAL","superficie_ha_calc":57.308}},{"type":"Feature","geometry":{"type":"MultiPolygon","coordinates":[[[[-64.7171,-29.8553],[-64.7171,-29.8552],[-64.7217,-29.8531],[-64.7215,-29.8527],[-64.7195,-29.8496],[-64.716,-29.8512],[-64.7124,-29.8529],[-64.7146,-29.8564],[-64.7171,-29.8553]]]]},"properties":{"id":"cordoba:pertenencias:mineria_pertenencias_mineras.253","provincia":"cordoba","provincia_nombre":"Córdoba","tipo":"mina","estado":"desconocido","geom_kind":"poligono","fuente_id":"cordoba.idecor.pertenencias","source_url":"https://idecor-ws.mapascordoba.gob.ar/geoserver/wfs?service=WFS&version=2.0.0&request=GetFeature&typeNames=idecor%3Amineria_pertenencias_mineras&outputFormat=application%2Fjson&count=2000&startIndex=0&srsName=EPSG%3A4326","source_layer":"idecor:mineria_pertenencias_mineras","source_fid":"mineria_pertenencias_mineras.253","source_srid":22173,"fetched_at":"2026-07-28T13:38:04+00:00","licencia":"no_especificada","expediente":"448","nombre":"LA ISLA","mineral":["sal"],"mineral_origen":"SAL","superficie_ha_calc":34.5812}},{"type":"Feature","geometry":{"type":"MultiPolygon","coordinates":[[[[-64.7222,-29.8483],[-64.7192,-29.8435],[-64.7131,-29.8464],[-64.716,-29.8512],[-64.7195,-29.8496],[-64.7222,-29.8483]]]]},"properties":{"id":"cordoba:pertenencias:mineria_pertenencias_mineras.254","provincia":"cordoba","provincia_nombre":"Córdoba","tipo":"mina","estado":"desconocido","geom_kind":"poligono","fuente_id":"cordoba.idecor.pertenencias","source_url":"https://idecor-ws.mapascordoba.gob.ar/geoserver/wfs?service=WFS&version=2.0.0&request=GetFeature&typeNames=idecor%3Amineria_pertenencias_mineras&outputFormat=application%2Fjson&count=2000&startIndex=0&srsName=EPSG%3A4326","source_layer":"idecor:mineria_pertenencias_mineras","source_fid":"mineria_pertenencias_mineras.254","source_srid":22173,"fetched_at":"2026-07-28T13:38:04+00:00","licencia":"no_especificada","expediente":"72","nombre":"FORTUNA","mineral":["sal"],"mineral_origen":"SAL","superficie_ha_calc":40.9083}},{"type":"Feature","geometry":{"type":"MultiPolygon","coordinates":[[[[-64.7258,-29.8466],[-64.7195,-29.8496],[-64.7215,-29.8527],[-64.7276,-29.8499],[-64.7258,-29.8466]]]]},"properties":{"id":"cordoba:pertenencias:mineria_pertenencias_mineras.255","provincia":"cordoba","provincia_nombre":"Córdoba","tipo":"mina","estado":"desconocido","geom_kind":"poligono","fuente_id":"cordoba.idecor.pertenencias","source_url":"https://idecor-ws.mapascordoba.gob.ar/geoserver/wfs?service=WFS&version=2.0.0&request=GetFeature&typeNames=idecor%3Amineria_pertenencias_mineras&outputFormat=application%2Fjson&count=2000&startIndex=0&srsName=EPSG%3A4326","source_layer":"idecor:mineria_pertenencias_mineras","source_fid":"mineria_pertenencias_mineras.255","source_srid":22173,"fetched_at":"2026-07-28T13:38:04+00:00","licencia":"no_especificada","expediente":"324","nombre":"SAN ANTONIO","mineral":["sal"],"mineral_origen":"SAL","superficie_ha_calc":27.1538}},{"type":"Feature","geometry":{"type":"MultiPolygon","coordinates":[[[[-64.7042,-29.8465],[-64.7067,-29.8494],[-64.7122,-29.8424],[-64.7107,-29.839],[-64.705,-29.846],[-64.7042,-29.8465]]]]},"properties":{"id":"cordoba:pertenencias:mineria_pertenencias_mineras.256","provincia":"cordoba","provincia_nombre":"Córdoba","tipo":"mina","estado":"desconocido","geom_kind":"poligono","fuente_id":"cordoba.idecor.pertenencias","source_url":"https://idecor-ws.mapascordoba.gob.ar/geoserver/wfs?service=WFS&version=2.0.0&request=GetFeature&typeNames=idecor%3Amineria_pertenencias_mineras&outputFormat=application%2Fjson&count=2000&startIndex=0&srsName=EPSG%3A4326","source_layer":"idecor:mineria_pertenencias_mineras","source_fid":"mineria_pertenencias_mineras.256","source_srid":22173,"fetched_at":"2026-07-28T13:38:04+00:00","licencia":"no_especificada","expediente":"438","nombre":"LA LIDIA","mineral":["sal"],"mineral_origen":"SAL","superficie_ha_calc":34.3056}},{"type":"Feature","geometry":{"type":"MultiPolygon","coordinates":[[[[-64.717,-29.8408],[-64.7156,-29.8374],[-64.7107,-29.839],[-64.7122,-29.8424],[-64.717,-29.8408]]]]},"properties":{"id":"cordoba:pertenencias:mineria_pertenencias_mineras.257","provincia":"cordoba","provincia_nombre":"Córdoba","tipo":"mina","estado":"desconocido","geom_kind":"poligono","fuente_id":"cordoba.idecor.pertenencias","source_url":"https://idecor-ws.mapascordoba.gob.ar/geoserver/wfs?service=WFS&version=2.0.0&request=GetFeature&typeNames=idecor%3Amineria_pertenencias_mineras&outputFormat=application%2Fjson&count=2000&startIndex=0&srsName=EPSG%3A4326","source_layer":"idecor:mineria_pertenencias_mineras","source_fid":"mineria_pertenencias_mineras.257","source_srid":22173,"fetched_at":"2026-07-28T13:38:04+00:00","licencia":"no_especificada","expediente":"281","nombre":"SANTA TERESA","mineral":["sal"],"mineral_origen":"SAL","superficie_ha_calc":20.1504}},{"type":"Feature","geometry":{"type":"MultiPolygon","coordinates":[[[[-64.7271,-29.8426],[-64.7247,-29.8384],[-64.7219,-29.8393],[-64.7244,-29.8439],[-64.7271,-29.8426]]]]},"properties":{"id":"cordoba:pertenencias:mineria_pertenencias_mineras.258","provincia":"cordoba","provincia_nombre":"Córdoba","tipo":"mina","estado":"desconocido","geom_kind":"poligono","fuente_id":"cordoba.idecor.pertenencias","source_url":"https://idecor-ws.mapascordoba.gob.ar/geoserver/wfs?service=WFS&version=2.0.0&request=GetFeature&typeNames=idecor%3Amineria_pertenencias_mineras&outputFormat=application%2Fjson&count=2000&startIndex=0&srsName=EPSG%3A4326","source_layer":"idecor:mineria_pertenencias_mineras","source_fid":"mineria_pertenencias_mineras.258","source_srid":22173,"fetched_at":"2026-07-28T13:38:04+00:00","licencia":"no_especificada","expediente":"206","nombre":"AMELIA","mineral":["sal"],"mineral_origen":"SAL","superficie_ha_calc":15.8491}},{"type":"Feature","geometry":{"type":"MultiPolygon","coordinates":[[[[-64.7309,-29.856],[-64.7339,-29.8546],[-64.7271,-29.8426],[-64.7244,-29.8439],[-64.7258,-29.8466],[-64.7276,-29.8499],[-64.7309,-29.856]]]]},"properties":{"id":"cordoba:pertenencias:mineria_pertenencias_mineras.259","provincia":"cordoba","provincia_nombre":"Córdoba","tipo":"mina","estado":"desconocido","geom_kind":"poligono","fuente_id":"cordoba.idecor.pertenencias","source_url":"https://idecor-ws.mapascordoba.gob.ar/geoserver/wfs?service=WFS&version=2.0.0&request=GetFeature&typeNames=idecor%3Amineria_pertenencias_mineras&outputFormat=application%2Fjson&count=2000&startIndex=0&srsName=EPSG%3A4326","source_layer":"idecor:mineria_pertenencias_mineras","source_fid":"mineria_pertenencias_mineras.259","source_srid":22173,"fetched_at":"2026-07-28T13:38:04+00:00","licencia":"no_especificada","expediente":"365","nombre":"14 DE MAYO","mineral":["sal"],"mineral_origen":"SAL","superficie_ha_calc":46.6795}},{"type":"Feature","geometry":{"type":"MultiPolygon","coordinates":[[[[-64.7282,-29.8384],[-64.7371,-29.8542],[-64.7393,-29.8531],[-64.7367,-29.8489],[-64.7318,-29.841],[-64.7297,-29.8377],[-64.7282,-29.8384]]]]},"properties":{"id":"cordoba:pertenencias:mineria_pertenencias_mineras.260","provincia":"cordoba","provincia_nombre":"Córdoba","tipo":"mina","estado":"desconocido","geom_kind":"poligono","fuente_id":"cordoba.idecor.pertenencias","source_url":"https://idecor-ws.mapascordoba.gob.ar/geoserver/wfs?service=WFS&version=2.0.0&request=GetFeature&typeNames=idecor%3Amineria_pertenencias_mineras&outputFormat=application%2Fjson&count=2000&startIndex=0&srsName=EPSG%3A4326","source_layer":"idecor:mineria_pertenencias_mineras","source_fid":"mineria_pertenencias_mineras.260","source_srid":22173,"fetched_at":"2026-07-28T13:38:04+00:00","licencia":"no_especificada","expediente":"53","nombre":"LA ERNESTINA","mineral":["sal"],"mineral_origen":"SAL","superficie_ha_calc":40.2109}},{"type":"Feature","geometry":{"type":"MultiPolygon","coordinates":[[[[-64.7367,-29.8489],[-64.7426,-29.8461],[-64.7377,-29.8382],[-64.7318,-29.841],[-64.7367,-29.8489]]]]},"properties":{"id":"cordoba:pertenencias:mineria_pertenencias_mineras.261","provincia":"cordoba","provincia_nombre":"Córdoba","tipo":"mina","estado":"desconocido","geom_kind":"poligono","fuente_id":"cordoba.idecor.pertenencias","source_url":"https://idecor-ws.mapascordoba.gob.ar/geoserver/wfs?service=WFS&version=2.0.0&request=GetFeature&typeNames=idecor%3Amineria_pertenencias_mineras&outputFormat=application%2Fjson&count=2000&startIndex=0&srsName=EPSG%3A4326","source_layer":"idecor:mineria_pertenencias_mineras","source_fid":"mineria_pertenencias_mineras.261","source_srid":22173,"fetched_at":"2026-07-28T13:38:04+00:00","licencia":"no_especificada","expediente":"106","nombre":"LA VIÑA","mineral":["sal"],"mineral_origen":"SAL","superficie_ha_calc":64.6268}},{"type":"Feature","geometry":{"type":"MultiPolygon","coordinates":[[[[-64.7297,-29.8377],[-64.7318,-29.841],[-64.7377,-29.8382],[-64.7409,-29.8367],[-64.7389,-29.8335],[-64.7362,-29.8348],[-64.7353,-29.8339],[-64.7275,-29.8372],[-64.7282,-29.8384],[-64.7297,-29.8377]]]]},"properties":{"id":"cordoba:pertenencias:mineria_pertenencias_mineras.262","provincia":"cordoba","provincia_nombre":"Córdoba","tipo":"mina","estado":"desconocido","geom_kind":"poligono","fuente_id":"cordoba.idecor.pertenencias","source_url":"https://idecor-ws.mapascordoba.gob.ar/geoserver/wfs?service=WFS&version=2.0.0&request=GetFeature&typeNames=idecor%3Amineria_pertenencias_mineras&outputFormat=application%2Fjson&count=2000&startIndex=0&srsName=EPSG%3A4326","source_layer":"idecor:mineria_pertenencias_mineras","source_fid":"mineria_pertenencias_mineras.262","source_srid":22173,"fetched_at":"2026-07-28T13:38:04+00:00","licencia":"no_especificada","expediente":"806","nombre":"LA COLORADITA","mineral":["sal"],"mineral_origen":"SAL","superficie_ha_calc":52.5359}},{"type":"Feature","geometry":{"type":"MultiPolygon","coordinates":[[[[-64.9381,-33.1608],[-64.9355,-33.1658],[-64.9375,-33.1665],[-64.94,-33.1615],[-64.9381,-33.1608]]]]},"properties":{"id":"cordoba:pertenencias:mineria_pertenencias_mineras.263","provincia":"cordoba","provincia_nombre":"Córdoba","tipo":"mina","estado":"desconocido","geom_kind":"poligono","fuente_id":"cordoba.idecor.pertenencias","source_url":"https://idecor-ws.mapascordoba.gob.ar/geoserver/wfs?service=WFS&version=2.0.0&request=GetFeature&typeNames=idecor%3Amineria_pertenencias_mineras&outputFormat=application%2Fjson&count=2000&startIndex=0&srsName=EPSG%3A4326","source_layer":"idecor:mineria_pertenencias_mineras","source_fid":"mineria_pertenencias_mineras.263","source_srid":22173,"fetched_at":"2026-07-28T13:38:04+00:00","licencia":"no_especificada","expediente":"8904","nombre":"CENTAURO","mineral":["cuarzo","feldespato"],"mineral_origen":"CUARZO-FELDESPATO","superficie_ha_calc":11.9335}},{"type":"Feature","geometry":{"type":"MultiPolygon","coordinates":[[[[-64.833,-32.8757],[-64.8351,-32.8736],[-64.8334,-32.8724],[-64.8314,-32.8745],[-64.833,-32.8757]]]]},"properties":{"id":"cordoba:pertenencias:mineria_pertenencias_mineras.264","provincia":"cordoba","provincia_nombre":"Córdoba","tipo":"mina","estado":"desconocido","geom_kind":"poligono","fuente_id":"cordoba.idecor.pertenencias","source_url":"https://idecor-ws.mapascordoba.gob.ar/geoserver/wfs?service=WFS&version=2.0.0&request=GetFeature&typeNames=idecor%3Amineria_pertenencias_mineras&outputFormat=application%2Fjson&count=2000&startIndex=0&srsName=EPSG%3A4326","source_layer":"idecor:mineria_pertenencias_mineras","source_fid":"mineria_pertenencias_mineras.264","source_srid":22173,"fetched_at":"2026-07-28T13:38:04+00:00","licencia":"no_especificada","expediente":"7558","nombre":"ANIBAL","mineral":["cuarzo"],"mineral_origen":"CUARZO","superficie_ha_calc":6.1495}},{"type":"Feature","geometry":{"type":"MultiPolygon","coordinates":[[[[-64.7458,-29.8447],[-64.7419,-29.8383],[-64.7409,-29.8367],[-64.7377,-29.8382],[-64.7426,-29.8461],[-64.7458,-29.8447]]]]},"properties":{"id":"cordoba:pertenencias:mineria_pertenencias_mineras.265","provincia":"cordoba","provincia_nombre":"Córdoba","tipo":"mina","estado":"desconocido","geom_kind":"poligono","fuente_id":"cordoba.idecor.pertenencias","source_url":"https://idecor-ws.mapascordoba.gob.ar/geoserver/wfs?service=WFS&version=2.0.0&request=GetFeature&typeNames=idecor%3Amineria_pertenencias_mineras&outputFormat=application%2Fjson&count=2000&startIndex=0&srsName=EPSG%3A4326","source_layer":"idecor:mineria_pertenencias_mineras","source_fid":"mineria_pertenencias_mineras.265","source_srid":22173,"fetched_at":"2026-07-28T13:38:04+00:00","licencia":"no_especificada","expediente":"813","nombre":"LA PARRA","mineral":["sal"],"mineral_origen":"SAL","superficie_ha_calc":34.9497}},{"type":"Feature","geometry":{"type":"MultiPolygon","coordinates":[[[[-64.7455,-29.8366],[-64.7446,-29.8352],[-64.7406,-29.8286],[-64.737,-29.8304],[-64.7389,-29.8335],[-64.7409,-29.8367],[-64.7419,-29.8383],[-64.7455,-29.8366]]]]},"properties":{"id":"cordoba:pertenencias:mineria_pertenencias_mineras.266","provincia":"cordoba","provincia_nombre":"Córdoba","tipo":"mina","estado":"desconocido","geom_kind":"poligono","fuente_id":"cordoba.idecor.pertenencias","source_url":"https://idecor-ws.mapascordoba.gob.ar/geoserver/wfs?service=WFS&version=2.0.0&request=GetFeature&typeNames=idecor%3Amineria_pertenencias_mineras&outputFormat=application%2Fjson&count=2000&startIndex=0&srsName=EPSG%3A4326","source_layer":"idecor:mineria_pertenencias_mineras","source_fid":"mineria_pertenencias_mineras.266","source_srid":22173,"fetched_at":"2026-07-28T13:38:04+00:00","licencia":"no_especificada","expediente":"774","nombre":"MANSILLA","mineral":["sal"],"mineral_origen":"SAL","superficie_ha_calc":39.7621}},{"type":"Feature","geometry":{"type":"MultiPolygon","coordinates":[[[[-64.749,-29.83],[-64.7468,-29.8311],[-64.7443,-29.8269],[-64.7406,-29.8286],[-64.7446,-29.8352],[-64.7505,-29.8324],[-64.749,-29.83]]]]},"properties":{"id":"cordoba:pertenencias:mineria_pertenencias_mineras.267","provincia":"cordoba","provincia_nombre":"Córdoba","tipo":"mina","estado":"desconocido","geom_kind":"poligono","fuente_id":"cordoba.idecor.pertenencias","source_url":"https://idecor-ws.mapascordoba.gob.ar/geoserver/wfs?service=WFS&version=2.0.0&request=GetFeature&typeNames=idecor%3Amineria_pertenencias_mineras&outputFormat=application%2Fjson&count=2000&startIndex=0&srsName=EPSG%3A4326","source_layer":"idecor:mineria_pertenencias_mineras","source_fid":"mineria_pertenencias_mineras.267","source_srid":22173,"fetched_at":"2026-07-28T13:38:04+00:00","licencia":"no_especificada","expediente":"1001","nombre":"REMATE","mineral":["sal"],"mineral_origen":"SAL","superficie_ha_calc":40.535}},{"type":"Feature","geometry":{"type":"MultiPolygon","coordinates":[[[[-64.1127,-29.9266],[-64.1148,-29.9266],[-64.115,-29.9185],[-64.1129,-29.9185],[-64.1127,-29.9266]]]]},"properties":{"id":"cordoba:pertenencias:mineria_pertenencias_mineras.268","provincia":"cordoba","provincia_nombre":"Córdoba","tipo":"mina","estado":"desconocido","geom_kind":"poligono","fuente_id":"cordoba.idecor.pertenencias","source_url":"https://idecor-ws.mapascordoba.gob.ar/geoserver/wfs?service=WFS&version=2.0.0&request=GetFeature&typeNames=idecor%3Amineria_pertenencias_mineras&outputFormat=application%2Fjson&count=2000&startIndex=0&srsName=EPSG%3A4326","source_layer":"idecor:mineria_pertenencias_mineras","source_fid":"mineria_pertenencias_mineras.268","source_srid":22173,"fetched_at":"2026-07-28T13:38:04+00:00","licencia":"no_especificada","expediente":"5715","nombre":"FATIMA Nº 3","mineral":["Mn"],"mineral_origen":"MINERAL DE MANGANESO","superficie_ha_calc":18.2074}},{"type":"Feature","geometry":{"type":"MultiPolygon","coordinates":[[[[-64.1174,-29.8884],[-64.1194,-29.8887],[-64.1207,-29.8835],[-64.1197,-29.8833],[-64.1187,-29.8831],[-64.1174,-29.8884]]]]},"properties":{"id":"cordoba:pertenencias:mineria_pertenencias_mineras.269","provincia":"cordoba","provincia_nombre":"Córdoba","tipo":"mina","estado":"desconocido","geom_kind":"poligono","fuente_id":"cordoba.idecor.pertenencias","source_url":"https://idecor-ws.mapascordoba.gob.ar/geoserver/wfs?service=WFS&version=2.0.0&request=GetFeature&typeNames=idecor%3Amineria_pertenencias_mineras&outputFormat=application%2Fjson&count=2000&startIndex=0&srsName=EPSG%3A4326","source_layer":"idecor:mineria_pertenencias_mineras","source_fid":"mineria_pertenencias_mineras.269","source_srid":22173,"fetched_at":"2026-07-28T13:38:04+00:00","licencia":"no_especificada","expediente":"5732","nombre":"FATIMA Nº 2","mineral":["Mn"],"mineral_origen":"MINERAL DE MANGANESO","superficie_ha_calc":11.7304}},{"type":"Feature","geometry":{"type":"MultiPolygon","coordinates":[[[[-64.0905,-29.7126],[-64.0917,-29.7124],[-64.0912,-29.7079],[-64.09,-29.7081],[-64.0905,-29.7126]]]]},"properties":{"id":"cordoba:pertenencias:mineria_pertenencias_mineras.270","provincia":"cordoba","provincia_nombre":"Córdoba","tipo":"mina","estado":"desconocido","geom_kind":"poligono","fuente_id":"cordoba.idecor.pertenencias","source_url":"https://idecor-ws.mapascordoba.gob.ar/geoserver/wfs?service=WFS&version=2.0.0&request=GetFeature&typeNames=idecor%3Amineria_pertenencias_mineras&outputFormat=application%2Fjson&count=2000&startIndex=0&srsName=EPSG%3A4326","source_layer":"idecor:mineria_pertenencias_mineras","source_fid":"mineria_pertenencias_mineras.270","source_srid":22173,"fetched_at":"2026-07-28T13:38:04+00:00","licencia":"no_especificada","expediente":"487","nombre":"POCHITA","mineral":["Baritina"],"mineral_origen":"BARITINA","superficie_ha_calc":5.8994}},{"type":"Feature","geometry":{"type":"MultiPolygon","coordinates":[[[[-64.0934,-29.7082],[-64.093,-29.7055],[-64.091,-29.7057],[-64.0913,-29.7084],[-64.0934,-29.7082]]]]},"properties":{"id":"cordoba:pertenencias:mineria_pertenencias_mineras.271","provincia":"cordoba","provincia_nombre":"Córdoba","tipo":"mina","estado":"desconocido","geom_kind":"poligono","fuente_id":"cordoba.idecor.pertenencias","source_url":"https://idecor-ws.mapascordoba.gob.ar/geoserver/wfs?service=WFS&version=2.0.0&request=GetFeature&typeNames=idecor%3Amineria_pertenencias_mineras&outputFormat=application%2Fjson&count=2000&startIndex=0&srsName=EPSG%3A4326","source_layer":"idecor:mineria_pertenencias_mineras","source_fid":"mineria_pertenencias_mineras.271","source_srid":22173,"fetched_at":"2026-07-28T13:38:04+00:00","licencia":"no_especificada","expediente":"1059","nombre":"PEDRITO","mineral":["Baritina"],"mineral_origen":"BARITINA","superficie_ha_calc":6.0122}},{"type":"Feature","geometry":{"type":"MultiPolygon","coordinates":[[[[-64.0883,-29.6909],[-64.0891,-29.6909],[-64.0874,-29.6839],[-64.0869,-29.6838],[-64.0866,-29.6838],[-64.0883,-29.6909]]]]},"properties":{"id":"cordoba:pertenencias:mineria_pertenencias_mineras.272","provincia":"cordoba","provincia_nombre":"Córdoba","tipo":"mina","estado":"desconocido","geom_kind":"poligono","fuente_id":"cordoba.idecor.pertenencias","source_url":"https://idecor-ws.mapascordoba.gob.ar/geoserver/wfs?service=WFS&version=2.0.0&request=GetFeature&typeNames=idecor%3Amineria_pertenencias_mineras&outputFormat=application%2Fjson&count=2000&startIndex=0&srsName=EPSG%3A4326","source_layer":"idecor:mineria_pertenencias_mineras","source_fid":"mineria_pertenencias_mineras.272","source_srid":22173,"fetched_at":"2026-07-28T13:38:04+00:00","licencia":"no_especificada","expediente":"484","nombre":"STELLA","mineral":["Baritina"],"mineral_origen":"BARITINA","superficie_ha_calc":5.9758}},{"type":"Feature","geometry":{"type":"MultiPolygon","coordinates":[[[[-64.0879,-29.6839],[-64.0867,-29.6786],[-64.0859,-29.6785],[-64.0856,-29.6785],[-64.0869,-29.6838],[-64.0874,-29.6839],[-64.0879,-29.6839]]]]},"properties":{"id":"cordoba:pertenencias:mineria_pertenencias_mineras.273","provincia":"cordoba","provincia_nombre":"Córdoba","tipo":"mina","estado":"desconocido","geom_kind":"poligono","fuente_id":"cordoba.idecor.pertenencias","source_url":"https://idecor-ws.mapascordoba.gob.ar/geoserver/wfs?service=WFS&version=2.0.0&request=GetFeature&typeNames=idecor%3Amineria_pertenencias_mineras&outputFormat=application%2Fjson&count=2000&startIndex=0&srsName=EPSG%3A4326","source_layer":"idecor:mineria_pertenencias_mineras","source_fid":"mineria_pertenencias_mineras.273","source_srid":22173,"fetched_at":"2026-07-28T13:38:04+00:00","licencia":"no_especificada","expediente":"485","nombre":"BLANCA  ","mineral":["Baritina"],"mineral_origen":"BARITINA","superficie_ha_calc":5.8796}},{"type":"Feature","geometry":{"type":"MultiPolygon","coordinates":[[[[-64.0859,-29.6785],[-64.0867,-29.6786],[-64.0868,-29.6786],[-64.0854,-29.6728],[-64.0845,-29.6728],[-64.0859,-29.6785]]]]},"properties":{"id":"cordoba:pertenencias:mineria_pertenencias_mineras.274","provincia":"cordoba","provincia_nombre":"Córdoba","tipo":"mina","estado":"desconocido","geom_kind":"poligono","fuente_id":"cordoba.idecor.pertenencias","source_url":"https://idecor-ws.mapascordoba.gob.ar/geoserver/wfs?service=WFS&version=2.0.0&request=GetFeature&typeNames=idecor%3Amineria_pertenencias_mineras&outputFormat=application%2Fjson&count=2000&startIndex=0&srsName=EPSG%3A4326","source_layer":"idecor:mineria_pertenencias_mineras","source_fid":"mineria_pertenencias_mineras.274","source_srid":22173,"fetched_at":"2026-07-28T13:38:04+00:00","licencia":"no_especificada","expediente":"486","nombre":"CARMEN","mineral":["Baritina"],"mineral_origen":"BARITINA","superficie_ha_calc":5.4829}},{"type":"Feature","geometry":{"type":"MultiPolygon","coordinates":[[[[-64.0851,-29.5992],[-64.0863,-29.5939],[-64.0843,-29.5936],[-64.0831,-29.5988],[-64.0851,-29.5992]]]]},"properties":{"id":"cordoba:pertenencias:mineria_pertenencias_mineras.275","provincia":"cordoba","provincia_nombre":"Córdoba","tipo":"mina","estado":"desconocido","geom_kind":"poligono","fuente_id":"cordoba.idecor.pertenencias","source_url":"https://idecor-ws.mapascordoba.gob.ar/geoserver/wfs?service=WFS&version=2.0.0&request=GetFeature&typeNames=idecor%3Amineria_pertenencias_mineras&outputFormat=application%2Fjson&count=2000&startIndex=0&srsName=EPSG%3A4326","source_layer":"idecor:mineria_pertenencias_mineras","source_fid":"mineria_pertenencias_mineras.275","source_srid":22173,"fetched_at":"2026-07-28T13:38:04+00:00","licencia":"no_especificada","expediente":"573","nombre":"24 DE SEPTIEMBRE (AMPLIACION)","mineral":["Fe","Mn"],"mineral_origen":"MINERAL DE HIERRO-MANGANESO","superficie_ha_calc":11.726}},{"type":"Feature","geometry":{"type":"MultiPolygon","coordinates":[[[[-64.1048,-29.5751],[-64.1017,-29.5752],[-64.1017,-29.577],[-64.1048,-29.5769],[-64.1048,-29.5751]]]]},"properties":{"id":"cordoba:pertenencias:mineria_pertenencias_mineras.276","provincia":"cordoba","provincia_nombre":"Córdoba","tipo":"mina","estado":"desconocido","geom_kind":"poligono","fuente_id":"cordoba.idecor.pertenencias","source_url":"https://idecor-ws.mapascordoba.gob.ar/geoserver/wfs?service=WFS&version=2.0.0&request=GetFeature&typeNames=idecor%3Amineria_pertenencias_mineras&outputFormat=application%2Fjson&count=2000&startIndex=0&srsName=EPSG%3A4326","source_layer":"idecor:mineria_pertenencias_mineras","source_fid":"mineria_pertenencias_mineras.276","source_srid":22173,"fetched_at":"2026-07-28T13:38:04+00:00","licencia":"no_especificada","expediente":"3655","nombre":"SAN JOSE","mineral":["Mn"],"mineral_origen":"MINERAL DE MANGANESO","superficie_ha_calc":5.993}},{"type":"Feature","geometry":{"type":"MultiPolygon","coordinates":[[[[-64.0853,-29.5844],[-64.0873,-29.5847],[-64.0896,-29.5741],[-64.0875,-29.5737],[-64.0853,-29.5844]]]]},"properties":{"id":"cordoba:pertenencias:mineria_pertenencias_mineras.277","provincia":"cordoba","provincia_nombre":"Córdoba","tipo":"mina","estado":"desconocido","geom_kind":"poligono","fuente_id":"cordoba.idecor.pertenencias","source_url":"https://idecor-ws.mapascordoba.gob.ar/geoserver/wfs?service=WFS&version=2.0.0&request=GetFeature&typeNames=idecor%3Amineria_pertenencias_mineras&outputFormat=application%2Fjson&count=2000&startIndex=0&srsName=EPSG%3A4326","source_layer":"idecor:mineria_pertenencias_mineras","source_fid":"mineria_pertenencias_mineras.277","source_srid":22173,"fetched_at":"2026-07-28T13:38:04+00:00","licencia":"no_especificada","expediente":"572","nombre":"25 DE MAYO","mineral":["Fe","Mn"],"mineral_origen":"MINERAL DE HIERRO-MANGANESO","superficie_ha_calc":24.2937}},{"type":"Feature","geometry":{"type":"MultiPolygon","coordinates":[[[[-64.079,-29.5663],[-64.0763,-29.5677],[-64.0774,-29.5692],[-64.08,-29.5678],[-64.079,-29.5663]]]]},"properties":{"id":"cordoba:pertenencias:mineria_pertenencias_mineras.278","provincia":"cordoba","provincia_nombre":"Córdoba","tipo":"mina","estado":"desconocido","geom_kind":"poligono","fuente_id":"cordoba.idecor.pertenencias","source_url":"https://idecor-ws.mapascordoba.gob.ar/geoserver/wfs?service=WFS&version=2.0.0&request=GetFeature&typeNames=idecor%3Amineria_pertenencias_mineras&outputFormat=application%2Fjson&count=2000&startIndex=0&srsName=EPSG%3A4326","source_layer":"idecor:mineria_pertenencias_mineras","source_fid":"mineria_pertenencias_mineras.278","source_srid":22173,"fetched_at":"2026-07-28T13:38:04+00:00","licencia":"no_especificada","expediente":"2467","nombre":"ISLA VERDE","mineral":["Mn"],"mineral_origen":"MINERAL DE MANGANESO","superficie_ha_calc":5.8485}},{"type":"Feature","geometry":{"type":"MultiPolygon","coordinates":[[[[-64.1061,-29.5617],[-64.1001,-29.5629],[-64.1007,-29.5656],[-64.101,-29.5665],[-64.107,-29.5653],[-64.1061,-29.5617]]]]},"properties":{"id":"cordoba:pertenencias:mineria_pertenencias_mineras.279","provincia":"cordoba","provincia_nombre":"Córdoba","tipo":"mina","estado":"desconocido","geom_kind":"poligono","fuente_id":"cordoba.idecor.pertenencias","source_url":"https://idecor-ws.mapascordoba.gob.ar/geoserver/wfs?service=WFS&version=2.0.0&request=GetFeature&typeNames=idecor%3Amineria_pertenencias_mineras&outputFormat=application%2Fjson&count=2000&startIndex=0&srsName=EPSG%3A4326","source_layer":"idecor:mineria_pertenencias_mineras","source_fid":"mineria_pertenencias_mineras.279","source_srid":22173,"fetched_at":"2026-07-28T13:38:04+00:00","licencia":"no_especificada","expediente":"6288","nombre":"ESTACA MINA 12 DE OCTUBRE","mineral":["Fe","Mn"],"mineral_origen":"MINERAL DE HIERRO-MANGANESO","superficie_ha_calc":24.5066}},{"type":"Feature","geometry":{"type":"MultiPolygon","coordinates":[[[[-64.1009,-29.5592],[-64.1011,-29.5574],[-64.095,-29.5568],[-64.0948,-29.5586],[-64.1009,-29.5592]]]]},"properties":{"id":"cordoba:pertenencias:mineria_pertenencias_mineras.280","provincia":"cordoba","provincia_nombre":"Córdoba","tipo":"mina","estado":"desconocido","geom_kind":"poligono","fuente_id":"cordoba.idecor.pertenencias","source_url":"https://idecor-ws.mapascordoba.gob.ar/geoserver/wfs?service=WFS&version=2.0.0&request=GetFeature&typeNames=idecor%3Amineria_pertenencias_mineras&outputFormat=application%2Fjson&count=2000&startIndex=0&srsName=EPSG%3A4326","source_layer":"idecor:mineria_pertenencias_mineras","source_fid":"mineria_pertenencias_mineras.280","source_srid":22173,"fetched_at":"2026-07-28T13:38:04+00:00","licencia":"no_especificada","expediente":"8255","nombre":"DIFUNTA CORREA","mineral":["Mn"],"mineral_origen":"MINERAL DE MANGANESO","superficie_ha_calc":11.9237}},{"type":"Feature","geometry":{"type":"MultiPolygon","coordinates":[[[[-64.1238,-29.8592],[-64.1219,-29.8585],[-64.1206,-29.8609],[-64.1224,-29.8616],[-64.1238,-29.8592]]]]},"properties":{"id":"cordoba:pertenencias:mineria_pertenencias_mineras.281","provincia":"cordoba","provincia_nombre":"Córdoba","tipo":"mina","estado":"desconocido","geom_kind":"poligono","fuente_id":"cordoba.idecor.pertenencias","source_url":"https://idecor-ws.mapascordoba.gob.ar/geoserver/wfs?service=WFS&version=2.0.0&request=GetFeature&typeNames=idecor%3Amineria_pertenencias_mineras&outputFormat=application%2Fjson&count=2000&startIndex=0&srsName=EPSG%3A4326","source_layer":"idecor:mineria_pertenencias_mineras","source_fid":"mineria_pertenencias_mineras.281","source_srid":22173,"fetched_at":"2026-07-28T13:38:04+00:00","licencia":"no_especificada","expediente":"1","nombre":"TRES LOMITAS (IV PERT.)","mineral":["Mn"],"mineral_origen":"MINERAL DE MANGANESO","superficie_ha_calc":5.7676}},{"type":"Feature","geometry":{"type":"MultiPolygon","coordinates":[[[[-64.1211,-29.8641],[-64.1192,-29.8633],[-64.1179,-29.8657],[-64.1197,-29.8665],[-64.1211,-29.8641]]]]},"properties":{"id":"cordoba:pertenencias:mineria_pertenencias_mineras.282","provincia":"cordoba","provincia_nombre":"Córdoba","tipo":"mina","estado":"desconocido","geom_kind":"poligono","fuente_id":"cordoba.idecor.pertenencias","source_url":"https://idecor-ws.mapascordoba.gob.ar/geoserver/wfs?service=WFS&version=2.0.0&request=GetFeature&typeNames=idecor%3Amineria_pertenencias_mineras&outputFormat=application%2Fjson&count=2000&startIndex=0&srsName=EPSG%3A4326","source_layer":"idecor:mineria_pertenencias_mineras","source_fid":"mineria_pertenencias_mineras.282","source_srid":22173,"fetched_at":"2026-07-28T13:38:04+00:00","licencia":"no_especificada","expediente":"1","nombre":"TRES LOMITAS (IV PERT.)","mineral":["Mn"],"mineral_origen":"MINERAL DE MANGANESO","superficie_ha_calc":5.9119}},{"type":"Feature","geometry":{"type":"MultiPolygon","coordinates":[[[[-64.1233,-29.8674],[-64.124,-29.8648],[-64.122,-29.8644],[-64.1213,-29.867],[-64.1233,-29.8674]]]]},"properties":{"id":"cordoba:pertenencias:mineria_pertenencias_mineras.283","provincia":"cordoba","provincia_nombre":"Córdoba","tipo":"mina","estado":"desconocido","geom_kind":"poligono","fuente_id":"cordoba.idecor.pertenencias","source_url":"https://idecor-ws.mapascordoba.gob.ar/geoserver/wfs?service=WFS&version=2.0.0&request=GetFeature&typeNames=idecor%3Amineria_pertenencias_mineras&outputFormat=application%2Fjson&count=2000&startIndex=0&srsName=EPSG%3A4326","source_layer":"idecor:mineria_pertenencias_mineras","source_fid":"mineria_pertenencias_mineras.283","source_srid":22173,"fetched_at":"2026-07-28T13:38:04+00:00","licencia":"no_especificada","expediente":"1","nombre":"TRES LOMITAS (IV PERT.)","mineral":["Mn"],"mineral_origen":"MINERAL DE MANGANESO","superficie_ha_calc":5.869}},{"type":"Feature","geometry":{"type":"MultiPolygon","coordinates":[[[[-64.1193,-29.8749],[-64.1214,-29.8753],[-64.1227,-29.87],[-64.1206,-29.8696],[-64.1193,-29.8749]]]]},"properties":{"id":"cordoba:pertenencias:mineria_pertenencias_mineras.284","provincia":"cordoba","provincia_nombre":"Córdoba","tipo":"mina","estado":"desconocido","geom_kind":"poligono","fuente_id":"cordoba.idecor.pertenencias","source_url":"https://idecor-ws.mapascordoba.gob.ar/geoserver/wfs?service=WFS&version=2.0.0&request=GetFeature&typeNames=idecor%3Amineria_pertenencias_mineras&outputFormat=application%2Fjson&count=2000&startIndex=0&srsName=EPSG%3A4326","source_layer":"idecor:mineria_pertenencias_mineras","source_fid":"mineria_pertenencias_mineras.284","source_srid":22173,"fetched_at":"2026-07-28T13:38:04+00:00","licencia":"no_especificada","expediente":"1","nombre":"TRES LOMITAS (IV PERT.)","mineral":["Mn"],"mineral_origen":"MINERAL DE MANGANESO","superficie_ha_calc":12.4762}},{"type":"Feature","geometry":{"type":"MultiPolygon","coordinates":[[[[-64.081,-29.5985],[-64.0831,-29.5988],[-64.0843,-29.5936],[-64.0823,-29.5932],[-64.081,-29.5985]]]]},"properties":{"id":"cordoba:pertenencias:mineria_pertenencias_mineras.285","provincia":"cordoba","provincia_nombre":"Córdoba","tipo":"mina","estado":"desconocido","geom_kind":"poligono","fuente_id":"cordoba.idecor.pertenencias","source_url":"https://idecor-ws.mapascordoba.gob.ar/geoserver/wfs?service=WFS&version=2.0.0&request=GetFeature&typeNames=idecor%3Amineria_pertenencias_mineras&outputFormat=application%2Fjson&count=2000&startIndex=0&srsName=EPSG%3A4326","source_layer":"idecor:mineria_pertenencias_mineras","source_fid":"mineria_pertenencias_mineras.285","source_srid":22173,"fetched_at":"2026-07-28T13:38:04+00:00","licencia":"no_especificada","expediente":"573","nombre":"24 DE SEPTIEMBRE (AMPLIACION)","mineral":["Fe","Mn"],"mineral_origen":"MINERAL DE HIERRO-MANGANESO","superficie_ha_calc":12.0267}},{"type":"Feature","geometry":{"type":"MultiPolygon","coordinates":[[[[-64.6752,-29.8888],[-64.6759,-29.8888],[-64.6759,-29.8798],[-64.6697,-29.8798],[-64.6697,-29.8888],[-64.6752,-29.8888]]]]},"properties":{"id":"cordoba:pertenencias:mineria_pertenencias_mineras.286","provincia":"cordoba","provincia_nombre":"Córdoba","tipo":"mina","estado":"desconocido","geom_kind":"poligono","fuente_id":"cordoba.idecor.pertenencias","source_url":"https://idecor-ws.mapascordoba.gob.ar/geoserver/wfs?service=WFS&version=2.0.0&request=GetFeature&typeNames=idecor%3Amineria_pertenencias_mineras&outputFormat=application%2Fjson&count=2000&startIndex=0&srsName=EPSG%3A4326","source_layer":"idecor:mineria_pertenencias_mineras","source_fid":"mineria_pertenencias_mineras.286","source_srid":22173,"fetched_at":"2026-07-28T13:38:04+00:00","licencia":"no_especificada","expediente":"273 BIS","nombre":"SANTA MARIA","mineral":["sal"],"mineral_origen":"SAL","superficie_ha_calc":59.7502}},{"type":"Feature","geometry":{"type":"MultiPolygon","coordinates":[[[[-64.7171,-30.0397],[-64.7088,-30.0397],[-64.7088,-30.0464],[-64.7171,-30.0464],[-64.7171,-30.0397]]]]},"properties":{"id":"cordoba:pertenencias:mineria_pertenencias_mineras.287","provincia":"cordoba","provincia_nombre":"Córdoba","tipo":"mina","estado":"desconocido","geom_kind":"poligono","fuente_id":"cordoba.idecor.pertenencias","source_url":"https://idecor-ws.mapascordoba.gob.ar/geoserver/wfs?service=WFS&version=2.0.0&request=GetFeature&typeNames=idecor%3Amineria_pertenencias_mineras&outputFormat=application%2Fjson&count=2000&startIndex=0&srsName=EPSG%3A4326","source_layer":"idecor:mineria_pertenencias_mineras","source_fid":"mineria_pertenencias_mineras.287","source_srid":22173,"fetched_at":"2026-07-28T13:38:04+00:00","licencia":"no_especificada","expediente":"97","nombre":"CATUÑA","mineral":["sal"],"mineral_origen":"SAL","superficie_ha_calc":59.4537}},{"type":"Feature","geometry":{"type":"MultiPolygon","coordinates":[[[[-64.6974,-30.0487],[-64.6974,-30.0397],[-64.6943,-30.0397],[-64.6943,-30.0487],[-64.6974,-30.0487]]]]},"properties":{"id":"cordoba:pertenencias:mineria_pertenencias_mineras.288","provincia":"cordoba","provincia_nombre":"Córdoba","tipo":"mina","estado":"desconocido","geom_kind":"poligono","fuente_id":"cordoba.idecor.pertenencias","source_url":"https://idecor-ws.mapascordoba.gob.ar/geoserver/wfs?service=WFS&version=2.0.0&request=GetFeature&typeNames=idecor%3Amineria_pertenencias_mineras&outputFormat=application%2Fjson&count=2000&startIndex=0&srsName=EPSG%3A4326","source_layer":"idecor:mineria_pertenencias_mineras","source_fid":"mineria_pertenencias_mineras.288","source_srid":22173,"fetched_at":"2026-07-28T13:38:04+00:00","licencia":"no_especificada","expediente":"201","nombre":"LOS ANGELES","mineral":["sal"],"mineral_origen":"SAL","superficie_ha_calc":29.8281}},{"type":"Feature","geometry":{"type":"MultiPolygon","coordinates":[[[[-64.7088,-30.0329],[-64.7005,-30.0329],[-64.7005,-30.0397],[-64.7088,-30.0397],[-64.7088,-30.0329]]]]},"properties":{"id":"cordoba:pertenencias:mineria_pertenencias_mineras.289","provincia":"cordoba","provincia_nombre":"Córdoba","tipo":"mina","estado":"desconocido","geom_kind":"poligono","fuente_id":"cordoba.idecor.pertenencias","source_url":"https://idecor-ws.mapascordoba.gob.ar/geoserver/wfs?service=WFS&version=2.0.0&request=GetFeature&typeNames=idecor%3Amineria_pertenencias_mineras&outputFormat=application%2Fjson&count=2000&startIndex=0&srsName=EPSG%3A4326","source_layer":"idecor:mineria_pertenencias_mineras","source_fid":"mineria_pertenencias_mineras.289","source_srid":22173,"fetched_at":"2026-07-28T13:38:04+00:00","licencia":"no_especificada","expediente":"98","nombre":"TINTINA","mineral":["sal"],"mineral_origen":"SAL","superficie_ha_calc":60.3451}},{"type":"Feature","geometry":{"type":"MultiPolygon","coordinates":[[[[-64.7088,-30.0532],[-64.7005,-30.0532],[-64.7005,-30.06],[-64.7088,-30.06],[-64.7088,-30.0532]]]]},"properties":{"id":"cordoba:pertenencias:mineria_pertenencias_mineras.290","provincia":"cordoba","provincia_nombre":"Córdoba","tipo":"mina","estado":"desconocido","geom_kind":"poligono","fuente_id":"cordoba.idecor.pertenencias","source_url":"https://idecor-ws.mapascordoba.gob.ar/geoserver/wfs?service=WFS&version=2.0.0&request=GetFeature&typeNames=idecor%3Amineria_pertenencias_mineras&outputFormat=application%2Fjson&count=2000&startIndex=0&srsName=EPSG%3A4326","source_layer":"idecor:mineria_pertenencias_mineras","source_fid":"mineria_pertenencias_mineras.290","source_srid":22173,"fetched_at":"2026-07-28T13:38:04+00:00","licencia":"no_especificada","expediente":"152","nombre":"GALLEGA","mineral":["sal"],"mineral_origen":"SAL","superficie_ha_calc":60.333}},{"type":"Feature","geometry":{"type":"MultiPolygon","coordinates":[[[[-65.1992,-31.6145],[-65.1984,-31.6128],[-65.1955,-31.6139],[-65.1963,-31.6156],[-65.1992,-31.6145]]]]},"properties":{"id":"cordoba:pertenencias:mineria_pertenencias_mineras.291","provincia":"cordoba","provincia_nombre":"Córdoba","tipo":"mina","estado":"desconocido","geom_kind":"poligono","fuente_id":"cordoba.idecor.pertenencias","source_url":"https://idecor-ws.mapascordoba.gob.ar/geoserver/wfs?service=WFS&version=2.0.0&request=GetFeature&typeNames=idecor%3Amineria_pertenencias_mineras&outputFormat=application%2Fjson&count=2000&startIndex=0&srsName=EPSG%3A4326","source_layer":"idecor:mineria_pertenencias_mineras","source_fid":"mineria_pertenencias_mineras.291","source_srid":22173,"fetched_at":"2026-07-28T13:38:04+00:00","licencia":"no_especificada","expediente":"9082","nombre":"SAN ANTONIO","mineral":["Berilo","cuarzo","feldespato"],"mineral_origen":"BERILO-CUARZO-FELDESPATO","superficie_ha_calc":6.1127}},{"type":"Feature","geometry":{"type":"MultiPolygon","coordinates":[[[[-64.5357,-31.4612],[-64.5377,-31.4608],[-64.537,-31.4582],[-64.535,-31.4586],[-64.5357,-31.4612]]]]},"properties":{"id":"cordoba:pertenencias:mineria_pertenencias_mineras.292","provincia":"cordoba","provincia_nombre":"Córdoba","tipo":"mina","estado":"desconocido","geom_kind":"poligono","fuente_id":"cordoba.idecor.pertenencias","source_url":"https://idecor-ws.mapascordoba.gob.ar/geoserver/wfs?service=WFS&version=2.0.0&request=GetFeature&typeNames=idecor%3Amineria_pertenencias_mineras&outputFormat=application%2Fjson&count=2000&startIndex=0&srsName=EPSG%3A4326","source_layer":"idecor:mineria_pertenencias_mineras","source_fid":"mineria_pertenencias_mineras.292","source_srid":22173,"fetched_at":"2026-07-28T13:38:04+00:00","licencia":"no_especificada","expediente":"9951","nombre":"EL CHICHE","mineral":["cuarzo"],"mineral_origen":"CUARZO","superficie_ha_calc":5.7749}},{"type":"Feature","geometry":{"type":"MultiPolygon","coordinates":[[[[-65.2344,-31.5947],[-65.2324,-31.5943],[-65.2307,-31.5995],[-65.2327,-31.6],[-65.2344,-31.5947]]]]},"properties":{"id":"cordoba:pertenencias:mineria_pertenencias_mineras.293","provincia":"cordoba","provincia_nombre":"Córdoba","tipo":"mina","estado":"desconocido","geom_kind":"poligono","fuente_id":"cordoba.idecor.pertenencias","source_url":"https://idecor-ws.mapascordoba.gob.ar/geoserver/wfs?service=WFS&version=2.0.0&request=GetFeature&typeNames=idecor%3Amineria_pertenencias_mineras&outputFormat=application%2Fjson&count=2000&startIndex=0&srsName=EPSG%3A4326","source_layer":"idecor:mineria_pertenencias_mineras","source_fid":"mineria_pertenencias_mineras.293","source_srid":22173,"fetched_at":"2026-07-28T13:38:04+00:00","licencia":"no_especificada","expediente":"10478","nombre":"SANTA TERESITA","mineral":["Albita","cuarzo","feldespato"],"mineral_origen":"ALBITA-CUARZO-FELDESPATO","superficie_ha_calc":11.8541}},{"type":"Feature","geometry":{"type":"MultiPolygon","coordinates":[[[[-64.9079,-31.7358],[-64.9058,-31.7357],[-64.9057,-31.7411],[-64.9078,-31.7412],[-64.9079,-31.7358]]]]},"properties":{"id":"cordoba:pertenencias:mineria_pertenencias_mineras.326","provincia":"cordoba","provincia_nombre":"Córdoba","tipo":"mina","estado":"desconocido","geom_kind":"poligono","fuente_id":"cordoba.idecor.pertenencias","source_url":"https://idecor-ws.mapascordoba.gob.ar/geoserver/wfs?service=WFS&version=2.0.0&request=GetFeature&typeNames=idecor%3Amineria_pertenencias_mineras&outputFormat=application%2Fjson&count=2000&startIndex=0&srsName=EPSG%3A4326","source_layer":"idecor:mineria_pertenencias_mineras","source_fid":"mineria_pertenencias_mineras.326","source_srid":22173,"fetched_at":"2026-07-28T13:38:04+00:00","licencia":"no_especificada","expediente":"8411","nombre":"SAN CLAUDIO","mineral":["Berilo","cuarzo","feldespato"],"mineral_origen":"BERILO-CUARZO-FELDESPATO","superficie_ha_calc":11.9257}},{"type":"Feature","geometry":{"type":"MultiPolygon","coordinates":[[[[-64.9082,-31.7412],[-64.9051,-31.7411],[-64.9051,-31.7429],[-64.9082,-31.743],[-64.9082,-31.7412]]]]},"properties":{"id":"cordoba:pertenencias:mineria_pertenencias_mineras.327","provincia":"cordoba","provincia_nombre":"Córdoba","tipo":"mina","estado":"desconocido","geom_kind":"poligono","fuente_id":"cordoba.idecor.pertenencias","source_url":"https://idecor-ws.mapascordoba.gob.ar/geoserver/wfs?service=WFS&version=2.0.0&request=GetFeature&typeNames=idecor%3Amineria_pertenencias_mineras&outputFormat=application%2Fjson&count=2000&startIndex=0&srsName=EPSG%3A4326","source_layer":"idecor:mineria_pertenencias_mineras","source_fid":"mineria_pertenencias_mineras.327","source_srid":22173,"fetched_at":"2026-07-28T13:38:04+00:00","licencia":"no_especificada","expediente":"9584","nombre":"NEGRO DE LAS MANGAS","mineral":["Berilo","cuarzo","feldespato"],"mineral_origen":"BERILO-CUARZO-FELDESPATO","superficie_ha_calc":5.8628}},{"type":"Feature","geometry":{"type":"MultiPolygon","coordinates":[[[[-64.9088,-31.743],[-64.9025,-31.7429],[-64.9025,-31.7447],[-64.9088,-31.7448],[-64.9088,-31.743]]]]},"properties":{"id":"cordoba:pertenencias:mineria_pertenencias_mineras.328","provincia":"cordoba","provincia_nombre":"Córdoba","tipo":"mina","estado":"desconocido","geom_kind":"poligono","fuente_id":"cordoba.idecor.pertenencias","source_url":"https://idecor-ws.mapascordoba.gob.ar/geoserver/wfs?service=WFS&version=2.0.0&request=GetFeature&typeNames=idecor%3Amineria_pertenencias_mineras&outputFormat=application%2Fjson&count=2000&startIndex=0&srsName=EPSG%3A4326","source_layer":"idecor:mineria_pertenencias_mineras","source_fid":"mineria_pertenencias_mineras.328","source_srid":22173,"fetched_at":"2026-07-28T13:38:04+00:00","licencia":"no_especificada","expediente":"9587","nombre":"SEÑOR NICOLAS","mineral":["Berilo","cuarzo","feldespato"],"mineral_origen":"BERILO-CUARZO-FELDESPATO","superficie_ha_calc":11.9145}},{"type":"Feature","geometry":{"type":"MultiPolygon","coordinates":[[[[-64.474,-32.0905],[-64.4476,-32.0901],[-64.4479,-32.0721],[-64.4743,-32.0724],[-64.474,-32.0905]]]]},"properties":{"id":"cordoba:area_cateo:mineria_area_cateo.12","provincia":"cordoba","provincia_nombre":"Córdoba","tipo":"cateo","estado":"desconocido","geom_kind":"poligono","fuente_id":"cordoba.idecor.area_cateo","source_url":"https://idecor-ws.mapascordoba.gob.ar/geoserver/wfs?service=WFS&version=2.0.0&request=GetFeature&typeNames=idecor%3Amineria_area_cateo&outputFormat=application%2Fjson&count=2000&startIndex=0&srsName=EPSG%3A4326","source_layer":"idecor:mineria_area_cateo","source_fid":"mineria_area_cateo.12","source_srid":22173,"fetched_at":"2026-07-28T13:38:04+00:00","licencia":"no_especificada","expediente":"1999","superficie_ha_calc":498.9751}},{"type":"Feature","geometry":{"type":"MultiPolygon","coordinates":[[[[-64.3646,-32.1431],[-64.3649,-32.1251],[-64.3384,-32.1247],[-64.3381,-32.1428],[-64.3646,-32.1431]]]]},"properties":{"id":"cordoba:area_cateo:mineria_area_cateo.13","provincia":"cordoba","provincia_nombre":"Córdoba","tipo":"cateo","estado":"desconocido","geom_kind":"poligono","fuente_id":"cordoba.idecor.area_cateo","source_url":"https://idecor-ws.mapascordoba.gob.ar/geoserver/wfs?service=WFS&version=2.0.0&request=GetFeature&typeNames=idecor%3Amineria_area_cateo&outputFormat=application%2Fjson&count=2000&startIndex=0&srsName=EPSG%3A4326","source_layer":"idecor:mineria_area_cateo","source_fid":"mineria_area_cateo.13","source_srid":22173,"fetched_at":"2026-07-28T13:38:04+00:00","licencia":"no_especificada","expediente":"2000","superficie_ha_calc":500.5816}},{"type":"Feature","geometry":{"type":"MultiPolygon","coordinates":[[[[-64.5792,-31.5079],[-64.5465,-31.5075],[-64.5463,-31.521],[-64.579,-31.5214],[-64.5792,-31.5079]]]]},"properties":{"id":"cordoba:area_cateo:mineria_area_cateo.16","provincia":"cordoba","provincia_nombre":"Córdoba","tipo":"cateo","estado":"desconocido","geom_kind":"poligono","fuente_id":"cordoba.idecor.area_cateo","source_url":"https://idecor-ws.mapascordoba.gob.ar/geoserver/wfs?service=WFS&version=2.0.0&request=GetFeature&typeNames=idecor%3Amineria_area_cateo&outputFormat=application%2Fjson&count=2000&startIndex=0&srsName=EPSG%3A4326","source_layer":"idecor:mineria_area_cateo","source_fid":"mineria_area_cateo.16","source_srid":22173,"fetched_at":"2026-07-28T13:38:04+00:00","licencia":"no_especificada","expediente":"2018","superficie_ha_calc":465.0229}},{"type":"Feature","geometry":{"type":"MultiPolygon","coordinates":[[[[-64.5937,-31.5321],[-64.5498,-31.5321],[-64.5498,-31.578],[-64.5937,-31.578],[-64.5937,-31.5321]]]]},"properties":{"id":"cordoba:area_cateo:mineria_area_cateo.17","provincia":"cordoba","provincia_nombre":"Córdoba","tipo":"cateo","estado":"desconocido","geom_kind":"poligono","fuente_id":"cordoba.idecor.area_cateo","source_url":"https://idecor-ws.mapascordoba.gob.ar/geoserver/wfs?service=WFS&version=2.0.0&request=GetFeature&typeNames=idecor%3Amineria_area_cateo&outputFormat=application%2Fjson&count=2000&startIndex=0&srsName=EPSG%3A4326","source_layer":"idecor:mineria_area_cateo","source_fid":"mineria_area_cateo.17","source_srid":22173,"fetched_at":"2026-07-28T13:38:04+00:00","licencia":"no_especificada","expediente":"2040","superficie_ha_calc":2121.32}},{"type":"Feature","geometry":{"type":"MultiPolygon","coordinates":[[[[-64.5751,-31.814],[-64.5769,-31.7787],[-64.5501,-31.7795],[-64.5546,-31.8136],[-64.5751,-31.814]]]]},"properties":{"id":"cordoba:area_cateo:mineria_area_cateo.20","provincia":"cordoba","provincia_nombre":"Córdoba","tipo":"cateo","estado":"desconocido","geom_kind":"poligono","fuente_id":"cordoba.idecor.area_cateo","source_url":"https://idecor-ws.mapascordoba.gob.ar/geoserver/wfs?service=WFS&version=2.0.0&request=GetFeature&typeNames=idecor%3Amineria_area_cateo&outputFormat=application%2Fjson&count=2000&startIndex=0&srsName=EPSG%3A4326","source_layer":"idecor:mineria_area_cateo","source_fid":"mineria_area_cateo.20","source_srid":22173,"fetched_at":"2026-07-28T13:38:04+00:00","licencia":"no_especificada","expediente":"2036","superficie_ha_calc":862.05}},{"type":"Feature","geometry":{"type":"MultiPolygon","coordinates":[[[[-64.5442,-31.6185],[-64.4999,-31.6179],[-64.5002,-31.5999],[-64.5444,-31.6004],[-64.5442,-31.6185]]]]},"properties":{"id":"cordoba:area_cateo:mineria_area_cateo.24","provincia":"cordoba","provincia_nombre":"Córdoba","tipo":"cateo","estado":"desconocido","geom_kind":"poligono","fuente_id":"cordoba.idecor.area_cateo","source_url":"https://idecor-ws.mapascordoba.gob.ar/geoserver/wfs?service=WFS&version=2.0.0&request=GetFeature&typeNames=idecor%3Amineria_area_cateo&outputFormat=application%2Fjson&count=2000&startIndex=0&srsName=EPSG%3A4326","source_layer":"idecor:mineria_area_cateo","source_fid":"mineria_area_cateo.24","source_srid":22173,"fetched_at":"2026-07-28T13:38:04+00:00","licencia":"no_especificada","expediente":"2033","superficie_ha_calc":840.5181}},{"type":"Feature","geometry":{"type":"MultiPolygon","coordinates":[[[[-64.5405,-31.562],[-64.5148,-31.5618],[-64.5151,-31.5433],[-64.5408,-31.5436],[-64.5405,-31.562]]]]},"properties":{"id":"cordoba:area_cateo:mineria_area_cateo.25","provincia":"cordoba","provincia_nombre":"Córdoba","tipo":"cateo","estado":"desconocido","geom_kind":"poligono","fuente_id":"cordoba.idecor.area_cateo","source_url":"https://idecor-ws.mapascordoba.gob.ar/geoserver/wfs?service=WFS&version=2.0.0&request=GetFeature&typeNames=idecor%3Amineria_area_cateo&outputFormat=application%2Fjson&count=2000&startIndex=0&srsName=EPSG%3A4326","source_layer":"idecor:mineria_area_cateo","source_fid":"mineria_area_cateo.25","source_srid":22173,"fetched_at":"2026-07-28T13:38:04+00:00","licencia":"no_especificada","expediente":"2024","superficie_ha_calc":499.2729}},{"type":"Feature","geometry":{"type":"MultiPolygon","coordinates":[[[[-64.5866,-31.3332],[-64.5603,-31.3329],[-64.5606,-31.3148],[-64.5869,-31.3151],[-64.5866,-31.3332]]]]},"properties":{"id":"cordoba:area_cateo:mineria_area_cateo.31","provincia":"cordoba","provincia_nombre":"Córdoba","tipo":"cateo","estado":"desconocido","geom_kind":"poligono","fuente_id":"cordoba.idecor.area_cateo","source_url":"https://idecor-ws.mapascordoba.gob.ar/geoserver/wfs?service=WFS&version=2.0.0&request=GetFeature&typeNames=idecor%3Amineria_area_cateo&outputFormat=application%2Fjson&count=2000&startIndex=0&srsName=EPSG%3A4326","source_layer":"idecor:mineria_area_cateo","source_fid":"mineria_area_cateo.31","source_srid":22173,"fetched_at":"2026-07-28T13:38:04+00:00","licencia":"no_especificada","expediente":"1898","superficie_ha_calc":502.4527}},{"type":"Feature","geometry":{"type":"MultiPolygon","coordinates":[[[[-64.8895,-32.2973],[-64.8897,-32.2748],[-64.8685,-32.2746],[-64.8682,-32.2971],[-64.8895,-32.2973]]]]},"properties":{"id":"cordoba:area_cateo:mineria_area_cateo.33","provincia":"cordoba","provincia_nombre":"Córdoba","tipo":"cateo","estado":"desconocido","geom_kind":"poligono","fuente_id":"cordoba.idecor.area_cateo","source_url":"https://idecor-ws.mapascordoba.gob.ar/geoserver/wfs?service=WFS&version=2.0.0&request=GetFeature&typeNames=idecor%3Amineria_area_cateo&outputFormat=application%2Fjson&count=2000&startIndex=0&srsName=EPSG%3A4326","source_layer":"idecor:mineria_area_cateo","source_fid":"mineria_area_cateo.33","source_srid":22173,"fetched_at":"2026-07-28T13:38:04+00:00","licencia":"no_especificada","expediente":"1977","superficie_ha_calc":499.4951}},{"type":"Feature","geometry":{"type":"MultiPolygon","coordinates":[[[[-64.8353,-31.0324],[-64.8144,-31.0322],[-64.8141,-31.0502],[-64.8351,-31.0504],[-64.8353,-31.0324]]]]},"properties":{"id":"cordoba:area_cateo:mineria_area_cateo.68","provincia":"cordoba","provincia_nombre":"Córdoba","tipo":"cateo","estado":"desconocido","geom_kind":"poligono","fuente_id":"cordoba.idecor.area_cateo","source_url":"https://idecor-ws.mapascordoba.gob.ar/geoserver/wfs?service=WFS&version=2.0.0&request=GetFeature&typeNames=idecor%3Amineria_area_cateo&outputFormat=application%2Fjson&count=2000&startIndex=0&srsName=EPSG%3A4326","source_layer":"idecor:mineria_area_cateo","source_fid":"mineria_area_cateo.68","source_srid":22173,"fetched_at":"2026-07-28T13:38:04+00:00","licencia":"no_especificada","expediente":"2075","superficie_ha_calc":399.1759}},{"type":"Feature","geometry":{"type":"MultiPolygon","coordinates":[[[[-64.7071,-29.9253],[-64.6749,-29.925],[-64.6744,-29.963],[-64.7066,-29.9633],[-64.7071,-29.9253]]]]},"properties":{"id":"cordoba:area_cateo:mineria_area_cateo.69","provincia":"cordoba","provincia_nombre":"Córdoba","tipo":"cateo","estado":"desconocido","geom_kind":"poligono","fuente_id":"cordoba.idecor.area_cateo","source_url":"https://idecor-ws.mapascordoba.gob.ar/geoserver/wfs?service=WFS&version=2.0.0&request=GetFeature&typeNames=idecor%3Amineria_area_cateo&outputFormat=application%2Fjson&count=2000&startIndex=0&srsName=EPSG%3A4326","source_layer":"idecor:mineria_area_cateo","source_fid":"mineria_area_cateo.69","source_srid":22173,"fetched_at":"2026-07-28T13:38:04+00:00","licencia":"no_especificada","expediente":"2076","superficie_ha_calc":1309.6123}},{"type":"Feature","geometry":{"type":"MultiPolygon","coordinates":[[[[-65.0641,-31.8602],[-65.0417,-31.8601],[-65.0416,-31.8749],[-65.0304,-31.8748],[-65.0302,-31.8985],[-65.0413,-31.8986],[-65.0413,-31.903],[-65.0637,-31.9032],[-65.0641,-31.8602]]]]},"properties":{"id":"cordoba:area_cateo:mineria_area_cateo.83","provincia":"cordoba","provincia_nombre":"Córdoba","tipo":"cateo","estado":"desconocido","geom_kind":"poligono","fuente_id":"cordoba.idecor.area_cateo","source_url":"https://idecor-ws.mapascordoba.gob.ar/geoserver/wfs?service=WFS&version=2.0.0&request=GetFeature&typeNames=idecor%3Amineria_area_cateo&outputFormat=application%2Fjson&count=2000&startIndex=0&srsName=EPSG%3A4326","source_layer":"idecor:mineria_area_cateo","source_fid":"mineria_area_cateo.83","source_srid":22173,"fetched_at":"2026-07-28T13:38:04+00:00","licencia":"no_especificada","expediente":"2090","superficie_ha_calc":1286.4958}},{"type":"Feature","geometry":{"type":"MultiPolygon","coordinates":[[[[-65.1848,-31.7412],[-65.1215,-31.7408],[-65.1211,-31.7814],[-65.1844,-31.7818],[-65.1848,-31.7412]]]]},"properties":{"id":"cordoba:area_cateo:mineria_area_cateo.84","provincia":"cordoba","provincia_nombre":"Córdoba","tipo":"cateo","estado":"desconocido","geom_kind":"poligono","fuente_id":"cordoba.idecor.area_cateo","source_url":"https://idecor-ws.mapascordoba.gob.ar/geoserver/wfs?service=WFS&version=2.0.0&request=GetFeature&typeNames=idecor%3Amineria_area_cateo&outputFormat=application%2Fjson&count=2000&startIndex=0&srsName=EPSG%3A4326","source_layer":"idecor:mineria_area_cateo","source_fid":"mineria_area_cateo.84","source_srid":22173,"fetched_at":"2026-07-28T13:38:04+00:00","licencia":"no_especificada","expediente":"2091","superficie_ha_calc":2699.8556}},{"type":"Feature","geometry":{"type":"MultiPolygon","coordinates":[[[[-65.1013,-31.8417],[-65.0643,-31.8414],[-65.0639,-31.8865],[-65.1008,-31.8867],[-65.1013,-31.8417]]]]},"properties":{"id":"cordoba:area_cateo:mineria_area_cateo.85","provincia":"cordoba","provincia_nombre":"Córdoba","tipo":"cateo","estado":"desconocido","geom_kind":"poligono","fuente_id":"cordoba.idecor.area_cateo","source_url":"https://idecor-ws.mapascordoba.gob.ar/geoserver/wfs?service=WFS&version=2.0.0&request=GetFeature&typeNames=idecor%3Amineria_area_cateo&outputFormat=application%2Fjson&count=2000&startIndex=0&srsName=EPSG%3A4326","source_layer":"idecor:mineria_area_cateo","source_fid":"mineria_area_cateo.85","source_srid":22173,"fetched_at":"2026-07-28T13:38:04+00:00","licencia":"no_especificada","expediente":"2092","superficie_ha_calc":1746.8215}},{"type":"Feature","geometry":{"type":"MultiPolygon","coordinates":[[[[-65.3856,-31.5154],[-65.407,-31.5155],[-65.4072,-31.4718],[-65.2748,-31.4711],[-65.274,-31.548],[-65.3854,-31.5486],[-65.3856,-31.5154]]]]},"properties":{"id":"cordoba:area_cateo:mineria_area_cateo.88","provincia":"cordoba","provincia_nombre":"Córdoba","tipo":"cateo","estado":"desconocido","geom_kind":"poligono","fuente_id":"cordoba.idecor.area_cateo","source_url":"https://idecor-ws.mapascordoba.gob.ar/geoserver/wfs?service=WFS&version=2.0.0&request=GetFeature&typeNames=idecor%3Amineria_area_cateo&outputFormat=application%2Fjson&count=2000&startIndex=0&srsName=EPSG%3A4326","source_layer":"idecor:mineria_area_cateo","source_fid":"mineria_area_cateo.88","source_srid":22173,"fetched_at":"2026-07-28T13:38:04+00:00","licencia":"no_especificada","expediente":"2095","superficie_ha_calc":9993.6416}},{"type":"Feature","geometry":{"type":"MultiPolygon","coordinates":[[[[-65.0227,-32.0671],[-65.0109,-32.067],[-65.011,-32.0586],[-64.9252,-32.0579],[-64.9246,-32.1053],[-64.9397,-32.1054],[-64.9394,-32.1283],[-64.9432,-32.1284],[-64.9428,-32.1655],[-65.0217,-32.1661],[-65.0227,-32.0671]]]]},"properties":{"id":"cordoba:area_cateo:mineria_area_cateo.94","provincia":"cordoba","provincia_nombre":"Córdoba","tipo":"cateo","estado":"desconocido","geom_kind":"poligono","fuente_id":"cordoba.idecor.area_cateo","source_url":"https://idecor-ws.mapascordoba.gob.ar/geoserver/wfs?service=WFS&version=2.0.0&request=GetFeature&typeNames=idecor%3Amineria_area_cateo&outputFormat=application%2Fjson&count=2000&startIndex=0&srsName=EPSG%3A4326","source_layer":"idecor:mineria_area_cateo","source_fid":"mineria_area_cateo.94","source_srid":22173,"fetched_at":"2026-07-28T13:38:04+00:00","licencia":"no_especificada","expediente":"2102","superficie_ha_calc":9786.6037}},{"type":"Feature","geometry":{"type":"MultiPolygon","coordinates":[[[[-65.0217,-32.1661],[-64.8974,-32.1651],[-64.8969,-32.2108],[-64.9271,-32.2102],[-64.9266,-32.2526],[-65.0207,-32.2534],[-65.0217,-32.1661]]]]},"properties":{"id":"cordoba:area_cateo:mineria_area_cateo.96","provincia":"cordoba","provincia_nombre":"Córdoba","tipo":"cateo","estado":"desconocido","geom_kind":"poligono","fuente_id":"cordoba.idecor.area_cateo","source_url":"https://idecor-ws.mapascordoba.gob.ar/geoserver/wfs?service=WFS&version=2.0.0&request=GetFeature&typeNames=idecor%3Amineria_area_cateo&outputFormat=application%2Fjson&count=2000&startIndex=0&srsName=EPSG%3A4326","source_layer":"idecor:mineria_area_cateo","source_fid":"mineria_area_cateo.96","source_srid":22173,"fetched_at":"2026-07-28T13:38:04+00:00","licencia":"no_especificada","expediente":"2104","superficie_ha_calc":10015.4451}},{"type":"Feature","geometry":{"type":"MultiPolygon","coordinates":[[[[-64.6908,-29.9036],[-64.663,-29.9034],[-64.6614,-30.0253],[-64.7367,-30.0261],[-64.7372,-29.9922],[-64.7932,-29.9928],[-64.7938,-29.9509],[-64.6902,-29.9499],[-64.6908,-29.9036]]]]},"properties":{"id":"cordoba:area_cateo:mineria_area_cateo.99","provincia":"cordoba","provincia_nombre":"Córdoba","tipo":"cateo","estado":"desconocido","geom_kind":"poligono","fuente_id":"cordoba.idecor.area_cateo","source_url":"https://idecor-ws.mapascordoba.gob.ar/geoserver/wfs?service=WFS&version=2.0.0&request=GetFeature&typeNames=idecor%3Amineria_area_cateo&outputFormat=application%2Fjson&count=2000&startIndex=0&srsName=EPSG%3A4326","source_layer":"idecor:mineria_area_cateo","source_fid":"mineria_area_cateo.99","source_srid":22173,"fetched_at":"2026-07-28T13:38:04+00:00","licencia":"no_especificada","expediente":"2107","superficie_ha_calc":9988.9095}},{"type":"Feature","geometry":{"type":"MultiPolygon","coordinates":[[[[-64.9841,-29.9365],[-64.8975,-29.9358],[-64.8963,-30.0437],[-64.983,-30.0444],[-64.9841,-29.9365]]]]},"properties":{"id":"cordoba:area_cateo:mineria_area_cateo.100","provincia":"cordoba","provincia_nombre":"Córdoba","tipo":"cateo","estado":"desconocido","geom_kind":"poligono","fuente_id":"cordoba.idecor.area_cateo","source_url":"https://idecor-ws.mapascordoba.gob.ar/geoserver/wfs?service=WFS&version=2.0.0&request=GetFeature&typeNames=idecor%3Amineria_area_cateo&outputFormat=application%2Fjson&count=2000&startIndex=0&srsName=EPSG%3A4326","source_layer":"idecor:mineria_area_cateo","source_fid":"mineria_area_cateo.100","source_srid":22173,"fetched_at":"2026-07-28T13:38:04+00:00","licencia":"no_especificada","expediente":"2108","superficie_ha_calc":10001.8553}},{"type":"Feature","geometry":{"type":"MultiPolygon","coordinates":[[[[-64.9819,-30.1523],[-64.8951,-30.1516],[-64.8963,-30.0437],[-64.983,-30.0444],[-64.9819,-30.1523]]]]},"properties":{"id":"cordoba:area_cateo:mineria_area_cateo.101","provincia":"cordoba","provincia_nombre":"Córdoba","tipo":"cateo","estado":"desconocido","geom_kind":"poligono","fuente_id":"cordoba.idecor.area_cateo","source_url":"https://idecor-ws.mapascordoba.gob.ar/geoserver/wfs?service=WFS&version=2.0.0&request=GetFeature&typeNames=idecor%3Amineria_area_cateo&outputFormat=application%2Fjson&count=2000&startIndex=0&srsName=EPSG%3A4326","source_layer":"idecor:mineria_area_cateo","source_fid":"mineria_area_cateo.101","source_srid":22173,"fetched_at":"2026-07-28T13:38:04+00:00","licencia":"no_especificada","expediente":"2109","superficie_ha_calc":10002.7154}},{"type":"Feature","geometry":{"type":"MultiPolygon","coordinates":[[[[-65.4156,-30.9764],[-65.362,-30.9761],[-65.3618,-31.0142],[-65.4154,-31.0144],[-65.4156,-30.9764]]]]},"properties":{"id":"cordoba:area_cateo:mineria_area_cateo.107","provincia":"cordoba","provincia_nombre":"Córdoba","tipo":"cateo","estado":"desconocido","geom_kind":"poligono","fuente_id":"cordoba.idecor.area_cateo","source_url":"https://idecor-ws.mapascordoba.gob.ar/geoserver/wfs?service=WFS&version=2.0.0&request=GetFeature&typeNames=idecor%3Amineria_area_cateo&outputFormat=application%2Fjson&count=2000&startIndex=0&srsName=EPSG%3A4326","source_layer":"idecor:mineria_area_cateo","source_fid":"mineria_area_cateo.107","source_srid":22173,"fetched_at":"2026-07-28T13:38:04+00:00","licencia":"no_especificada","expediente":"2112","superficie_ha_calc":2159.6625}},{"type":"Feature","geometry":{"type":"MultiPolygon","coordinates":[[[[-64.8608,-30.964],[-64.8267,-30.9637],[-64.826,-31.0185],[-64.8602,-31.0188],[-64.8608,-30.964]]]]},"properties":{"id":"cordoba:area_cateo:mineria_area_cateo.111","provincia":"cordoba","provincia_nombre":"Córdoba","tipo":"cateo","estado":"desconocido","geom_kind":"poligono","fuente_id":"cordoba.idecor.area_cateo","source_url":"https://idecor-ws.mapascordoba.gob.ar/geoserver/wfs?service=WFS&version=2.0.0&request=GetFeature&typeNames=idecor%3Amineria_area_cateo&outputFormat=application%2Fjson&count=2000&startIndex=0&srsName=EPSG%3A4326","source_layer":"idecor:mineria_area_cateo","source_fid":"mineria_area_cateo.111","source_srid":22173,"fetched_at":"2026-07-28T13:38:04+00:00","licencia":"no_especificada","expediente":"2118","superficie_ha_calc":1981.9383}},{"type":"Feature","geometry":{"type":"MultiPolygon","coordinates":[[[[-64.4429,-32.0352],[-64.4112,-32.0356],[-64.4117,-32.0716],[-64.4435,-32.0713],[-64.4429,-32.0352]]]]},"properties":{"id":"cordoba:area_cateo:mineria_area_cateo.112","provincia":"cordoba","provincia_nombre":"Córdoba","tipo":"cateo","estado":"desconocido","geom_kind":"poligono","fuente_id":"cordoba.idecor.area_cateo","source_url":"https://idecor-ws.mapascordoba.gob.ar/geoserver/wfs?service=WFS&version=2.0.0&request=GetFeature&typeNames=idecor%3Amineria_area_cateo&outputFormat=application%2Fjson&count=2000&startIndex=0&srsName=EPSG%3A4326","source_layer":"idecor:mineria_area_cateo","source_fid":"mineria_area_cateo.112","source_srid":22173,"fetched_at":"2026-07-28T13:38:04+00:00","licencia":"no_especificada","expediente":"2119","superficie_ha_calc":1198.8193}},{"type":"Feature","geometry":{"type":"MultiPolygon","coordinates":[[[[-64.0967,-29.6929],[-64.0843,-29.6928],[-64.0841,-29.7036],[-64.0965,-29.7037],[-64.0967,-29.6929]]]]},"properties":{"id":"cordoba:area_cateo:mineria_area_cateo.114","provincia":"cordoba","provincia_nombre":"Córdoba","tipo":"cateo","estado":"desconocido","geom_kind":"poligono","fuente_id":"cordoba.idecor.area_cateo","source_url":"https://idecor-ws.mapascordoba.gob.ar/geoserver/wfs?service=WFS&version=2.0.0&request=GetFeature&typeNames=idecor%3Amineria_area_cateo&outputFormat=application%2Fjson&count=2000&startIndex=0&srsName=EPSG%3A4326","source_layer":"idecor:mineria_area_cateo","source_fid":"mineria_area_cateo.114","source_srid":22173,"fetched_at":"2026-07-28T13:38:04+00:00","licencia":"no_especificada","expediente":"2122","superficie_ha_calc":143.6836}},{"type":"Feature","geometry":{"type":"MultiPolygon","coordinates":[[[[-64.1051,-29.5611],[-64.0757,-29.5607],[-64.0752,-29.5878],[-64.1046,-29.5882],[-64.1051,-29.5611]]]]},"properties":{"id":"cordoba:area_cateo:mineria_area_cateo.115","provincia":"cordoba","provincia_nombre":"Córdoba","tipo":"cateo","estado":"desconocido","geom_kind":"poligono","fuente_id":"cordoba.idecor.area_cateo","source_url":"https://idecor-ws.mapascordoba.gob.ar/geoserver/wfs?service=WFS&version=2.0.0&request=GetFeature&typeNames=idecor%3Amineria_area_cateo&outputFormat=application%2Fjson&count=2000&startIndex=0&srsName=EPSG%3A4326","source_layer":"idecor:mineria_area_cateo","source_fid":"mineria_area_cateo.115","source_srid":22173,"fetched_at":"2026-07-28T13:38:04+00:00","licencia":"no_especificada","expediente":"2124","superficie_ha_calc":855.9444}},{"type":"Feature","geometry":{"type":"MultiPolygon","coordinates":[[[[-65.3256,-31.1957],[-65.2899,-31.1955],[-65.2896,-31.2352],[-65.3253,-31.2354],[-65.3256,-31.1957]]]]},"properties":{"id":"cordoba:area_cateo:mineria_area_cateo.137","provincia":"cordoba","provincia_nombre":"Córdoba","tipo":"cateo","estado":"desconocido","geom_kind":"poligono","fuente_id":"cordoba.idecor.area_cateo","source_url":"https://idecor-ws.mapascordoba.gob.ar/geoserver/wfs?service=WFS&version=2.0.0&request=GetFeature&typeNames=idecor%3Amineria_area_cateo&outputFormat=application%2Fjson&count=2000&startIndex=0&srsName=EPSG%3A4326","source_layer":"idecor:mineria_area_cateo","source_fid":"mineria_area_cateo.137","source_srid":22173,"fetched_at":"2026-07-28T13:38:04+00:00","licencia":"no_especificada","expediente":"2126","superficie_ha_calc":1497.4273}},{"type":"Feature","geometry":{"type":"MultiPolygon","coordinates":[[[[-65.1918,-30.9527],[-65.1593,-30.9525],[-65.1589,-30.9975],[-65.2353,-30.998],[-65.2354,-30.9899],[-65.1914,-30.9896],[-65.1918,-30.9527]]]]},"properties":{"id":"cordoba:area_cateo:mineria_area_cateo.138","provincia":"cordoba","provincia_nombre":"Córdoba","tipo":"cateo","estado":"desconocido","geom_kind":"poligono","fuente_id":"cordoba.idecor.area_cateo","source_url":"https://idecor-ws.mapascordoba.gob.ar/geoserver/wfs?service=WFS&version=2.0.0&request=GetFeature&typeNames=idecor%3Amineria_area_cateo&outputFormat=application%2Fjson&count=2000&startIndex=0&srsName=EPSG%3A4326","source_layer":"idecor:mineria_area_cateo","source_fid":"mineria_area_cateo.138","source_srid":22173,"fetched_at":"2026-07-28T13:38:04+00:00","licencia":"no_especificada","expediente":"2125","superficie_ha_calc":1925.0559}},{"type":"Feature","geometry":{"type":"MultiPolygon","coordinates":[[[[-64.8949,-30.9643],[-64.8608,-30.964],[-64.8602,-31.0188],[-64.8943,-31.0191],[-64.8949,-30.9643]]]]},"properties":{"id":"cordoba:area_cateo:mineria_area_cateo.139","provincia":"cordoba","provincia_nombre":"Córdoba","tipo":"cateo","estado":"desconocido","geom_kind":"poligono","fuente_id":"cordoba.idecor.area_cateo","source_url":"https://idecor-ws.mapascordoba.gob.ar/geoserver/wfs?service=WFS&version=2.0.0&request=GetFeature&typeNames=idecor%3Amineria_area_cateo&outputFormat=application%2Fjson&count=2000&startIndex=0&srsName=EPSG%3A4326","source_layer":"idecor:mineria_area_cateo","source_fid":"mineria_area_cateo.139","source_srid":22173,"fetched_at":"2026-07-28T13:38:04+00:00","licencia":"no_especificada","expediente":"2128","superficie_ha_calc":1979.0154}},{"type":"Feature","geometry":{"type":"MultiPolygon","coordinates":[[[[-65.0336,-31.3031],[-64.9555,-31.3025],[-64.9552,-31.3305],[-65.0333,-31.3311],[-65.0336,-31.3031]]]]},"properties":{"id":"cordoba:area_cateo:mineria_area_cateo.140","provincia":"cordoba","provincia_nombre":"Córdoba","tipo":"cateo","estado":"desconocido","geom_kind":"poligono","fuente_id":"cordoba.idecor.area_cateo","source_url":"https://idecor-ws.mapascordoba.gob.ar/geoserver/wfs?service=WFS&version=2.0.0&request=GetFeature&typeNames=idecor%3Amineria_area_cateo&outputFormat=application%2Fjson&count=2000&startIndex=0&srsName=EPSG%3A4326","source_layer":"idecor:mineria_area_cateo","source_fid":"mineria_area_cateo.140","source_srid":22173,"fetched_at":"2026-07-28T13:38:04+00:00","licencia":"no_especificada","expediente":"2127","superficie_ha_calc":2308.1081}},{"type":"Feature","geometry":{"type":"MultiPolygon","coordinates":[[[[-64.7983,-30.9975],[-64.8263,-30.9977],[-64.826,-31.0185],[-64.8321,-31.0185],[-64.8317,-31.0526],[-64.7976,-31.0523],[-64.7983,-30.9975]]]]},"properties":{"id":"cordoba:area_cateo:mineria_area_cateo.141","provincia":"cordoba","provincia_nombre":"Córdoba","tipo":"cateo","estado":"desconocido","geom_kind":"poligono","fuente_id":"cordoba.idecor.area_cateo","source_url":"https://idecor-ws.mapascordoba.gob.ar/geoserver/wfs?service=WFS&version=2.0.0&request=GetFeature&typeNames=idecor%3Amineria_area_cateo&outputFormat=application%2Fjson&count=2000&startIndex=0&srsName=EPSG%3A4326","source_layer":"idecor:mineria_area_cateo","source_fid":"mineria_area_cateo.141","source_srid":22173,"fetched_at":"2026-07-28T13:38:04+00:00","licencia":"no_especificada","expediente":"2129","superficie_ha_calc":1844.1503}},{"type":"Feature","geometry":{"type":"MultiPolygon","coordinates":[[[[-64.1283,-29.7472],[-64.0945,-29.7476],[-64.0992,-29.8458],[-64.1311,-29.8458],[-64.1283,-29.7472]]]]},"properties":{"id":"cordoba:area_cateo:mineria_area_cateo.142","provincia":"cordoba","provincia_nombre":"Córdoba","tipo":"cateo","estado":"desconocido","geom_kind":"poligono","fuente_id":"cordoba.idecor.area_cateo","source_url":"https://idecor-ws.mapascordoba.gob.ar/geoserver/wfs?service=WFS&version=2.0.0&request=GetFeature&typeNames=idecor%3Amineria_area_cateo&outputFormat=application%2Fjson&count=2000&startIndex=0&srsName=EPSG%3A4326","source_layer":"idecor:mineria_area_cateo","source_fid":"mineria_area_cateo.142","source_srid":22173,"fetched_at":"2026-07-28T13:38:04+00:00","licencia":"no_especificada","expediente":"2131","superficie_ha_calc":3465.1034}},{"type":"Feature","geometry":{"type":"MultiPolygon","coordinates":[[[[-64.8615,-30.9091],[-64.8274,-30.9088],[-64.8267,-30.9637],[-64.8608,-30.964],[-64.8615,-30.9091]]]]},"properties":{"id":"cordoba:area_cateo:mineria_area_cateo.144","provincia":"cordoba","provincia_nombre":"Córdoba","tipo":"cateo","estado":"desconocido","geom_kind":"poligono","fuente_id":"cordoba.idecor.area_cateo","source_url":"https://idecor-ws.mapascordoba.gob.ar/geoserver/wfs?service=WFS&version=2.0.0&request=GetFeature&typeNames=idecor%3Amineria_area_cateo&outputFormat=application%2Fjson&count=2000&startIndex=0&srsName=EPSG%3A4326","source_layer":"idecor:mineria_area_cateo","source_fid":"mineria_area_cateo.144","source_srid":22173,"fetched_at":"2026-07-28T13:38:04+00:00","licencia":"no_especificada","expediente":"2135","superficie_ha_calc":1983.781}},{"type":"Feature","geometry":{"type":"MultiPolygon","coordinates":[[[[-64.9103,-31.0547],[-64.8467,-31.0541],[-64.8463,-31.0835],[-64.91,-31.0841],[-64.9103,-31.0547]]]]},"properties":{"id":"cordoba:area_cateo:mineria_area_cateo.145","provincia":"cordoba","provincia_nombre":"Córdoba","tipo":"cateo","estado":"desconocido","geom_kind":"poligono","fuente_id":"cordoba.idecor.area_cateo","source_url":"https://idecor-ws.mapascordoba.gob.ar/geoserver/wfs?service=WFS&version=2.0.0&request=GetFeature&typeNames=idecor%3Amineria_area_cateo&outputFormat=application%2Fjson&count=2000&startIndex=0&srsName=EPSG%3A4326","source_layer":"idecor:mineria_area_cateo","source_fid":"mineria_area_cateo.145","source_srid":22173,"fetched_at":"2026-07-28T13:38:04+00:00","licencia":"no_especificada","expediente":"2134","superficie_ha_calc":1980.2516}},{"type":"Feature","geometry":{"type":"MultiPolygon","coordinates":[[[[-64.8317,-31.0526],[-64.7976,-31.0523],[-64.7969,-31.1071],[-64.831,-31.1075],[-64.8317,-31.0526]]]]},"properties":{"id":"cordoba:area_cateo:mineria_area_cateo.146","provincia":"cordoba","provincia_nombre":"Córdoba","tipo":"cateo","estado":"desconocido","geom_kind":"poligono","fuente_id":"cordoba.idecor.area_cateo","source_url":"https://idecor-ws.mapascordoba.gob.ar/geoserver/wfs?service=WFS&version=2.0.0&request=GetFeature&typeNames=idecor%3Amineria_area_cateo&outputFormat=application%2Fjson&count=2000&startIndex=0&srsName=EPSG%3A4326","source_layer":"idecor:mineria_area_cateo","source_fid":"mineria_area_cateo.146","source_srid":22173,"fetched_at":"2026-07-28T13:38:04+00:00","licencia":"no_especificada","expediente":"2133","superficie_ha_calc":1979.0894}},{"type":"Feature","geometry":{"type":"MultiPolygon","coordinates":[[[[-64.5842,-30.9421],[-64.529,-30.9415],[-64.5289,-30.9456],[-64.5332,-30.9456],[-64.533,-30.9554],[-64.584,-30.956],[-64.5842,-30.9421]]]]},"properties":{"id":"cordoba:area_cateo:mineria_area_cateo.147","provincia":"cordoba","provincia_nombre":"Córdoba","tipo":"cateo","estado":"desconocido","geom_kind":"poligono","fuente_id":"cordoba.idecor.area_cateo","source_url":"https://idecor-ws.mapascordoba.gob.ar/geoserver/wfs?service=WFS&version=2.0.0&request=GetFeature&typeNames=idecor%3Amineria_area_cateo&outputFormat=application%2Fjson&count=2000&startIndex=0&srsName=EPSG%3A4326","source_layer":"idecor:mineria_area_cateo","source_fid":"mineria_area_cateo.147","source_srid":22173,"fetched_at":"2026-07-28T13:38:04+00:00","licencia":"no_especificada","expediente":"2136","superficie_ha_calc":767.8092}},{"type":"Feature","geometry":{"type":"MultiPolygon","coordinates":[[[[-64.0942,-29.6036],[-64.0731,-29.6033],[-64.0718,-29.6689],[-64.0929,-29.6692],[-64.0942,-29.6036]]]]},"properties":{"id":"cordoba:area_cateo:mineria_area_cateo.149","provincia":"cordoba","provincia_nombre":"Córdoba","tipo":"cateo","estado":"desconocido","geom_kind":"poligono","fuente_id":"cordoba.idecor.area_cateo","source_url":"https://idecor-ws.mapascordoba.gob.ar/geoserver/wfs?service=WFS&version=2.0.0&request=GetFeature&typeNames=idecor%3Amineria_area_cateo&outputFormat=application%2Fjson&count=2000&startIndex=0&srsName=EPSG%3A4326","source_layer":"idecor:mineria_area_cateo","source_fid":"mineria_area_cateo.149","source_srid":22173,"fetched_at":"2026-07-28T13:38:04+00:00","licencia":"no_especificada","expediente":"2137","superficie_ha_calc":1486.1675}},{"type":"Feature","geometry":{"type":"MultiPolygon","coordinates":[[[[-64.1294,-29.5378],[-64.1081,-29.5375],[-64.1077,-29.56],[-64.129,-29.5603],[-64.1294,-29.5378]]]]},"properties":{"id":"cordoba:area_cateo:mineria_area_cateo.150","provincia":"cordoba","provincia_nombre":"Córdoba","tipo":"cateo","estado":"desconocido","geom_kind":"poligono","fuente_id":"cordoba.idecor.area_cateo","source_url":"https://idecor-ws.mapascordoba.gob.ar/geoserver/wfs?service=WFS&version=2.0.0&request=GetFeature&typeNames=idecor%3Amineria_area_cateo&outputFormat=application%2Fjson&count=2000&startIndex=0&srsName=EPSG%3A4326","source_layer":"idecor:mineria_area_cateo","source_fid":"mineria_area_cateo.150","source_srid":22173,"fetched_at":"2026-07-28T13:38:04+00:00","licencia":"no_especificada","expediente":"2138","superficie_ha_calc":514.9895}},{"type":"Feature","geometry":{"type":"MultiPolygon","coordinates":[[[[-65.0241,-31.4263],[-65.0235,-31.4852],[-64.9269,-31.4844],[-64.9276,-31.4256],[-65.0241,-31.4263]]]]},"properties":{"id":"cordoba:area_cateo:mineria_area_cateo.151","provincia":"cordoba","provincia_nombre":"Córdoba","tipo":"cateo","estado":"desconocido","geom_kind":"poligono","fuente_id":"cordoba.idecor.area_cateo","source_url":"https://idecor-ws.mapascordoba.gob.ar/geoserver/wfs?service=WFS&version=2.0.0&request=GetFeature&typeNames=idecor%3Amineria_area_cateo&outputFormat=application%2Fjson&count=2000&startIndex=0&srsName=EPSG%3A4326","source_layer":"idecor:mineria_area_cateo","source_fid":"mineria_area_cateo.151","source_srid":22173,"fetched_at":"2026-07-28T13:38:04+00:00","licencia":"no_especificada","superficie_ha_calc":5988.5147}},{"type":"Feature","geometry":{"type":"MultiPolygon","coordinates":[[[[-64.5934,-30.8641],[-64.5929,-30.8971],[-64.5506,-30.8966],[-64.5511,-30.8636],[-64.5934,-30.8641]]]]},"properties":{"id":"cordoba:area_cateo:mineria_area_cateo.152","provincia":"cordoba","provincia_nombre":"Córdoba","tipo":"cateo","estado":"desconocido","geom_kind":"poligono","fuente_id":"cordoba.idecor.area_cateo","source_url":"https://idecor-ws.mapascordoba.gob.ar/geoserver/wfs?service=WFS&version=2.0.0&request=GetFeature&typeNames=idecor%3Amineria_area_cateo&outputFormat=application%2Fjson&count=2000&startIndex=0&srsName=EPSG%3A4326","source_layer":"idecor:mineria_area_cateo","source_fid":"mineria_area_cateo.152","source_srid":22173,"fetched_at":"2026-07-28T13:38:04+00:00","licencia":"no_especificada","superficie_ha_calc":1480.1295}},{"type":"Feature","geometry":{"type":"MultiPolygon","coordinates":[[[[-64.7354,-32.1818],[-64.7351,-32.2021],[-64.7115,-32.2019],[-64.7118,-32.1816],[-64.7354,-32.1818]]]]},"properties":{"id":"cordoba:area_cateo:mineria_area_cateo.153","provincia":"cordoba","provincia_nombre":"Córdoba","tipo":"cateo","estado":"desconocido","geom_kind":"poligono","fuente_id":"cordoba.idecor.area_cateo","source_url":"https://idecor-ws.mapascordoba.gob.ar/geoserver/wfs?service=WFS&version=2.0.0&request=GetFeature&typeNames=idecor%3Amineria_area_cateo&outputFormat=application%2Fjson&count=2000&startIndex=0&srsName=EPSG%3A4326","source_layer":"idecor:mineria_area_cateo","source_fid":"mineria_area_cateo.153","source_srid":22173,"fetched_at":"2026-07-28T13:38:04+00:00","licencia":"no_especificada","superficie_ha_calc":501.012}},{"type":"Feature","geometry":{"type":"MultiPolygon","coordinates":[[[[-64.8475,-32.442],[-64.8472,-32.4602],[-64.8246,-32.46],[-64.8249,-32.4418],[-64.8475,-32.442]]]]},"properties":{"id":"cordoba:area_cateo:mineria_area_cateo.154","provincia":"cordoba","provincia_nombre":"Córdoba","tipo":"cateo","estado":"desconocido","geom_kind":"poligono","fuente_id":"cordoba.idecor.area_cateo","source_url":"https://idecor-ws.mapascordoba.gob.ar/geoserver/wfs?service=WFS&version=2.0.0&request=GetFeature&typeNames=idecor%3Amineria_area_cateo&outputFormat=application%2Fjson&count=2000&startIndex=0&srsName=EPSG%3A4326","source_layer":"idecor:mineria_area_cateo","source_fid":"mineria_area_cateo.154","source_srid":22173,"fetched_at":"2026-07-28T13:38:04+00:00","licencia":"no_especificada","expediente":"2170","superficie_ha_calc":428.9531}},{"type":"Feature","geometry":{"type":"MultiPolygon","coordinates":[[[[-65.0716,-31.938],[-65.0954,-31.9382],[-65.0952,-31.9585],[-65.0714,-31.9583],[-65.0716,-31.938]]]]},"properties":{"id":"cordoba:area_cateo:mineria_area_cateo.155","provincia":"cordoba","provincia_nombre":"Córdoba","tipo":"cateo","estado":"desconocido","geom_kind":"poligono","fuente_id":"cordoba.idecor.area_cateo","source_url":"https://idecor-ws.mapascordoba.gob.ar/geoserver/wfs?service=WFS&version=2.0.0&request=GetFeature&typeNames=idecor%3Amineria_area_cateo&outputFormat=application%2Fjson&count=2000&startIndex=0&srsName=EPSG%3A4326","source_layer":"idecor:mineria_area_cateo","source_fid":"mineria_area_cateo.155","source_srid":22173,"fetched_at":"2026-07-28T13:38:04+00:00","licencia":"no_especificada","expediente":"2169","superficie_ha_calc":506.5581}},{"type":"Feature","geometry":{"type":"MultiPolygon","coordinates":[[[[-64.7354,-32.1818],[-64.7351,-32.2021],[-64.7115,-32.2019],[-64.7118,-32.1816],[-64.7354,-32.1818]]]]},"properties":{"id":"cordoba:area_cateo:mineria_area_cateo.156","provincia":"cordoba","provincia_nombre":"Córdoba","tipo":"cateo","estado":"desconocido","geom_kind":"poligono","fuente_id":"cordoba.idecor.area_cateo","source_url":"https://idecor-ws.mapascordoba.gob.ar/geoserver/wfs?service=WFS&version=2.0.0&request=GetFeature&typeNames=idecor%3Amineria_area_cateo&outputFormat=application%2Fjson&count=2000&startIndex=0&srsName=EPSG%3A4326","source_layer":"idecor:mineria_area_cateo","source_fid":"mineria_area_cateo.156","source_srid":22173,"fetched_at":"2026-07-28T13:38:04+00:00","licencia":"no_especificada","expediente":"2173","superficie_ha_calc":501.012}},{"type":"Feature","geometry":{"type":"MultiPolygon","coordinates":[[[[-65.0241,-31.4263],[-65.0235,-31.4852],[-64.9269,-31.4844],[-64.9276,-31.4256],[-65.0241,-31.4263]]]]},"properties":{"id":"cordoba:area_cateo:mineria_area_cateo.157","provincia":"cordoba","provincia_nombre":"Córdoba","tipo":"cateo","estado":"desconocido","geom_kind":"poligono","fuente_id":"cordoba.idecor.area_cateo","source_url":"https://idecor-ws.mapascordoba.gob.ar/geoserver/wfs?service=WFS&version=2.0.0&request=GetFeature&typeNames=idecor%3Amineria_area_cateo&outputFormat=application%2Fjson&count=2000&startIndex=0&srsName=EPSG%3A4326","source_layer":"idecor:mineria_area_cateo","source_fid":"mineria_area_cateo.157","source_srid":22173,"fetched_at":"2026-07-28T13:38:04+00:00","licencia":"no_especificada","expediente":"2174","superficie_ha_calc":5988.5147}},{"type":"Feature","geometry":{"type":"MultiPolygon","coordinates":[[[[-64.5934,-30.8641],[-64.5929,-30.8971],[-64.5506,-30.8966],[-64.5511,-30.8636],[-64.5934,-30.8641]]]]},"properties":{"id":"cordoba:area_cateo:mineria_area_cateo.158","provincia":"cordoba","provincia_nombre":"Córdoba","tipo":"cateo","estado":"desconocido","geom_kind":"poligono","fuente_id":"cordoba.idecor.area_cateo","source_url":"https://idecor-ws.mapascordoba.gob.ar/geoserver/wfs?service=WFS&version=2.0.0&request=GetFeature&typeNames=idecor%3Amineria_area_cateo&outputFormat=application%2Fjson&count=2000&startIndex=0&srsName=EPSG%3A4326","source_layer":"idecor:mineria_area_cateo","source_fid":"mineria_area_cateo.158","source_srid":22173,"fetched_at":"2026-07-28T13:38:04+00:00","licencia":"no_especificada","expediente":"2175","superficie_ha_calc":1480.1295}},{"type":"Feature","geometry":{"type":"MultiPolygon","coordinates":[[[[-64.8236,-32.465],[-64.8747,-32.4655],[-64.8742,-32.5024],[-64.8231,-32.502],[-64.8236,-32.465]]]]},"properties":{"id":"cordoba:area_cateo:mineria_area_cateo.159","provincia":"cordoba","provincia_nombre":"Córdoba","tipo":"cateo","estado":"desconocido","geom_kind":"poligono","fuente_id":"cordoba.idecor.area_cateo","source_url":"https://idecor-ws.mapascordoba.gob.ar/geoserver/wfs?service=WFS&version=2.0.0&request=GetFeature&typeNames=idecor%3Amineria_area_cateo&outputFormat=application%2Fjson&count=2000&startIndex=0&srsName=EPSG%3A4326","source_layer":"idecor:mineria_area_cateo","source_fid":"mineria_area_cateo.159","source_srid":22173,"fetched_at":"2026-07-28T13:38:04+00:00","licencia":"no_especificada","expediente":"2141","superficie_ha_calc":1968.3346}},{"type":"Feature","geometry":{"type":"MultiPolygon","coordinates":[[[[-64.5264,-31.6878],[-64.5544,-31.6881],[-64.5539,-31.7174],[-64.526,-31.7171],[-64.5264,-31.6878]]]]},"properties":{"id":"cordoba:area_cateo:mineria_area_cateo.160","provincia":"cordoba","provincia_nombre":"Córdoba","tipo":"cateo","estado":"desconocido","geom_kind":"poligono","fuente_id":"cordoba.idecor.area_cateo","source_url":"https://idecor-ws.mapascordoba.gob.ar/geoserver/wfs?service=WFS&version=2.0.0&request=GetFeature&typeNames=idecor%3Amineria_area_cateo&outputFormat=application%2Fjson&count=2000&startIndex=0&srsName=EPSG%3A4326","source_layer":"idecor:mineria_area_cateo","source_fid":"mineria_area_cateo.160","source_srid":22173,"fetched_at":"2026-07-28T13:38:04+00:00","licencia":"no_especificada","expediente":"2142","superficie_ha_calc":860.9434}},{"type":"Feature","geometry":{"type":"MultiPolygon","coordinates":[[[[-64.8477,-32.4402],[-64.8937,-32.4406],[-64.8934,-32.4654],[-64.8474,-32.4649],[-64.8477,-32.4402]]]]},"properties":{"id":"cordoba:area_cateo:mineria_area_cateo.161","provincia":"cordoba","provincia_nombre":"Córdoba","tipo":"cateo","estado":"desconocido","geom_kind":"poligono","fuente_id":"cordoba.idecor.area_cateo","source_url":"https://idecor-ws.mapascordoba.gob.ar/geoserver/wfs?service=WFS&version=2.0.0&request=GetFeature&typeNames=idecor%3Amineria_area_cateo&outputFormat=application%2Fjson&count=2000&startIndex=0&srsName=EPSG%3A4326","source_layer":"idecor:mineria_area_cateo","source_fid":"mineria_area_cateo.161","source_srid":22173,"fetched_at":"2026-07-28T13:38:04+00:00","licencia":"no_especificada","expediente":"2140","superficie_ha_calc":1187.2517}},{"type":"Feature","geometry":{"type":"MultiPolygon","coordinates":[[[[-65.2342,-31.1687],[-65.2346,-31.1164],[-65.2784,-31.1167],[-65.278,-31.176],[-65.2645,-31.176],[-65.2646,-31.166],[-65.2541,-31.166],[-65.2541,-31.1689],[-65.2342,-31.1687]]]]},"properties":{"id":"cordoba:area_cateo:mineria_area_cateo.162","provincia":"cordoba","provincia_nombre":"Córdoba","tipo":"cateo","estado":"desconocido","geom_kind":"poligono","fuente_id":"cordoba.idecor.area_cateo","source_url":"https://idecor-ws.mapascordoba.gob.ar/geoserver/wfs?service=WFS&version=2.0.0&request=GetFeature&typeNames=idecor%3Amineria_area_cateo&outputFormat=application%2Fjson&count=2000&startIndex=0&srsName=EPSG%3A4326","source_layer":"idecor:mineria_area_cateo","source_fid":"mineria_area_cateo.162","source_srid":22173,"fetched_at":"2026-07-28T13:38:04+00:00","licencia":"no_especificada","expediente":"2167","superficie_ha_calc":2492.657}},{"type":"Feature","geometry":{"type":"MultiPolygon","coordinates":[[[[-65.0364,-33.1211],[-65.036,-33.1591],[-64.9765,-33.1586],[-64.9769,-33.1206],[-65.0364,-33.1211]]]]},"properties":{"id":"cordoba:area_cateo:mineria_area_cateo.163","provincia":"cordoba","provincia_nombre":"Córdoba","tipo":"cateo","estado":"desconocido","geom_kind":"poligono","fuente_id":"cordoba.idecor.area_cateo","source_url":"https://idecor-ws.mapascordoba.gob.ar/geoserver/wfs?service=WFS&version=2.0.0&request=GetFeature&typeNames=idecor%3Amineria_area_cateo&outputFormat=application%2Fjson&count=2000&startIndex=0&srsName=EPSG%3A4326","source_layer":"idecor:mineria_area_cateo","source_fid":"mineria_area_cateo.163","source_srid":22173,"fetched_at":"2026-07-28T13:38:04+00:00","licencia":"no_especificada","expediente":"2168","superficie_ha_calc":2339.9414}},{"type":"Feature","geometry":{"type":"MultiPolygon","coordinates":[[[[-64.9968,-31.5362],[-65.0202,-31.5364],[-65.02,-31.5567],[-64.9966,-31.5565],[-64.9968,-31.5362]]]]},"properties":{"id":"cordoba:area_cateo:mineria_area_cateo.164","provincia":"cordoba","provincia_nombre":"Córdoba","tipo":"cateo","estado":"desconocido","geom_kind":"poligono","fuente_id":"cordoba.idecor.area_cateo","source_url":"https://idecor-ws.mapascordoba.gob.ar/geoserver/wfs?service=WFS&version=2.0.0&request=GetFeature&typeNames=idecor%3Amineria_area_cateo&outputFormat=application%2Fjson&count=2000&startIndex=0&srsName=EPSG%3A4326","source_layer":"idecor:mineria_area_cateo","source_fid":"mineria_area_cateo.164","source_srid":22173,"fetched_at":"2026-07-28T13:38:04+00:00","licencia":"no_especificada","expediente":"2172","superficie_ha_calc":500.1689}},{"type":"Feature","geometry":{"type":"MultiPolygon","coordinates":[[[[-65.3693,-31.3064],[-65.3691,-31.3308],[-65.3334,-31.3306],[-65.3336,-31.3062],[-65.3693,-31.3064]]]]},"properties":{"id":"cordoba:area_cateo:mineria_area_cateo.165","provincia":"cordoba","provincia_nombre":"Córdoba","tipo":"cateo","estado":"desconocido","geom_kind":"poligono","fuente_id":"cordoba.idecor.area_cateo","source_url":"https://idecor-ws.mapascordoba.gob.ar/geoserver/wfs?service=WFS&version=2.0.0&request=GetFeature&typeNames=idecor%3Amineria_area_cateo&outputFormat=application%2Fjson&count=2000&startIndex=0&srsName=EPSG%3A4326","source_layer":"idecor:mineria_area_cateo","source_fid":"mineria_area_cateo.165","source_srid":22173,"fetched_at":"2026-07-28T13:38:04+00:00","licencia":"no_especificada","expediente":"2166","superficie_ha_calc":919.3516}},{"type":"Feature","geometry":{"type":"MultiPolygon","coordinates":[[[[-64.7992,-32.4869],[-64.8002,-32.4072],[-64.8478,-32.4077],[-64.8474,-32.4419],[-64.8248,-32.4417],[-64.8245,-32.46],[-64.8472,-32.4603],[-64.8471,-32.4644],[-64.8217,-32.4642],[-64.8215,-32.4871],[-64.7992,-32.4869]]]]},"properties":{"id":"cordoba:area_cateo:mineria_area_cateo.166","provincia":"cordoba","provincia_nombre":"Córdoba","tipo":"cateo","estado":"desconocido","geom_kind":"poligono","fuente_id":"cordoba.idecor.area_cateo","source_url":"https://idecor-ws.mapascordoba.gob.ar/geoserver/wfs?service=WFS&version=2.0.0&request=GetFeature&typeNames=idecor%3Amineria_area_cateo&outputFormat=application%2Fjson&count=2000&startIndex=0&srsName=EPSG%3A4326","source_layer":"idecor:mineria_area_cateo","source_fid":"mineria_area_cateo.166","source_srid":22173,"fetched_at":"2026-07-28T13:38:04+00:00","licencia":"no_especificada","expediente":"2139","superficie_ha_calc":2917.2221}},{"type":"Feature","geometry":{"type":"MultiPolygon","coordinates":[[[[-64.5952,-31.1772],[-64.5947,-31.2106],[-64.5528,-31.2101],[-64.5533,-31.1768],[-64.5952,-31.1772]]]]},"properties":{"id":"cordoba:area_cateo:mineria_area_cateo.167","provincia":"cordoba","provincia_nombre":"Córdoba","tipo":"cateo","estado":"desconocido","geom_kind":"poligono","fuente_id":"cordoba.idecor.area_cateo","source_url":"https://idecor-ws.mapascordoba.gob.ar/geoserver/wfs?service=WFS&version=2.0.0&request=GetFeature&typeNames=idecor%3Amineria_area_cateo&outputFormat=application%2Fjson&count=2000&startIndex=0&srsName=EPSG%3A4326","source_layer":"idecor:mineria_area_cateo","source_fid":"mineria_area_cateo.167","source_srid":22173,"fetched_at":"2026-07-28T13:38:04+00:00","licencia":"no_especificada","expediente":"2143","superficie_ha_calc":1476.8842}},{"type":"Feature","geometry":{"type":"MultiPolygon","coordinates":[[[[-65.034,-31.4853],[-65.0335,-31.5365],[-64.9465,-31.5358],[-64.9468,-31.5082],[-64.8973,-31.5077],[-64.8981,-31.4419],[-64.9274,-31.4421],[-64.9269,-31.4844],[-65.034,-31.4853]]]]},"properties":{"id":"cordoba:area_cateo:mineria_area_cateo.168","provincia":"cordoba","provincia_nombre":"Córdoba","tipo":"cateo","estado":"desconocido","geom_kind":"poligono","fuente_id":"cordoba.idecor.area_cateo","source_url":"https://idecor-ws.mapascordoba.gob.ar/geoserver/wfs?service=WFS&version=2.0.0&request=GetFeature&typeNames=idecor%3Amineria_area_cateo&outputFormat=application%2Fjson&count=2000&startIndex=0&srsName=EPSG%3A4326","source_layer":"idecor:mineria_area_cateo","source_fid":"mineria_area_cateo.168","source_srid":22173,"fetched_at":"2026-07-28T13:38:04+00:00","licencia":"no_especificada","expediente":"2176","superficie_ha_calc":7227.0469}},{"type":"Feature","geometry":{"type":"MultiPolygon","coordinates":[[[[-64.9019,-32.387],[-64.9007,-32.4911],[-64.8743,-32.4908],[-64.8747,-32.4652],[-64.8934,-32.4654],[-64.8937,-32.4406],[-64.8477,-32.4402],[-64.8484,-32.3866],[-64.9019,-32.387]]]]},"properties":{"id":"cordoba:area_cateo:mineria_area_cateo.169","provincia":"cordoba","provincia_nombre":"Córdoba","tipo":"cateo","estado":"desconocido","geom_kind":"poligono","fuente_id":"cordoba.idecor.area_cateo","source_url":"https://idecor-ws.mapascordoba.gob.ar/geoserver/wfs?service=WFS&version=2.0.0&request=GetFeature&typeNames=idecor%3Amineria_area_cateo&outputFormat=application%2Fjson&count=2000&startIndex=0&srsName=EPSG%3A4326","source_layer":"idecor:mineria_area_cateo","source_fid":"mineria_area_cateo.169","source_srid":22173,"fetched_at":"2026-07-28T13:38:04+00:00","licencia":"no_especificada","expediente":"2179","superficie_ha_calc":3895.4929}},{"type":"Feature","geometry":{"type":"MultiPolygon","coordinates":[[[[-65.2541,-31.167],[-65.2541,-31.166],[-65.2646,-31.166],[-65.2645,-31.1725],[-65.2618,-31.1725],[-65.2617,-31.1757],[-65.2559,-31.1756],[-65.2554,-31.168],[-65.2542,-31.168],[-65.2541,-31.167]]]]},"properties":{"id":"cordoba:area_cateo:mineria_area_cateo.170","provincia":"cordoba","provincia_nombre":"Córdoba","tipo":"cateo","estado":"desconocido","geom_kind":"poligono","fuente_id":"cordoba.idecor.area_cateo","source_url":"https://idecor-ws.mapascordoba.gob.ar/geoserver/wfs?service=WFS&version=2.0.0&request=GetFeature&typeNames=idecor%3Amineria_area_cateo&outputFormat=application%2Fjson&count=2000&startIndex=0&srsName=EPSG%3A4326","source_layer":"idecor:mineria_area_cateo","source_fid":"mineria_area_cateo.170","source_srid":22173,"fetched_at":"2026-07-28T13:38:04+00:00","licencia":"no_especificada","expediente":"2178","superficie_ha_calc":84.6698}},{"type":"Feature","geometry":{"type":"MultiPolygon","coordinates":[[[[-65.278,-31.176],[-65.2779,-31.1893],[-65.2688,-31.1892],[-65.2651,-31.1936],[-65.2627,-31.1921],[-65.2652,-31.1892],[-65.2513,-31.1891],[-65.2511,-31.2062],[-65.2339,-31.2061],[-65.2341,-31.1858],[-65.2217,-31.1858],[-65.2218,-31.1687],[-65.2184,-31.1686],[-65.2185,-31.1607],[-65.2104,-31.1606],[-65.2107,-31.1163],[-65.2346,-31.1164],[-65.2342,-31.1687],[-65.2524,-31.1689],[-65.2523,-31.182],[-65.271,-31.1821],[-65.2711,-31.176],[-65.278,-31.176]]]]},"properties":{"id":"cordoba:area_cateo:mineria_area_cateo.171","provincia":"cordoba","provincia_nombre":"Córdoba","tipo":"cateo","estado":"desconocido","geom_kind":"poligono","fuente_id":"cordoba.idecor.area_cateo","source_url":"https://idecor-ws.mapascordoba.gob.ar/geoserver/wfs?service=WFS&version=2.0.0&request=GetFeature&typeNames=idecor%3Amineria_area_cateo&outputFormat=application%2Fjson&count=2000&startIndex=0&srsName=EPSG%3A4326","source_layer":"idecor:mineria_area_cateo","source_fid":"mineria_area_cateo.171","source_srid":22173,"fetched_at":"2026-07-28T13:38:04+00:00","licencia":"no_especificada","expediente":"2177","superficie_ha_calc":2429.1682}},{"type":"Feature","geometry":{"type":"Polygon","coordinates":[[[-64.4948,-31.6206],[-64.4943,-31.6191],[-64.4925,-31.6194],[-64.493,-31.6209],[-64.4948,-31.6206]]]},"properties":{"id":"cordoba:canteras:mineria_canteras.1","provincia":"cordoba","provincia_nombre":"Córdoba","tipo":"cantera","estado":"desconocido","geom_kind":"poligono","fuente_id":"cordoba.idecor.canteras","source_url":"https://idecor-ws.mapascordoba.gob.ar/geoserver/wfs?service=WFS&version=2.0.0&request=GetFeature&typeNames=idecor%3Amineria_canteras&outputFormat=application%2Fjson&count=2000&startIndex=0&srsName=EPSG%3A4326","source_layer":"idecor:mineria_canteras","source_fid":"mineria_canteras.1","source_srid":22173,"fetched_at":"2026-07-28T13:38:04+00:00","licencia":"no_especificada","superficie_ha_calc":2.9983}},{"type":"Feature","geometry":{"type":"Polygon","coordinates":[[[-64.3223,-32.483],[-64.3189,-32.4688],[-64.3153,-32.4689],[-64.3127,-32.4851],[-64.3223,-32.483]]]},"properties":{"id":"cordoba:canteras:mineria_canteras.2","provincia":"cordoba","provincia_nombre":"Córdoba","tipo":"cantera","estado":"desconocido","geom_kind":"poligono","fuente_id":"cordoba.idecor.canteras","source_url":"https://idecor-ws.mapascordoba.gob.ar/geoserver/wfs?service=WFS&version=2.0.0&request=GetFeature&typeNames=idecor%3Amineria_canteras&outputFormat=application%2Fjson&count=2000&startIndex=0&srsName=EPSG%3A4326","source_layer":"idecor:mineria_canteras","source_fid":"mineria_canteras.2","source_srid":22173,"fetched_at":"2026-07-28T13:38:04+00:00","licencia":"no_especificada","superficie_ha_calc":105.0317}},{"type":"Feature","geometry":{"type":"Polygon","coordinates":[[[-64.5353,-32.3847],[-64.5343,-32.3823],[-64.5338,-32.3823],[-64.5309,-32.3809],[-64.5293,-32.3821],[-64.5293,-32.3861],[-64.5329,-32.3862],[-64.5329,-32.3855],[-64.5353,-32.3847]]]},"properties":{"id":"cordoba:canteras:mineria_canteras.3","provincia":"cordoba","provincia_nombre":"Córdoba","tipo":"cantera","estado":"desconocido","geom_kind":"poligono","fuente_id":"cordoba.idecor.canteras","source_url":"https://idecor-ws.mapascordoba.gob.ar/geoserver/wfs?service=WFS&version=2.0.0&request=GetFeature&typeNames=idecor%3Amineria_canteras&outputFormat=application%2Fjson&count=2000&startIndex=0&srsName=EPSG%3A4326","source_layer":"idecor:mineria_canteras","source_fid":"mineria_canteras.3","source_srid":22173,"fetched_at":"2026-07-28T13:38:04+00:00","licencia":"no_especificada","superficie_ha_calc":23.6766}},{"type":"Feature","geometry":{"type":"Polygon","coordinates":[[[-64.3385,-31.2275],[-64.3382,-31.2272],[-64.3377,-31.2269],[-64.3371,-31.2267],[-64.3363,-31.2266],[-64.3357,-31.2267],[-64.3356,-31.2267],[-64.335,-31.227],[-64.335,-31.227],[-64.3344,-31.2274],[-64.3341,-31.2277],[-64.3339,-31.2282],[-64.3338,-31.2285],[-64.3337,-31.2291],[-64.334,-31.2298],[-64.3342,-31.2301],[-64.3346,-31.2305],[-64.3351,-31.2308],[-64.336,-31.2311],[-64.3368,-31.2311],[-64.3375,-31.231],[-64.338,-31.2306],[-64.3385,-31.2303],[-64.3388,-31.2297],[-64.339,-31.2291],[-64.339,-31.2285],[-64.3389,-31.2281],[-64.3385,-31.2275]]]},"properties":{"id":"cordoba:canteras:mineria_canteras.4","provincia":"cordoba","provincia_nombre":"Córdoba","tipo":"cantera","estado":"desconocido","geom_kind":"poligono","fuente_id":"cordoba.idecor.canteras","source_url":"https://idecor-ws.mapascordoba.gob.ar/geoserver/wfs?service=WFS&version=2.0.0&request=GetFeature&typeNames=idecor%3Amineria_canteras&outputFormat=application%2Fjson&count=2000&startIndex=0&srsName=EPSG%3A4326","source_layer":"idecor:mineria_canteras","source_fid":"mineria_canteras.4","source_srid":22173,"fetched_at":"2026-07-28T13:38:04+00:00","licencia":"no_especificada","superficie_ha_calc":19.5478}},{"type":"Feature","geometry":{"type":"Polygon","coordinates":[[[-64.6933,-32.4725],[-64.6788,-32.4686],[-64.6695,-32.486],[-64.6874,-32.4917],[-64.6933,-32.4725]]]},"properties":{"id":"cordoba:canteras:mineria_canteras.5","provincia":"cordoba","provincia_nombre":"Córdoba","tipo":"cantera","estado":"desconocido","geom_kind":"poligono","fuente_id":"cordoba.idecor.canteras","source_url":"https://idecor-ws.mapascordoba.gob.ar/geoserver/wfs?service=WFS&version=2.0.0&request=GetFeature&typeNames=idecor%3Amineria_canteras&outputFormat=application%2Fjson&count=2000&startIndex=0&srsName=EPSG%3A4326","source_layer":"idecor:mineria_canteras","source_fid":"mineria_canteras.5","source_srid":22173,"fetched_at":"2026-07-28T13:38:04+00:00","licencia":"no_especificada","superficie_ha_calc":347.0534}},{"type":"Feature","geometry":{"type":"Polygon","coordinates":[[[-64.3582,-32.3735],[-64.3571,-32.3687],[-64.3527,-32.3697],[-64.3503,-32.3681],[-64.3483,-32.3685],[-64.348,-32.3708],[-64.3454,-32.3714],[-64.3473,-32.373],[-64.3524,-32.3749],[-64.3544,-32.3741],[-64.3582,-32.3735]]]},"properties":{"id":"cordoba:canteras:mineria_canteras.6","provincia":"cordoba","provincia_nombre":"Córdoba","tipo":"cantera","estado":"desconocido","geom_kind":"poligono","fuente_id":"cordoba.idecor.canteras","source_url":"https://idecor-ws.mapascordoba.gob.ar/geoserver/wfs?service=WFS&version=2.0.0&request=GetFeature&typeNames=idecor%3Amineria_canteras&outputFormat=application%2Fjson&count=2000&startIndex=0&srsName=EPSG%3A4326","source_layer":"idecor:mineria_canteras","source_fid":"mineria_canteras.6","source_srid":22173,"fetched_at":"2026-07-28T13:38:04+00:00","licencia":"no_especificada","superficie_ha_calc":55.6875}},{"type":"Feature","geometry":{"type":"Polygon","coordinates":[[[-65.2454,-30.7834],[-65.2418,-30.7834],[-65.2416,-30.7906],[-65.2453,-30.7906],[-65.2454,-30.7834]]]},"properties":{"id":"cordoba:canteras:mineria_canteras.7","provincia":"cordoba","provincia_nombre":"Córdoba","tipo":"cantera","estado":"desconocido","geom_kind":"poligono","fuente_id":"cordoba.idecor.canteras","source_url":"https://idecor-ws.mapascordoba.gob.ar/geoserver/wfs?service=WFS&version=2.0.0&request=GetFeature&typeNames=idecor%3Amineria_canteras&outputFormat=application%2Fjson&count=2000&startIndex=0&srsName=EPSG%3A4326","source_layer":"idecor:mineria_canteras","source_fid":"mineria_canteras.7","source_srid":22173,"fetched_at":"2026-07-28T13:38:04+00:00","licencia":"no_especificada","superficie_ha_calc":27.8873}},{"type":"Feature","geometry":{"type":"Polygon","coordinates":[[[-64.1572,-32.1501],[-64.1561,-32.1453],[-64.1543,-32.146],[-64.1526,-32.1464],[-64.1524,-32.1471],[-64.152,-32.1475],[-64.1499,-32.1491],[-64.1484,-32.151],[-64.1517,-32.1525],[-64.1553,-32.1519],[-64.155,-32.1507],[-64.1552,-32.1503],[-64.1572,-32.1501]]]},"properties":{"id":"cordoba:canteras:mineria_canteras.8","provincia":"cordoba","provincia_nombre":"Córdoba","tipo":"cantera","estado":"desconocido","geom_kind":"poligono","fuente_id":"cordoba.idecor.canteras","source_url":"https://idecor-ws.mapascordoba.gob.ar/geoserver/wfs?service=WFS&version=2.0.0&request=GetFeature&typeNames=idecor%3Amineria_canteras&outputFormat=application%2Fjson&count=2000&startIndex=0&srsName=EPSG%3A4326","source_layer":"idecor:mineria_canteras","source_fid":"mineria_canteras.8","source_srid":22173,"fetched_at":"2026-07-28T13:38:04+00:00","licencia":"no_especificada","superficie_ha_calc":37.5037}},{"type":"Feature","geometry":{"type":"Polygon","coordinates":[[[-63.3786,-31.4986],[-63.3783,-31.4978],[-63.3733,-31.4967],[-63.3734,-31.4976],[-63.3786,-31.4986]]]},"properties":{"id":"cordoba:canteras:mineria_canteras.9","provincia":"cordoba","provincia_nombre":"Córdoba","tipo":"cantera","estado":"desconocido","geom_kind":"poligono","fuente_id":"cordoba.idecor.canteras","source_url":"https://idecor-ws.mapascordoba.gob.ar/geoserver/wfs?service=WFS&version=2.0.0&request=GetFeature&typeNames=idecor%3Amineria_canteras&outputFormat=application%2Fjson&count=2000&startIndex=0&srsName=EPSG%3A4326","source_layer":"idecor:mineria_canteras","source_fid":"mineria_canteras.9","source_srid":22173,"fetched_at":"2026-07-28T13:38:04+00:00","licencia":"no_especificada","superficie_ha_calc":4.3453}},{"type":"Feature","geometry":{"type":"Polygon","coordinates":[[[-64.3379,-31.5582],[-64.3377,-31.5513],[-64.3353,-31.5514],[-64.335,-31.556],[-64.3332,-31.5568],[-64.3328,-31.5593],[-64.3349,-31.5602],[-64.3364,-31.5582],[-64.3379,-31.5582]]]},"properties":{"id":"cordoba:canteras:mineria_canteras.10","provincia":"cordoba","provincia_nombre":"Córdoba","tipo":"cantera","estado":"desconocido","geom_kind":"poligono","fuente_id":"cordoba.idecor.canteras","source_url":"https://idecor-ws.mapascordoba.gob.ar/geoserver/wfs?service=WFS&version=2.0.0&request=GetFeature&typeNames=idecor%3Amineria_canteras&outputFormat=application%2Fjson&count=2000&startIndex=0&srsName=EPSG%3A4326","source_layer":"idecor:mineria_canteras","source_fid":"mineria_canteras.10","source_srid":22173,"fetched_at":"2026-07-28T13:38:04+00:00","licencia":"no_especificada","superficie_ha_calc":27.9347}},{"type":"Feature","geometry":{"type":"Polygon","coordinates":[[[-64.3724,-32.2693],[-64.3724,-32.2653],[-64.3694,-32.2653],[-64.3694,-32.2693],[-64.3724,-32.2693]]]},"properties":{"id":"cordoba:canteras:mineria_canteras.11","provincia":"cordoba","provincia_nombre":"Córdoba","tipo":"cantera","estado":"desconocido","geom_kind":"poligono","fuente_id":"cordoba.idecor.canteras","source_url":"https://idecor-ws.mapascordoba.gob.ar/geoserver/wfs?service=WFS&version=2.0.0&request=GetFeature&typeNames=idecor%3Amineria_canteras&outputFormat=application%2Fjson&count=2000&startIndex=0&srsName=EPSG%3A4326","source_layer":"idecor:mineria_canteras","source_fid":"mineria_canteras.11","source_srid":22173,"fetched_at":"2026-07-28T13:38:04+00:00","licencia":"no_especificada","superficie_ha_calc":12.5376}},{"type":"Feature","geometry":{"type":"Polygon","coordinates":[[[-63.9755,-30.4383],[-63.9752,-30.4333],[-63.9714,-30.4333],[-63.9722,-30.4389],[-63.9755,-30.4383]]]},"properties":{"id":"cordoba:canteras:mineria_canteras.12","provincia":"cordoba","provincia_nombre":"Córdoba","tipo":"cantera","estado":"desconocido","geom_kind":"poligono","fuente_id":"cordoba.idecor.canteras","source_url":"https://idecor-ws.mapascordoba.gob.ar/geoserver/wfs?service=WFS&version=2.0.0&request=GetFeature&typeNames=idecor%3Amineria_canteras&outputFormat=application%2Fjson&count=2000&startIndex=0&srsName=EPSG%3A4326","source_layer":"idecor:mineria_canteras","source_fid":"mineria_canteras.12","source_srid":22173,"fetched_at":"2026-07-28T13:38:04+00:00","licencia":"no_especificada","superficie_ha_calc":20.2126}},{"type":"Feature","geometry":{"type":"Polygon","coordinates":[[[-64.3847,-33.0576],[-64.3828,-33.0539],[-64.3847,-33.0513],[-64.3846,-33.0507],[-64.3838,-33.0515],[-64.3828,-33.0521],[-64.3821,-33.0524],[-64.3814,-33.0524],[-64.3809,-33.0525],[-64.3801,-33.0536],[-64.38,-33.0576],[-64.3847,-33.0576]]]},"properties":{"id":"cordoba:canteras:mineria_canteras.13","provincia":"cordoba","provincia_nombre":"Córdoba","tipo":"cantera","estado":"desconocido","geom_kind":"poligono","fuente_id":"cordoba.idecor.canteras","source_url":"https://idecor-ws.mapascordoba.gob.ar/geoserver/wfs?service=WFS&version=2.0.0&request=GetFeature&typeNames=idecor%3Amineria_canteras&outputFormat=application%2Fjson&count=2000&startIndex=0&srsName=EPSG%3A4326","source_layer":"idecor:mineria_canteras","source_fid":"mineria_canteras.13","source_srid":22173,"fetched_at":"2026-07-28T13:38:04+00:00","licencia":"no_especificada","superficie_ha_calc":20.1723}},{"type":"Feature","geometry":{"type":"Polygon","coordinates":[[[-64.543,-31.1242],[-64.5431,-31.1221],[-64.5406,-31.1219],[-64.5404,-31.124],[-64.543,-31.1242]]]},"properties":{"id":"cordoba:canteras:mineria_canteras.14","provincia":"cordoba","provincia_nombre":"Córdoba","tipo":"cantera","estado":"desconocido","geom_kind":"poligono","fuente_id":"cordoba.idecor.canteras","source_url":"https://idecor-ws.mapascordoba.gob.ar/geoserver/wfs?service=WFS&version=2.0.0&request=GetFeature&typeNames=idecor%3Amineria_canteras&outputFormat=application%2Fjson&count=2000&startIndex=0&srsName=EPSG%3A4326","source_layer":"idecor:mineria_canteras","source_fid":"mineria_canteras.14","source_srid":22173,"fetched_at":"2026-07-28T13:38:04+00:00","licencia":"no_especificada","superficie_ha_calc":5.6947}},{"type":"Feature","geometry":{"type":"Polygon","coordinates":[[[-64.2372,-31.0523],[-64.2362,-31.0512],[-64.2363,-31.0514],[-64.2368,-31.0525],[-64.2372,-31.0523]]]},"properties":{"id":"cordoba:canteras:mineria_canteras.15","provincia":"cordoba","provincia_nombre":"Córdoba","tipo":"cantera","estado":"desconocido","geom_kind":"poligono","fuente_id":"cordoba.idecor.canteras","source_url":"https://idecor-ws.mapascordoba.gob.ar/geoserver/wfs?service=WFS&version=2.0.0&request=GetFeature&typeNames=idecor%3Amineria_canteras&outputFormat=application%2Fjson&count=2000&startIndex=0&srsName=EPSG%3A4326","source_layer":"idecor:mineria_canteras","source_fid":"mineria_canteras.15","source_srid":22173,"fetched_at":"2026-07-28T13:38:04+00:00","licencia":"no_especificada","superficie_ha_calc":0.3334}},{"type":"Feature","geometry":{"type":"Polygon","coordinates":[[[-63.4633,-31.2261],[-63.4628,-31.2229],[-63.4617,-31.2238],[-63.4618,-31.2262],[-63.4633,-31.2261]]]},"properties":{"id":"cordoba:canteras:mineria_canteras.16","provincia":"cordoba","provincia_nombre":"Córdoba","tipo":"cantera","estado":"desconocido","geom_kind":"poligono","fuente_id":"cordoba.idecor.canteras","source_url":"https://idecor-ws.mapascordoba.gob.ar/geoserver/wfs?service=WFS&version=2.0.0&request=GetFeature&typeNames=idecor%3Amineria_canteras&outputFormat=application%2Fjson&count=2000&startIndex=0&srsName=EPSG%3A4326","source_layer":"idecor:mineria_canteras","source_fid":"mineria_canteras.16","source_srid":22173,"fetched_at":"2026-07-28T13:38:04+00:00","licencia":"no_especificada","superficie_ha_calc":4.0037}},{"type":"Feature","geometry":{"type":"Polygon","coordinates":[[[-64.4235,-32.0692],[-64.4236,-32.0674],[-64.4215,-32.0674],[-64.4215,-32.0692],[-64.4235,-32.0692]]]},"properties":{"id":"cordoba:canteras:mineria_canteras.17","provincia":"cordoba","provincia_nombre":"Córdoba","tipo":"cantera","estado":"desconocido","geom_kind":"poligono","fuente_id":"cordoba.idecor.canteras","source_url":"https://idecor-ws.mapascordoba.gob.ar/geoserver/wfs?service=WFS&version=2.0.0&request=GetFeature&typeNames=idecor%3Amineria_canteras&outputFormat=application%2Fjson&count=2000&startIndex=0&srsName=EPSG%3A4326","source_layer":"idecor:mineria_canteras","source_fid":"mineria_canteras.17","source_srid":22173,"fetched_at":"2026-07-28T13:38:04+00:00","licencia":"no_especificada","superficie_ha_calc":3.8636}},{"type":"Feature","geometry":{"type":"Polygon","coordinates":[[[-63.6152,-31.3535],[-63.6153,-31.3533],[-63.6105,-31.3518],[-63.6084,-31.3497],[-63.6077,-31.3507],[-63.6046,-31.3506],[-63.6046,-31.3503],[-63.6022,-31.3502],[-63.6023,-31.3484],[-63.6,-31.3484],[-63.6,-31.3512],[-63.6022,-31.3513],[-63.6022,-31.3514],[-63.6046,-31.3514],[-63.6046,-31.3513],[-63.6084,-31.3513],[-63.6127,-31.3536],[-63.6152,-31.3535]]]},"properties":{"id":"cordoba:canteras:mineria_canteras.18","provincia":"cordoba","provincia_nombre":"Córdoba","tipo":"cantera","estado":"desconocido","geom_kind":"poligono","fuente_id":"cordoba.idecor.canteras","source_url":"https://idecor-ws.mapascordoba.gob.ar/geoserver/wfs?service=WFS&version=2.0.0&request=GetFeature&typeNames=idecor%3Amineria_canteras&outputFormat=application%2Fjson&count=2000&startIndex=0&srsName=EPSG%3A4326","source_layer":"idecor:mineria_canteras","source_fid":"mineria_canteras.18","source_srid":22173,"fetched_at":"2026-07-28T13:38:04+00:00","licencia":"no_especificada","superficie_ha_calc":18.8214}},{"type":"Feature","geometry":{"type":"Polygon","coordinates":[[[-64.3224,-31.2023],[-64.3227,-31.201],[-64.3182,-31.2011],[-64.3182,-31.2022],[-64.3224,-31.2023]]]},"properties":{"id":"cordoba:canteras:mineria_canteras.20","provincia":"cordoba","provincia_nombre":"Córdoba","tipo":"cantera","estado":"desconocido","geom_kind":"poligono","fuente_id":"cordoba.idecor.canteras","source_url":"https://idecor-ws.mapascordoba.gob.ar/geoserver/wfs?service=WFS&version=2.0.0&request=GetFeature&typeNames=idecor%3Amineria_canteras&outputFormat=application%2Fjson&count=2000&startIndex=0&srsName=EPSG%3A4326","source_layer":"idecor:mineria_canteras","source_fid":"mineria_canteras.20","source_srid":22173,"fetched_at":"2026-07-28T13:38:04+00:00","licencia":"no_especificada","superficie_ha_calc":5.5157}},{"type":"Feature","geometry":{"type":"Polygon","coordinates":[[[-63.9271,-31.3488],[-63.9271,-31.3476],[-63.9236,-31.3466],[-63.9236,-31.3492],[-63.9271,-31.3488]]]},"properties":{"id":"cordoba:canteras:mineria_canteras.21","provincia":"cordoba","provincia_nombre":"Córdoba","tipo":"cantera","estado":"desconocido","geom_kind":"poligono","fuente_id":"cordoba.idecor.canteras","source_url":"https://idecor-ws.mapascordoba.gob.ar/geoserver/wfs?service=WFS&version=2.0.0&request=GetFeature&typeNames=idecor%3Amineria_canteras&outputFormat=application%2Fjson&count=2000&startIndex=0&srsName=EPSG%3A4326","source_layer":"idecor:mineria_canteras","source_fid":"mineria_canteras.21","source_srid":22173,"fetched_at":"2026-07-28T13:38:04+00:00","licencia":"no_especificada","superficie_ha_calc":7.016}},{"type":"Feature","geometry":{"type":"Polygon","coordinates":[[[-64.4033,-31.2862],[-64.4049,-31.2862],[-64.405,-31.2858],[-64.4053,-31.2854],[-64.4052,-31.2849],[-64.4054,-31.2843],[-64.4059,-31.2836],[-64.4066,-31.2833],[-64.4068,-31.2829],[-64.4072,-31.2826],[-64.4071,-31.2819],[-64.4071,-31.281],[-64.4032,-31.2811],[-64.4033,-31.2862]]]},"properties":{"id":"cordoba:canteras:mineria_canteras.22","provincia":"cordoba","provincia_nombre":"Córdoba","tipo":"cantera","estado":"desconocido","geom_kind":"poligono","fuente_id":"cordoba.idecor.canteras","source_url":"https://idecor-ws.mapascordoba.gob.ar/geoserver/wfs?service=WFS&version=2.0.0&request=GetFeature&typeNames=idecor%3Amineria_canteras&outputFormat=application%2Fjson&count=2000&startIndex=0&srsName=EPSG%3A4326","source_layer":"idecor:mineria_canteras","source_fid":"mineria_canteras.22","source_srid":22173,"fetched_at":"2026-07-28T13:38:04+00:00","licencia":"no_especificada","superficie_ha_calc":15.5829}},{"type":"Feature","geometry":{"type":"Polygon","coordinates":[[[-64.2726,-31.807],[-64.2762,-31.8066],[-64.2813,-31.8062],[-64.2814,-31.8019],[-64.2769,-31.7957],[-64.2742,-31.798],[-64.2688,-31.7982],[-64.2696,-31.8017],[-64.2726,-31.807]]]},"properties":{"id":"cordoba:canteras:mineria_canteras.23","provincia":"cordoba","provincia_nombre":"Córdoba","tipo":"cantera","estado":"desconocido","geom_kind":"poligono","fuente_id":"cordoba.idecor.canteras","source_url":"https://idecor-ws.mapascordoba.gob.ar/geoserver/wfs?service=WFS&version=2.0.0&request=GetFeature&typeNames=idecor%3Amineria_canteras&outputFormat=application%2Fjson&count=2000&startIndex=0&srsName=EPSG%3A4326","source_layer":"idecor:mineria_canteras","source_fid":"mineria_canteras.23","source_srid":22173,"fetched_at":"2026-07-28T13:38:04+00:00","licencia":"no_especificada","superficie_ha_calc":99.4364}},{"type":"Feature","geometry":{"type":"Polygon","coordinates":[[[-64.3108,-31.7929],[-64.3109,-31.7928],[-64.3111,-31.7925],[-64.3111,-31.7922],[-64.3117,-31.7922],[-64.3117,-31.7928],[-64.3116,-31.793],[-64.3115,-31.7932],[-64.3113,-31.7934],[-64.3118,-31.7939],[-64.312,-31.7937],[-64.312,-31.7935],[-64.312,-31.7934],[-64.312,-31.7933],[-64.3121,-31.7932],[-64.3122,-31.7932],[-64.3123,-31.7932],[-64.3124,-31.7932],[-64.3124,-31.7921],[-64.3111,-31.7921],[-64.3111,-31.7899],[-64.3109,-31.7891],[-64.3101,-31.7888],[-64.3094,-31.7895],[-64.3083,-31.79],[-64.3088,-31.7906],[-64.3108,-31.7929]]]},"properties":{"id":"cordoba:canteras:mineria_canteras.24","provincia":"cordoba","provincia_nombre":"Córdoba","tipo":"cantera","estado":"desconocido","geom_kind":"poligono","fuente_id":"cordoba.idecor.canteras","source_url":"https://idecor-ws.mapascordoba.gob.ar/geoserver/wfs?service=WFS&version=2.0.0&request=GetFeature&typeNames=idecor%3Amineria_canteras&outputFormat=application%2Fjson&count=2000&startIndex=0&srsName=EPSG%3A4326","source_layer":"idecor:mineria_canteras","source_fid":"mineria_canteras.24","source_srid":22173,"fetched_at":"2026-07-28T13:38:04+00:00","licencia":"no_especificada","superficie_ha_calc":7.8498}},{"type":"Feature","geometry":{"type":"Polygon","coordinates":[[[-64.3581,-32.2481],[-64.3583,-32.2461],[-64.3561,-32.2458],[-64.3556,-32.2478],[-64.3581,-32.2481]]]},"properties":{"id":"cordoba:canteras:mineria_canteras.25","provincia":"cordoba","provincia_nombre":"Córdoba","tipo":"cantera","estado":"desconocido","geom_kind":"poligono","fuente_id":"cordoba.idecor.canteras","source_url":"https://idecor-ws.mapascordoba.gob.ar/geoserver/wfs?service=WFS&version=2.0.0&request=GetFeature&typeNames=idecor%3Amineria_canteras&outputFormat=application%2Fjson&count=2000&startIndex=0&srsName=EPSG%3A4326","source_layer":"idecor:mineria_canteras","source_fid":"mineria_canteras.25","source_srid":22173,"fetched_at":"2026-07-28T13:38:04+00:00","licencia":"no_especificada","superficie_ha_calc":5.0214}},{"type":"Feature","geometry":{"type":"Polygon","coordinates":[[[-64.3233,-31.0883],[-64.3217,-31.0871],[-64.3203,-31.0874],[-64.3201,-31.0867],[-64.32,-31.0863],[-64.3175,-31.0861],[-64.3166,-31.0879],[-64.3154,-31.0879],[-64.3152,-31.0891],[-64.3161,-31.0894],[-64.3214,-31.0889],[-64.3233,-31.0883]]]},"properties":{"id":"cordoba:canteras:mineria_canteras.26","provincia":"cordoba","provincia_nombre":"Córdoba","tipo":"cantera","estado":"desconocido","geom_kind":"poligono","fuente_id":"cordoba.idecor.canteras","source_url":"https://idecor-ws.mapascordoba.gob.ar/geoserver/wfs?service=WFS&version=2.0.0&request=GetFeature&typeNames=idecor%3Amineria_canteras&outputFormat=application%2Fjson&count=2000&startIndex=0&srsName=EPSG%3A4326","source_layer":"idecor:mineria_canteras","source_fid":"mineria_canteras.26","source_srid":22173,"fetched_at":"2026-07-28T13:38:04+00:00","licencia":"no_especificada","superficie_ha_calc":16.5561}},{"type":"Feature","geometry":{"type":"Polygon","coordinates":[[[-64.319,-31.099],[-64.3205,-31.093],[-64.3178,-31.0923],[-64.3157,-31.0981],[-64.319,-31.099]]]},"properties":{"id":"cordoba:canteras:mineria_canteras.27","provincia":"cordoba","provincia_nombre":"Córdoba","tipo":"cantera","estado":"desconocido","geom_kind":"poligono","fuente_id":"cordoba.idecor.canteras","source_url":"https://idecor-ws.mapascordoba.gob.ar/geoserver/wfs?service=WFS&version=2.0.0&request=GetFeature&typeNames=idecor%3Amineria_canteras&outputFormat=application%2Fjson&count=2000&startIndex=0&srsName=EPSG%3A4326","source_layer":"idecor:mineria_canteras","source_fid":"mineria_canteras.27","source_srid":22173,"fetched_at":"2026-07-28T13:38:04+00:00","licencia":"no_especificada","superficie_ha_calc":20.2464}},{"type":"Feature","geometry":{"type":"Polygon","coordinates":[[[-64.3789,-31.5006],[-64.3789,-31.5006],[-64.3802,-31.4905],[-64.3758,-31.4903],[-64.3755,-31.5005],[-64.3755,-31.5006],[-64.3789,-31.5006]]]},"properties":{"id":"cordoba:canteras:mineria_canteras.28","provincia":"cordoba","provincia_nombre":"Córdoba","tipo":"cantera","estado":"desconocido","geom_kind":"poligono","fuente_id":"cordoba.idecor.canteras","source_url":"https://idecor-ws.mapascordoba.gob.ar/geoserver/wfs?service=WFS&version=2.0.0&request=GetFeature&typeNames=idecor%3Amineria_canteras&outputFormat=application%2Fjson&count=2000&startIndex=0&srsName=EPSG%3A4326","source_layer":"idecor:mineria_canteras","source_fid":"mineria_canteras.28","source_srid":22173,"fetched_at":"2026-07-28T13:38:04+00:00","licencia":"no_especificada","superficie_ha_calc":42.0053}},{"type":"Feature","geometry":{"type":"Polygon","coordinates":[[[-63.9403,-31.6593],[-63.9405,-31.6585],[-63.9328,-31.6585],[-63.9308,-31.6585],[-63.925,-31.6584],[-63.9257,-31.6601],[-63.9256,-31.6604],[-63.9247,-31.6605],[-63.9251,-31.6614],[-63.9297,-31.6594],[-63.9329,-31.659],[-63.9339,-31.659],[-63.935,-31.659],[-63.9357,-31.659],[-63.936,-31.6591],[-63.939,-31.6596],[-63.9397,-31.6597],[-63.9403,-31.6593]]]},"properties":{"id":"cordoba:canteras:mineria_canteras.29","provincia":"cordoba","provincia_nombre":"Córdoba","tipo":"cantera","estado":"desconocido","geom_kind":"poligono","fuente_id":"cordoba.idecor.canteras","source_url":"https://idecor-ws.mapascordoba.gob.ar/geoserver/wfs?service=WFS&version=2.0.0&request=GetFeature&typeNames=idecor%3Amineria_canteras&outputFormat=application%2Fjson&count=2000&startIndex=0&srsName=EPSG%3A4326","source_layer":"idecor:mineria_canteras","source_fid":"mineria_canteras.29","source_srid":22173,"fetched_at":"2026-07-28T13:38:04+00:00","licencia":"no_especificada","superficie_ha_calc":17.2933}},{"type":"Feature","geometry":{"type":"Polygon","coordinates":[[[-64.3558,-31.2794],[-64.3556,-31.277],[-64.3549,-31.2749],[-64.3546,-31.2748],[-64.3541,-31.2747],[-64.3529,-31.2751],[-64.3526,-31.2751],[-64.3521,-31.275],[-64.3511,-31.2751],[-64.3502,-31.2752],[-64.3492,-31.2752],[-64.3457,-31.2744],[-64.3412,-31.2721],[-64.3392,-31.2764],[-64.3361,-31.2767],[-64.3367,-31.2806],[-64.3439,-31.2805],[-64.3471,-31.2801],[-64.3558,-31.2794]]]},"properties":{"id":"cordoba:canteras:mineria_canteras.30","provincia":"cordoba","provincia_nombre":"Córdoba","tipo":"cantera","estado":"desconocido","geom_kind":"poligono","fuente_id":"cordoba.idecor.canteras","source_url":"https://idecor-ws.mapascordoba.gob.ar/geoserver/wfs?service=WFS&version=2.0.0&request=GetFeature&typeNames=idecor%3Amineria_canteras&outputFormat=application%2Fjson&count=2000&startIndex=0&srsName=EPSG%3A4326","source_layer":"idecor:mineria_canteras","source_fid":"mineria_canteras.30","source_srid":22173,"fetched_at":"2026-07-28T13:38:04+00:00","licencia":"no_especificada","superficie_ha_calc":110.0697}},{"type":"Feature","geometry":{"type":"Polygon","coordinates":[[[-64.341,-31.2726],[-64.3396,-31.2703],[-64.3304,-31.2741],[-64.331,-31.2745],[-64.3321,-31.2756],[-64.3349,-31.2766],[-64.3355,-31.2766],[-64.3361,-31.2767],[-64.3392,-31.2764],[-64.341,-31.2726]]]},"properties":{"id":"cordoba:canteras:mineria_canteras.31","provincia":"cordoba","provincia_nombre":"Córdoba","tipo":"cantera","estado":"desconocido","geom_kind":"poligono","fuente_id":"cordoba.idecor.canteras","source_url":"https://idecor-ws.mapascordoba.gob.ar/geoserver/wfs?service=WFS&version=2.0.0&request=GetFeature&typeNames=idecor%3Amineria_canteras&outputFormat=application%2Fjson&count=2000&startIndex=0&srsName=EPSG%3A4326","source_layer":"idecor:mineria_canteras","source_fid":"mineria_canteras.31","source_srid":22173,"fetched_at":"2026-07-28T13:38:04+00:00","licencia":"no_especificada","superficie_ha_calc":41.4945}},{"type":"Feature","geometry":{"type":"Polygon","coordinates":[[[-64.3686,-33.0577],[-64.3702,-33.0551],[-64.3676,-33.0545],[-64.3665,-33.056],[-64.3667,-33.0574],[-64.3686,-33.0577]]]},"properties":{"id":"cordoba:canteras:mineria_canteras.32","provincia":"cordoba","provincia_nombre":"Córdoba","tipo":"cantera","estado":"desconocido","geom_kind":"poligono","fuente_id":"cordoba.idecor.canteras","source_url":"https://idecor-ws.mapascordoba.gob.ar/geoserver/wfs?service=WFS&version=2.0.0&request=GetFeature&typeNames=idecor%3Amineria_canteras&outputFormat=application%2Fjson&count=2000&startIndex=0&srsName=EPSG%3A4326","source_layer":"idecor:mineria_canteras","source_fid":"mineria_canteras.32","source_srid":22173,"fetched_at":"2026-07-28T13:38:04+00:00","licencia":"no_especificada","superficie_ha_calc":7.9445}},{"type":"Feature","geometry":{"type":"Polygon","coordinates":[[[-64.3729,-33.0532],[-64.3715,-33.0515],[-64.3713,-33.0514],[-64.3701,-33.0515],[-64.3692,-33.0522],[-64.368,-33.0517],[-64.3677,-33.052],[-64.3676,-33.054],[-64.3694,-33.0545],[-64.37,-33.0545],[-64.3706,-33.054],[-64.3711,-33.054],[-64.3729,-33.0532]]]},"properties":{"id":"cordoba:canteras:mineria_canteras.33","provincia":"cordoba","provincia_nombre":"Córdoba","tipo":"cantera","estado":"desconocido","geom_kind":"poligono","fuente_id":"cordoba.idecor.canteras","source_url":"https://idecor-ws.mapascordoba.gob.ar/geoserver/wfs?service=WFS&version=2.0.0&request=GetFeature&typeNames=idecor%3Amineria_canteras&outputFormat=application%2Fjson&count=2000&startIndex=0&srsName=EPSG%3A4326","source_layer":"idecor:mineria_canteras","source_fid":"mineria_canteras.33","source_srid":22173,"fetched_at":"2026-07-28T13:38:04+00:00","licencia":"no_especificada","superficie_ha_calc":11.6013}},{"type":"Feature","geometry":{"type":"Polygon","coordinates":[[[-64.3703,-31.7637],[-64.3764,-31.7619],[-64.3699,-31.7568],[-64.3656,-31.7581],[-64.3648,-31.7594],[-64.3703,-31.7637]]]},"properties":{"id":"cordoba:canteras:mineria_canteras.34","provincia":"cordoba","provincia_nombre":"Córdoba","tipo":"cantera","estado":"desconocido","geom_kind":"poligono","fuente_id":"cordoba.idecor.canteras","source_url":"https://idecor-ws.mapascordoba.gob.ar/geoserver/wfs?service=WFS&version=2.0.0&request=GetFeature&typeNames=idecor%3Amineria_canteras&outputFormat=application%2Fjson&count=2000&startIndex=0&srsName=EPSG%3A4326","source_layer":"idecor:mineria_canteras","source_fid":"mineria_canteras.34","source_srid":22173,"fetched_at":"2026-07-28T13:38:04+00:00","licencia":"no_especificada","superficie_ha_calc":43.9048}},{"type":"Feature","geometry":{"type":"Polygon","coordinates":[[[-64.3251,-31.3228],[-64.3245,-31.3236],[-64.3242,-31.3258],[-64.3243,-31.3262],[-64.3249,-31.3264],[-64.3249,-31.3275],[-64.3259,-31.3278],[-64.3268,-31.3271],[-64.3272,-31.3266],[-64.3272,-31.3258],[-64.3262,-31.3257],[-64.327,-31.3249],[-64.3276,-31.3242],[-64.3251,-31.3228]]]},"properties":{"id":"cordoba:canteras:mineria_canteras.35","provincia":"cordoba","provincia_nombre":"Córdoba","tipo":"cantera","estado":"desconocido","geom_kind":"poligono","fuente_id":"cordoba.idecor.canteras","source_url":"https://idecor-ws.mapascordoba.gob.ar/geoserver/wfs?service=WFS&version=2.0.0&request=GetFeature&typeNames=idecor%3Amineria_canteras&outputFormat=application%2Fjson&count=2000&startIndex=0&srsName=EPSG%3A4326","source_layer":"idecor:mineria_canteras","source_fid":"mineria_canteras.35","source_srid":22173,"fetched_at":"2026-07-28T13:38:04+00:00","licencia":"no_especificada","superficie_ha_calc":11.2019}},{"type":"Feature","geometry":{"type":"Polygon","coordinates":[[[-64.5007,-31.1189],[-64.5103,-31.1142],[-64.5074,-31.1101],[-64.4974,-31.1143],[-64.5007,-31.1189]]]},"properties":{"id":"cordoba:canteras:mineria_canteras.36","provincia":"cordoba","provincia_nombre":"Córdoba","tipo":"cantera","estado":"desconocido","geom_kind":"poligono","fuente_id":"cordoba.idecor.canteras","source_url":"https://idecor-ws.mapascordoba.gob.ar/geoserver/wfs?service=WFS&version=2.0.0&request=GetFeature&typeNames=idecor%3Amineria_canteras&outputFormat=application%2Fjson&count=2000&startIndex=0&srsName=EPSG%3A4326","source_layer":"idecor:mineria_canteras","source_fid":"mineria_canteras.36","source_srid":22173,"fetched_at":"2026-07-28T13:38:04+00:00","licencia":"no_especificada","superficie_ha_calc":59.6753}},{"type":"Feature","geometry":{"type":"Polygon","coordinates":[[[-64.3325,-31.3214],[-64.3335,-31.3209],[-64.3345,-31.3203],[-64.3355,-31.3198],[-64.3364,-31.3193],[-64.3368,-31.3191],[-64.3371,-31.3189],[-64.3384,-31.3188],[-64.3397,-31.3186],[-64.3397,-31.3187],[-64.3405,-31.3184],[-64.3413,-31.3178],[-64.3419,-31.3172],[-64.3421,-31.3168],[-64.3419,-31.3163],[-64.3423,-31.3162],[-64.3424,-31.3169],[-64.3426,-31.3167],[-64.343,-31.316],[-64.3431,-31.3155],[-64.3434,-31.315],[-64.3437,-31.3143],[-64.3435,-31.3136],[-64.3434,-31.3134],[-64.3434,-31.3133],[-64.3432,-31.3131],[-64.3434,-31.3129],[-64.3434,-31.3127],[-64.3435,-31.3124],[-64.3439,-31.3122],[-64.34,-31.3063],[-64.3389,-31.306],[-64.3378,-31.3056],[-64.3363,-31.305],[-64.3358,-31.3058],[-64.3353,-31.3067],[-64.3348,-31.3075],[-64.3343,-31.3084],[-64.3338,-31.3092],[-64.3332,-31.3101],[-64.3327,-31.3109],[-64.3343,-31.3116],[-64.3338,-31.3125],[-64.3332,-31.3133],[-64.3327,-31.3142],[-64.3322,-31.315],[-64.3317,-31.3159],[-64.3312,-31.3168],[-64.3307,-31.3176],[-64.3302,-31.3185],[-64.33,-31.319],[-64.3302,-31.3191],[-64.3304,-31.3192],[-64.3304,-31.3192],[-64.3305,-31.3193],[-64.3305,-31.3193],[-64.3305,-31.3194],[-64.3305,-31.3194],[-64.3306,-31.3194],[-64.3306,-31.3194],[-64.3306,-31.3194],[-64.3306,-31.3194],[-64.3306,-31.3195],[-64.3306,-31.3195],[-64.3306,-31.3195],[-64.3307,-31.3195],[-64.3307,-31.3195],[-64.3307,-31.3195],[-64.3307,-31.3196],[-64.3307,-31.3196],[-64.3307,-31.3196],[-64.3307,-31.3196],[-64.3307,-31.3196],[-64.3307,-31.3196],[-64.3308,-31.3196],[-64.3308,-31.3197],[-64.3308,-31.3197],[-64.3308,-31.3197],[-64.3308,-31.3197],[-64.3308,-31.3197],[-64.3308,-31.3197],[-64.3308,-31.3197],[-64.3308,-31.3197],[-64.3308,-31.3197],[-64.3308,-31.3198],[-64.3309,-31.3198],[-64.3309,-31.3198],[-64.3309,-31.3198],[-64.3309,-31.3198],[-64.3309,-31.3199],[-64.3309,-31.3199],[-64.3309,-31.3199],[-64.3309,-31.3199],[-64.3309,-31.3199],[-64.3309,-31.3199],[-64.3309,-31.3199],[-64.3309,-31.32],[-64.331,-31.32],[-64.331,-31.32],[-64.331,-31.32],[-64.331,-31.3201],[-64.331,-31.3201],[-64.331,-31.3201],[-64.331,-31.3201],[-64.331,-31.3202],[-64.331,-31.3202],[-64.331,-31.3202],[-64.331,-31.3202],[-64.331,-31.3202],[-64.331,-31.3202],[-64.331,-31.3202],[-64.331,-31.3202],[-64.331,-31.3202],[-64.331,-31.3202],[-64.331,-31.3202],[-64.331,-31.3202],[-64.331,-31.3202],[-64.3311,-31.3202],[-64.3311,-31.3202],[-64.3311,-31.3202],[-64.3311,-31.3203],[-64.3311,-31.3203],[-64.3311,-31.3203],[-64.3311,-31.3203],[-64.3311,-31.3203],[-64.3311,-31.3203],[-64.3311,-31.3203],[-64.3311,-31.3203],[-64.3311,-31.3203],[-64.3311,-31.3203],[-64.3311,-31.3203],[-64.3311,-31.3203],[-64.3311,-31.3203],[-64.3311,-31.3203],[-64.3311,-31.3203],[-64.3311,-31.3203],[-64.3311,-31.3203],[-64.3311,-31.3203],[-64.3311,-31.3203],[-64.3311,-31.3203],[-64.3311,-31.3203],[-64.3311,-31.3203],[-64.3311,-31.3204],[-64.3311,-31.3204],[-64.3311,-31.3204],[-64.3311,-31.3204],[-64.3311,-31.3204],[-64.3311,-31.3204],[-64.3311,-31.3204],[-64.3311,-31.3204],[-64.3311,-31.3204],[-64.3311,-31.3204],[-64.3311,-31.3204],[-64.3311,-31.3204],[-64.3311,-31.3204],[-64.3311,-31.3204],[-64.3311,-31.3204],[-64.3311,-31.3204],[-64.3311,-31.3204],[-64.3311,-31.3204],[-64.3311,-31.3204],[-64.3311,-31.3204],[-64.3311,-31.3204],[-64.3311,-31.3204],[-64.3311,-31.3204],[-64.3311,-31.3204],[-64.3311,-31.3205],[-64.3311,-31.3205],[-64.3311,-31.3205],[-64.3311,-31.3205],[-64.3311,-31.3205],[-64.3311,-31.3205],[-64.3311,-31.3205],[-64.3311,-31.3205],[-64.3311,-31.3205],[-64.3311,-31.3205],[-64.3311,-31.3205],[-64.3311,-31.3205],[-64.3311,-31.3205],[-64.3311,-31.3205],[-64.3311,-31.3205],[-64.3311,-31.3205],[-64.3311,-31.3205],[-64.3311,-31.3205],[-64.3311,-31.3205],[-64.3311,-31.3205],[-64.3311,-31.3205],[-64.3311,-31.3205],[-64.3311,-31.3206],[-64.3311,-31.3206],[-64.3311,-31.3206],[-64.3311,-31.3206],[-64.3311,-31.3206],[-64.3311,-31.3206],[-64.3311,-31.3206],[-64.3311,-31.3206],[-64.3311,-31.3206],[-64.3311,-31.3206],[-64.3311,-31.3206],[-64.3312,-31.3206],[-64.3312,-31.3206],[-64.3312,-31.3206],[-64.3312,-31.3206],[-64.3312,-31.3206],[-64.3312,-31.3206],[-64.3312,-31.3206],[-64.3312,-31.3206],[-64.3312,-31.3206],[-64.3312,-31.3206],[-64.3312,-31.3206],[-64.3312,-31.3207],[-64.3312,-31.3207],[-64.3312,-31.3207],[-64.3312,-31.3207],[-64.3312,-31.3207],[-64.3312,-31.3207],[-64.3312,-31.3207],[-64.3312,-31.3207],[-64.3312,-31.3207],[-64.3312,-31.3207],[-64.3312,-31.3207],[-64.3312,-31.3207],[-64.3312,-31.3207],[-64.3312,-31.3207],[-64.3312,-31.3207],[-64.3312,-31.3207],[-64.3312,-31.3207],[-64.3312,-31.3207],[-64.3312,-31.3207],[-64.3312,-31.3207],[-64.3312,-31.3208],[-64.3312,-31.3208],[-64.3312,-31.3208],[-64.3312,-31.3208],[-64.3312,-31.3208],[-64.3312,-31.3208],[-64.3312,-31.3208],[-64.3312,-31.3208],[-64.3312,-31.3208],[-64.3312,-31.3208],[-64.3312,-31.3208],[-64.3312,-31.3208],[-64.3312,-31.3208],[-64.3312,-31.3208],[-64.3313,-31.3211],[-64.3314,-31.3212],[-64.3319,-31.3213],[-64.3325,-31.3214]]]},"properties":{"id":"cordoba:canteras:mineria_canteras.37","provincia":"cordoba","provincia_nombre":"Córdoba","tipo":"cantera","estado":"desconocido","geom_kind":"poligono","fuente_id":"cordoba.idecor.canteras","source_url":"https://idecor-ws.mapascordoba.gob.ar/geoserver/wfs?service=WFS&version=2.0.0&request=GetFeature&typeNames=idecor%3Amineria_canteras&outputFormat=application%2Fjson&count=2000&startIndex=0&srsName=EPSG%3A4326","source_layer":"idecor:mineria_canteras","source_fid":"mineria_canteras.37","source_srid":22173,"fetched_at":"2026-07-28T13:38:04+00:00","licencia":"no_especificada","superficie_ha_calc":137.2467}},{"type":"Feature","geometry":{"type":"Polygon","coordinates":[[[-64.5366,-32.3921],[-64.5371,-32.3887],[-64.5331,-32.3884],[-64.5331,-32.3904],[-64.5324,-32.3918],[-64.5366,-32.3921]]]},"properties":{"id":"cordoba:canteras:mineria_canteras.38","provincia":"cordoba","provincia_nombre":"Córdoba","tipo":"cantera","estado":"desconocido","geom_kind":"poligono","fuente_id":"cordoba.idecor.canteras","source_url":"https://idecor-ws.mapascordoba.gob.ar/geoserver/wfs?service=WFS&version=2.0.0&request=GetFeature&typeNames=idecor%3Amineria_canteras&outputFormat=application%2Fjson&count=2000&startIndex=0&srsName=EPSG%3A4326","source_layer":"idecor:mineria_canteras","source_fid":"mineria_canteras.38","source_srid":22173,"fetched_at":"2026-07-28T13:38:04+00:00","licencia":"no_especificada","superficie_ha_calc":14.0025}},{"type":"Feature","geometry":{"type":"Polygon","coordinates":[[[-64.3283,-31.3276],[-64.3276,-31.3272],[-64.3272,-31.3266],[-64.3272,-31.3258],[-64.3258,-31.3261],[-64.3256,-31.3267],[-64.326,-31.3278],[-64.3264,-31.3287],[-64.3269,-31.3298],[-64.3286,-31.3291],[-64.3283,-31.3276]]]},"properties":{"id":"cordoba:canteras:mineria_canteras.39","provincia":"cordoba","provincia_nombre":"Córdoba","tipo":"cantera","estado":"desconocido","geom_kind":"poligono","fuente_id":"cordoba.idecor.canteras","source_url":"https://idecor-ws.mapascordoba.gob.ar/geoserver/wfs?service=WFS&version=2.0.0&request=GetFeature&typeNames=idecor%3Amineria_canteras&outputFormat=application%2Fjson&count=2000&startIndex=0&srsName=EPSG%3A4326","source_layer":"idecor:mineria_canteras","source_fid":"mineria_canteras.39","source_srid":22173,"fetched_at":"2026-07-28T13:38:04+00:00","licencia":"no_especificada","superficie_ha_calc":7.2127}},{"type":"Feature","geometry":{"type":"Polygon","coordinates":[[[-64.3288,-31.3246],[-64.3284,-31.3238],[-64.3274,-31.3248],[-64.3281,-31.325],[-64.3288,-31.3246]]]},"properties":{"id":"cordoba:canteras:mineria_canteras.41","provincia":"cordoba","provincia_nombre":"Córdoba","tipo":"cantera","estado":"desconocido","geom_kind":"poligono","fuente_id":"cordoba.idecor.canteras","source_url":"https://idecor-ws.mapascordoba.gob.ar/geoserver/wfs?service=WFS&version=2.0.0&request=GetFeature&typeNames=idecor%3Amineria_canteras&outputFormat=application%2Fjson&count=2000&startIndex=0&srsName=EPSG%3A4326","source_layer":"idecor:mineria_canteras","source_fid":"mineria_canteras.41","source_srid":22173,"fetched_at":"2026-07-28T13:38:04+00:00","licencia":"no_especificada","superficie_ha_calc":0.8548}},{"type":"Feature","geometry":{"type":"Polygon","coordinates":[[[-64.628,-32.4513],[-64.6274,-32.4492],[-64.625,-32.4497],[-64.6258,-32.4518],[-64.628,-32.4513]]]},"properties":{"id":"cordoba:canteras:mineria_canteras.43","provincia":"cordoba","provincia_nombre":"Córdoba","tipo":"cantera","estado":"desconocido","geom_kind":"poligono","fuente_id":"cordoba.idecor.canteras","source_url":"https://idecor-ws.mapascordoba.gob.ar/geoserver/wfs?service=WFS&version=2.0.0&request=GetFeature&typeNames=idecor%3Amineria_canteras&outputFormat=application%2Fjson&count=2000&startIndex=0&srsName=EPSG%3A4326","source_layer":"idecor:mineria_canteras","source_fid":"mineria_canteras.43","source_srid":22173,"fetched_at":"2026-07-28T13:38:04+00:00","licencia":"no_especificada","superficie_ha_calc":5.4013}},{"type":"Feature","geometry":{"type":"Polygon","coordinates":[[[-63.7656,-29.9181],[-63.765,-29.9171],[-63.765,-29.9169],[-63.7649,-29.9164],[-63.7645,-29.9158],[-63.7632,-29.916],[-63.7618,-29.9167],[-63.7631,-29.9184],[-63.7656,-29.9181]]]},"properties":{"id":"cordoba:canteras:mineria_canteras.44","provincia":"cordoba","provincia_nombre":"Córdoba","tipo":"cantera","estado":"desconocido","geom_kind":"poligono","fuente_id":"cordoba.idecor.canteras","source_url":"https://idecor-ws.mapascordoba.gob.ar/geoserver/wfs?service=WFS&version=2.0.0&request=GetFeature&typeNames=idecor%3Amineria_canteras&outputFormat=application%2Fjson&count=2000&startIndex=0&srsName=EPSG%3A4326","source_layer":"idecor:mineria_canteras","source_fid":"mineria_canteras.44","source_srid":22173,"fetched_at":"2026-07-28T13:38:04+00:00","licencia":"no_especificada","superficie_ha_calc":6.6528}},{"type":"Feature","geometry":{"type":"Polygon","coordinates":[[[-64.9639,-33.6665],[-64.964,-33.6603],[-64.9563,-33.6603],[-64.9562,-33.6644],[-64.957,-33.6644],[-64.9577,-33.6643],[-64.9588,-33.6637],[-64.9588,-33.6649],[-64.9592,-33.6652],[-64.9598,-33.6654],[-64.9609,-33.6656],[-64.9615,-33.6659],[-64.9626,-33.6665],[-64.9639,-33.6665]]]},"properties":{"id":"cordoba:canteras:mineria_canteras.47","provincia":"cordoba","provincia_nombre":"Córdoba","tipo":"cantera","estado":"desconocido","geom_kind":"poligono","fuente_id":"cordoba.idecor.canteras","source_url":"https://idecor-ws.mapascordoba.gob.ar/geoserver/wfs?service=WFS&version=2.0.0&request=GetFeature&typeNames=idecor%3Amineria_canteras&outputFormat=application%2Fjson&count=2000&startIndex=0&srsName=EPSG%3A4326","source_layer":"idecor:mineria_canteras","source_fid":"mineria_canteras.47","source_srid":22173,"fetched_at":"2026-07-28T13:38:04+00:00","licencia":"no_especificada","superficie_ha_calc":39.8423}},{"type":"Feature","geometry":{"type":"Polygon","coordinates":[[[-64.3898,-33.0507],[-64.3939,-33.0499],[-64.3919,-33.0468],[-64.3898,-33.0477],[-64.3898,-33.0507]]]},"properties":{"id":"cordoba:canteras:mineria_canteras.48","provincia":"cordoba","provincia_nombre":"Córdoba","tipo":"cantera","estado":"desconocido","geom_kind":"poligono","fuente_id":"cordoba.idecor.canteras","source_url":"https://idecor-ws.mapascordoba.gob.ar/geoserver/wfs?service=WFS&version=2.0.0&request=GetFeature&typeNames=idecor%3Amineria_canteras&outputFormat=application%2Fjson&count=2000&startIndex=0&srsName=EPSG%3A4326","source_layer":"idecor:mineria_canteras","source_fid":"mineria_canteras.48","source_srid":22173,"fetched_at":"2026-07-28T13:38:04+00:00","licencia":"no_especificada","superficie_ha_calc":10.6747}},{"type":"Feature","geometry":{"type":"Polygon","coordinates":[[[-63.5559,-31.3483],[-63.5583,-31.3474],[-63.5586,-31.3403],[-63.5558,-31.3399],[-63.5559,-31.3483]]]},"properties":{"id":"cordoba:canteras:mineria_canteras.49","provincia":"cordoba","provincia_nombre":"Córdoba","tipo":"cantera","estado":"desconocido","geom_kind":"poligono","fuente_id":"cordoba.idecor.canteras","source_url":"https://idecor-ws.mapascordoba.gob.ar/geoserver/wfs?service=WFS&version=2.0.0&request=GetFeature&typeNames=idecor%3Amineria_canteras&outputFormat=application%2Fjson&count=2000&startIndex=0&srsName=EPSG%3A4326","source_layer":"idecor:mineria_canteras","source_fid":"mineria_canteras.49","source_srid":22173,"fetched_at":"2026-07-28T13:38:04+00:00","licencia":"no_especificada","superficie_ha_calc":21.2337}},{"type":"Feature","geometry":{"type":"Polygon","coordinates":[[[-64.7185,-33.4111],[-64.7196,-33.4094],[-64.7194,-33.4089],[-64.7188,-33.4086],[-64.7175,-33.4107],[-64.7185,-33.4111]]]},"properties":{"id":"cordoba:canteras:mineria_canteras.50","provincia":"cordoba","provincia_nombre":"Córdoba","tipo":"cantera","estado":"desconocido","geom_kind":"poligono","fuente_id":"cordoba.idecor.canteras","source_url":"https://idecor-ws.mapascordoba.gob.ar/geoserver/wfs?service=WFS&version=2.0.0&request=GetFeature&typeNames=idecor%3Amineria_canteras&outputFormat=application%2Fjson&count=2000&startIndex=0&srsName=EPSG%3A4326","source_layer":"idecor:mineria_canteras","source_fid":"mineria_canteras.50","source_srid":22173,"fetched_at":"2026-07-28T13:38:04+00:00","licencia":"no_especificada","superficie_ha_calc":2.6308}},{"type":"Feature","geometry":{"type":"Polygon","coordinates":[[[-64.9804,-30.628],[-64.9804,-30.6256],[-64.9759,-30.6256],[-64.9759,-30.626],[-64.97,-30.6259],[-64.97,-30.6279],[-64.9804,-30.628]]]},"properties":{"id":"cordoba:canteras:mineria_canteras.51","provincia":"cordoba","provincia_nombre":"Córdoba","tipo":"cantera","estado":"desconocido","geom_kind":"poligono","fuente_id":"cordoba.idecor.canteras","source_url":"https://idecor-ws.mapascordoba.gob.ar/geoserver/wfs?service=WFS&version=2.0.0&request=GetFeature&typeNames=idecor%3Amineria_canteras&outputFormat=application%2Fjson&count=2000&startIndex=0&srsName=EPSG%3A4326","source_layer":"idecor:mineria_canteras","source_fid":"mineria_canteras.51","source_srid":22173,"fetched_at":"2026-07-28T13:38:04+00:00","licencia":"no_especificada","superficie_ha_calc":23.7827}},{"type":"Feature","geometry":{"type":"Polygon","coordinates":[[[-64.3618,-33.0627],[-64.3618,-33.0618],[-64.3591,-33.0618],[-64.3591,-33.0627],[-64.3618,-33.0627]]]},"properties":{"id":"cordoba:canteras:mineria_canteras.52","provincia":"cordoba","provincia_nombre":"Córdoba","tipo":"cantera","estado":"desconocido","geom_kind":"poligono","fuente_id":"cordoba.idecor.canteras","source_url":"https://idecor-ws.mapascordoba.gob.ar/geoserver/wfs?service=WFS&version=2.0.0&request=GetFeature&typeNames=idecor%3Amineria_canteras&outputFormat=application%2Fjson&count=2000&startIndex=0&srsName=EPSG%3A4326","source_layer":"idecor:mineria_canteras","source_fid":"mineria_canteras.52","source_srid":22173,"fetched_at":"2026-07-28T13:38:04+00:00","licencia":"no_especificada","superficie_ha_calc":2.5168}},{"type":"Feature","geometry":{"type":"Polygon","coordinates":[[[-64.1989,-31.7343],[-64.2002,-31.7327],[-64.1984,-31.7319],[-64.1973,-31.7334],[-64.1989,-31.7343]]]},"properties":{"id":"cordoba:canteras:mineria_canteras.53","provincia":"cordoba","provincia_nombre":"Córdoba","tipo":"cantera","estado":"desconocido","geom_kind":"poligono","fuente_id":"cordoba.idecor.canteras","source_url":"https://idecor-ws.mapascordoba.gob.ar/geoserver/wfs?service=WFS&version=2.0.0&request=GetFeature&typeNames=idecor%3Amineria_canteras&outputFormat=application%2Fjson&count=2000&startIndex=0&srsName=EPSG%3A4326","source_layer":"idecor:mineria_canteras","source_fid":"mineria_canteras.53","source_srid":22173,"fetched_at":"2026-07-28T13:38:04+00:00","licencia":"no_especificada","superficie_ha_calc":3.8406}},{"type":"Feature","geometry":{"type":"Polygon","coordinates":[[[-63.5354,-31.3175],[-63.5355,-31.3151],[-63.5326,-31.3146],[-63.5324,-31.3175],[-63.5354,-31.3175]]]},"properties":{"id":"cordoba:canteras:mineria_canteras.54","provincia":"cordoba","provincia_nombre":"Córdoba","tipo":"cantera","estado":"desconocido","geom_kind":"poligono","fuente_id":"cordoba.idecor.canteras","source_url":"https://idecor-ws.mapascordoba.gob.ar/geoserver/wfs?service=WFS&version=2.0.0&request=GetFeature&typeNames=idecor%3Amineria_canteras&outputFormat=application%2Fjson&count=2000&startIndex=0&srsName=EPSG%3A4326","source_layer":"idecor:mineria_canteras","source_fid":"mineria_canteras.54","source_srid":22173,"fetched_at":"2026-07-28T13:38:04+00:00","licencia":"no_especificada","superficie_ha_calc":8.2901}},{"type":"Feature","geometry":{"type":"Polygon","coordinates":[[[-65.3915,-30.9902],[-65.3915,-30.9841],[-65.3832,-30.9841],[-65.3832,-30.9902],[-65.3915,-30.9902]]]},"properties":{"id":"cordoba:canteras:mineria_canteras.56","provincia":"cordoba","provincia_nombre":"Córdoba","tipo":"cantera","estado":"desconocido","geom_kind":"poligono","fuente_id":"cordoba.idecor.canteras","source_url":"https://idecor-ws.mapascordoba.gob.ar/geoserver/wfs?service=WFS&version=2.0.0&request=GetFeature&typeNames=idecor%3Amineria_canteras&outputFormat=application%2Fjson&count=2000&startIndex=0&srsName=EPSG%3A4326","source_layer":"idecor:mineria_canteras","source_fid":"mineria_canteras.56","source_srid":22173,"fetched_at":"2026-07-28T13:38:04+00:00","licencia":"no_especificada","superficie_ha_calc":53.6167}},{"type":"Feature","geometry":{"type":"Polygon","coordinates":[[[-63.5439,-31.2751],[-63.5467,-31.2727],[-63.5465,-31.2725],[-63.5447,-31.2709],[-63.5419,-31.2733],[-63.5422,-31.2735],[-63.5419,-31.2738],[-63.5418,-31.2737],[-63.5399,-31.2752],[-63.5407,-31.2768],[-63.5421,-31.276],[-63.5425,-31.2763],[-63.5433,-31.2756],[-63.5431,-31.2752],[-63.5436,-31.2748],[-63.5439,-31.2751]]]},"properties":{"id":"cordoba:canteras:mineria_canteras.57","provincia":"cordoba","provincia_nombre":"Córdoba","tipo":"cantera","estado":"desconocido","geom_kind":"poligono","fuente_id":"cordoba.idecor.canteras","source_url":"https://idecor-ws.mapascordoba.gob.ar/geoserver/wfs?service=WFS&version=2.0.0&request=GetFeature&typeNames=idecor%3Amineria_canteras&outputFormat=application%2Fjson&count=2000&startIndex=0&srsName=EPSG%3A4326","source_layer":"idecor:mineria_canteras","source_fid":"mineria_canteras.57","source_srid":22173,"fetched_at":"2026-07-28T13:38:04+00:00","licencia":"no_especificada","superficie_ha_calc":17.3583}},{"type":"Feature","geometry":{"type":"Polygon","coordinates":[[[-64.0815,-31.424],[-64.0815,-31.4204],[-64.0809,-31.4204],[-64.0808,-31.4195],[-64.0782,-31.4194],[-64.0781,-31.4238],[-64.0797,-31.4238],[-64.0815,-31.424]]]},"properties":{"id":"cordoba:canteras:mineria_canteras.58","provincia":"cordoba","provincia_nombre":"Córdoba","tipo":"cantera","estado":"desconocido","geom_kind":"poligono","fuente_id":"cordoba.idecor.canteras","source_url":"https://idecor-ws.mapascordoba.gob.ar/geoserver/wfs?service=WFS&version=2.0.0&request=GetFeature&typeNames=idecor%3Amineria_canteras&outputFormat=application%2Fjson&count=2000&startIndex=0&srsName=EPSG%3A4326","source_layer":"idecor:mineria_canteras","source_fid":"mineria_canteras.58","source_srid":22173,"fetched_at":"2026-07-28T13:38:04+00:00","licencia":"no_especificada","superficie_ha_calc":14.9015}},{"type":"Feature","geometry":{"type":"Polygon","coordinates":[[[-65.3987,-30.991],[-65.3987,-30.9895],[-65.3991,-30.9881],[-65.3993,-30.9876],[-65.399,-30.9847],[-65.3985,-30.9849],[-65.398,-30.9853],[-65.398,-30.9862],[-65.3981,-30.9868],[-65.3979,-30.987],[-65.3972,-30.9876],[-65.397,-30.988],[-65.3971,-30.9882],[-65.3973,-30.9884],[-65.3974,-30.9889],[-65.3972,-30.9897],[-65.3973,-30.9901],[-65.3975,-30.9907],[-65.3976,-30.9912],[-65.398,-30.9913],[-65.3987,-30.991]]]},"properties":{"id":"cordoba:canteras:mineria_canteras.59","provincia":"cordoba","provincia_nombre":"Córdoba","tipo":"cantera","estado":"desconocido","geom_kind":"poligono","fuente_id":"cordoba.idecor.canteras","source_url":"https://idecor-ws.mapascordoba.gob.ar/geoserver/wfs?service=WFS&version=2.0.0&request=GetFeature&typeNames=idecor%3Amineria_canteras&outputFormat=application%2Fjson&count=2000&startIndex=0&srsName=EPSG%3A4326","source_layer":"idecor:mineria_canteras","source_fid":"mineria_canteras.59","source_srid":22173,"fetched_at":"2026-07-28T13:38:04+00:00","licencia":"no_especificada","superficie_ha_calc":9.3614}},{"type":"Feature","geometry":{"type":"Polygon","coordinates":[[[-64.532,-32.3888],[-64.5329,-32.3866],[-64.531,-32.3867],[-64.5305,-32.3888],[-64.532,-32.3888]]]},"properties":{"id":"cordoba:canteras:mineria_canteras.60","provincia":"cordoba","provincia_nombre":"Córdoba","tipo":"cantera","estado":"desconocido","geom_kind":"poligono","fuente_id":"cordoba.idecor.canteras","source_url":"https://idecor-ws.mapascordoba.gob.ar/geoserver/wfs?service=WFS&version=2.0.0&request=GetFeature&typeNames=idecor%3Amineria_canteras&outputFormat=application%2Fjson&count=2000&startIndex=0&srsName=EPSG%3A4326","source_layer":"idecor:mineria_canteras","source_fid":"mineria_canteras.60","source_srid":22173,"fetched_at":"2026-07-28T13:38:04+00:00","licencia":"no_especificada","superficie_ha_calc":3.7772}},{"type":"Feature","geometry":{"type":"Polygon","coordinates":[[[-65.3834,-31.8435],[-65.3848,-31.8422],[-65.3852,-31.8411],[-65.3839,-31.8405],[-65.3829,-31.8403],[-65.3828,-31.8434],[-65.3834,-31.8435]]]},"properties":{"id":"cordoba:canteras:mineria_canteras.61","provincia":"cordoba","provincia_nombre":"Córdoba","tipo":"cantera","estado":"desconocido","geom_kind":"poligono","fuente_id":"cordoba.idecor.canteras","source_url":"https://idecor-ws.mapascordoba.gob.ar/geoserver/wfs?service=WFS&version=2.0.0&request=GetFeature&typeNames=idecor%3Amineria_canteras&outputFormat=application%2Fjson&count=2000&startIndex=0&srsName=EPSG%3A4326","source_layer":"idecor:mineria_canteras","source_fid":"mineria_canteras.61","source_srid":22173,"fetched_at":"2026-07-28T13:38:04+00:00","licencia":"no_especificada","superficie_ha_calc":5.3476}},{"type":"Feature","geometry":{"type":"Polygon","coordinates":[[[-64.5943,-31.158],[-64.5947,-31.1547],[-64.5918,-31.154],[-64.5865,-31.1534],[-64.5842,-31.1547],[-64.585,-31.158],[-64.5943,-31.158]]]},"properties":{"id":"cordoba:canteras:mineria_canteras.63","provincia":"cordoba","provincia_nombre":"Córdoba","tipo":"cantera","estado":"desconocido","geom_kind":"poligono","fuente_id":"cordoba.idecor.canteras","source_url":"https://idecor-ws.mapascordoba.gob.ar/geoserver/wfs?service=WFS&version=2.0.0&request=GetFeature&typeNames=idecor%3Amineria_canteras&outputFormat=application%2Fjson&count=2000&startIndex=0&srsName=EPSG%3A4326","source_layer":"idecor:mineria_canteras","source_fid":"mineria_canteras.63","source_srid":22173,"fetched_at":"2026-07-28T13:38:04+00:00","licencia":"no_especificada","superficie_ha_calc":42.7938}},{"type":"Feature","geometry":{"type":"Polygon","coordinates":[[[-64.3599,-33.081],[-64.368,-33.0814],[-64.3679,-33.0766],[-64.3702,-33.0736],[-64.3708,-33.0691],[-64.3739,-33.063],[-64.3755,-33.0628],[-64.3757,-33.0558],[-64.374,-33.0559],[-64.3729,-33.0599],[-64.3715,-33.0604],[-64.3711,-33.0623],[-64.3681,-33.0646],[-64.3657,-33.066],[-64.3629,-33.0664],[-64.3621,-33.0669],[-64.3619,-33.0685],[-64.3618,-33.0692],[-64.3611,-33.0704],[-64.3599,-33.081]]]},"properties":{"id":"cordoba:canteras:mineria_canteras.64","provincia":"cordoba","provincia_nombre":"Córdoba","tipo":"cantera","estado":"desconocido","geom_kind":"poligono","fuente_id":"cordoba.idecor.canteras","source_url":"https://idecor-ws.mapascordoba.gob.ar/geoserver/wfs?service=WFS&version=2.0.0&request=GetFeature&typeNames=idecor%3Amineria_canteras&outputFormat=application%2Fjson&count=2000&startIndex=0&srsName=EPSG%3A4326","source_layer":"idecor:mineria_canteras","source_fid":"mineria_canteras.64","source_srid":22173,"fetched_at":"2026-07-28T13:38:04+00:00","licencia":"no_especificada","superficie_ha_calc":175.3878}},{"type":"Feature","geometry":{"type":"Polygon","coordinates":[[[-64.3817,-31.7525],[-64.3827,-31.7515],[-64.383,-31.7504],[-64.3832,-31.75],[-64.3776,-31.7434],[-64.3748,-31.7468],[-64.3817,-31.7525]]]},"properties":{"id":"cordoba:canteras:mineria_canteras.65","provincia":"cordoba","provincia_nombre":"Córdoba","tipo":"cantera","estado":"desconocido","geom_kind":"poligono","fuente_id":"cordoba.idecor.canteras","source_url":"https://idecor-ws.mapascordoba.gob.ar/geoserver/wfs?service=WFS&version=2.0.0&request=GetFeature&typeNames=idecor%3Amineria_canteras&outputFormat=application%2Fjson&count=2000&startIndex=0&srsName=EPSG%3A4326","source_layer":"idecor:mineria_canteras","source_fid":"mineria_canteras.65","source_srid":22173,"fetched_at":"2026-07-28T13:38:04+00:00","licencia":"no_especificada","superficie_ha_calc":33.7353}},{"type":"Feature","geometry":{"type":"Polygon","coordinates":[[[-64.3808,-31.7469],[-64.3841,-31.7443],[-64.3807,-31.7401],[-64.3773,-31.7428],[-64.3808,-31.7469]]]},"properties":{"id":"cordoba:canteras:mineria_canteras.66","provincia":"cordoba","provincia_nombre":"Córdoba","tipo":"cantera","estado":"desconocido","geom_kind":"poligono","fuente_id":"cordoba.idecor.canteras","source_url":"https://idecor-ws.mapascordoba.gob.ar/geoserver/wfs?service=WFS&version=2.0.0&request=GetFeature&typeNames=idecor%3Amineria_canteras&outputFormat=application%2Fjson&count=2000&startIndex=0&srsName=EPSG%3A4326","source_layer":"idecor:mineria_canteras","source_fid":"mineria_canteras.66","source_srid":22173,"fetched_at":"2026-07-28T13:38:04+00:00","licencia":"no_especificada","superficie_ha_calc":24.2126}},{"type":"Feature","geometry":{"type":"Polygon","coordinates":[[[-64.496,-31.6242],[-64.496,-31.6216],[-64.4955,-31.6216],[-64.4939,-31.6219],[-64.4932,-31.6228],[-64.4927,-31.6229],[-64.4908,-31.6241],[-64.4907,-31.6257],[-64.4931,-31.6253],[-64.4942,-31.6253],[-64.496,-31.6242]]]},"properties":{"id":"cordoba:canteras:mineria_canteras.67","provincia":"cordoba","provincia_nombre":"Córdoba","tipo":"cantera","estado":"desconocido","geom_kind":"poligono","fuente_id":"cordoba.idecor.canteras","source_url":"https://idecor-ws.mapascordoba.gob.ar/geoserver/wfs?service=WFS&version=2.0.0&request=GetFeature&typeNames=idecor%3Amineria_canteras&outputFormat=application%2Fjson&count=2000&startIndex=0&srsName=EPSG%3A4326","source_layer":"idecor:mineria_canteras","source_fid":"mineria_canteras.67","source_srid":22173,"fetched_at":"2026-07-28T13:38:04+00:00","licencia":"no_especificada","superficie_ha_calc":14.486}},{"type":"Feature","geometry":{"type":"Polygon","coordinates":[[[-64.3231,-31.0873],[-64.3251,-31.0859],[-64.3243,-31.0847],[-64.3216,-31.0847],[-64.3231,-31.0873]]]},"properties":{"id":"cordoba:canteras:mineria_canteras.68","provincia":"cordoba","provincia_nombre":"Córdoba","tipo":"cantera","estado":"desconocido","geom_kind":"poligono","fuente_id":"cordoba.idecor.canteras","source_url":"https://idecor-ws.mapascordoba.gob.ar/geoserver/wfs?service=WFS&version=2.0.0&request=GetFeature&typeNames=idecor%3Amineria_canteras&outputFormat=application%2Fjson&count=2000&startIndex=0&srsName=EPSG%3A4326","source_layer":"idecor:mineria_canteras","source_fid":"mineria_canteras.68","source_srid":22173,"fetched_at":"2026-07-28T13:38:04+00:00","licencia":"no_especificada","superficie_ha_calc":5.5752}},{"type":"Feature","geometry":{"type":"Polygon","coordinates":[[[-64.3158,-32.3263],[-64.3158,-32.327],[-64.3166,-32.3271],[-64.3168,-32.3264],[-64.3178,-32.3261],[-64.3178,-32.3252],[-64.3167,-32.3255],[-64.3167,-32.326],[-64.3158,-32.3263]]]},"properties":{"id":"cordoba:canteras:mineria_canteras.69","provincia":"cordoba","provincia_nombre":"Córdoba","tipo":"cantera","estado":"desconocido","geom_kind":"poligono","fuente_id":"cordoba.idecor.canteras","source_url":"https://idecor-ws.mapascordoba.gob.ar/geoserver/wfs?service=WFS&version=2.0.0&request=GetFeature&typeNames=idecor%3Amineria_canteras&outputFormat=application%2Fjson&count=2000&startIndex=0&srsName=EPSG%3A4326","source_layer":"idecor:mineria_canteras","source_fid":"mineria_canteras.69","source_srid":22173,"fetched_at":"2026-07-28T13:38:04+00:00","licencia":"no_especificada","superficie_ha_calc":1.9003}},{"type":"Feature","geometry":{"type":"Polygon","coordinates":[[[-64.4633,-32.9714],[-64.4625,-32.9715],[-64.4621,-32.9743],[-64.4609,-32.9757],[-64.4587,-32.9757],[-64.4589,-32.9808],[-64.4634,-32.9809],[-64.4633,-32.9714]]]},"properties":{"id":"cordoba:canteras:mineria_canteras.70","provincia":"cordoba","provincia_nombre":"Córdoba","tipo":"cantera","estado":"desconocido","geom_kind":"poligono","fuente_id":"cordoba.idecor.canteras","source_url":"https://idecor-ws.mapascordoba.gob.ar/geoserver/wfs?service=WFS&version=2.0.0&request=GetFeature&typeNames=idecor%3Amineria_canteras&outputFormat=application%2Fjson&count=2000&startIndex=0&srsName=EPSG%3A4326","source_layer":"idecor:mineria_canteras","source_fid":"mineria_canteras.70","source_srid":22173,"fetched_at":"2026-07-28T13:38:04+00:00","licencia":"no_especificada","superficie_ha_calc":30.0643}},{"type":"Feature","geometry":{"type":"Polygon","coordinates":[[[-64.3188,-32.2635],[-64.3189,-32.2607],[-64.3136,-32.2606],[-64.3151,-32.2622],[-64.3165,-32.2634],[-64.3188,-32.2635]]]},"properties":{"id":"cordoba:canteras:mineria_canteras.71","provincia":"cordoba","provincia_nombre":"Córdoba","tipo":"cantera","estado":"desconocido","geom_kind":"poligono","fuente_id":"cordoba.idecor.canteras","source_url":"https://idecor-ws.mapascordoba.gob.ar/geoserver/wfs?service=WFS&version=2.0.0&request=GetFeature&typeNames=idecor%3Amineria_canteras&outputFormat=application%2Fjson&count=2000&startIndex=0&srsName=EPSG%3A4326","source_layer":"idecor:mineria_canteras","source_fid":"mineria_canteras.71","source_srid":22173,"fetched_at":"2026-07-28T13:38:04+00:00","licencia":"no_especificada","superficie_ha_calc":11.2008}},{"type":"Feature","geometry":{"type":"Polygon","coordinates":[[[-64.0574,-31.4286],[-64.0574,-31.4197],[-64.0552,-31.4228],[-64.0515,-31.4287],[-64.0574,-31.4286]]]},"properties":{"id":"cordoba:canteras:mineria_canteras.72","provincia":"cordoba","provincia_nombre":"Córdoba","tipo":"cantera","estado":"desconocido","geom_kind":"poligono","fuente_id":"cordoba.idecor.canteras","source_url":"https://idecor-ws.mapascordoba.gob.ar/geoserver/wfs?service=WFS&version=2.0.0&request=GetFeature&typeNames=idecor%3Amineria_canteras&outputFormat=application%2Fjson&count=2000&startIndex=0&srsName=EPSG%3A4326","source_layer":"idecor:mineria_canteras","source_fid":"mineria_canteras.72","source_srid":22173,"fetched_at":"2026-07-28T13:38:04+00:00","licencia":"no_especificada","superficie_ha_calc":28.4734}},{"type":"Feature","geometry":{"type":"Polygon","coordinates":[[[-63.7606,-31.4019],[-63.7581,-31.4019],[-63.7567,-31.4086],[-63.7586,-31.4089],[-63.7606,-31.4019]]]},"properties":{"id":"cordoba:canteras:mineria_canteras.74","provincia":"cordoba","provincia_nombre":"Córdoba","tipo":"cantera","estado":"desconocido","geom_kind":"poligono","fuente_id":"cordoba.idecor.canteras","source_url":"https://idecor-ws.mapascordoba.gob.ar/geoserver/wfs?service=WFS&version=2.0.0&request=GetFeature&typeNames=idecor%3Amineria_canteras&outputFormat=application%2Fjson&count=2000&startIndex=0&srsName=EPSG%3A4326","source_layer":"idecor:mineria_canteras","source_fid":"mineria_canteras.74","source_srid":22173,"fetched_at":"2026-07-28T13:38:04+00:00","licencia":"no_especificada","superficie_ha_calc":16.159}},{"type":"Feature","geometry":{"type":"Polygon","coordinates":[[[-64.5114,-31.5981],[-64.5099,-31.5972],[-64.5088,-31.5976],[-64.5095,-31.6009],[-64.5106,-31.6011],[-64.5112,-31.6007],[-64.5114,-31.5981]]]},"properties":{"id":"cordoba:canteras:mineria_canteras.75","provincia":"cordoba","provincia_nombre":"Córdoba","tipo":"cantera","estado":"desconocido","geom_kind":"poligono","fuente_id":"cordoba.idecor.canteras","source_url":"https://idecor-ws.mapascordoba.gob.ar/geoserver/wfs?service=WFS&version=2.0.0&request=GetFeature&typeNames=idecor%3Amineria_canteras&outputFormat=application%2Fjson&count=2000&startIndex=0&srsName=EPSG%3A4326","source_layer":"idecor:mineria_canteras","source_fid":"mineria_canteras.75","source_srid":22173,"fetched_at":"2026-07-28T13:38:04+00:00","licencia":"no_especificada","superficie_ha_calc":7.7658}},{"type":"Feature","geometry":{"type":"Polygon","coordinates":[[[-64.3644,-31.8122],[-64.3633,-31.8124],[-64.3622,-31.8131],[-64.3611,-31.8147],[-64.3617,-31.8153],[-64.3625,-31.8158],[-64.3628,-31.8164],[-64.3628,-31.817],[-64.3639,-31.8183],[-64.3667,-31.8164],[-64.3659,-31.8147],[-64.3655,-31.8133],[-64.3656,-31.8125],[-64.3644,-31.8122]]]},"properties":{"id":"cordoba:canteras:mineria_canteras.77","provincia":"cordoba","provincia_nombre":"Córdoba","tipo":"cantera","estado":"desconocido","geom_kind":"poligono","fuente_id":"cordoba.idecor.canteras","source_url":"https://idecor-ws.mapascordoba.gob.ar/geoserver/wfs?service=WFS&version=2.0.0&request=GetFeature&typeNames=idecor%3Amineria_canteras&outputFormat=application%2Fjson&count=2000&startIndex=0&srsName=EPSG%3A4326","source_layer":"idecor:mineria_canteras","source_fid":"mineria_canteras.77","source_srid":22173,"fetched_at":"2026-07-28T13:38:04+00:00","licencia":"no_especificada","superficie_ha_calc":20.84}},{"type":"Feature","geometry":{"type":"Polygon","coordinates":[[[-65.2608,-31.9429],[-65.2606,-31.9423],[-65.2595,-31.9426],[-65.2596,-31.9428],[-65.2608,-31.9429]]]},"properties":{"id":"cordoba:canteras:mineria_canteras.78","provincia":"cordoba","provincia_nombre":"Córdoba","tipo":"cantera","estado":"desconocido","geom_kind":"poligono","fuente_id":"cordoba.idecor.canteras","source_url":"https://idecor-ws.mapascordoba.gob.ar/geoserver/wfs?service=WFS&version=2.0.0&request=GetFeature&typeNames=idecor%3Amineria_canteras&outputFormat=application%2Fjson&count=2000&startIndex=0&srsName=EPSG%3A4326","source_layer":"idecor:mineria_canteras","source_fid":"mineria_canteras.78","source_srid":22173,"fetched_at":"2026-07-28T13:38:04+00:00","licencia":"no_especificada","superficie_ha_calc":0.498}},{"type":"Feature","geometry":{"type":"Polygon","coordinates":[[[-65.2595,-31.9384],[-65.2585,-31.9386],[-65.2593,-31.9414],[-65.2602,-31.9409],[-65.2595,-31.9384]]]},"properties":{"id":"cordoba:canteras:mineria_canteras.79","provincia":"cordoba","provincia_nombre":"Córdoba","tipo":"cantera","estado":"desconocido","geom_kind":"poligono","fuente_id":"cordoba.idecor.canteras","source_url":"https://idecor-ws.mapascordoba.gob.ar/geoserver/wfs?service=WFS&version=2.0.0&request=GetFeature&typeNames=idecor%3Amineria_canteras&outputFormat=application%2Fjson&count=2000&startIndex=0&srsName=EPSG%3A4326","source_layer":"idecor:mineria_canteras","source_fid":"mineria_canteras.79","source_srid":22173,"fetched_at":"2026-07-28T13:38:04+00:00","licencia":"no_especificada","superficie_ha_calc":2.9148}},{"type":"Feature","geometry":{"type":"Polygon","coordinates":[[[-64.2002,-31.7428],[-64.2003,-31.7403],[-64.1979,-31.7403],[-64.1979,-31.7428],[-64.2002,-31.7428]]]},"properties":{"id":"cordoba:canteras:mineria_canteras.80","provincia":"cordoba","provincia_nombre":"Córdoba","tipo":"cantera","estado":"desconocido","geom_kind":"poligono","fuente_id":"cordoba.idecor.canteras","source_url":"https://idecor-ws.mapascordoba.gob.ar/geoserver/wfs?service=WFS&version=2.0.0&request=GetFeature&typeNames=idecor%3Amineria_canteras&outputFormat=application%2Fjson&count=2000&startIndex=0&srsName=EPSG%3A4326","source_layer":"idecor:mineria_canteras","source_fid":"mineria_canteras.80","source_srid":22173,"fetched_at":"2026-07-28T13:38:04+00:00","licencia":"no_especificada","superficie_ha_calc":6.1728}},{"type":"Feature","geometry":{"type":"Polygon","coordinates":[[[-63.5727,-31.5715],[-63.5727,-31.5706],[-63.5708,-31.5698],[-63.5696,-31.5709],[-63.5727,-31.5715]]]},"properties":{"id":"cordoba:canteras:mineria_canteras.81","provincia":"cordoba","provincia_nombre":"Córdoba","tipo":"cantera","estado":"desconocido","geom_kind":"poligono","fuente_id":"cordoba.idecor.canteras","source_url":"https://idecor-ws.mapascordoba.gob.ar/geoserver/wfs?service=WFS&version=2.0.0&request=GetFeature&typeNames=idecor%3Amineria_canteras&outputFormat=application%2Fjson&count=2000&startIndex=0&srsName=EPSG%3A4326","source_layer":"idecor:mineria_canteras","source_fid":"mineria_canteras.81","source_srid":22173,"fetched_at":"2026-07-28T13:38:04+00:00","licencia":"no_especificada","superficie_ha_calc":3.0736}},{"type":"Feature","geometry":{"type":"Polygon","coordinates":[[[-64.0127,-31.4307],[-64.0106,-31.4315],[-64.0121,-31.4377],[-64.0133,-31.4379],[-64.0145,-31.4382],[-64.0157,-31.4382],[-64.0186,-31.4378],[-64.0208,-31.4371],[-64.0222,-31.4361],[-64.023,-31.4353],[-64.0238,-31.4342],[-64.0239,-31.4332],[-64.0245,-31.4325],[-64.0248,-31.4319],[-64.0242,-31.4304],[-64.0127,-31.4307]]]},"properties":{"id":"cordoba:canteras:mineria_canteras.82","provincia":"cordoba","provincia_nombre":"Córdoba","tipo":"cantera","estado":"desconocido","geom_kind":"poligono","fuente_id":"cordoba.idecor.canteras","source_url":"https://idecor-ws.mapascordoba.gob.ar/geoserver/wfs?service=WFS&version=2.0.0&request=GetFeature&typeNames=idecor%3Amineria_canteras&outputFormat=application%2Fjson&count=2000&startIndex=0&srsName=EPSG%3A4326","source_layer":"idecor:mineria_canteras","source_fid":"mineria_canteras.82","source_srid":22173,"fetched_at":"2026-07-28T13:38:04+00:00","licencia":"no_especificada","superficie_ha_calc":91.0361}},{"type":"Feature","geometry":{"type":"Polygon","coordinates":[[[-64.3649,-32.3569],[-64.3779,-32.3565],[-64.3799,-32.3484],[-64.377,-32.3384],[-64.3694,-32.3385],[-64.3723,-32.3529],[-64.3646,-32.3535],[-64.3649,-32.3569]]]},"properties":{"id":"cordoba:canteras:mineria_canteras.83","provincia":"cordoba","provincia_nombre":"Córdoba","tipo":"cantera","estado":"desconocido","geom_kind":"poligono","fuente_id":"cordoba.idecor.canteras","source_url":"https://idecor-ws.mapascordoba.gob.ar/geoserver/wfs?service=WFS&version=2.0.0&request=GetFeature&typeNames=idecor%3Amineria_canteras&outputFormat=application%2Fjson&count=2000&startIndex=0&srsName=EPSG%3A4326","source_layer":"idecor:mineria_canteras","source_fid":"mineria_canteras.83","source_srid":22173,"fetched_at":"2026-07-28T13:38:04+00:00","licencia":"no_especificada","superficie_ha_calc":170.5405}},{"type":"Feature","geometry":{"type":"Polygon","coordinates":[[[-64.3425,-31.0744],[-64.342,-31.0728],[-64.3389,-31.0728],[-64.3389,-31.0744],[-64.3425,-31.0744]]]},"properties":{"id":"cordoba:canteras:mineria_canteras.84","provincia":"cordoba","provincia_nombre":"Córdoba","tipo":"cantera","estado":"desconocido","geom_kind":"poligono","fuente_id":"cordoba.idecor.canteras","source_url":"https://idecor-ws.mapascordoba.gob.ar/geoserver/wfs?service=WFS&version=2.0.0&request=GetFeature&typeNames=idecor%3Amineria_canteras&outputFormat=application%2Fjson&count=2000&startIndex=0&srsName=EPSG%3A4326","source_layer":"idecor:mineria_canteras","source_fid":"mineria_canteras.84","source_srid":22173,"fetched_at":"2026-07-28T13:38:04+00:00","licencia":"no_especificada","superficie_ha_calc":5.6711}},{"type":"Feature","geometry":{"type":"Polygon","coordinates":[[[-64.5125,-31.1208],[-64.5124,-31.1208],[-64.5124,-31.1208],[-64.5122,-31.1208],[-64.5122,-31.1209],[-64.5121,-31.121],[-64.5121,-31.1211],[-64.5121,-31.1212],[-64.5125,-31.1208]]]},"properties":{"id":"cordoba:canteras:mineria_canteras.89","provincia":"cordoba","provincia_nombre":"Córdoba","tipo":"cantera","estado":"desconocido","geom_kind":"poligono","fuente_id":"cordoba.idecor.canteras","source_url":"https://idecor-ws.mapascordoba.gob.ar/geoserver/wfs?service=WFS&version=2.0.0&request=GetFeature&typeNames=idecor%3Amineria_canteras&outputFormat=application%2Fjson&count=2000&startIndex=0&srsName=EPSG%3A4326","source_layer":"idecor:mineria_canteras","source_fid":"mineria_canteras.89","source_srid":22173,"fetched_at":"2026-07-28T13:38:04+00:00","licencia":"no_especificada","superficie_ha_calc":0.0687}},{"type":"Feature","geometry":{"type":"Polygon","coordinates":[[[-64.5131,-31.1209],[-64.513,-31.1208],[-64.5129,-31.1208],[-64.5128,-31.1209],[-64.5127,-31.1212],[-64.5126,-31.1214],[-64.5126,-31.1216],[-64.5127,-31.1215],[-64.5127,-31.1215],[-64.5128,-31.1215],[-64.513,-31.1213],[-64.513,-31.1212],[-64.5131,-31.121],[-64.5131,-31.1209]]]},"properties":{"id":"cordoba:canteras:mineria_canteras.90","provincia":"cordoba","provincia_nombre":"Córdoba","tipo":"cantera","estado":"desconocido","geom_kind":"poligono","fuente_id":"cordoba.idecor.canteras","source_url":"https://idecor-ws.mapascordoba.gob.ar/geoserver/wfs?service=WFS&version=2.0.0&request=GetFeature&typeNames=idecor%3Amineria_canteras&outputFormat=application%2Fjson&count=2000&startIndex=0&srsName=EPSG%3A4326","source_layer":"idecor:mineria_canteras","source_fid":"mineria_canteras.90","source_srid":22173,"fetched_at":"2026-07-28T13:38:04+00:00","licencia":"no_especificada","superficie_ha_calc":0.2221}},{"type":"Feature","geometry":{"type":"Polygon","coordinates":[[[-64.5738,-32.4382],[-64.5706,-32.4384],[-64.5668,-32.4389],[-64.5695,-32.4422],[-64.5727,-32.4408],[-64.5744,-32.4402],[-64.5746,-32.4399],[-64.5738,-32.4382]]]},"properties":{"id":"cordoba:canteras:mineria_canteras.91","provincia":"cordoba","provincia_nombre":"Córdoba","tipo":"cantera","estado":"desconocido","geom_kind":"poligono","fuente_id":"cordoba.idecor.canteras","source_url":"https://idecor-ws.mapascordoba.gob.ar/geoserver/wfs?service=WFS&version=2.0.0&request=GetFeature&typeNames=idecor%3Amineria_canteras&outputFormat=application%2Fjson&count=2000&startIndex=0&srsName=EPSG%3A4326","source_layer":"idecor:mineria_canteras","source_fid":"mineria_canteras.91","source_srid":22173,"fetched_at":"2026-07-28T13:38:04+00:00","licencia":"no_especificada","superficie_ha_calc":19.2666}},{"type":"Feature","geometry":{"type":"Polygon","coordinates":[[[-64.5815,-32.4393],[-64.5815,-32.4373],[-64.5813,-32.4371],[-64.5781,-32.4375],[-64.5778,-32.4374],[-64.5761,-32.4378],[-64.5767,-32.4389],[-64.5782,-32.44],[-64.5815,-32.4393]]]},"properties":{"id":"cordoba:canteras:mineria_canteras.92","provincia":"cordoba","provincia_nombre":"Córdoba","tipo":"cantera","estado":"desconocido","geom_kind":"poligono","fuente_id":"cordoba.idecor.canteras","source_url":"https://idecor-ws.mapascordoba.gob.ar/geoserver/wfs?service=WFS&version=2.0.0&request=GetFeature&typeNames=idecor%3Amineria_canteras&outputFormat=application%2Fjson&count=2000&startIndex=0&srsName=EPSG%3A4326","source_layer":"idecor:mineria_canteras","source_fid":"mineria_canteras.92","source_srid":22173,"fetched_at":"2026-07-28T13:38:04+00:00","licencia":"no_especificada","superficie_ha_calc":11.5497}},{"type":"Feature","geometry":{"type":"Polygon","coordinates":[[[-64.4463,-31.9614],[-64.4412,-31.9613],[-64.4343,-31.9649],[-64.4307,-31.9663],[-64.4309,-31.9712],[-64.4307,-31.9736],[-64.4315,-31.9752],[-64.4321,-31.9753],[-64.4441,-31.969],[-64.4463,-31.9614]]]},"properties":{"id":"cordoba:canteras:mineria_canteras.93","provincia":"cordoba","provincia_nombre":"Córdoba","tipo":"cantera","estado":"desconocido","geom_kind":"poligono","fuente_id":"cordoba.idecor.canteras","source_url":"https://idecor-ws.mapascordoba.gob.ar/geoserver/wfs?service=WFS&version=2.0.0&request=GetFeature&typeNames=idecor%3Amineria_canteras&outputFormat=application%2Fjson&count=2000&startIndex=0&srsName=EPSG%3A4326","source_layer":"idecor:mineria_canteras","source_fid":"mineria_canteras.93","source_srid":22173,"fetched_at":"2026-07-28T13:38:04+00:00","licencia":"no_especificada","superficie_ha_calc":134.948}},{"type":"Feature","geometry":{"type":"Polygon","coordinates":[[[-63.3248,-32.1544],[-63.3247,-32.1567],[-63.3362,-32.1568],[-63.3365,-32.1503],[-63.3346,-32.1506],[-63.3344,-32.1522],[-63.3307,-32.1523],[-63.3305,-32.1542],[-63.3248,-32.1544]]]},"properties":{"id":"cordoba:canteras:mineria_canteras.95","provincia":"cordoba","provincia_nombre":"Córdoba","tipo":"cantera","estado":"desconocido","geom_kind":"poligono","fuente_id":"cordoba.idecor.canteras","source_url":"https://idecor-ws.mapascordoba.gob.ar/geoserver/wfs?service=WFS&version=2.0.0&request=GetFeature&typeNames=idecor%3Amineria_canteras&outputFormat=application%2Fjson&count=2000&startIndex=0&srsName=EPSG%3A4326","source_layer":"idecor:mineria_canteras","source_fid":"mineria_canteras.95","source_srid":22173,"fetched_at":"2026-07-28T13:38:04+00:00","licencia":"no_especificada","superficie_ha_calc":45.5206}},{"type":"Feature","geometry":{"type":"Polygon","coordinates":[[[-64.2812,-33.1424],[-64.2825,-33.14],[-64.2776,-33.1388],[-64.2776,-33.1403],[-64.2812,-33.1424]]]},"properties":{"id":"cordoba:canteras:mineria_canteras.96","provincia":"cordoba","provincia_nombre":"Córdoba","tipo":"cantera","estado":"desconocido","geom_kind":"poligono","fuente_id":"cordoba.idecor.canteras","source_url":"https://idecor-ws.mapascordoba.gob.ar/geoserver/wfs?service=WFS&version=2.0.0&request=GetFeature&typeNames=idecor%3Amineria_canteras&outputFormat=application%2Fjson&count=2000&startIndex=0&srsName=EPSG%3A4326","source_layer":"idecor:mineria_canteras","source_fid":"mineria_canteras.96","source_srid":22173,"fetched_at":"2026-07-28T13:38:04+00:00","licencia":"no_especificada","superficie_ha_calc":9.6859}},{"type":"Feature","geometry":{"type":"Polygon","coordinates":[[[-63.1753,-32.3839],[-63.1734,-32.3841],[-63.1733,-32.387],[-63.1752,-32.3868],[-63.1753,-32.3839]]]},"properties":{"id":"cordoba:canteras:mineria_canteras.97","provincia":"cordoba","provincia_nombre":"Córdoba","tipo":"cantera","estado":"desconocido","geom_kind":"poligono","fuente_id":"cordoba.idecor.canteras","source_url":"https://idecor-ws.mapascordoba.gob.ar/geoserver/wfs?service=WFS&version=2.0.0&request=GetFeature&typeNames=idecor%3Amineria_canteras&outputFormat=application%2Fjson&count=2000&startIndex=0&srsName=EPSG%3A4326","source_layer":"idecor:mineria_canteras","source_fid":"mineria_canteras.97","source_srid":22173,"fetched_at":"2026-07-28T13:38:04+00:00","licencia":"no_especificada","superficie_ha_calc":5.7286}},{"type":"Feature","geometry":{"type":"Polygon","coordinates":[[[-64.5171,-32.1578],[-64.5139,-32.1579],[-64.5134,-32.1588],[-64.5168,-32.1605],[-64.5171,-32.1578]]]},"properties":{"id":"cordoba:canteras:mineria_canteras.98","provincia":"cordoba","provincia_nombre":"Córdoba","tipo":"cantera","estado":"desconocido","geom_kind":"poligono","fuente_id":"cordoba.idecor.canteras","source_url":"https://idecor-ws.mapascordoba.gob.ar/geoserver/wfs?service=WFS&version=2.0.0&request=GetFeature&typeNames=idecor%3Amineria_canteras&outputFormat=application%2Fjson&count=2000&startIndex=0&srsName=EPSG%3A4326","source_layer":"idecor:mineria_canteras","source_fid":"mineria_canteras.98","source_srid":22173,"fetched_at":"2026-07-28T13:38:04+00:00","licencia":"no_especificada","superficie_ha_calc":6.5481}},{"type":"Feature","geometry":{"type":"Polygon","coordinates":[[[-63.9098,-32.177],[-63.9081,-32.1783],[-63.9053,-32.1772],[-63.9041,-32.1764],[-63.9035,-32.1758],[-63.9015,-32.1747],[-63.8971,-32.1738],[-63.8971,-32.1787],[-63.902,-32.1795],[-63.9021,-32.187],[-63.9096,-32.1858],[-63.9098,-32.177]]]},"properties":{"id":"cordoba:canteras:mineria_canteras.99","provincia":"cordoba","provincia_nombre":"Córdoba","tipo":"cantera","estado":"desconocido","geom_kind":"poligono","fuente_id":"cordoba.idecor.canteras","source_url":"https://idecor-ws.mapascordoba.gob.ar/geoserver/wfs?service=WFS&version=2.0.0&request=GetFeature&typeNames=idecor%3Amineria_canteras&outputFormat=application%2Fjson&count=2000&startIndex=0&srsName=EPSG%3A4326","source_layer":"idecor:mineria_canteras","source_fid":"mineria_canteras.99","source_srid":22173,"fetched_at":"2026-07-28T13:38:04+00:00","licencia":"no_especificada","superficie_ha_calc":99.8407}},{"type":"Feature","geometry":{"type":"Polygon","coordinates":[[[-64.2452,-31.7846],[-64.2427,-31.7846],[-64.2421,-31.7857],[-64.2426,-31.7869],[-64.2432,-31.7871],[-64.2433,-31.788],[-64.2453,-31.7898],[-64.2452,-31.7846]]]},"properties":{"id":"cordoba:canteras:mineria_canteras.100","provincia":"cordoba","provincia_nombre":"Córdoba","tipo":"cantera","estado":"desconocido","geom_kind":"poligono","fuente_id":"cordoba.idecor.canteras","source_url":"https://idecor-ws.mapascordoba.gob.ar/geoserver/wfs?service=WFS&version=2.0.0&request=GetFeature&typeNames=idecor%3Amineria_canteras&outputFormat=application%2Fjson&count=2000&startIndex=0&srsName=EPSG%3A4326","source_layer":"idecor:mineria_canteras","source_fid":"mineria_canteras.100","source_srid":22173,"fetched_at":"2026-07-28T13:38:04+00:00","licencia":"no_especificada","superficie_ha_calc":11.1268}},{"type":"Feature","geometry":{"type":"Polygon","coordinates":[[[-64.2466,-31.7927],[-64.2429,-31.7906],[-64.2428,-31.7899],[-64.2395,-31.7894],[-64.2392,-31.7917],[-64.2416,-31.7942],[-64.2467,-31.797],[-64.2466,-31.7927]]]},"properties":{"id":"cordoba:canteras:mineria_canteras.101","provincia":"cordoba","provincia_nombre":"Córdoba","tipo":"cantera","estado":"desconocido","geom_kind":"poligono","fuente_id":"cordoba.idecor.canteras","source_url":"https://idecor-ws.mapascordoba.gob.ar/geoserver/wfs?service=WFS&version=2.0.0&request=GetFeature&typeNames=idecor%3Amineria_canteras&outputFormat=application%2Fjson&count=2000&startIndex=0&srsName=EPSG%3A4326","source_layer":"idecor:mineria_canteras","source_fid":"mineria_canteras.101","source_srid":22173,"fetched_at":"2026-07-28T13:38:04+00:00","licencia":"no_especificada","superficie_ha_calc":31.5194}},{"type":"Feature","geometry":{"type":"Polygon","coordinates":[[[-63.5591,-31.3285],[-63.5583,-31.3285],[-63.5583,-31.3365],[-63.5589,-31.3365],[-63.5591,-31.3285]]]},"properties":{"id":"cordoba:canteras:mineria_canteras.102","provincia":"cordoba","provincia_nombre":"Córdoba","tipo":"cantera","estado":"desconocido","geom_kind":"poligono","fuente_id":"cordoba.idecor.canteras","source_url":"https://idecor-ws.mapascordoba.gob.ar/geoserver/wfs?service=WFS&version=2.0.0&request=GetFeature&typeNames=idecor%3Amineria_canteras&outputFormat=application%2Fjson&count=2000&startIndex=0&srsName=EPSG%3A4326","source_layer":"idecor:mineria_canteras","source_fid":"mineria_canteras.102","source_srid":22173,"fetched_at":"2026-07-28T13:38:04+00:00","licencia":"no_especificada","superficie_ha_calc":5.9092}},{"type":"Feature","geometry":{"type":"Polygon","coordinates":[[[-65.2514,-31.9382],[-65.2478,-31.9395],[-65.2481,-31.9401],[-65.247,-31.9416],[-65.2458,-31.9426],[-65.2516,-31.942],[-65.2514,-31.9382]]]},"properties":{"id":"cordoba:canteras:mineria_canteras.103","provincia":"cordoba","provincia_nombre":"Córdoba","tipo":"cantera","estado":"desconocido","geom_kind":"poligono","fuente_id":"cordoba.idecor.canteras","source_url":"https://idecor-ws.mapascordoba.gob.ar/geoserver/wfs?service=WFS&version=2.0.0&request=GetFeature&typeNames=idecor%3Amineria_canteras&outputFormat=application%2Fjson&count=2000&startIndex=0&srsName=EPSG%3A4326","source_layer":"idecor:mineria_canteras","source_fid":"mineria_canteras.103","source_srid":22173,"fetched_at":"2026-07-28T13:38:04+00:00","licencia":"no_especificada","superficie_ha_calc":14.621}},{"type":"Feature","geometry":{"type":"Polygon","coordinates":[[[-64.4081,-32.01],[-64.406,-32.0101],[-64.404,-32.0137],[-64.4036,-32.0137],[-64.4035,-32.014],[-64.4042,-32.014],[-64.4059,-32.0135],[-64.4081,-32.01]]]},"properties":{"id":"cordoba:canteras:mineria_canteras.104","provincia":"cordoba","provincia_nombre":"Córdoba","tipo":"cantera","estado":"desconocido","geom_kind":"poligono","fuente_id":"cordoba.idecor.canteras","source_url":"https://idecor-ws.mapascordoba.gob.ar/geoserver/wfs?service=WFS&version=2.0.0&request=GetFeature&typeNames=idecor%3Amineria_canteras&outputFormat=application%2Fjson&count=2000&startIndex=0&srsName=EPSG%3A4326","source_layer":"idecor:mineria_canteras","source_fid":"mineria_canteras.104","source_srid":22173,"fetched_at":"2026-07-28T13:38:04+00:00","licencia":"no_especificada","superficie_ha_calc":7.6009}},{"type":"Feature","geometry":{"type":"Polygon","coordinates":[[[-64.383,-31.4504],[-64.3808,-31.4504],[-64.3796,-31.45],[-64.3777,-31.4499],[-64.3741,-31.4503],[-64.3721,-31.4504],[-64.3632,-31.4509],[-64.3593,-31.4527],[-64.3595,-31.4529],[-64.3589,-31.4537],[-64.359,-31.4538],[-64.3587,-31.4539],[-64.3587,-31.4576],[-64.3598,-31.4602],[-64.3599,-31.4599],[-64.3599,-31.4598],[-64.36,-31.4596],[-64.3604,-31.4594],[-64.3609,-31.4594],[-64.3612,-31.4596],[-64.3614,-31.4601],[-64.3629,-31.4599],[-64.3631,-31.4599],[-64.3633,-31.4601],[-64.3634,-31.4607],[-64.3635,-31.4613],[-64.3637,-31.4623],[-64.3637,-31.4637],[-64.3629,-31.464],[-64.3632,-31.4648],[-64.3639,-31.4647],[-64.364,-31.4653],[-64.3641,-31.4654],[-64.3642,-31.4659],[-64.3642,-31.4662],[-64.3641,-31.4667],[-64.3634,-31.467],[-64.3636,-31.4674],[-64.3609,-31.4684],[-64.3615,-31.4686],[-64.3614,-31.4689],[-64.362,-31.4691],[-64.3618,-31.4696],[-64.362,-31.4697],[-64.3629,-31.4702],[-64.3628,-31.4703],[-64.3619,-31.47],[-64.3603,-31.4689],[-64.3603,-31.4691],[-64.3602,-31.4693],[-64.3602,-31.4696],[-64.3602,-31.4697],[-64.3616,-31.4709],[-64.3604,-31.4701],[-64.3602,-31.4697],[-64.3599,-31.4694],[-64.3592,-31.4692],[-64.3587,-31.4702],[-64.3585,-31.4702],[-64.3582,-31.4704],[-64.3582,-31.4712],[-64.3587,-31.4722],[-64.3587,-31.4725],[-64.3583,-31.4726],[-64.3582,-31.4728],[-64.3572,-31.4725],[-64.3571,-31.4723],[-64.3573,-31.471],[-64.3571,-31.4699],[-64.3577,-31.4684],[-64.3574,-31.4683],[-64.3562,-31.4716],[-64.3578,-31.4757],[-64.3552,-31.4775],[-64.349,-31.4775],[-64.349,-31.4794],[-64.3521,-31.48],[-64.3598,-31.4802],[-64.3598,-31.4814],[-64.3583,-31.4816],[-64.3582,-31.4844],[-64.3583,-31.4846],[-64.3582,-31.4855],[-64.3594,-31.4857],[-64.3594,-31.4899],[-64.3645,-31.49],[-64.3655,-31.4899],[-64.3661,-31.4896],[-64.3669,-31.4883],[-64.3673,-31.4881],[-64.3688,-31.4879],[-64.3732,-31.4878],[-64.3738,-31.4876],[-64.3745,-31.487],[-64.3769,-31.4847],[-64.3776,-31.4842],[-64.3785,-31.4841],[-64.3719,-31.4589],[-64.3747,-31.4589],[-64.3761,-31.4585],[-64.3779,-31.4591],[-64.3809,-31.4589],[-64.383,-31.4547],[-64.383,-31.4504]]]},"properties":{"id":"cordoba:canteras:mineria_canteras.105","provincia":"cordoba","provincia_nombre":"Córdoba","tipo":"cantera","estado":"desconocido","geom_kind":"poligono","fuente_id":"cordoba.idecor.canteras","source_url":"https://idecor-ws.mapascordoba.gob.ar/geoserver/wfs?service=WFS&version=2.0.0&request=GetFeature&typeNames=idecor%3Amineria_canteras&outputFormat=application%2Fjson&count=2000&startIndex=0&srsName=EPSG%3A4326","source_layer":"idecor:mineria_canteras","source_fid":"mineria_canteras.105","source_srid":22173,"fetched_at":"2026-07-28T13:38:04+00:00","licencia":"no_especificada","superficie_ha_calc":714.1807}},{"type":"Feature","geometry":{"type":"Polygon","coordinates":[[[-64.5138,-31.5918],[-64.505,-31.5919],[-64.5052,-31.6024],[-64.514,-31.6023],[-64.5138,-31.5918]]]},"properties":{"id":"cordoba:canteras:mineria_canteras.106","provincia":"cordoba","provincia_nombre":"Córdoba","tipo":"cantera","estado":"desconocido","geom_kind":"poligono","fuente_id":"cordoba.idecor.canteras","source_url":"https://idecor-ws.mapascordoba.gob.ar/geoserver/wfs?service=WFS&version=2.0.0&request=GetFeature&typeNames=idecor%3Amineria_canteras&outputFormat=application%2Fjson&count=2000&startIndex=0&srsName=EPSG%3A4326","source_layer":"idecor:mineria_canteras","source_fid":"mineria_canteras.106","source_srid":22173,"fetched_at":"2026-07-28T13:38:04+00:00","licencia":"no_especificada","superficie_ha_calc":97.253}},{"type":"Feature","geometry":{"type":"Polygon","coordinates":[[[-64.9571,-33.1399],[-64.9547,-33.1381],[-64.952,-33.1423],[-64.9513,-33.142],[-64.9484,-33.1385],[-64.9471,-33.1386],[-64.9437,-33.1441],[-64.9471,-33.1472],[-64.9503,-33.1466],[-64.9542,-33.1481],[-64.9562,-33.1436],[-64.9571,-33.1399]]]},"properties":{"id":"cordoba:canteras:mineria_canteras.107","provincia":"cordoba","provincia_nombre":"Córdoba","tipo":"cantera","estado":"desconocido","geom_kind":"poligono","fuente_id":"cordoba.idecor.canteras","source_url":"https://idecor-ws.mapascordoba.gob.ar/geoserver/wfs?service=WFS&version=2.0.0&request=GetFeature&typeNames=idecor%3Amineria_canteras&outputFormat=application%2Fjson&count=2000&startIndex=0&srsName=EPSG%3A4326","source_layer":"idecor:mineria_canteras","source_fid":"mineria_canteras.107","source_srid":22173,"fetched_at":"2026-07-28T13:38:04+00:00","licencia":"no_especificada","superficie_ha_calc":82.9429}},{"type":"Feature","geometry":{"type":"Polygon","coordinates":[[[-64.5794,-31.5775],[-64.5684,-31.5775],[-64.5683,-31.5914],[-64.5803,-31.5897],[-64.5794,-31.5775]]]},"properties":{"id":"cordoba:canteras:mineria_canteras.108","provincia":"cordoba","provincia_nombre":"Córdoba","tipo":"cantera","estado":"desconocido","geom_kind":"poligono","fuente_id":"cordoba.idecor.canteras","source_url":"https://idecor-ws.mapascordoba.gob.ar/geoserver/wfs?service=WFS&version=2.0.0&request=GetFeature&typeNames=idecor%3Amineria_canteras&outputFormat=application%2Fjson&count=2000&startIndex=0&srsName=EPSG%3A4326","source_layer":"idecor:mineria_canteras","source_fid":"mineria_canteras.108","source_srid":22173,"fetched_at":"2026-07-28T13:38:04+00:00","licencia":"no_especificada","superficie_ha_calc":158.3024}},{"type":"Feature","geometry":{"type":"Polygon","coordinates":[[[-62.9258,-31.3658],[-62.9259,-31.3653],[-62.9249,-31.3646],[-62.9249,-31.3641],[-62.9247,-31.3638],[-62.9244,-31.3632],[-62.9241,-31.363],[-62.9239,-31.3625],[-62.9237,-31.3625],[-62.9241,-31.3635],[-62.9243,-31.3638],[-62.9243,-31.3642],[-62.9244,-31.3646],[-62.9248,-31.365],[-62.9253,-31.3653],[-62.9258,-31.3658]]]},"properties":{"id":"cordoba:canteras:mineria_canteras.109","provincia":"cordoba","provincia_nombre":"Córdoba","tipo":"cantera","estado":"desconocido","geom_kind":"poligono","fuente_id":"cordoba.idecor.canteras","source_url":"https://idecor-ws.mapascordoba.gob.ar/geoserver/wfs?service=WFS&version=2.0.0&request=GetFeature&typeNames=idecor%3Amineria_canteras&outputFormat=application%2Fjson&count=2000&startIndex=0&srsName=EPSG%3A4326","source_layer":"idecor:mineria_canteras","source_fid":"mineria_canteras.109","source_srid":22173,"fetched_at":"2026-07-28T13:38:04+00:00","licencia":"no_especificada","superficie_ha_calc":1.5032}},{"type":"Feature","geometry":{"type":"Polygon","coordinates":[[[-64.3618,-33.0618],[-64.3591,-33.0618],[-64.3591,-33.0627],[-64.3618,-33.0627],[-64.3618,-33.0618]]]},"properties":{"id":"cordoba:canteras:mineria_canteras.110","provincia":"cordoba","provincia_nombre":"Córdoba","tipo":"cantera","estado":"desconocido","geom_kind":"poligono","fuente_id":"cordoba.idecor.canteras","source_url":"https://idecor-ws.mapascordoba.gob.ar/geoserver/wfs?service=WFS&version=2.0.0&request=GetFeature&typeNames=idecor%3Amineria_canteras&outputFormat=application%2Fjson&count=2000&startIndex=0&srsName=EPSG%3A4326","source_layer":"idecor:mineria_canteras","source_fid":"mineria_canteras.110","source_srid":22173,"fetched_at":"2026-07-28T13:38:04+00:00","licencia":"no_especificada","superficie_ha_calc":2.5168}},{"type":"Feature","geometry":{"type":"Polygon","coordinates":[[[-63.5562,-31.2724],[-63.5534,-31.273],[-63.5532,-31.2757],[-63.5561,-31.2754],[-63.5562,-31.2724]]]},"properties":{"id":"cordoba:canteras:mineria_canteras.111","provincia":"cordoba","provincia_nombre":"Córdoba","tipo":"cantera","estado":"desconocido","geom_kind":"poligono","fuente_id":"cordoba.idecor.canteras","source_url":"https://idecor-ws.mapascordoba.gob.ar/geoserver/wfs?service=WFS&version=2.0.0&request=GetFeature&typeNames=idecor%3Amineria_canteras&outputFormat=application%2Fjson&count=2000&startIndex=0&srsName=EPSG%3A4326","source_layer":"idecor:mineria_canteras","source_fid":"mineria_canteras.111","source_srid":22173,"fetched_at":"2026-07-28T13:38:04+00:00","licencia":"no_especificada","superficie_ha_calc":8.5049}},{"type":"Feature","geometry":{"type":"Polygon","coordinates":[[[-64.3996,-31.9616],[-64.3996,-31.9614],[-64.3997,-31.9613],[-64.3996,-31.9616]]]},"properties":{"id":"cordoba:canteras:mineria_canteras.112","provincia":"cordoba","provincia_nombre":"Córdoba","tipo":"cantera","estado":"desconocido","geom_kind":"poligono","fuente_id":"cordoba.idecor.canteras","source_url":"https://idecor-ws.mapascordoba.gob.ar/geoserver/wfs?service=WFS&version=2.0.0&request=GetFeature&typeNames=idecor%3Amineria_canteras&outputFormat=application%2Fjson&count=2000&startIndex=0&srsName=EPSG%3A4326","source_layer":"idecor:mineria_canteras","source_fid":"mineria_canteras.112","source_srid":22173,"fetched_at":"2026-07-28T13:38:04+00:00","licencia":"no_especificada","superficie_ha_calc":0.0105}},{"type":"Feature","geometry":{"type":"Polygon","coordinates":[[[-64.3936,-31.9602],[-64.3933,-31.9604],[-64.3932,-31.9601],[-64.3935,-31.9599],[-64.3936,-31.9602]]]},"properties":{"id":"cordoba:canteras:mineria_canteras.113","provincia":"cordoba","provincia_nombre":"Córdoba","tipo":"cantera","estado":"desconocido","geom_kind":"poligono","fuente_id":"cordoba.idecor.canteras","source_url":"https://idecor-ws.mapascordoba.gob.ar/geoserver/wfs?service=WFS&version=2.0.0&request=GetFeature&typeNames=idecor%3Amineria_canteras&outputFormat=application%2Fjson&count=2000&startIndex=0&srsName=EPSG%3A4326","source_layer":"idecor:mineria_canteras","source_fid":"mineria_canteras.113","source_srid":22173,"fetched_at":"2026-07-28T13:38:04+00:00","licencia":"no_especificada","superficie_ha_calc":0.1153}},{"type":"Feature","geometry":{"type":"Polygon","coordinates":[[[-64.3944,-31.9597],[-64.3944,-31.9597],[-64.3944,-31.9596],[-64.3945,-31.9596],[-64.3944,-31.9597]]]},"properties":{"id":"cordoba:canteras:mineria_canteras.114","provincia":"cordoba","provincia_nombre":"Córdoba","tipo":"cantera","estado":"desconocido","geom_kind":"poligono","fuente_id":"cordoba.idecor.canteras","source_url":"https://idecor-ws.mapascordoba.gob.ar/geoserver/wfs?service=WFS&version=2.0.0&request=GetFeature&typeNames=idecor%3Amineria_canteras&outputFormat=application%2Fjson&count=2000&startIndex=0&srsName=EPSG%3A4326","source_layer":"idecor:mineria_canteras","source_fid":"mineria_canteras.114","source_srid":22173,"fetched_at":"2026-07-28T13:38:04+00:00","licencia":"no_especificada","superficie_ha_calc":0.0052}},{"type":"Feature","geometry":{"type":"Polygon","coordinates":[[[-64.3932,-31.9593],[-64.3932,-31.9594],[-64.393,-31.9593],[-64.3932,-31.9591],[-64.3932,-31.9593]]]},"properties":{"id":"cordoba:canteras:mineria_canteras.115","provincia":"cordoba","provincia_nombre":"Córdoba","tipo":"cantera","estado":"desconocido","geom_kind":"poligono","fuente_id":"cordoba.idecor.canteras","source_url":"https://idecor-ws.mapascordoba.gob.ar/geoserver/wfs?service=WFS&version=2.0.0&request=GetFeature&typeNames=idecor%3Amineria_canteras&outputFormat=application%2Fjson&count=2000&startIndex=0&srsName=EPSG%3A4326","source_layer":"idecor:mineria_canteras","source_fid":"mineria_canteras.115","source_srid":22173,"fetched_at":"2026-07-28T13:38:04+00:00","licencia":"no_especificada","superficie_ha_calc":0.0314}},{"type":"Feature","geometry":{"type":"Polygon","coordinates":[[[-64.399,-31.9617],[-64.3988,-31.9616],[-64.3988,-31.9616],[-64.3991,-31.9616],[-64.399,-31.9617]]]},"properties":{"id":"cordoba:canteras:mineria_canteras.116","provincia":"cordoba","provincia_nombre":"Córdoba","tipo":"cantera","estado":"desconocido","geom_kind":"poligono","fuente_id":"cordoba.idecor.canteras","source_url":"https://idecor-ws.mapascordoba.gob.ar/geoserver/wfs?service=WFS&version=2.0.0&request=GetFeature&typeNames=idecor%3Amineria_canteras&outputFormat=application%2Fjson&count=2000&startIndex=0&srsName=EPSG%3A4326","source_layer":"idecor:mineria_canteras","source_fid":"mineria_canteras.116","source_srid":22173,"fetched_at":"2026-07-28T13:38:04+00:00","licencia":"no_especificada","superficie_ha_calc":0.0157}},{"type":"Feature","geometry":{"type":"Polygon","coordinates":[[[-64.3947,-31.9593],[-64.3946,-31.9594],[-64.3943,-31.959],[-64.3947,-31.9593]]]},"properties":{"id":"cordoba:canteras:mineria_canteras.117","provincia":"cordoba","provincia_nombre":"Córdoba","tipo":"cantera","estado":"desconocido","geom_kind":"poligono","fuente_id":"cordoba.idecor.canteras","source_url":"https://idecor-ws.mapascordoba.gob.ar/geoserver/wfs?service=WFS&version=2.0.0&request=GetFeature&typeNames=idecor%3Amineria_canteras&outputFormat=application%2Fjson&count=2000&startIndex=0&srsName=EPSG%3A4326","source_layer":"idecor:mineria_canteras","source_fid":"mineria_canteras.117","source_srid":22173,"fetched_at":"2026-07-28T13:38:04+00:00","licencia":"no_especificada","superficie_ha_calc":0.0367}},{"type":"Feature","geometry":{"type":"Polygon","coordinates":[[[-64.4,-31.9607],[-64.3998,-31.9611],[-64.3995,-31.9609],[-64.3996,-31.9607],[-64.4,-31.9607]]]},"properties":{"id":"cordoba:canteras:mineria_canteras.118","provincia":"cordoba","provincia_nombre":"Córdoba","tipo":"cantera","estado":"desconocido","geom_kind":"poligono","fuente_id":"cordoba.idecor.canteras","source_url":"https://idecor-ws.mapascordoba.gob.ar/geoserver/wfs?service=WFS&version=2.0.0&request=GetFeature&typeNames=idecor%3Amineria_canteras&outputFormat=application%2Fjson&count=2000&startIndex=0&srsName=EPSG%3A4326","source_layer":"idecor:mineria_canteras","source_fid":"mineria_canteras.118","source_srid":22173,"fetched_at":"2026-07-28T13:38:04+00:00","licencia":"no_especificada","superficie_ha_calc":0.1258}},{"type":"Feature","geometry":{"type":"Polygon","coordinates":[[[-64.0217,-31.4222],[-64.0222,-31.4239],[-64.0211,-31.4256],[-64.0189,-31.4264],[-64.0178,-31.4256],[-64.0164,-31.4259],[-64.0158,-31.4242],[-64.0217,-31.4222]]]},"properties":{"id":"cordoba:canteras:mineria_canteras.121","provincia":"cordoba","provincia_nombre":"Córdoba","tipo":"cantera","estado":"desconocido","geom_kind":"poligono","fuente_id":"cordoba.idecor.canteras","source_url":"https://idecor-ws.mapascordoba.gob.ar/geoserver/wfs?service=WFS&version=2.0.0&request=GetFeature&typeNames=idecor%3Amineria_canteras&outputFormat=application%2Fjson&count=2000&startIndex=0&srsName=EPSG%3A4326","source_layer":"idecor:mineria_canteras","source_fid":"mineria_canteras.121","source_srid":22173,"fetched_at":"2026-07-28T13:38:04+00:00","licencia":"no_especificada","superficie_ha_calc":16.5508}},{"type":"Feature","geometry":{"type":"Polygon","coordinates":[[[-64.0167,-31.4289],[-64.017,-31.43],[-64.0147,-31.43],[-64.0155,-31.4292],[-64.0167,-31.4289]]]},"properties":{"id":"cordoba:canteras:mineria_canteras.123","provincia":"cordoba","provincia_nombre":"Córdoba","tipo":"cantera","estado":"desconocido","geom_kind":"poligono","fuente_id":"cordoba.idecor.canteras","source_url":"https://idecor-ws.mapascordoba.gob.ar/geoserver/wfs?service=WFS&version=2.0.0&request=GetFeature&typeNames=idecor%3Amineria_canteras&outputFormat=application%2Fjson&count=2000&startIndex=0&srsName=EPSG%3A4326","source_layer":"idecor:mineria_canteras","source_fid":"mineria_canteras.123","source_srid":22173,"fetched_at":"2026-07-28T13:38:04+00:00","licencia":"no_especificada","superficie_ha_calc":1.713}},{"type":"Feature","geometry":{"type":"Polygon","coordinates":[[[-64.0159,-31.4264],[-64.0051,-31.4295],[-64.0048,-31.4283],[-64.0154,-31.4245],[-64.0159,-31.4264]]]},"properties":{"id":"cordoba:canteras:mineria_canteras.124","provincia":"cordoba","provincia_nombre":"Córdoba","tipo":"cantera","estado":"desconocido","geom_kind":"poligono","fuente_id":"cordoba.idecor.canteras","source_url":"https://idecor-ws.mapascordoba.gob.ar/geoserver/wfs?service=WFS&version=2.0.0&request=GetFeature&typeNames=idecor%3Amineria_canteras&outputFormat=application%2Fjson&count=2000&startIndex=0&srsName=EPSG%3A4326","source_layer":"idecor:mineria_canteras","source_fid":"mineria_canteras.124","source_srid":22173,"fetched_at":"2026-07-28T13:38:04+00:00","licencia":"no_especificada","superficie_ha_calc":18.9382}},{"type":"Feature","geometry":{"type":"Polygon","coordinates":[[[-64.0151,-31.4289],[-64.0148,-31.4293],[-64.0149,-31.4296],[-64.0139,-31.43],[-64.0127,-31.4301],[-64.0106,-31.4309],[-64.0101,-31.4287],[-64.0162,-31.4268],[-64.0166,-31.4285],[-64.0151,-31.4289]]]},"properties":{"id":"cordoba:canteras:mineria_canteras.125","provincia":"cordoba","provincia_nombre":"Córdoba","tipo":"cantera","estado":"desconocido","geom_kind":"poligono","fuente_id":"cordoba.idecor.canteras","source_url":"https://idecor-ws.mapascordoba.gob.ar/geoserver/wfs?service=WFS&version=2.0.0&request=GetFeature&typeNames=idecor%3Amineria_canteras&outputFormat=application%2Fjson&count=2000&startIndex=0&srsName=EPSG%3A4326","source_layer":"idecor:mineria_canteras","source_fid":"mineria_canteras.125","source_srid":22173,"fetched_at":"2026-07-28T13:38:04+00:00","licencia":"no_especificada","superficie_ha_calc":14.0306}},{"type":"Feature","geometry":{"type":"Polygon","coordinates":[[[-64.1927,-32.1678],[-64.1881,-32.1678],[-64.188,-32.1589],[-64.1927,-32.1588],[-64.1927,-32.1678]]]},"properties":{"id":"cordoba:canteras:mineria_canteras.126","provincia":"cordoba","provincia_nombre":"Córdoba","tipo":"cantera","estado":"desconocido","geom_kind":"poligono","fuente_id":"cordoba.idecor.canteras","source_url":"https://idecor-ws.mapascordoba.gob.ar/geoserver/wfs?service=WFS&version=2.0.0&request=GetFeature&typeNames=idecor%3Amineria_canteras&outputFormat=application%2Fjson&count=2000&startIndex=0&srsName=EPSG%3A4326","source_layer":"idecor:mineria_canteras","source_fid":"mineria_canteras.126","source_srid":22173,"fetched_at":"2026-07-28T13:38:04+00:00","licencia":"no_especificada","superficie_ha_calc":43.5333}},{"type":"Feature","geometry":{"type":"Polygon","coordinates":[[[-64.3272,-31.3067],[-64.328,-31.3067],[-64.3283,-31.3097],[-64.3255,-31.3103],[-64.325,-31.3047],[-64.3272,-31.3047],[-64.3272,-31.3067]]]},"properties":{"id":"cordoba:canteras:mineria_canteras.127","provincia":"cordoba","provincia_nombre":"Córdoba","tipo":"cantera","estado":"desconocido","geom_kind":"poligono","fuente_id":"cordoba.idecor.canteras","source_url":"https://idecor-ws.mapascordoba.gob.ar/geoserver/wfs?service=WFS&version=2.0.0&request=GetFeature&typeNames=idecor%3Amineria_canteras&outputFormat=application%2Fjson&count=2000&startIndex=0&srsName=EPSG%3A4326","source_layer":"idecor:mineria_canteras","source_fid":"mineria_canteras.127","source_srid":22173,"fetched_at":"2026-07-28T13:38:04+00:00","licencia":"no_especificada","superficie_ha_calc":14.3441}},{"type":"Feature","geometry":{"type":"Polygon","coordinates":[[[-64.3302,-31.3048],[-64.3327,-31.3018],[-64.3339,-31.2987],[-64.3378,-31.2953],[-64.3391,-31.2974],[-64.3382,-31.2974],[-64.3355,-31.2985],[-64.3295,-31.3074],[-64.3288,-31.3072],[-64.3302,-31.3048]]]},"properties":{"id":"cordoba:canteras:mineria_canteras.128","provincia":"cordoba","provincia_nombre":"Córdoba","tipo":"cantera","estado":"desconocido","geom_kind":"poligono","fuente_id":"cordoba.idecor.canteras","source_url":"https://idecor-ws.mapascordoba.gob.ar/geoserver/wfs?service=WFS&version=2.0.0&request=GetFeature&typeNames=idecor%3Amineria_canteras&outputFormat=application%2Fjson&count=2000&startIndex=0&srsName=EPSG%3A4326","source_layer":"idecor:mineria_canteras","source_fid":"mineria_canteras.128","source_srid":22173,"fetched_at":"2026-07-28T13:38:04+00:00","licencia":"no_especificada","superficie_ha_calc":15.2327}},{"type":"Feature","geometry":{"type":"Polygon","coordinates":[[[-64.5303,-32.1203],[-64.5298,-32.1214],[-64.5294,-32.1222],[-64.5292,-32.1236],[-64.5283,-32.1242],[-64.5275,-32.1247],[-64.5225,-32.1245],[-64.5228,-32.1239],[-64.5225,-32.1236],[-64.5227,-32.1225],[-64.523,-32.1206],[-64.5241,-32.1193],[-64.5306,-32.1192],[-64.5303,-32.1203]]]},"properties":{"id":"cordoba:canteras:mineria_canteras.129","provincia":"cordoba","provincia_nombre":"Córdoba","tipo":"cantera","estado":"desconocido","geom_kind":"poligono","fuente_id":"cordoba.idecor.canteras","source_url":"https://idecor-ws.mapascordoba.gob.ar/geoserver/wfs?service=WFS&version=2.0.0&request=GetFeature&typeNames=idecor%3Amineria_canteras&outputFormat=application%2Fjson&count=2000&startIndex=0&srsName=EPSG%3A4326","source_layer":"idecor:mineria_canteras","source_fid":"mineria_canteras.129","source_srid":22173,"fetched_at":"2026-07-28T13:38:04+00:00","licencia":"no_especificada","superficie_ha_calc":37.0856}},{"type":"Feature","geometry":{"type":"Polygon","coordinates":[[[-64.4069,-31.3483],[-64.4053,-31.3478],[-64.4061,-31.3464],[-64.4078,-31.3469],[-64.4069,-31.3483]]]},"properties":{"id":"cordoba:canteras:mineria_canteras.130","provincia":"cordoba","provincia_nombre":"Córdoba","tipo":"cantera","estado":"desconocido","geom_kind":"poligono","fuente_id":"cordoba.idecor.canteras","source_url":"https://idecor-ws.mapascordoba.gob.ar/geoserver/wfs?service=WFS&version=2.0.0&request=GetFeature&typeNames=idecor%3Amineria_canteras&outputFormat=application%2Fjson&count=2000&startIndex=0&srsName=EPSG%3A4326","source_layer":"idecor:mineria_canteras","source_fid":"mineria_canteras.130","source_srid":22173,"fetched_at":"2026-07-28T13:38:04+00:00","licencia":"no_especificada","superficie_ha_calc":2.8856}},{"type":"Feature","geometry":{"type":"MultiPolygon","coordinates":[[[[-64.5192,-31.1439],[-64.5194,-31.1326],[-64.5061,-31.1324],[-64.506,-31.1438],[-64.5192,-31.1439]]]]},"properties":{"id":"cordoba:area_amparo:mineria_area_amparo.1","provincia":"cordoba","provincia_nombre":"Córdoba","tipo":"area_proteccion","estado":"desconocido","geom_kind":"poligono","fuente_id":"cordoba.idecor.area_amparo","source_url":"https://idecor-ws.mapascordoba.gob.ar/geoserver/wfs?service=WFS&version=2.0.0&request=GetFeature&typeNames=idecor%3Amineria_area_amparo&outputFormat=application%2Fjson&count=2000&startIndex=0&srsName=EPSG%3A4326","source_layer":"idecor:mineria_area_amparo","source_fid":"mineria_area_amparo.1","source_srid":22173,"fetched_at":"2026-07-28T13:38:04+00:00","licencia":"no_especificada","expediente":"10552","nombre":"CERRO BLANCO","mineral":["cuarzo"],"mineral_origen":"CUARZO","superficie_ha_calc":159.035}},{"type":"Feature","geometry":{"type":"MultiPolygon","coordinates":[[[[-64.8283,-30.9729],[-64.8282,-30.9801],[-64.8353,-30.9802],[-64.8354,-30.9703],[-64.8337,-30.9703],[-64.8336,-30.973],[-64.8283,-30.9729]]]]},"properties":{"id":"cordoba:area_amparo:mineria_area_amparo.4","provincia":"cordoba","provincia_nombre":"Córdoba","tipo":"area_proteccion","estado":"desconocido","geom_kind":"poligono","fuente_id":"cordoba.idecor.area_amparo","source_url":"https://idecor-ws.mapascordoba.gob.ar/geoserver/wfs?service=WFS&version=2.0.0&request=GetFeature&typeNames=idecor%3Amineria_area_amparo&outputFormat=application%2Fjson&count=2000&startIndex=0&srsName=EPSG%3A4326","source_layer":"idecor:mineria_area_amparo","source_fid":"mineria_area_amparo.4","source_srid":22173,"fetched_at":"2026-07-28T13:38:04+00:00","licencia":"no_especificada","expediente":"11294","nombre":"CANDELARIA ESTE","mineral":["Au"],"mineral_origen":"MINERAL DE ORO","superficie_ha_calc":58.9184}},{"type":"Feature","geometry":{"type":"MultiPolygon","coordinates":[[[[-64.8675,-30.9756],[-64.8675,-30.981],[-64.8738,-30.981],[-64.8738,-30.9756],[-64.8675,-30.9756]]]]},"properties":{"id":"cordoba:area_amparo:mineria_area_amparo.5","provincia":"cordoba","provincia_nombre":"Córdoba","tipo":"area_proteccion","estado":"desconocido","geom_kind":"poligono","fuente_id":"cordoba.idecor.area_amparo","source_url":"https://idecor-ws.mapascordoba.gob.ar/geoserver/wfs?service=WFS&version=2.0.0&request=GetFeature&typeNames=idecor%3Amineria_area_amparo&outputFormat=application%2Fjson&count=2000&startIndex=0&srsName=EPSG%3A4326","source_layer":"idecor:mineria_area_amparo","source_fid":"mineria_area_amparo.5","source_srid":22173,"fetched_at":"2026-07-28T13:38:04+00:00","licencia":"no_especificada","expediente":"11289","nombre":"LA HIGUERA VIEJA","mineral":["Au"],"mineral_origen":"MINERAL DE ORO","superficie_ha_calc":36.0301}},{"type":"Feature","geometry":{"type":"MultiPolygon","coordinates":[[[[-64.847,-31.0057],[-64.847,-31.0111],[-64.8533,-31.0111],[-64.8533,-31.0057],[-64.847,-31.0057]]]]},"properties":{"id":"cordoba:area_amparo:mineria_area_amparo.6","provincia":"cordoba","provincia_nombre":"Córdoba","tipo":"area_proteccion","estado":"desconocido","geom_kind":"poligono","fuente_id":"cordoba.idecor.area_amparo","source_url":"https://idecor-ws.mapascordoba.gob.ar/geoserver/wfs?service=WFS&version=2.0.0&request=GetFeature&typeNames=idecor%3Amineria_area_amparo&outputFormat=application%2Fjson&count=2000&startIndex=0&srsName=EPSG%3A4326","source_layer":"idecor:mineria_area_amparo","source_fid":"mineria_area_amparo.6","source_srid":22173,"fetched_at":"2026-07-28T13:38:04+00:00","licencia":"no_especificada","expediente":"11288","nombre":"DON GERO","mineral":["Au"],"mineral_origen":"MINERAL DE ORO","superficie_ha_calc":36.019}},{"type":"Feature","geometry":{"type":"MultiPolygon","coordinates":[[[[-64.957,-31.3026],[-64.9569,-31.3107],[-64.9664,-31.3108],[-64.9664,-31.3027],[-64.957,-31.3026]]]]},"properties":{"id":"cordoba:area_amparo:mineria_area_amparo.7","provincia":"cordoba","provincia_nombre":"Córdoba","tipo":"area_proteccion","estado":"desconocido","geom_kind":"poligono","fuente_id":"cordoba.idecor.area_amparo","source_url":"https://idecor-ws.mapascordoba.gob.ar/geoserver/wfs?service=WFS&version=2.0.0&request=GetFeature&typeNames=idecor%3Amineria_area_amparo&outputFormat=application%2Fjson&count=2000&startIndex=0&srsName=EPSG%3A4326","source_layer":"idecor:mineria_area_amparo","source_fid":"mineria_area_amparo.7","source_srid":22173,"fetched_at":"2026-07-28T13:38:04+00:00","licencia":"no_especificada","expediente":"11286","nombre":"JURGEN II","mineral":["Au"],"mineral_origen":"MINERAL DE ORO","superficie_ha_calc":80.7983}},{"type":"Feature","geometry":{"type":"MultiPolygon","coordinates":[[[[-64.8076,-31.0078],[-64.8075,-31.0132],[-64.8138,-31.0133],[-64.8138,-31.0079],[-64.8076,-31.0078]]]]},"properties":{"id":"cordoba:area_amparo:mineria_area_amparo.8","provincia":"cordoba","provincia_nombre":"Córdoba","tipo":"area_proteccion","estado":"desconocido","geom_kind":"poligono","fuente_id":"cordoba.idecor.area_amparo","source_url":"https://idecor-ws.mapascordoba.gob.ar/geoserver/wfs?service=WFS&version=2.0.0&request=GetFeature&typeNames=idecor%3Amineria_area_amparo&outputFormat=application%2Fjson&count=2000&startIndex=0&srsName=EPSG%3A4326","source_layer":"idecor:mineria_area_amparo","source_fid":"mineria_area_amparo.8","source_srid":22173,"fetched_at":"2026-07-28T13:38:04+00:00","licencia":"no_especificada","expediente":"11285","nombre":"LA PORTEÑA","mineral":["Au"],"mineral_origen":"MINERAL DE ORO","superficie_ha_calc":35.7376}},{"type":"Feature","geometry":{"type":"MultiPolygon","coordinates":[[[[-64.8325,-31.0082],[-64.8262,-31.0081],[-64.8261,-31.0135],[-64.8324,-31.0136],[-64.8325,-31.0082]]]]},"properties":{"id":"cordoba:area_amparo:mineria_area_amparo.10","provincia":"cordoba","provincia_nombre":"Córdoba","tipo":"area_proteccion","estado":"desconocido","geom_kind":"poligono","fuente_id":"cordoba.idecor.area_amparo","source_url":"https://idecor-ws.mapascordoba.gob.ar/geoserver/wfs?service=WFS&version=2.0.0&request=GetFeature&typeNames=idecor%3Amineria_area_amparo&outputFormat=application%2Fjson&count=2000&startIndex=0&srsName=EPSG%3A4326","source_layer":"idecor:mineria_area_amparo","source_fid":"mineria_area_amparo.10","source_srid":22173,"fetched_at":"2026-07-28T13:38:04+00:00","licencia":"no_especificada","expediente":"11276","nombre":"CARMELA","mineral":["Au"],"mineral_origen":"MINERAL DE ORO","superficie_ha_calc":36.0287}},{"type":"Feature","geometry":{"type":"MultiPolygon","coordinates":[[[[-64.8117,-31.0176],[-64.8116,-31.0248],[-64.8199,-31.0249],[-64.82,-31.0176],[-64.8117,-31.0176]]]]},"properties":{"id":"cordoba:area_amparo:mineria_area_amparo.11","provincia":"cordoba","provincia_nombre":"Córdoba","tipo":"area_proteccion","estado":"desconocido","geom_kind":"poligono","fuente_id":"cordoba.idecor.area_amparo","source_url":"https://idecor-ws.mapascordoba.gob.ar/geoserver/wfs?service=WFS&version=2.0.0&request=GetFeature&typeNames=idecor%3Amineria_area_amparo&outputFormat=application%2Fjson&count=2000&startIndex=0&srsName=EPSG%3A4326","source_layer":"idecor:mineria_area_amparo","source_fid":"mineria_area_amparo.11","source_srid":22173,"fetched_at":"2026-07-28T13:38:04+00:00","licencia":"no_especificada","expediente":"11274","nombre":"EL PORVENIR","mineral":["Au"],"mineral_origen":"MINERAL DE ORO","superficie_ha_calc":63.7077}},{"type":"Feature","geometry":{"type":"MultiPolygon","coordinates":[[[[-64.8201,-31.0088],[-64.8138,-31.0087],[-64.8138,-31.0141],[-64.8155,-31.0151],[-64.82,-31.0151],[-64.8201,-31.0088]]]]},"properties":{"id":"cordoba:area_amparo:mineria_area_amparo.12","provincia":"cordoba","provincia_nombre":"Córdoba","tipo":"area_proteccion","estado":"desconocido","geom_kind":"poligono","fuente_id":"cordoba.idecor.area_amparo","source_url":"https://idecor-ws.mapascordoba.gob.ar/geoserver/wfs?service=WFS&version=2.0.0&request=GetFeature&typeNames=idecor%3Amineria_area_amparo&outputFormat=application%2Fjson&count=2000&startIndex=0&srsName=EPSG%3A4326","source_layer":"idecor:mineria_area_amparo","source_fid":"mineria_area_amparo.12","source_srid":22173,"fetched_at":"2026-07-28T13:38:04+00:00","licencia":"no_especificada","expediente":"11273","nombre":"LAS INGLESAS II","mineral":["Au"],"mineral_origen":"MINERAL DE ORO","superficie_ha_calc":41.1207}},{"type":"Feature","geometry":{"type":"MultiPolygon","coordinates":[[[[-64.7553,-31.3836],[-64.7552,-31.3944],[-64.7594,-31.3945],[-64.7595,-31.3836],[-64.7553,-31.3836]]]]},"properties":{"id":"cordoba:area_amparo:mineria_area_amparo.13","provincia":"cordoba","provincia_nombre":"Córdoba","tipo":"area_proteccion","estado":"desconocido","geom_kind":"poligono","fuente_id":"cordoba.idecor.area_amparo","source_url":"https://idecor-ws.mapascordoba.gob.ar/geoserver/wfs?service=WFS&version=2.0.0&request=GetFeature&typeNames=idecor%3Amineria_area_amparo&outputFormat=application%2Fjson&count=2000&startIndex=0&srsName=EPSG%3A4326","source_layer":"idecor:mineria_area_amparo","source_fid":"mineria_area_amparo.13","source_srid":22173,"fetched_at":"2026-07-28T13:38:04+00:00","licencia":"no_especificada","expediente":"11267","nombre":"VALENTINO ZULE","mineral":["cuarzo"],"mineral_origen":"CUARZO","superficie_ha_calc":48.063}},{"type":"Feature","geometry":{"type":"MultiPolygon","coordinates":[[[[-64.8206,-31.0376],[-64.8205,-31.0449],[-64.8289,-31.0449],[-64.8289,-31.0377],[-64.8206,-31.0376]]]]},"properties":{"id":"cordoba:area_amparo:mineria_area_amparo.14","provincia":"cordoba","provincia_nombre":"Córdoba","tipo":"area_proteccion","estado":"desconocido","geom_kind":"poligono","fuente_id":"cordoba.idecor.area_amparo","source_url":"https://idecor-ws.mapascordoba.gob.ar/geoserver/wfs?service=WFS&version=2.0.0&request=GetFeature&typeNames=idecor%3Amineria_area_amparo&outputFormat=application%2Fjson&count=2000&startIndex=0&srsName=EPSG%3A4326","source_layer":"idecor:mineria_area_amparo","source_fid":"mineria_area_amparo.14","source_srid":22173,"fetched_at":"2026-07-28T13:38:04+00:00","licencia":"no_especificada","expediente":"11250","nombre":"LA BARRANCA","mineral":["Au"],"mineral_origen":"MINERAL DE ORO","superficie_ha_calc":64.0756}},{"type":"Feature","geometry":{"type":"MultiPolygon","coordinates":[[[[-64.8205,-31.0449],[-64.8204,-31.0521],[-64.8288,-31.0522],[-64.8289,-31.0449],[-64.8205,-31.0449]]]]},"properties":{"id":"cordoba:area_amparo:mineria_area_amparo.15","provincia":"cordoba","provincia_nombre":"Córdoba","tipo":"area_proteccion","estado":"desconocido","geom_kind":"poligono","fuente_id":"cordoba.idecor.area_amparo","source_url":"https://idecor-ws.mapascordoba.gob.ar/geoserver/wfs?service=WFS&version=2.0.0&request=GetFeature&typeNames=idecor%3Amineria_area_amparo&outputFormat=application%2Fjson&count=2000&startIndex=0&srsName=EPSG%3A4326","source_layer":"idecor:mineria_area_amparo","source_fid":"mineria_area_amparo.15","source_srid":22173,"fetched_at":"2026-07-28T13:38:04+00:00","licencia":"no_especificada","expediente":"11249","nombre":"LA CASCADA","mineral":["Au"],"mineral_origen":"MINERAL DE ORO","superficie_ha_calc":64.4571}},{"type":"Feature","geometry":{"type":"MultiPolygon","coordinates":[[[[-64.7005,-30.9959],[-64.7005,-31.0013],[-64.7067,-31.0014],[-64.7068,-30.996],[-64.7005,-30.9959]]]]},"properties":{"id":"cordoba:area_amparo:mineria_area_amparo.17","provincia":"cordoba","provincia_nombre":"Córdoba","tipo":"area_proteccion","estado":"desconocido","geom_kind":"poligono","fuente_id":"cordoba.idecor.area_amparo","source_url":"https://idecor-ws.mapascordoba.gob.ar/geoserver/wfs?service=WFS&version=2.0.0&request=GetFeature&typeNames=idecor%3Amineria_area_amparo&outputFormat=application%2Fjson&count=2000&startIndex=0&srsName=EPSG%3A4326","source_layer":"idecor:mineria_area_amparo","source_fid":"mineria_area_amparo.17","source_srid":22173,"fetched_at":"2026-07-28T13:38:04+00:00","licencia":"no_especificada","expediente":"11227","nombre":"LOURDES","mineral":["cuarzo"],"mineral_origen":"CUARZO","superficie_ha_calc":35.742}},{"type":"Feature","geometry":{"type":"MultiPolygon","coordinates":[[[[-64.9193,-31.6705],[-64.9193,-31.676],[-64.9256,-31.676],[-64.9257,-31.6706],[-64.9193,-31.6705]]]]},"properties":{"id":"cordoba:area_amparo:mineria_area_amparo.18","provincia":"cordoba","provincia_nombre":"Córdoba","tipo":"area_proteccion","estado":"desconocido","geom_kind":"poligono","fuente_id":"cordoba.idecor.area_amparo","source_url":"https://idecor-ws.mapascordoba.gob.ar/geoserver/wfs?service=WFS&version=2.0.0&request=GetFeature&typeNames=idecor%3Amineria_area_amparo&outputFormat=application%2Fjson&count=2000&startIndex=0&srsName=EPSG%3A4326","source_layer":"idecor:mineria_area_amparo","source_fid":"mineria_area_amparo.18","source_srid":22173,"fetched_at":"2026-07-28T13:38:04+00:00","licencia":"no_especificada","expediente":"11221","nombre":"ALTAS CUMBRES","mineral":["Albita","cuarzo","mica"],"mineral_origen":"ALBITA-CUARZO-MICA","superficie_ha_calc":36.3906}},{"type":"Feature","geometry":{"type":"MultiPolygon","coordinates":[[[[-64.9719,-31.3151],[-64.9719,-31.3233],[-64.9813,-31.3233],[-64.9814,-31.3152],[-64.9719,-31.3151]]]]},"properties":{"id":"cordoba:area_amparo:mineria_area_amparo.19","provincia":"cordoba","provincia_nombre":"Córdoba","tipo":"area_proteccion","estado":"desconocido","geom_kind":"poligono","fuente_id":"cordoba.idecor.area_amparo","source_url":"https://idecor-ws.mapascordoba.gob.ar/geoserver/wfs?service=WFS&version=2.0.0&request=GetFeature&typeNames=idecor%3Amineria_area_amparo&outputFormat=application%2Fjson&count=2000&startIndex=0&srsName=EPSG%3A4326","source_layer":"idecor:mineria_area_amparo","source_fid":"mineria_area_amparo.19","source_srid":22173,"fetched_at":"2026-07-28T13:38:04+00:00","licencia":"no_especificada","expediente":"11180","nombre":"DON THOMAS","mineral":["Au"],"mineral_origen":"MINERAL DE ORO","superficie_ha_calc":81.2838}},{"type":"Feature","geometry":{"type":"MultiPolygon","coordinates":[[[[-64.9554,-31.3107],[-64.9553,-31.3189],[-64.9647,-31.3189],[-64.9648,-31.3108],[-64.9554,-31.3107]]]]},"properties":{"id":"cordoba:area_amparo:mineria_area_amparo.20","provincia":"cordoba","provincia_nombre":"Córdoba","tipo":"area_proteccion","estado":"desconocido","geom_kind":"poligono","fuente_id":"cordoba.idecor.area_amparo","source_url":"https://idecor-ws.mapascordoba.gob.ar/geoserver/wfs?service=WFS&version=2.0.0&request=GetFeature&typeNames=idecor%3Amineria_area_amparo&outputFormat=application%2Fjson&count=2000&startIndex=0&srsName=EPSG%3A4326","source_layer":"idecor:mineria_area_amparo","source_fid":"mineria_area_amparo.20","source_srid":22173,"fetched_at":"2026-07-28T13:38:04+00:00","licencia":"no_especificada","expediente":"11178","nombre":"DON ANDREAS","mineral":["Au"],"mineral_origen":"MINERAL DE ORO","superficie_ha_calc":80.8601}},{"type":"Feature","geometry":{"type":"MultiPolygon","coordinates":[[[[-64.7443,-29.8269],[-64.7468,-29.8311],[-64.749,-29.83],[-64.7497,-29.7899],[-64.727,-29.8114],[-64.7355,-29.828],[-64.737,-29.8304],[-64.7443,-29.8269]]]]},"properties":{"id":"cordoba:area_amparo:mineria_area_amparo.21","provincia":"cordoba","provincia_nombre":"Córdoba","tipo":"area_proteccion","estado":"desconocido","geom_kind":"poligono","fuente_id":"cordoba.idecor.area_amparo","source_url":"https://idecor-ws.mapascordoba.gob.ar/geoserver/wfs?service=WFS&version=2.0.0&request=GetFeature&typeNames=idecor%3Amineria_area_amparo&outputFormat=application%2Fjson&count=2000&startIndex=0&srsName=EPSG%3A4326","source_layer":"idecor:mineria_area_amparo","source_fid":"mineria_area_amparo.21","source_srid":22173,"fetched_at":"2026-07-28T13:38:04+00:00","licencia":"no_especificada","expediente":"11248","nombre":"MANUEL","mineral":["sal"],"mineral_origen":"SAL","superficie_ha_calc":591.8106}},{"type":"Feature","geometry":{"type":"MultiPolygon","coordinates":[[[[-64.8736,-31.0699],[-64.8735,-31.0753],[-64.8798,-31.0753],[-64.8799,-31.0699],[-64.8736,-31.0699]]]]},"properties":{"id":"cordoba:area_amparo:mineria_area_amparo.22","provincia":"cordoba","provincia_nombre":"Córdoba","tipo":"area_proteccion","estado":"desconocido","geom_kind":"poligono","fuente_id":"cordoba.idecor.area_amparo","source_url":"https://idecor-ws.mapascordoba.gob.ar/geoserver/wfs?service=WFS&version=2.0.0&request=GetFeature&typeNames=idecor%3Amineria_area_amparo&outputFormat=application%2Fjson&count=2000&startIndex=0&srsName=EPSG%3A4326","source_layer":"idecor:mineria_area_amparo","source_fid":"mineria_area_amparo.22","source_srid":22173,"fetched_at":"2026-07-28T13:38:04+00:00","licencia":"no_especificada","expediente":"11172","nombre":"EL TIGRE II","mineral":["Au"],"mineral_origen":"MINERAL DE ORO","superficie_ha_calc":35.9952}},{"type":"Feature","geometry":{"type":"MultiPolygon","coordinates":[[[[-64.9861,-31.6776],[-64.986,-31.683],[-64.9923,-31.683],[-64.9924,-31.6776],[-64.9861,-31.6776]]]]},"properties":{"id":"cordoba:area_amparo:mineria_area_amparo.23","provincia":"cordoba","provincia_nombre":"Córdoba","tipo":"area_proteccion","estado":"desconocido","geom_kind":"poligono","fuente_id":"cordoba.idecor.area_amparo","source_url":"https://idecor-ws.mapascordoba.gob.ar/geoserver/wfs?service=WFS&version=2.0.0&request=GetFeature&typeNames=idecor%3Amineria_area_amparo&outputFormat=application%2Fjson&count=2000&startIndex=0&srsName=EPSG%3A4326","source_layer":"idecor:mineria_area_amparo","source_fid":"mineria_area_amparo.23","source_srid":22173,"fetched_at":"2026-07-28T13:38:04+00:00","licencia":"no_especificada","expediente":"11210","nombre":"SAN JORGE","mineral":["cuarzo"],"mineral_origen":"CUARZO","superficie_ha_calc":35.7676}},{"type":"Feature","geometry":{"type":"MultiPolygon","coordinates":[[[[-64.9542,-31.6441],[-64.9479,-31.6441],[-64.9478,-31.6495],[-64.9542,-31.6495],[-64.9542,-31.6441]]]]},"properties":{"id":"cordoba:area_amparo:mineria_area_amparo.25","provincia":"cordoba","provincia_nombre":"Córdoba","tipo":"area_proteccion","estado":"desconocido","geom_kind":"poligono","fuente_id":"cordoba.idecor.area_amparo","source_url":"https://idecor-ws.mapascordoba.gob.ar/geoserver/wfs?service=WFS&version=2.0.0&request=GetFeature&typeNames=idecor%3Amineria_area_amparo&outputFormat=application%2Fjson&count=2000&startIndex=0&srsName=EPSG%3A4326","source_layer":"idecor:mineria_area_amparo","source_fid":"mineria_area_amparo.25","source_srid":22173,"fetched_at":"2026-07-28T13:38:04+00:00","licencia":"no_especificada","expediente":"11168","nombre":"VIEJO HUMBERTO","mineral":["Amatista"],"mineral_origen":"AMATISTA","superficie_ha_calc":36.0643}},{"type":"Feature","geometry":{"type":"MultiPolygon","coordinates":[[[[-64.8556,-30.9936],[-64.8536,-30.9926],[-64.852,-30.9951],[-64.854,-30.996],[-64.8556,-30.9936]]]]},"properties":{"id":"cordoba:area_amparo:mineria_area_amparo.26","provincia":"cordoba","provincia_nombre":"Córdoba","tipo":"area_proteccion","estado":"desconocido","geom_kind":"poligono","fuente_id":"cordoba.idecor.area_amparo","source_url":"https://idecor-ws.mapascordoba.gob.ar/geoserver/wfs?service=WFS&version=2.0.0&request=GetFeature&typeNames=idecor%3Amineria_area_amparo&outputFormat=application%2Fjson&count=2000&startIndex=0&srsName=EPSG%3A4326","source_layer":"idecor:mineria_area_amparo","source_fid":"mineria_area_amparo.26","source_srid":22173,"fetched_at":"2026-07-28T13:38:04+00:00","licencia":"no_especificada","expediente":"592","nombre":"ÑATA O CABEZA DE NOVILLO","mineral":["Au"],"mineral_origen":"MINERAL DE ORO","superficie_ha_calc":6.7982}},{"type":"Feature","geometry":{"type":"MultiPolygon","coordinates":[[[[-64.3644,-31.0267],[-64.3659,-31.0291],[-64.3677,-31.0282],[-64.3662,-31.0258],[-64.3644,-31.0267]]]]},"properties":{"id":"cordoba:area_amparo:mineria_area_amparo.27","provincia":"cordoba","provincia_nombre":"Córdoba","tipo":"area_proteccion","estado":"desconocido","geom_kind":"poligono","fuente_id":"cordoba.idecor.area_amparo","source_url":"https://idecor-ws.mapascordoba.gob.ar/geoserver/wfs?service=WFS&version=2.0.0&request=GetFeature&typeNames=idecor%3Amineria_area_amparo&outputFormat=application%2Fjson&count=2000&startIndex=0&srsName=EPSG%3A4326","source_layer":"idecor:mineria_area_amparo","source_fid":"mineria_area_amparo.27","source_srid":22173,"fetched_at":"2026-07-28T13:38:04+00:00","licencia":"no_especificada","expediente":"10263","nombre":"LA SUSANITA","mineral":["Dioptasa"],"mineral_origen":"DIOPTASA","superficie_ha_calc":6.002}},{"type":"Feature","geometry":{"type":"MultiPolygon","coordinates":[[[[-64.6567,-31.0176],[-64.6567,-31.023],[-64.6629,-31.0231],[-64.663,-31.0177],[-64.6567,-31.0176]]]]},"properties":{"id":"cordoba:area_amparo:mineria_area_amparo.29","provincia":"cordoba","provincia_nombre":"Córdoba","tipo":"area_proteccion","estado":"desconocido","geom_kind":"poligono","fuente_id":"cordoba.idecor.area_amparo","source_url":"https://idecor-ws.mapascordoba.gob.ar/geoserver/wfs?service=WFS&version=2.0.0&request=GetFeature&typeNames=idecor%3Amineria_area_amparo&outputFormat=application%2Fjson&count=2000&startIndex=0&srsName=EPSG%3A4326","source_layer":"idecor:mineria_area_amparo","source_fid":"mineria_area_amparo.29","source_srid":22173,"fetched_at":"2026-07-28T13:38:04+00:00","licencia":"no_especificada","expediente":"10766","nombre":"EL PUENTE","mineral":["cuarzo"],"mineral_origen":"CUARZO","superficie_ha_calc":35.734}},{"type":"Feature","geometry":{"type":"MultiPolygon","coordinates":[[[[-64.8135,-31.0064],[-64.8153,-30.9984],[-64.8131,-30.9981],[-64.8115,-31.0061],[-64.8135,-31.0064]]]]},"properties":{"id":"cordoba:area_amparo:mineria_area_amparo.30","provincia":"cordoba","provincia_nombre":"Córdoba","tipo":"area_proteccion","estado":"desconocido","geom_kind":"poligono","fuente_id":"cordoba.idecor.area_amparo","source_url":"https://idecor-ws.mapascordoba.gob.ar/geoserver/wfs?service=WFS&version=2.0.0&request=GetFeature&typeNames=idecor%3Amineria_area_amparo&outputFormat=application%2Fjson&count=2000&startIndex=0&srsName=EPSG%3A4326","source_layer":"idecor:mineria_area_amparo","source_fid":"mineria_area_amparo.30","source_srid":22173,"fetched_at":"2026-07-28T13:38:04+00:00","licencia":"no_especificada","expediente":"821","nombre":"EL ZAPALLAR O Nº 10","mineral":["Au"],"mineral_origen":"MINERAL DE ORO","superficie_ha_calc":18.3283}},{"type":"Feature","geometry":{"type":"MultiPolygon","coordinates":[[[[-64.5798,-31.1901],[-64.5797,-31.1964],[-64.5883,-31.1965],[-64.5884,-31.1902],[-64.5798,-31.1901]]]]},"properties":{"id":"cordoba:area_amparo:mineria_area_amparo.32","provincia":"cordoba","provincia_nombre":"Córdoba","tipo":"area_proteccion","estado":"desconocido","geom_kind":"poligono","fuente_id":"cordoba.idecor.area_amparo","source_url":"https://idecor-ws.mapascordoba.gob.ar/geoserver/wfs?service=WFS&version=2.0.0&request=GetFeature&typeNames=idecor%3Amineria_area_amparo&outputFormat=application%2Fjson&count=2000&startIndex=0&srsName=EPSG%3A4326","source_layer":"idecor:mineria_area_amparo","source_fid":"mineria_area_amparo.32","source_srid":22173,"fetched_at":"2026-07-28T13:38:04+00:00","licencia":"no_especificada","expediente":"10688","nombre":"LA GUINDOLA","mineral":["cuarzo"],"mineral_origen":"CUARZO","superficie_ha_calc":57.2648}},{"type":"Feature","geometry":{"type":"MultiPolygon","coordinates":[[[[-64.6777,-31.2072],[-64.6777,-31.2018],[-64.6714,-31.2018],[-64.6714,-31.2072],[-64.6777,-31.2072]]]]},"properties":{"id":"cordoba:area_amparo:mineria_area_amparo.33","provincia":"cordoba","provincia_nombre":"Córdoba","tipo":"area_proteccion","estado":"desconocido","geom_kind":"poligono","fuente_id":"cordoba.idecor.area_amparo","source_url":"https://idecor-ws.mapascordoba.gob.ar/geoserver/wfs?service=WFS&version=2.0.0&request=GetFeature&typeNames=idecor%3Amineria_area_amparo&outputFormat=application%2Fjson&count=2000&startIndex=0&srsName=EPSG%3A4326","source_layer":"idecor:mineria_area_amparo","source_fid":"mineria_area_amparo.33","source_srid":22173,"fetched_at":"2026-07-28T13:38:04+00:00","licencia":"no_especificada","expediente":"11009","nombre":"LA ENSENADA","mineral":["cuarzo"],"mineral_origen":"CUARZO","superficie_ha_calc":35.9461}},{"type":"Feature","geometry":{"type":"MultiPolygon","coordinates":[[[[-64.661,-31.1253],[-64.6609,-31.1307],[-64.6672,-31.1307],[-64.6673,-31.1253],[-64.661,-31.1253]]]]},"properties":{"id":"cordoba:area_amparo:mineria_area_amparo.34","provincia":"cordoba","provincia_nombre":"Córdoba","tipo":"area_proteccion","estado":"desconocido","geom_kind":"poligono","fuente_id":"cordoba.idecor.area_amparo","source_url":"https://idecor-ws.mapascordoba.gob.ar/geoserver/wfs?service=WFS&version=2.0.0&request=GetFeature&typeNames=idecor%3Amineria_area_amparo&outputFormat=application%2Fjson&count=2000&startIndex=0&srsName=EPSG%3A4326","source_layer":"idecor:mineria_area_amparo","source_fid":"mineria_area_amparo.34","source_srid":22173,"fetched_at":"2026-07-28T13:38:04+00:00","licencia":"no_especificada","expediente":"11042","nombre":"LA Nº 10","mineral":["Mineral De Wolfram"],"mineral_origen":"MINERAL DE WOLFRAM","superficie_ha_calc":35.9746}},{"type":"Feature","geometry":{"type":"MultiPolygon","coordinates":[[[[-64.6913,-31.1448],[-64.6912,-31.1502],[-64.6975,-31.1502],[-64.6976,-31.1448],[-64.6913,-31.1448]]]]},"properties":{"id":"cordoba:area_amparo:mineria_area_amparo.35","provincia":"cordoba","provincia_nombre":"Córdoba","tipo":"area_proteccion","estado":"desconocido","geom_kind":"poligono","fuente_id":"cordoba.idecor.area_amparo","source_url":"https://idecor-ws.mapascordoba.gob.ar/geoserver/wfs?service=WFS&version=2.0.0&request=GetFeature&typeNames=idecor%3Amineria_area_amparo&outputFormat=application%2Fjson&count=2000&startIndex=0&srsName=EPSG%3A4326","source_layer":"idecor:mineria_area_amparo","source_fid":"mineria_area_amparo.35","source_srid":22173,"fetched_at":"2026-07-28T13:38:04+00:00","licencia":"no_especificada","expediente":"10914","nombre":"MAQUESIS","mineral":["Cu"],"mineral_origen":"MINERAL DE COBRE","superficie_ha_calc":35.9674}},{"type":"Feature","geometry":{"type":"MultiPolygon","coordinates":[[[[-64.909,-31.062],[-64.9031,-31.0611],[-64.9027,-31.0628],[-64.9086,-31.0637],[-64.909,-31.062]]]]},"properties":{"id":"cordoba:area_amparo:mineria_area_amparo.36","provincia":"cordoba","provincia_nombre":"Córdoba","tipo":"area_proteccion","estado":"desconocido","geom_kind":"poligono","fuente_id":"cordoba.idecor.area_amparo","source_url":"https://idecor-ws.mapascordoba.gob.ar/geoserver/wfs?service=WFS&version=2.0.0&request=GetFeature&typeNames=idecor%3Amineria_area_amparo&outputFormat=application%2Fjson&count=2000&startIndex=0&srsName=EPSG%3A4326","source_layer":"idecor:mineria_area_amparo","source_fid":"mineria_area_amparo.36","source_srid":22173,"fetched_at":"2026-07-28T13:38:04+00:00","licencia":"no_especificada","expediente":"367","nombre":"EL TIGRE","mineral":["Au"],"mineral_origen":"MINERAL DE ORO","superficie_ha_calc":10.9944}},{"type":"Feature","geometry":{"type":"MultiPolygon","coordinates":[[[[-64.6333,-31.23],[-64.6396,-31.23],[-64.6396,-31.2246],[-64.6334,-31.2245],[-64.6333,-31.23]]]]},"properties":{"id":"cordoba:area_amparo:mineria_area_amparo.38","provincia":"cordoba","provincia_nombre":"Córdoba","tipo":"area_proteccion","estado":"desconocido","geom_kind":"poligono","fuente_id":"cordoba.idecor.area_amparo","source_url":"https://idecor-ws.mapascordoba.gob.ar/geoserver/wfs?service=WFS&version=2.0.0&request=GetFeature&typeNames=idecor%3Amineria_area_amparo&outputFormat=application%2Fjson&count=2000&startIndex=0&srsName=EPSG%3A4326","source_layer":"idecor:mineria_area_amparo","source_fid":"mineria_area_amparo.38","source_srid":22173,"fetched_at":"2026-07-28T13:38:04+00:00","licencia":"no_especificada","expediente":"10953","nombre":"LA PONDEROSA","mineral":["feldespato"],"mineral_origen":"FELDESPATO","superficie_ha_calc":35.9852}},{"type":"Feature","geometry":{"type":"MultiPolygon","coordinates":[[[[-64.5726,-31.3226],[-64.5725,-31.3307],[-64.5819,-31.3308],[-64.582,-31.3227],[-64.5726,-31.3226]]]]},"properties":{"id":"cordoba:area_amparo:mineria_area_amparo.39","provincia":"cordoba","provincia_nombre":"Córdoba","tipo":"area_proteccion","estado":"desconocido","geom_kind":"poligono","fuente_id":"cordoba.idecor.area_amparo","source_url":"https://idecor-ws.mapascordoba.gob.ar/geoserver/wfs?service=WFS&version=2.0.0&request=GetFeature&typeNames=idecor%3Amineria_area_amparo&outputFormat=application%2Fjson&count=2000&startIndex=0&srsName=EPSG%3A4326","source_layer":"idecor:mineria_area_amparo","source_fid":"mineria_area_amparo.39","source_srid":22173,"fetched_at":"2026-07-28T13:38:04+00:00","licencia":"no_especificada","expediente":"10812","nombre":"SAN JUDAS TADEO","mineral":["feldespato"],"mineral_origen":"FELDESPATO","superficie_ha_calc":80.3594}},{"type":"Feature","geometry":{"type":"MultiPolygon","coordinates":[[[[-64.5766,-31.3227],[-64.582,-31.3227],[-64.582,-31.3281],[-64.587,-31.3282],[-64.5872,-31.3168],[-64.5767,-31.3167],[-64.5766,-31.3227]]]]},"properties":{"id":"cordoba:area_amparo:mineria_area_amparo.40","provincia":"cordoba","provincia_nombre":"Córdoba","tipo":"area_proteccion","estado":"desconocido","geom_kind":"poligono","fuente_id":"cordoba.idecor.area_amparo","source_url":"https://idecor-ws.mapascordoba.gob.ar/geoserver/wfs?service=WFS&version=2.0.0&request=GetFeature&typeNames=idecor%3Amineria_area_amparo&outputFormat=application%2Fjson&count=2000&startIndex=0&srsName=EPSG%3A4326","source_layer":"idecor:mineria_area_amparo","source_fid":"mineria_area_amparo.40","source_srid":22173,"fetched_at":"2026-07-28T13:38:04+00:00","licencia":"no_especificada","expediente":"10873","nombre":"PECRI II","mineral":["cuarzo","feldespato"],"mineral_origen":"CUARZO-FELDESPATO","superficie_ha_calc":94.9637}},{"type":"Feature","geometry":{"type":"MultiPolygon","coordinates":[[[[-64.4199,-31.326],[-64.4293,-31.3261],[-64.4295,-31.318],[-64.42,-31.3179],[-64.4199,-31.326]]]]},"properties":{"id":"cordoba:area_amparo:mineria_area_amparo.42","provincia":"cordoba","provincia_nombre":"Córdoba","tipo":"area_proteccion","estado":"desconocido","geom_kind":"poligono","fuente_id":"cordoba.idecor.area_amparo","source_url":"https://idecor-ws.mapascordoba.gob.ar/geoserver/wfs?service=WFS&version=2.0.0&request=GetFeature&typeNames=idecor%3Amineria_area_amparo&outputFormat=application%2Fjson&count=2000&startIndex=0&srsName=EPSG%3A4326","source_layer":"idecor:mineria_area_amparo","source_fid":"mineria_area_amparo.42","source_srid":22173,"fetched_at":"2026-07-28T13:38:04+00:00","licencia":"no_especificada","expediente":"10840","nombre":"JUAN MANUEL","mineral":["feldespato","mica"],"mineral_origen":"FELDESPATO-MICA","superficie_ha_calc":80.796}},{"type":"Feature","geometry":{"type":"MultiPolygon","coordinates":[[[[-64.8984,-31.4123],[-64.8982,-31.4231],[-64.914,-31.4232],[-64.9141,-31.4124],[-64.8984,-31.4123]]]]},"properties":{"id":"cordoba:area_amparo:mineria_area_amparo.43","provincia":"cordoba","provincia_nombre":"Córdoba","tipo":"area_proteccion","estado":"desconocido","geom_kind":"poligono","fuente_id":"cordoba.idecor.area_amparo","source_url":"https://idecor-ws.mapascordoba.gob.ar/geoserver/wfs?service=WFS&version=2.0.0&request=GetFeature&typeNames=idecor%3Amineria_area_amparo&outputFormat=application%2Fjson&count=2000&startIndex=0&srsName=EPSG%3A4326","source_layer":"idecor:mineria_area_amparo","source_fid":"mineria_area_amparo.43","source_srid":22173,"fetched_at":"2026-07-28T13:38:04+00:00","licencia":"no_especificada","expediente":"10595","nombre":"LOS RIOJANOS I","mineral":["feldespato"],"mineral_origen":"FELDESPATO","superficie_ha_calc":179.348}},{"type":"Feature","geometry":{"type":"MultiPolygon","coordinates":[[[[-64.8982,-31.4231],[-64.8982,-31.4285],[-64.9076,-31.4286],[-64.9077,-31.4232],[-64.8982,-31.4231]]]]},"properties":{"id":"cordoba:area_amparo:mineria_area_amparo.44","provincia":"cordoba","provincia_nombre":"Córdoba","tipo":"area_proteccion","estado":"desconocido","geom_kind":"poligono","fuente_id":"cordoba.idecor.area_amparo","source_url":"https://idecor-ws.mapascordoba.gob.ar/geoserver/wfs?service=WFS&version=2.0.0&request=GetFeature&typeNames=idecor%3Amineria_area_amparo&outputFormat=application%2Fjson&count=2000&startIndex=0&srsName=EPSG%3A4326","source_layer":"idecor:mineria_area_amparo","source_fid":"mineria_area_amparo.44","source_srid":22173,"fetched_at":"2026-07-28T13:38:04+00:00","licencia":"no_especificada","expediente":"10596","nombre":"LOS RIOJANOS II","mineral":["feldespato"],"mineral_origen":"FELDESPATO","superficie_ha_calc":53.8004}},{"type":"Feature","geometry":{"type":"MultiPolygon","coordinates":[[[[-64.9107,-31.434],[-64.9108,-31.4286],[-64.9045,-31.4285],[-64.9044,-31.434],[-64.9107,-31.434]]]]},"properties":{"id":"cordoba:area_amparo:mineria_area_amparo.45","provincia":"cordoba","provincia_nombre":"Córdoba","tipo":"area_proteccion","estado":"desconocido","geom_kind":"poligono","fuente_id":"cordoba.idecor.area_amparo","source_url":"https://idecor-ws.mapascordoba.gob.ar/geoserver/wfs?service=WFS&version=2.0.0&request=GetFeature&typeNames=idecor%3Amineria_area_amparo&outputFormat=application%2Fjson&count=2000&startIndex=0&srsName=EPSG%3A4326","source_layer":"idecor:mineria_area_amparo","source_fid":"mineria_area_amparo.45","source_srid":22173,"fetched_at":"2026-07-28T13:38:04+00:00","licencia":"no_especificada","expediente":"10597","nombre":"LOS RIOJANOS III","mineral":["feldespato"],"mineral_origen":"FELDESPATO","superficie_ha_calc":36.1987}},{"type":"Feature","geometry":{"type":"MultiPolygon","coordinates":[[[[-64.7422,-31.4323],[-64.7422,-31.4378],[-64.7485,-31.4378],[-64.7486,-31.4324],[-64.7422,-31.4323]]]]},"properties":{"id":"cordoba:area_amparo:mineria_area_amparo.47","provincia":"cordoba","provincia_nombre":"Córdoba","tipo":"area_proteccion","estado":"desconocido","geom_kind":"poligono","fuente_id":"cordoba.idecor.area_amparo","source_url":"https://idecor-ws.mapascordoba.gob.ar/geoserver/wfs?service=WFS&version=2.0.0&request=GetFeature&typeNames=idecor%3Amineria_area_amparo&outputFormat=application%2Fjson&count=2000&startIndex=0&srsName=EPSG%3A4326","source_layer":"idecor:mineria_area_amparo","source_fid":"mineria_area_amparo.47","source_srid":22173,"fetched_at":"2026-07-28T13:38:04+00:00","licencia":"no_especificada","expediente":"10632","nombre":"LA ESPERANZA II","mineral":["Berilo","cuarzo","feldespato"],"mineral_origen":"BERILO-CUARZO-FELDESPATO","superficie_ha_calc":36.4819}},{"type":"Feature","geometry":{"type":"MultiPolygon","coordinates":[[[[-64.4149,-31.3259],[-64.4148,-31.3313],[-64.4211,-31.3314],[-64.4212,-31.326],[-64.4149,-31.3259]]]]},"properties":{"id":"cordoba:area_amparo:mineria_area_amparo.48","provincia":"cordoba","provincia_nombre":"Córdoba","tipo":"area_proteccion","estado":"desconocido","geom_kind":"poligono","fuente_id":"cordoba.idecor.area_amparo","source_url":"https://idecor-ws.mapascordoba.gob.ar/geoserver/wfs?service=WFS&version=2.0.0&request=GetFeature&typeNames=idecor%3Amineria_area_amparo&outputFormat=application%2Fjson&count=2000&startIndex=0&srsName=EPSG%3A4326","source_layer":"idecor:mineria_area_amparo","source_fid":"mineria_area_amparo.48","source_srid":22173,"fetched_at":"2026-07-28T13:38:04+00:00","licencia":"no_especificada","expediente":"10724","nombre":"LOS DURAZNOS","mineral":["cuarzo","feldespato","mica"],"mineral_origen":"CUARZO-FELDESPATO-MICA","superficie_ha_calc":35.9104}},{"type":"Feature","geometry":{"type":"MultiPolygon","coordinates":[[[[-64.479,-31.3603],[-64.4789,-31.3684],[-64.4883,-31.3686],[-64.4885,-31.3604],[-64.479,-31.3603]]]]},"properties":{"id":"cordoba:area_amparo:mineria_area_amparo.49","provincia":"cordoba","provincia_nombre":"Córdoba","tipo":"area_proteccion","estado":"desconocido","geom_kind":"poligono","fuente_id":"cordoba.idecor.area_amparo","source_url":"https://idecor-ws.mapascordoba.gob.ar/geoserver/wfs?service=WFS&version=2.0.0&request=GetFeature&typeNames=idecor%3Amineria_area_amparo&outputFormat=application%2Fjson&count=2000&startIndex=0&srsName=EPSG%3A4326","source_layer":"idecor:mineria_area_amparo","source_fid":"mineria_area_amparo.49","source_srid":22173,"fetched_at":"2026-07-28T13:38:04+00:00","licencia":"no_especificada","expediente":"10660","nombre":"CUEVA DE LA LEONA","mineral":["cuarzo","feldespato"],"mineral_origen":"CUARZO-FELDESPATO","superficie_ha_calc":81.2666}},{"type":"Feature","geometry":{"type":"MultiPolygon","coordinates":[[[[-64.5525,-31.3661],[-64.5524,-31.3715],[-64.5587,-31.3716],[-64.5588,-31.3662],[-64.5525,-31.3661]]]]},"properties":{"id":"cordoba:area_amparo:mineria_area_amparo.50","provincia":"cordoba","provincia_nombre":"Córdoba","tipo":"area_proteccion","estado":"desconocido","geom_kind":"poligono","fuente_id":"cordoba.idecor.area_amparo","source_url":"https://idecor-ws.mapascordoba.gob.ar/geoserver/wfs?service=WFS&version=2.0.0&request=GetFeature&typeNames=idecor%3Amineria_area_amparo&outputFormat=application%2Fjson&count=2000&startIndex=0&srsName=EPSG%3A4326","source_layer":"idecor:mineria_area_amparo","source_fid":"mineria_area_amparo.50","source_srid":22173,"fetched_at":"2026-07-28T13:38:04+00:00","licencia":"no_especificada","expediente":"10607","nombre":"MARGARITA","mineral":["cuarzo","feldespato"],"mineral_origen":"CUARZO-FELDESPATO","superficie_ha_calc":35.8953}},{"type":"Feature","geometry":{"type":"MultiPolygon","coordinates":[[[[-64.6423,-31.3709],[-64.636,-31.3708],[-64.636,-31.3762],[-64.6423,-31.3763],[-64.6423,-31.3709]]]]},"properties":{"id":"cordoba:area_amparo:mineria_area_amparo.51","provincia":"cordoba","provincia_nombre":"Córdoba","tipo":"area_proteccion","estado":"desconocido","geom_kind":"poligono","fuente_id":"cordoba.idecor.area_amparo","source_url":"https://idecor-ws.mapascordoba.gob.ar/geoserver/wfs?service=WFS&version=2.0.0&request=GetFeature&typeNames=idecor%3Amineria_area_amparo&outputFormat=application%2Fjson&count=2000&startIndex=0&srsName=EPSG%3A4326","source_layer":"idecor:mineria_area_amparo","source_fid":"mineria_area_amparo.51","source_srid":22173,"fetched_at":"2026-07-28T13:38:04+00:00","licencia":"no_especificada","expediente":"11043","nombre":"RAYO DE SOL","mineral":["cuarzo"],"mineral_origen":"CUARZO","superficie_ha_calc":35.883}},{"type":"Feature","geometry":{"type":"MultiPolygon","coordinates":[[[[-64.5233,-31.4779],[-64.5214,-31.4779],[-64.5212,-31.4805],[-64.5232,-31.4805],[-64.5233,-31.4779]]]]},"properties":{"id":"cordoba:area_amparo:mineria_area_amparo.53","provincia":"cordoba","provincia_nombre":"Córdoba","tipo":"area_proteccion","estado":"desconocido","geom_kind":"poligono","fuente_id":"cordoba.idecor.area_amparo","source_url":"https://idecor-ws.mapascordoba.gob.ar/geoserver/wfs?service=WFS&version=2.0.0&request=GetFeature&typeNames=idecor%3Amineria_area_amparo&outputFormat=application%2Fjson&count=2000&startIndex=0&srsName=EPSG%3A4326","source_layer":"idecor:mineria_area_amparo","source_fid":"mineria_area_amparo.53","source_srid":22173,"fetched_at":"2026-07-28T13:38:04+00:00","licencia":"no_especificada","expediente":"10268","nombre":"NICOLAS","mineral":["Berilo","cuarzo","mica"],"mineral_origen":"BERILO-CUARZO-MICA","superficie_ha_calc":5.3417}},{"type":"Feature","geometry":{"type":"MultiPolygon","coordinates":[[[[-64.5896,-31.5208],[-64.5896,-31.5195],[-64.5897,-31.5153],[-64.5833,-31.5153],[-64.5833,-31.5207],[-64.5896,-31.5208]]]]},"properties":{"id":"cordoba:area_amparo:mineria_area_amparo.54","provincia":"cordoba","provincia_nombre":"Córdoba","tipo":"area_proteccion","estado":"desconocido","geom_kind":"poligono","fuente_id":"cordoba.idecor.area_amparo","source_url":"https://idecor-ws.mapascordoba.gob.ar/geoserver/wfs?service=WFS&version=2.0.0&request=GetFeature&typeNames=idecor%3Amineria_area_amparo&outputFormat=application%2Fjson&count=2000&startIndex=0&srsName=EPSG%3A4326","source_layer":"idecor:mineria_area_amparo","source_fid":"mineria_area_amparo.54","source_srid":22173,"fetched_at":"2026-07-28T13:38:04+00:00","licencia":"no_especificada","expediente":"10888","nombre":"SANTA ELENA","mineral":["cuarzo","feldespato","mica"],"mineral_origen":"CUARZO-FELDESPATO-MICA","superficie_ha_calc":36.3817}},{"type":"Feature","geometry":{"type":"MultiPolygon","coordinates":[[[[-64.6169,-31.5247],[-64.6143,-31.5263],[-64.6155,-31.5278],[-64.6181,-31.5262],[-64.6169,-31.5247]]]]},"properties":{"id":"cordoba:area_amparo:mineria_area_amparo.55","provincia":"cordoba","provincia_nombre":"Córdoba","tipo":"area_proteccion","estado":"desconocido","geom_kind":"poligono","fuente_id":"cordoba.idecor.area_amparo","source_url":"https://idecor-ws.mapascordoba.gob.ar/geoserver/wfs?service=WFS&version=2.0.0&request=GetFeature&typeNames=idecor%3Amineria_area_amparo&outputFormat=application%2Fjson&count=2000&startIndex=0&srsName=EPSG%3A4326","source_layer":"idecor:mineria_area_amparo","source_fid":"mineria_area_amparo.55","source_srid":22173,"fetched_at":"2026-07-28T13:38:04+00:00","licencia":"no_especificada","expediente":"4231","nombre":"DOS CERROS","mineral":["Berilo","mica"],"mineral_origen":"BERILO-MICA","superficie_ha_calc":6.1289}},{"type":"Feature","geometry":{"type":"MultiPolygon","coordinates":[[[[-64.8964,-31.5056],[-64.895,-31.5068],[-64.8972,-31.5086],[-64.8986,-31.5073],[-64.8964,-31.5056]]]]},"properties":{"id":"cordoba:area_amparo:mineria_area_amparo.56","provincia":"cordoba","provincia_nombre":"Córdoba","tipo":"area_proteccion","estado":"desconocido","geom_kind":"poligono","fuente_id":"cordoba.idecor.area_amparo","source_url":"https://idecor-ws.mapascordoba.gob.ar/geoserver/wfs?service=WFS&version=2.0.0&request=GetFeature&typeNames=idecor%3Amineria_area_amparo&outputFormat=application%2Fjson&count=2000&startIndex=0&srsName=EPSG%3A4326","source_layer":"idecor:mineria_area_amparo","source_fid":"mineria_area_amparo.56","source_srid":22173,"fetched_at":"2026-07-28T13:38:04+00:00","licencia":"no_especificada","expediente":"10181","nombre":"LA ROCILLA","mineral":["Amatista"],"mineral_origen":"AMATISTA","superficie_ha_calc":5.4771}},{"type":"Feature","geometry":{"type":"MultiPolygon","coordinates":[[[[-64.8693,-31.5199],[-64.8692,-31.5253],[-64.8755,-31.5254],[-64.8756,-31.52],[-64.8693,-31.5199]]]]},"properties":{"id":"cordoba:area_amparo:mineria_area_amparo.57","provincia":"cordoba","provincia_nombre":"Córdoba","tipo":"area_proteccion","estado":"desconocido","geom_kind":"poligono","fuente_id":"cordoba.idecor.area_amparo","source_url":"https://idecor-ws.mapascordoba.gob.ar/geoserver/wfs?service=WFS&version=2.0.0&request=GetFeature&typeNames=idecor%3Amineria_area_amparo&outputFormat=application%2Fjson&count=2000&startIndex=0&srsName=EPSG%3A4326","source_layer":"idecor:mineria_area_amparo","source_fid":"mineria_area_amparo.57","source_srid":22173,"fetched_at":"2026-07-28T13:38:04+00:00","licencia":"no_especificada","expediente":"10877","nombre":"MARIA","mineral":["Berilo","cuarzo"],"mineral_origen":"BERILO-CUARZO","superficie_ha_calc":35.8376}},{"type":"Feature","geometry":{"type":"MultiPolygon","coordinates":[[[[-64.7193,-31.6042],[-64.7172,-31.6042],[-64.7172,-31.6069],[-64.7193,-31.6069],[-64.7193,-31.6042]]]]},"properties":{"id":"cordoba:area_amparo:mineria_area_amparo.58","provincia":"cordoba","provincia_nombre":"Córdoba","tipo":"area_proteccion","estado":"desconocido","geom_kind":"poligono","fuente_id":"cordoba.idecor.area_amparo","source_url":"https://idecor-ws.mapascordoba.gob.ar/geoserver/wfs?service=WFS&version=2.0.0&request=GetFeature&typeNames=idecor%3Amineria_area_amparo&outputFormat=application%2Fjson&count=2000&startIndex=0&srsName=EPSG%3A4326","source_layer":"idecor:mineria_area_amparo","source_fid":"mineria_area_amparo.58","source_srid":22173,"fetched_at":"2026-07-28T13:38:04+00:00","licencia":"no_especificada","expediente":"10189","nombre":"FAUSTO","mineral":["Amatista"],"mineral_origen":"AMATISTA","superficie_ha_calc":5.966}},{"type":"Feature","geometry":{"type":"MultiPolygon","coordinates":[[[[-64.9101,-32.0508],[-64.9101,-32.0562],[-64.9164,-32.0563],[-64.9165,-32.0509],[-64.9101,-32.0508]]]]},"properties":{"id":"cordoba:area_amparo:mineria_area_amparo.60","provincia":"cordoba","provincia_nombre":"Córdoba","tipo":"area_proteccion","estado":"desconocido","geom_kind":"poligono","fuente_id":"cordoba.idecor.area_amparo","source_url":"https://idecor-ws.mapascordoba.gob.ar/geoserver/wfs?service=WFS&version=2.0.0&request=GetFeature&typeNames=idecor%3Amineria_area_amparo&outputFormat=application%2Fjson&count=2000&startIndex=0&srsName=EPSG%3A4326","source_layer":"idecor:mineria_area_amparo","source_fid":"mineria_area_amparo.60","source_srid":22173,"fetched_at":"2026-07-28T13:38:04+00:00","licencia":"no_especificada","expediente":"11073","nombre":"LA OSADA","mineral":["cuarzo"],"mineral_origen":"CUARZO","superficie_ha_calc":35.9139}},{"type":"Feature","geometry":{"type":"MultiPolygon","coordinates":[[[[-64.7389,-29.8335],[-64.7355,-29.828],[-64.7151,-29.8363],[-64.717,-29.8408],[-64.7219,-29.8393],[-64.7247,-29.8384],[-64.7353,-29.8339],[-64.7362,-29.8348],[-64.7389,-29.8335]]]]},"properties":{"id":"cordoba:area_amparo:mineria_area_amparo.61","provincia":"cordoba","provincia_nombre":"Córdoba","tipo":"area_proteccion","estado":"desconocido","geom_kind":"poligono","fuente_id":"cordoba.idecor.area_amparo","source_url":"https://idecor-ws.mapascordoba.gob.ar/geoserver/wfs?service=WFS&version=2.0.0&request=GetFeature&typeNames=idecor%3Amineria_area_amparo&outputFormat=application%2Fjson&count=2000&startIndex=0&srsName=EPSG%3A4326","source_layer":"idecor:mineria_area_amparo","source_fid":"mineria_area_amparo.61","source_srid":22173,"fetched_at":"2026-07-28T13:38:04+00:00","licencia":"no_especificada","expediente":"11106","nombre":"VIDA NUEVA","mineral":["sal"],"mineral_origen":"SAL","superficie_ha_calc":133.0184}},{"type":"Feature","geometry":{"type":"MultiPolygon","coordinates":[[[[-65.0096,-30.9523],[-65.0095,-30.9613],[-65.0199,-30.9614],[-65.02,-30.9524],[-65.0096,-30.9523]]]]},"properties":{"id":"cordoba:area_amparo:mineria_area_amparo.62","provincia":"cordoba","provincia_nombre":"Córdoba","tipo":"area_proteccion","estado":"desconocido","geom_kind":"poligono","fuente_id":"cordoba.idecor.area_amparo","source_url":"https://idecor-ws.mapascordoba.gob.ar/geoserver/wfs?service=WFS&version=2.0.0&request=GetFeature&typeNames=idecor%3Amineria_area_amparo&outputFormat=application%2Fjson&count=2000&startIndex=0&srsName=EPSG%3A4326","source_layer":"idecor:mineria_area_amparo","source_fid":"mineria_area_amparo.62","source_srid":22173,"fetched_at":"2026-07-28T13:38:04+00:00","licencia":"no_especificada","expediente":"11097","nombre":"SANTA TRINIDAD","mineral":["cuarzo"],"mineral_origen":"CUARZO","superficie_ha_calc":99.1629}},{"type":"Feature","geometry":{"type":"MultiPolygon","coordinates":[[[[-64.8794,-31.5843],[-64.8699,-31.5842],[-64.8698,-31.5923],[-64.8793,-31.5924],[-64.8794,-31.5843]]]]},"properties":{"id":"cordoba:area_amparo:mineria_area_amparo.63","provincia":"cordoba","provincia_nombre":"Córdoba","tipo":"area_proteccion","estado":"desconocido","geom_kind":"poligono","fuente_id":"cordoba.idecor.area_amparo","source_url":"https://idecor-ws.mapascordoba.gob.ar/geoserver/wfs?service=WFS&version=2.0.0&request=GetFeature&typeNames=idecor%3Amineria_area_amparo&outputFormat=application%2Fjson&count=2000&startIndex=0&srsName=EPSG%3A4326","source_layer":"idecor:mineria_area_amparo","source_fid":"mineria_area_amparo.63","source_srid":22173,"fetched_at":"2026-07-28T13:38:04+00:00","licencia":"no_especificada","expediente":"11068","nombre":"NOELIA ANTONIO I","mineral":["cuarzo","feldespato"],"mineral_origen":"CUARZO-FELDESPATO","superficie_ha_calc":80.992}},{"type":"Feature","geometry":{"type":"MultiPolygon","coordinates":[[[[-64.8795,-31.6452],[-64.87,-31.6451],[-64.8699,-31.6532],[-64.8794,-31.6533],[-64.8795,-31.6452]]]]},"properties":{"id":"cordoba:area_amparo:mineria_area_amparo.64","provincia":"cordoba","provincia_nombre":"Córdoba","tipo":"area_proteccion","estado":"desconocido","geom_kind":"poligono","fuente_id":"cordoba.idecor.area_amparo","source_url":"https://idecor-ws.mapascordoba.gob.ar/geoserver/wfs?service=WFS&version=2.0.0&request=GetFeature&typeNames=idecor%3Amineria_area_amparo&outputFormat=application%2Fjson&count=2000&startIndex=0&srsName=EPSG%3A4326","source_layer":"idecor:mineria_area_amparo","source_fid":"mineria_area_amparo.64","source_srid":22173,"fetched_at":"2026-07-28T13:38:04+00:00","licencia":"no_especificada","expediente":"11110","nombre":"MARIA AGUSTINA I","mineral":["cuarzo","feldespato"],"mineral_origen":"CUARZO-FELDESPATO","superficie_ha_calc":80.9401}},{"type":"Feature","geometry":{"type":"MultiPolygon","coordinates":[[[[-64.586,-32.1723],[-64.5859,-32.1804],[-64.5954,-32.1805],[-64.5955,-32.1724],[-64.586,-32.1723]]]]},"properties":{"id":"cordoba:area_amparo:mineria_area_amparo.65","provincia":"cordoba","provincia_nombre":"Córdoba","tipo":"area_proteccion","estado":"desconocido","geom_kind":"poligono","fuente_id":"cordoba.idecor.area_amparo","source_url":"https://idecor-ws.mapascordoba.gob.ar/geoserver/wfs?service=WFS&version=2.0.0&request=GetFeature&typeNames=idecor%3Amineria_area_amparo&outputFormat=application%2Fjson&count=2000&startIndex=0&srsName=EPSG%3A4326","source_layer":"idecor:mineria_area_amparo","source_fid":"mineria_area_amparo.65","source_srid":22173,"fetched_at":"2026-07-28T13:38:04+00:00","licencia":"no_especificada","expediente":"10763","nombre":"PUNTA DEL MOLLE","mineral":["Vermiculita"],"mineral_origen":"VERMICULITA","superficie_ha_calc":80.4865}},{"type":"Feature","geometry":{"type":"MultiPolygon","coordinates":[[[[-64.5668,-31.5332],[-64.5665,-31.5318],[-64.5607,-31.5317],[-64.5606,-31.5352],[-64.5617,-31.5371],[-64.5669,-31.5372],[-64.567,-31.5332],[-64.5668,-31.5332]]]]},"properties":{"id":"cordoba:area_amparo:mineria_area_amparo.66","provincia":"cordoba","provincia_nombre":"Córdoba","tipo":"area_proteccion","estado":"desconocido","geom_kind":"poligono","fuente_id":"cordoba.idecor.area_amparo","source_url":"https://idecor-ws.mapascordoba.gob.ar/geoserver/wfs?service=WFS&version=2.0.0&request=GetFeature&typeNames=idecor%3Amineria_area_amparo&outputFormat=application%2Fjson&count=2000&startIndex=0&srsName=EPSG%3A4326","source_layer":"idecor:mineria_area_amparo","source_fid":"mineria_area_amparo.66","source_srid":22173,"fetched_at":"2026-07-28T13:38:04+00:00","licencia":"no_especificada","expediente":"10808","nombre":"LA PASTORA","mineral":["cuarzo","feldespato"],"mineral_origen":"CUARZO-FELDESPATO","superficie_ha_calc":34.3063}},{"type":"Feature","geometry":{"type":"MultiPolygon","coordinates":[[[[-64.57,-31.5571],[-64.5712,-31.5596],[-64.5731,-31.559],[-64.5719,-31.5565],[-64.57,-31.5571]]]]},"properties":{"id":"cordoba:area_amparo:mineria_area_amparo.68","provincia":"cordoba","provincia_nombre":"Córdoba","tipo":"area_proteccion","estado":"desconocido","geom_kind":"poligono","fuente_id":"cordoba.idecor.area_amparo","source_url":"https://idecor-ws.mapascordoba.gob.ar/geoserver/wfs?service=WFS&version=2.0.0&request=GetFeature&typeNames=idecor%3Amineria_area_amparo&outputFormat=application%2Fjson&count=2000&startIndex=0&srsName=EPSG%3A4326","source_layer":"idecor:mineria_area_amparo","source_fid":"mineria_area_amparo.68","source_srid":22173,"fetched_at":"2026-07-28T13:38:04+00:00","licencia":"no_especificada","expediente":"10217","nombre":"ESTACA MINA AZUCENA I","mineral":["Berilo","cuarzo","feldespato","mica"],"mineral_origen":"BERILO-CUARZO-FELDESPATO-MICA","superficie_ha_calc":5.7584}},{"type":"Feature","geometry":{"type":"MultiPolygon","coordinates":[[[[-64.5722,-31.5572],[-64.5731,-31.559],[-64.5712,-31.5596],[-64.5712,-31.5626],[-64.5775,-31.5627],[-64.5776,-31.5573],[-64.5722,-31.5572]]]]},"properties":{"id":"cordoba:area_amparo:mineria_area_amparo.69","provincia":"cordoba","provincia_nombre":"Córdoba","tipo":"area_proteccion","estado":"desconocido","geom_kind":"poligono","fuente_id":"cordoba.idecor.area_amparo","source_url":"https://idecor-ws.mapascordoba.gob.ar/geoserver/wfs?service=WFS&version=2.0.0&request=GetFeature&typeNames=idecor%3Amineria_area_amparo&outputFormat=application%2Fjson&count=2000&startIndex=0&srsName=EPSG%3A4326","source_layer":"idecor:mineria_area_amparo","source_fid":"mineria_area_amparo.69","source_srid":22173,"fetched_at":"2026-07-28T13:38:04+00:00","licencia":"no_especificada","expediente":"10857","nombre":"JUAN VALDIVIA","mineral":["cuarzo"],"mineral_origen":"CUARZO","superficie_ha_calc":32.8076}},{"type":"Feature","geometry":{"type":"MultiPolygon","coordinates":[[[[-64.5712,-31.5626],[-64.5711,-31.5703],[-64.5809,-31.5704],[-64.581,-31.5627],[-64.5712,-31.5626]]]]},"properties":{"id":"cordoba:area_amparo:mineria_area_amparo.70","provincia":"cordoba","provincia_nombre":"Córdoba","tipo":"area_proteccion","estado":"desconocido","geom_kind":"poligono","fuente_id":"cordoba.idecor.area_amparo","source_url":"https://idecor-ws.mapascordoba.gob.ar/geoserver/wfs?service=WFS&version=2.0.0&request=GetFeature&typeNames=idecor%3Amineria_area_amparo&outputFormat=application%2Fjson&count=2000&startIndex=0&srsName=EPSG%3A4326","source_layer":"idecor:mineria_area_amparo","source_fid":"mineria_area_amparo.70","source_srid":22173,"fetched_at":"2026-07-28T13:38:04+00:00","licencia":"no_especificada","expediente":"10983","nombre":"LOS NIETOS II","mineral":["feldespato"],"mineral_origen":"FELDESPATO","superficie_ha_calc":79.4422}},{"type":"Feature","geometry":{"type":"MultiPolygon","coordinates":[[[[-64.5778,-31.5704],[-64.5777,-31.5758],[-64.584,-31.5759],[-64.5841,-31.5705],[-64.5778,-31.5704]]]]},"properties":{"id":"cordoba:area_amparo:mineria_area_amparo.71","provincia":"cordoba","provincia_nombre":"Córdoba","tipo":"area_proteccion","estado":"desconocido","geom_kind":"poligono","fuente_id":"cordoba.idecor.area_amparo","source_url":"https://idecor-ws.mapascordoba.gob.ar/geoserver/wfs?service=WFS&version=2.0.0&request=GetFeature&typeNames=idecor%3Amineria_area_amparo&outputFormat=application%2Fjson&count=2000&startIndex=0&srsName=EPSG%3A4326","source_layer":"idecor:mineria_area_amparo","source_fid":"mineria_area_amparo.71","source_srid":22173,"fetched_at":"2026-07-28T13:38:04+00:00","licencia":"no_especificada","expediente":"10911","nombre":"LOS NIETOS","mineral":["feldespato"],"mineral_origen":"FELDESPATO","superficie_ha_calc":35.8186}},{"type":"Feature","geometry":{"type":"MultiPolygon","coordinates":[[[[-64.5151,-31.6041],[-64.513,-31.6041],[-64.5129,-31.6068],[-64.5151,-31.6068],[-64.5151,-31.6041]]]]},"properties":{"id":"cordoba:area_amparo:mineria_area_amparo.72","provincia":"cordoba","provincia_nombre":"Córdoba","tipo":"area_proteccion","estado":"desconocido","geom_kind":"poligono","fuente_id":"cordoba.idecor.area_amparo","source_url":"https://idecor-ws.mapascordoba.gob.ar/geoserver/wfs?service=WFS&version=2.0.0&request=GetFeature&typeNames=idecor%3Amineria_area_amparo&outputFormat=application%2Fjson&count=2000&startIndex=0&srsName=EPSG%3A4326","source_layer":"idecor:mineria_area_amparo","source_fid":"mineria_area_amparo.72","source_srid":22173,"fetched_at":"2026-07-28T13:38:04+00:00","licencia":"no_especificada","expediente":"3730","nombre":"NOEMI","mineral":["mica"],"mineral_origen":"MICA","superficie_ha_calc":6.108}},{"type":"Feature","geometry":{"type":"MultiPolygon","coordinates":[[[[-64.5365,-31.6221],[-64.5303,-31.6221],[-64.5303,-31.6278],[-64.5365,-31.6277],[-64.5365,-31.6221]]]]},"properties":{"id":"cordoba:area_amparo:mineria_area_amparo.73","provincia":"cordoba","provincia_nombre":"Córdoba","tipo":"area_proteccion","estado":"desconocido","geom_kind":"poligono","fuente_id":"cordoba.idecor.area_amparo","source_url":"https://idecor-ws.mapascordoba.gob.ar/geoserver/wfs?service=WFS&version=2.0.0&request=GetFeature&typeNames=idecor%3Amineria_area_amparo&outputFormat=application%2Fjson&count=2000&startIndex=0&srsName=EPSG%3A4326","source_layer":"idecor:mineria_area_amparo","source_fid":"mineria_area_amparo.73","source_srid":22173,"fetched_at":"2026-07-28T13:38:04+00:00","licencia":"no_especificada","expediente":"10561","nombre":"MARIA JOSE","mineral":["cuarzo","feldespato","mica"],"mineral_origen":"CUARZO-FELDESPATO-MICA","superficie_ha_calc":36.851}},{"type":"Feature","geometry":{"type":"MultiPolygon","coordinates":[[[[-64.538,-31.6243],[-64.5379,-31.6279],[-64.5421,-31.628],[-64.5422,-31.6244],[-64.538,-31.6243]]]]},"properties":{"id":"cordoba:area_amparo:mineria_area_amparo.74","provincia":"cordoba","provincia_nombre":"Córdoba","tipo":"area_proteccion","estado":"desconocido","geom_kind":"poligono","fuente_id":"cordoba.idecor.area_amparo","source_url":"https://idecor-ws.mapascordoba.gob.ar/geoserver/wfs?service=WFS&version=2.0.0&request=GetFeature&typeNames=idecor%3Amineria_area_amparo&outputFormat=application%2Fjson&count=2000&startIndex=0&srsName=EPSG%3A4326","source_layer":"idecor:mineria_area_amparo","source_fid":"mineria_area_amparo.74","source_srid":22173,"fetched_at":"2026-07-28T13:38:04+00:00","licencia":"no_especificada","expediente":"10543","nombre":"EL AJUSTE","mineral":["cuarzo","feldespato","mica"],"mineral_origen":"CUARZO-FELDESPATO-MICA","superficie_ha_calc":15.9163}},{"type":"Feature","geometry":{"type":"MultiPolygon","coordinates":[[[[-64.5227,-31.6372],[-64.5165,-31.6373],[-64.5167,-31.6427],[-64.5228,-31.6426],[-64.5227,-31.6372]]]]},"properties":{"id":"cordoba:area_amparo:mineria_area_amparo.75","provincia":"cordoba","provincia_nombre":"Córdoba","tipo":"area_proteccion","estado":"desconocido","geom_kind":"poligono","fuente_id":"cordoba.idecor.area_amparo","source_url":"https://idecor-ws.mapascordoba.gob.ar/geoserver/wfs?service=WFS&version=2.0.0&request=GetFeature&typeNames=idecor%3Amineria_area_amparo&outputFormat=application%2Fjson&count=2000&startIndex=0&srsName=EPSG%3A4326","source_layer":"idecor:mineria_area_amparo","source_fid":"mineria_area_amparo.75","source_srid":22173,"fetched_at":"2026-07-28T13:38:04+00:00","licencia":"no_especificada","expediente":"10404","nombre":"PUESTO DE CURA","mineral":["cuarzo","feldespato","mica"],"mineral_origen":"CUARZO-FELDESPATO-MICA","superficie_ha_calc":34.9467}},{"type":"Feature","geometry":{"type":"MultiPolygon","coordinates":[[[[-64.9562,-31.7281],[-64.9562,-31.7351],[-64.9643,-31.7351],[-64.9644,-31.7281],[-64.9562,-31.7281]]]]},"properties":{"id":"cordoba:area_amparo:mineria_area_amparo.76","provincia":"cordoba","provincia_nombre":"Córdoba","tipo":"area_proteccion","estado":"desconocido","geom_kind":"poligono","fuente_id":"cordoba.idecor.area_amparo","source_url":"https://idecor-ws.mapascordoba.gob.ar/geoserver/wfs?service=WFS&version=2.0.0&request=GetFeature&typeNames=idecor%3Amineria_area_amparo&outputFormat=application%2Fjson&count=2000&startIndex=0&srsName=EPSG%3A4326","source_layer":"idecor:mineria_area_amparo","source_fid":"mineria_area_amparo.76","source_srid":22173,"fetched_at":"2026-07-28T13:38:04+00:00","licencia":"no_especificada","expediente":"10368","nombre":"MOGOTE DEL CORRALON","mineral":["Berilo","cuarzo","feldespato","mica"],"mineral_origen":"BERILO-CUARZO-FELDESPATO-MICA","superficie_ha_calc":59.9482}},{"type":"Feature","geometry":{"type":"MultiPolygon","coordinates":[[[[-64.6156,-31.6705],[-64.6155,-31.6786],[-64.625,-31.6787],[-64.6251,-31.6706],[-64.6156,-31.6705]]]]},"properties":{"id":"cordoba:area_amparo:mineria_area_amparo.77","provincia":"cordoba","provincia_nombre":"Córdoba","tipo":"area_proteccion","estado":"desconocido","geom_kind":"poligono","fuente_id":"cordoba.idecor.area_amparo","source_url":"https://idecor-ws.mapascordoba.gob.ar/geoserver/wfs?service=WFS&version=2.0.0&request=GetFeature&typeNames=idecor%3Amineria_area_amparo&outputFormat=application%2Fjson&count=2000&startIndex=0&srsName=EPSG%3A4326","source_layer":"idecor:mineria_area_amparo","source_fid":"mineria_area_amparo.77","source_srid":22173,"fetched_at":"2026-07-28T13:38:04+00:00","licencia":"no_especificada","expediente":"11084","nombre":"MALENA I","mineral":["cuarzo","feldespato"],"mineral_origen":"CUARZO-FELDESPATO","superficie_ha_calc":80.9184}},{"type":"Feature","geometry":{"type":"MultiPolygon","coordinates":[[[[-65.0573,-31.1307],[-65.0573,-31.128],[-65.0552,-31.128],[-65.0552,-31.1307],[-65.0573,-31.1307]]]]},"properties":{"id":"cordoba:area_amparo:mineria_area_amparo.79","provincia":"cordoba","provincia_nombre":"Córdoba","tipo":"area_proteccion","estado":"desconocido","geom_kind":"poligono","fuente_id":"cordoba.idecor.area_amparo","source_url":"https://idecor-ws.mapascordoba.gob.ar/geoserver/wfs?service=WFS&version=2.0.0&request=GetFeature&typeNames=idecor%3Amineria_area_amparo&outputFormat=application%2Fjson&count=2000&startIndex=0&srsName=EPSG%3A4326","source_layer":"idecor:mineria_area_amparo","source_fid":"mineria_area_amparo.79","source_srid":22173,"fetched_at":"2026-07-28T13:38:04+00:00","licencia":"no_especificada","expediente":"9558","nombre":"SAN AGUSTIN","mineral":["Ag","Pb"],"mineral_origen":"MINERAL DE PLATA-PLOMO","superficie_ha_calc":5.9957}},{"type":"Feature","geometry":{"type":"MultiPolygon","coordinates":[[[[-64.5483,-31.6366],[-64.5482,-31.642],[-64.5546,-31.6421],[-64.5546,-31.6367],[-64.5483,-31.6366]]]]},"properties":{"id":"cordoba:area_amparo:mineria_area_amparo.80","provincia":"cordoba","provincia_nombre":"Córdoba","tipo":"area_proteccion","estado":"desconocido","geom_kind":"poligono","fuente_id":"cordoba.idecor.area_amparo","source_url":"https://idecor-ws.mapascordoba.gob.ar/geoserver/wfs?service=WFS&version=2.0.0&request=GetFeature&typeNames=idecor%3Amineria_area_amparo&outputFormat=application%2Fjson&count=2000&startIndex=0&srsName=EPSG%3A4326","source_layer":"idecor:mineria_area_amparo","source_fid":"mineria_area_amparo.80","source_srid":22173,"fetched_at":"2026-07-28T13:38:04+00:00","licencia":"no_especificada","expediente":"10550","nombre":"ROSA Nº 8","mineral":["cuarzo","feldespato"],"mineral_origen":"CUARZO-FELDESPATO","superficie_ha_calc":36.0723}},{"type":"Feature","geometry":{"type":"MultiPolygon","coordinates":[[[[-64.5115,-31.6164],[-64.5051,-31.6164],[-64.505,-31.6218],[-64.5114,-31.6218],[-64.5115,-31.6164]]]]},"properties":{"id":"cordoba:area_amparo:mineria_area_amparo.81","provincia":"cordoba","provincia_nombre":"Córdoba","tipo":"area_proteccion","estado":"desconocido","geom_kind":"poligono","fuente_id":"cordoba.idecor.area_amparo","source_url":"https://idecor-ws.mapascordoba.gob.ar/geoserver/wfs?service=WFS&version=2.0.0&request=GetFeature&typeNames=idecor%3Amineria_area_amparo&outputFormat=application%2Fjson&count=2000&startIndex=0&srsName=EPSG%3A4326","source_layer":"idecor:mineria_area_amparo","source_fid":"mineria_area_amparo.81","source_srid":22173,"fetched_at":"2026-07-28T13:38:04+00:00","licencia":"no_especificada","expediente":"10624","nombre":"LA MERCEDES","mineral":["cuarzo","feldespato","mica"],"mineral_origen":"CUARZO-FELDESPATO-MICA","superficie_ha_calc":36.3588}},{"type":"Feature","geometry":{"type":"MultiPolygon","coordinates":[[[[-64.4758,-31.588],[-64.4758,-31.5929],[-64.4837,-31.593],[-64.4837,-31.5881],[-64.4758,-31.588]]]]},"properties":{"id":"cordoba:area_amparo:mineria_area_amparo.82","provincia":"cordoba","provincia_nombre":"Córdoba","tipo":"area_proteccion","estado":"desconocido","geom_kind":"poligono","fuente_id":"cordoba.idecor.area_amparo","source_url":"https://idecor-ws.mapascordoba.gob.ar/geoserver/wfs?service=WFS&version=2.0.0&request=GetFeature&typeNames=idecor%3Amineria_area_amparo&outputFormat=application%2Fjson&count=2000&startIndex=0&srsName=EPSG%3A4326","source_layer":"idecor:mineria_area_amparo","source_fid":"mineria_area_amparo.82","source_srid":22173,"fetched_at":"2026-07-28T13:38:04+00:00","licencia":"no_especificada","expediente":"10995","nombre":"LA LOMADA","mineral":["mica"],"mineral_origen":"MICA","superficie_ha_calc":40.7371}},{"type":"Feature","geometry":{"type":"MultiPolygon","coordinates":[[[[-64.5234,-31.5626],[-64.5171,-31.5625],[-64.5169,-31.568],[-64.5233,-31.5683],[-64.5234,-31.5626]]]]},"properties":{"id":"cordoba:area_amparo:mineria_area_amparo.83","provincia":"cordoba","provincia_nombre":"Córdoba","tipo":"area_proteccion","estado":"desconocido","geom_kind":"poligono","fuente_id":"cordoba.idecor.area_amparo","source_url":"https://idecor-ws.mapascordoba.gob.ar/geoserver/wfs?service=WFS&version=2.0.0&request=GetFeature&typeNames=idecor%3Amineria_area_amparo&outputFormat=application%2Fjson&count=2000&startIndex=0&srsName=EPSG%3A4326","source_layer":"idecor:mineria_area_amparo","source_fid":"mineria_area_amparo.83","source_srid":22173,"fetched_at":"2026-07-28T13:38:04+00:00","licencia":"no_especificada","expediente":"10534","nombre":"ISABEL MARIA","mineral":["cuarzo","feldespato","mica"],"mineral_origen":"CUARZO-FELDESPATO-MICA","superficie_ha_calc":37.4636}},{"type":"Feature","geometry":{"type":"MultiPolygon","coordinates":[[[[-64.5085,-31.5559],[-64.5084,-31.5613],[-64.5147,-31.5614],[-64.5148,-31.556],[-64.5085,-31.5559]]]]},"properties":{"id":"cordoba:area_amparo:mineria_area_amparo.84","provincia":"cordoba","provincia_nombre":"Córdoba","tipo":"area_proteccion","estado":"desconocido","geom_kind":"poligono","fuente_id":"cordoba.idecor.area_amparo","source_url":"https://idecor-ws.mapascordoba.gob.ar/geoserver/wfs?service=WFS&version=2.0.0&request=GetFeature&typeNames=idecor%3Amineria_area_amparo&outputFormat=application%2Fjson&count=2000&startIndex=0&srsName=EPSG%3A4326","source_layer":"idecor:mineria_area_amparo","source_fid":"mineria_area_amparo.84","source_srid":22173,"fetched_at":"2026-07-28T13:38:04+00:00","licencia":"no_especificada","expediente":"10735","nombre":"LA MARTA","mineral":["cuarzo","mica"],"mineral_origen":"CUARZO-MICA","superficie_ha_calc":35.824}},{"type":"Feature","geometry":{"type":"MultiPolygon","coordinates":[[[[-64.5149,-31.5479],[-64.5055,-31.5478],[-64.5053,-31.5559],[-64.5148,-31.556],[-64.5149,-31.5479]]]]},"properties":{"id":"cordoba:area_amparo:mineria_area_amparo.85","provincia":"cordoba","provincia_nombre":"Córdoba","tipo":"area_proteccion","estado":"desconocido","geom_kind":"poligono","fuente_id":"cordoba.idecor.area_amparo","source_url":"https://idecor-ws.mapascordoba.gob.ar/geoserver/wfs?service=WFS&version=2.0.0&request=GetFeature&typeNames=idecor%3Amineria_area_amparo&outputFormat=application%2Fjson&count=2000&startIndex=0&srsName=EPSG%3A4326","source_layer":"idecor:mineria_area_amparo","source_fid":"mineria_area_amparo.85","source_srid":22173,"fetched_at":"2026-07-28T13:38:04+00:00","licencia":"no_especificada","expediente":"10829","nombre":"ESPERANZA ","mineral":["cuarzo","feldespato","mica"],"mineral_origen":"CUARZO-FELDESPATO-MICA","superficie_ha_calc":80.6019}},{"type":"Feature","geometry":{"type":"MultiPolygon","coordinates":[[[[-64.8334,-31.0158],[-64.8334,-31.0186],[-64.8365,-31.0186],[-64.8365,-31.0159],[-64.8334,-31.0158]]]]},"properties":{"id":"cordoba:area_amparo:mineria_area_amparo.86","provincia":"cordoba","provincia_nombre":"Córdoba","tipo":"area_proteccion","estado":"desconocido","geom_kind":"poligono","fuente_id":"cordoba.idecor.area_amparo","source_url":"https://idecor-ws.mapascordoba.gob.ar/geoserver/wfs?service=WFS&version=2.0.0&request=GetFeature&typeNames=idecor%3Amineria_area_amparo&outputFormat=application%2Fjson&count=2000&startIndex=0&srsName=EPSG%3A4326","source_layer":"idecor:mineria_area_amparo","source_fid":"mineria_area_amparo.86","source_srid":22173,"fetched_at":"2026-07-28T13:38:04+00:00","licencia":"no_especificada","expediente":"11311","nombre":"SAN IGNACIO","mineral":["Au"],"mineral_origen":"MINERAL DE ORO","superficie_ha_calc":9.0251}},{"type":"Feature","geometry":{"type":"MultiPolygon","coordinates":[[[[-64.512,-31.6047],[-64.5089,-31.6047],[-64.5088,-31.6074],[-64.512,-31.6074],[-64.512,-31.6047]]]]},"properties":{"id":"cordoba:area_amparo:mineria_area_amparo.87","provincia":"cordoba","provincia_nombre":"Córdoba","tipo":"area_proteccion","estado":"desconocido","geom_kind":"poligono","fuente_id":"cordoba.idecor.area_amparo","source_url":"https://idecor-ws.mapascordoba.gob.ar/geoserver/wfs?service=WFS&version=2.0.0&request=GetFeature&typeNames=idecor%3Amineria_area_amparo&outputFormat=application%2Fjson&count=2000&startIndex=0&srsName=EPSG%3A4326","source_layer":"idecor:mineria_area_amparo","source_fid":"mineria_area_amparo.87","source_srid":22173,"fetched_at":"2026-07-28T13:38:04+00:00","licencia":"no_especificada","expediente":"11308","nombre":"NUEVA JERUSALEN","mineral":["cuarzo","feldespato","mica"],"mineral_origen":"CUARZO-FELDESPATO-MICA","superficie_ha_calc":8.9489}},{"type":"Feature","geometry":{"type":"MultiPolygon","coordinates":[[[[-64.651,-31.0753],[-64.651,-31.0796],[-64.6573,-31.0797],[-64.6573,-31.0753],[-64.651,-31.0753]]]]},"properties":{"id":"cordoba:area_amparo:mineria_area_amparo.89","provincia":"cordoba","provincia_nombre":"Córdoba","tipo":"area_proteccion","estado":"desconocido","geom_kind":"poligono","fuente_id":"cordoba.idecor.area_amparo","source_url":"https://idecor-ws.mapascordoba.gob.ar/geoserver/wfs?service=WFS&version=2.0.0&request=GetFeature&typeNames=idecor%3Amineria_area_amparo&outputFormat=application%2Fjson&count=2000&startIndex=0&srsName=EPSG%3A4326","source_layer":"idecor:mineria_area_amparo","source_fid":"mineria_area_amparo.89","source_srid":22173,"fetched_at":"2026-07-28T13:38:04+00:00","licencia":"no_especificada","expediente":"11315","nombre":"LA RAQUEL","mineral":["cuarzo"],"mineral_origen":"CUARZO","superficie_ha_calc":28.9947}},{"type":"Feature","geometry":{"type":"MultiPolygon","coordinates":[[[[-64.8334,-31.0131],[-64.8334,-31.0158],[-64.8365,-31.0159],[-64.8366,-31.0132],[-64.8334,-31.0131]]]]},"properties":{"id":"cordoba:area_amparo:mineria_area_amparo.90","provincia":"cordoba","provincia_nombre":"Córdoba","tipo":"area_proteccion","estado":"desconocido","geom_kind":"poligono","fuente_id":"cordoba.idecor.area_amparo","source_url":"https://idecor-ws.mapascordoba.gob.ar/geoserver/wfs?service=WFS&version=2.0.0&request=GetFeature&typeNames=idecor%3Amineria_area_amparo&outputFormat=application%2Fjson&count=2000&startIndex=0&srsName=EPSG%3A4326","source_layer":"idecor:mineria_area_amparo","source_fid":"mineria_area_amparo.90","source_srid":22173,"fetched_at":"2026-07-28T13:38:04+00:00","licencia":"no_especificada","expediente":"11312","nombre":"LA MESA","mineral":["Au"],"mineral_origen":"MINERAL DE ORO","superficie_ha_calc":9.0095}},{"type":"Feature","geometry":{"type":"MultiPolygon","coordinates":[[[[-64.5776,-31.5573],[-64.5775,-31.5627],[-64.5813,-31.5628],[-64.5813,-31.5571],[-64.5776,-31.5573]]]]},"properties":{"id":"cordoba:area_amparo:mineria_area_amparo.91","provincia":"cordoba","provincia_nombre":"Córdoba","tipo":"area_proteccion","estado":"desconocido","geom_kind":"poligono","fuente_id":"cordoba.idecor.area_amparo","source_url":"https://idecor-ws.mapascordoba.gob.ar/geoserver/wfs?service=WFS&version=2.0.0&request=GetFeature&typeNames=idecor%3Amineria_area_amparo&outputFormat=application%2Fjson&count=2000&startIndex=0&srsName=EPSG%3A4326","source_layer":"idecor:mineria_area_amparo","source_fid":"mineria_area_amparo.91","source_srid":22173,"fetched_at":"2026-07-28T13:38:04+00:00","licencia":"no_especificada","expediente":"11316","nombre":"SANTA ROSA","mineral":["feldespato"],"mineral_origen":"FELDESPATO","superficie_ha_calc":21.9068}},{"type":"Feature","geometry":{"type":"MultiPolygon","coordinates":[[[[-64.5071,-31.6074],[-64.5071,-31.6101],[-64.5103,-31.6101],[-64.5103,-31.6074],[-64.5071,-31.6074]]]]},"properties":{"id":"cordoba:area_amparo:mineria_area_amparo.92","provincia":"cordoba","provincia_nombre":"Córdoba","tipo":"area_proteccion","estado":"desconocido","geom_kind":"poligono","fuente_id":"cordoba.idecor.area_amparo","source_url":"https://idecor-ws.mapascordoba.gob.ar/geoserver/wfs?service=WFS&version=2.0.0&request=GetFeature&typeNames=idecor%3Amineria_area_amparo&outputFormat=application%2Fjson&count=2000&startIndex=0&srsName=EPSG%3A4326","source_layer":"idecor:mineria_area_amparo","source_fid":"mineria_area_amparo.92","source_srid":22173,"fetched_at":"2026-07-28T13:38:04+00:00","licencia":"no_especificada","expediente":"11307","nombre":"REY JESUS","mineral":["cuarzo","feldespato","mica"],"mineral_origen":"CUARZO-FELDESPATO-MICA","superficie_ha_calc":9.0907}},{"type":"Feature","geometry":{"type":"MultiPolygon","coordinates":[[[[-64.5707,-31.5413],[-64.5644,-31.5412],[-64.5643,-31.5466],[-64.5706,-31.5467],[-64.5707,-31.5413]]]]},"properties":{"id":"cordoba:area_amparo:mineria_area_amparo.93","provincia":"cordoba","provincia_nombre":"Córdoba","tipo":"area_proteccion","estado":"desconocido","geom_kind":"poligono","fuente_id":"cordoba.idecor.area_amparo","source_url":"https://idecor-ws.mapascordoba.gob.ar/geoserver/wfs?service=WFS&version=2.0.0&request=GetFeature&typeNames=idecor%3Amineria_area_amparo&outputFormat=application%2Fjson&count=2000&startIndex=0&srsName=EPSG%3A4326","source_layer":"idecor:mineria_area_amparo","source_fid":"mineria_area_amparo.93","source_srid":22173,"fetched_at":"2026-07-28T13:38:04+00:00","licencia":"no_especificada","expediente":"11329","nombre":"PERLA","mineral":["mica","cuarzo"],"mineral_origen":"MICA-CUARZO","superficie_ha_calc":35.8296}},{"type":"Feature","geometry":{"type":"MultiPolygon","coordinates":[[[[-64.8438,-30.9731],[-64.8354,-30.973],[-64.8353,-30.9802],[-64.8437,-30.9803],[-64.8438,-30.9731]]]]},"properties":{"id":"cordoba:area_amparo:mineria_area_amparo.94","provincia":"cordoba","provincia_nombre":"Córdoba","tipo":"area_proteccion","estado":"desconocido","geom_kind":"poligono","fuente_id":"cordoba.idecor.area_amparo","source_url":"https://idecor-ws.mapascordoba.gob.ar/geoserver/wfs?service=WFS&version=2.0.0&request=GetFeature&typeNames=idecor%3Amineria_area_amparo&outputFormat=application%2Fjson&count=2000&startIndex=0&srsName=EPSG%3A4326","source_layer":"idecor:mineria_area_amparo","source_fid":"mineria_area_amparo.94","source_srid":22173,"fetched_at":"2026-07-28T13:38:04+00:00","licencia":"no_especificada","expediente":"11321","nombre":"VETA CANDELARIA ESTE","mineral":["Au"],"mineral_origen":"ORO","superficie_ha_calc":64.0652}},{"type":"Feature","geometry":{"type":"MultiPolygon","coordinates":[[[[-65.2425,-30.838],[-65.2424,-30.8429],[-65.2487,-30.8429],[-65.2487,-30.838],[-65.2425,-30.838]]]]},"properties":{"id":"cordoba:area_amparo:mineria_area_amparo.95","provincia":"cordoba","provincia_nombre":"Córdoba","tipo":"area_proteccion","estado":"desconocido","geom_kind":"poligono","fuente_id":"cordoba.idecor.area_amparo","source_url":"https://idecor-ws.mapascordoba.gob.ar/geoserver/wfs?service=WFS&version=2.0.0&request=GetFeature&typeNames=idecor%3Amineria_area_amparo&outputFormat=application%2Fjson&count=2000&startIndex=0&srsName=EPSG%3A4326","source_layer":"idecor:mineria_area_amparo","source_fid":"mineria_area_amparo.95","source_srid":22173,"fetched_at":"2026-07-28T13:38:04+00:00","licencia":"no_especificada","expediente":"11059","nombre":"MARIA AGUSTINA","mineral":["cuarzo"],"mineral_origen":"CUARZO","superficie_ha_calc":32.4804}},{"type":"Feature","geometry":{"type":"MultiPolygon","coordinates":[[[[-65.3884,-30.9003],[-65.3884,-30.9058],[-65.3947,-30.9058],[-65.3947,-30.9004],[-65.3884,-30.9003]]]]},"properties":{"id":"cordoba:area_amparo:mineria_area_amparo.96","provincia":"cordoba","provincia_nombre":"Córdoba","tipo":"area_proteccion","estado":"desconocido","geom_kind":"poligono","fuente_id":"cordoba.idecor.area_amparo","source_url":"https://idecor-ws.mapascordoba.gob.ar/geoserver/wfs?service=WFS&version=2.0.0&request=GetFeature&typeNames=idecor%3Amineria_area_amparo&outputFormat=application%2Fjson&count=2000&startIndex=0&srsName=EPSG%3A4326","source_layer":"idecor:mineria_area_amparo","source_fid":"mineria_area_amparo.96","source_srid":22173,"fetched_at":"2026-07-28T13:38:04+00:00","licencia":"no_especificada","expediente":"11000","nombre":"MARIANA","mineral":["cuarzo"],"mineral_origen":"CUARZO","superficie_ha_calc":36.3918}},{"type":"Feature","geometry":{"type":"MultiPolygon","coordinates":[[[[-65.2116,-30.9853],[-65.2118,-30.9799],[-65.2097,-30.9798],[-65.2095,-30.9852],[-65.2116,-30.9853]]]]},"properties":{"id":"cordoba:area_amparo:mineria_area_amparo.98","provincia":"cordoba","provincia_nombre":"Córdoba","tipo":"area_proteccion","estado":"desconocido","geom_kind":"poligono","fuente_id":"cordoba.idecor.area_amparo","source_url":"https://idecor-ws.mapascordoba.gob.ar/geoserver/wfs?service=WFS&version=2.0.0&request=GetFeature&typeNames=idecor%3Amineria_area_amparo&outputFormat=application%2Fjson&count=2000&startIndex=0&srsName=EPSG%3A4326","source_layer":"idecor:mineria_area_amparo","source_fid":"mineria_area_amparo.98","source_srid":22173,"fetched_at":"2026-07-28T13:38:04+00:00","licencia":"no_especificada","expediente":"9894","nombre":"PATRI","mineral":["Ag","Pb","Vanadio"],"mineral_origen":"MINERAL DE PLATA-PLOMO-VANADIO","superficie_ha_calc":12.0307}},{"type":"Feature","geometry":{"type":"MultiPolygon","coordinates":[[[[-64.6003,-31.4938],[-64.6002,-31.5019],[-64.6023,-31.502],[-64.6024,-31.4938],[-64.6003,-31.4938]]]]},"properties":{"id":"cordoba:area_amparo:mineria_area_amparo.99","provincia":"cordoba","provincia_nombre":"Córdoba","tipo":"area_proteccion","estado":"desconocido","geom_kind":"poligono","fuente_id":"cordoba.idecor.area_amparo","source_url":"https://idecor-ws.mapascordoba.gob.ar/geoserver/wfs?service=WFS&version=2.0.0&request=GetFeature&typeNames=idecor%3Amineria_area_amparo&outputFormat=application%2Fjson&count=2000&startIndex=0&srsName=EPSG%3A4326","source_layer":"idecor:mineria_area_amparo","source_fid":"mineria_area_amparo.99","source_srid":22173,"fetched_at":"2026-07-28T13:38:04+00:00","licencia":"no_especificada","expediente":"10247","nombre":"SANTA MARGARITA","mineral":["cuarzo","mica"],"mineral_origen":"CUARZO-MICA","superficie_ha_calc":18.0341}},{"type":"Feature","geometry":{"type":"MultiPolygon","coordinates":[[[[-64.8607,-31.5173],[-64.8606,-31.5227],[-64.8669,-31.5228],[-64.867,-31.5174],[-64.8607,-31.5173]]]]},"properties":{"id":"cordoba:area_amparo:mineria_area_amparo.100","provincia":"cordoba","provincia_nombre":"Córdoba","tipo":"area_proteccion","estado":"desconocido","geom_kind":"poligono","fuente_id":"cordoba.idecor.area_amparo","source_url":"https://idecor-ws.mapascordoba.gob.ar/geoserver/wfs?service=WFS&version=2.0.0&request=GetFeature&typeNames=idecor%3Amineria_area_amparo&outputFormat=application%2Fjson&count=2000&startIndex=0&srsName=EPSG%3A4326","source_layer":"idecor:mineria_area_amparo","source_fid":"mineria_area_amparo.100","source_srid":22173,"fetched_at":"2026-07-28T13:38:04+00:00","licencia":"no_especificada","expediente":"10839","nombre":"AIDA","mineral":["cuarzo","feldespato","mica"],"mineral_origen":"CUARZO-FELDESPATO-MICA","superficie_ha_calc":35.8386}},{"type":"Feature","geometry":{"type":"MultiPolygon","coordinates":[[[[-65.2267,-31.5813],[-65.2203,-31.5813],[-65.2203,-31.5866],[-65.2267,-31.5866],[-65.2267,-31.5813]]]]},"properties":{"id":"cordoba:area_amparo:mineria_area_amparo.101","provincia":"cordoba","provincia_nombre":"Córdoba","tipo":"area_proteccion","estado":"desconocido","geom_kind":"poligono","fuente_id":"cordoba.idecor.area_amparo","source_url":"https://idecor-ws.mapascordoba.gob.ar/geoserver/wfs?service=WFS&version=2.0.0&request=GetFeature&typeNames=idecor%3Amineria_area_amparo&outputFormat=application%2Fjson&count=2000&startIndex=0&srsName=EPSG%3A4326","source_layer":"idecor:mineria_area_amparo","source_fid":"mineria_area_amparo.101","source_srid":22173,"fetched_at":"2026-07-28T13:38:04+00:00","licencia":"no_especificada","expediente":"10548","nombre":"LAS BARRANCAS","mineral":["cuarzo","feldespato"],"mineral_origen":"CUARZO-FELDESPATO","superficie_ha_calc":35.6987}},{"type":"Feature","geometry":{"type":"MultiPolygon","coordinates":[[[[-64.4725,-31.3093],[-64.4725,-31.3066],[-64.4704,-31.3066],[-64.4704,-31.3093],[-64.4725,-31.3093]]]]},"properties":{"id":"cordoba:area_amparo:mineria_area_amparo.102","provincia":"cordoba","provincia_nombre":"Córdoba","tipo":"area_proteccion","estado":"desconocido","geom_kind":"poligono","fuente_id":"cordoba.idecor.area_amparo","source_url":"https://idecor-ws.mapascordoba.gob.ar/geoserver/wfs?service=WFS&version=2.0.0&request=GetFeature&typeNames=idecor%3Amineria_area_amparo&outputFormat=application%2Fjson&count=2000&startIndex=0&srsName=EPSG%3A4326","source_layer":"idecor:mineria_area_amparo","source_fid":"mineria_area_amparo.102","source_srid":22173,"fetched_at":"2026-07-28T13:38:04+00:00","licencia":"no_especificada","expediente":"10333","nombre":"MAXIMILIANO","mineral":["cuarzo"],"mineral_origen":"CUARZO","superficie_ha_calc":5.9846}},{"type":"Feature","geometry":{"type":"MultiPolygon","coordinates":[[[[-64.8281,-30.9336],[-64.828,-30.9408],[-64.8364,-30.9409],[-64.8364,-30.9337],[-64.8281,-30.9336]]]]},"properties":{"id":"cordoba:area_amparo:mineria_area_amparo.103","provincia":"cordoba","provincia_nombre":"Córdoba","tipo":"area_proteccion","estado":"desconocido","geom_kind":"poligono","fuente_id":"cordoba.idecor.area_amparo","source_url":"https://idecor-ws.mapascordoba.gob.ar/geoserver/wfs?service=WFS&version=2.0.0&request=GetFeature&typeNames=idecor%3Amineria_area_amparo&outputFormat=application%2Fjson&count=2000&startIndex=0&srsName=EPSG%3A4326","source_layer":"idecor:mineria_area_amparo","source_fid":"mineria_area_amparo.103","source_srid":22173,"fetched_at":"2026-07-28T13:38:04+00:00","licencia":"no_especificada","expediente":"11261","nombre":"DON RAUL","mineral":["Au"],"mineral_origen":"MINERAL DE ORO","superficie_ha_calc":63.7044}},{"type":"Feature","geometry":{"type":"MultiPolygon","coordinates":[[[[-64.8313,-30.9587],[-64.8313,-30.9637],[-64.8339,-30.9637],[-64.8358,-30.9587],[-64.8313,-30.9587]]]]},"properties":{"id":"cordoba:area_amparo:mineria_area_amparo.104","provincia":"cordoba","provincia_nombre":"Córdoba","tipo":"area_proteccion","estado":"desconocido","geom_kind":"poligono","fuente_id":"cordoba.idecor.area_amparo","source_url":"https://idecor-ws.mapascordoba.gob.ar/geoserver/wfs?service=WFS&version=2.0.0&request=GetFeature&typeNames=idecor%3Amineria_area_amparo&outputFormat=application%2Fjson&count=2000&startIndex=0&srsName=EPSG%3A4326","source_layer":"idecor:mineria_area_amparo","source_fid":"mineria_area_amparo.104","source_srid":22173,"fetched_at":"2026-07-28T13:38:04+00:00","licencia":"no_especificada","expediente":"11256","nombre":"SAN MARTIN","mineral":["Au"],"mineral_origen":"MINERAL DE ORO","superficie_ha_calc":18.8022}},{"type":"Feature","geometry":{"type":"MultiPolygon","coordinates":[[[[-64.8549,-30.9727],[-64.8549,-30.9673],[-64.8486,-30.9672],[-64.8486,-30.9726],[-64.8549,-30.9727]]]]},"properties":{"id":"cordoba:area_amparo:mineria_area_amparo.105","provincia":"cordoba","provincia_nombre":"Córdoba","tipo":"area_proteccion","estado":"desconocido","geom_kind":"poligono","fuente_id":"cordoba.idecor.area_amparo","source_url":"https://idecor-ws.mapascordoba.gob.ar/geoserver/wfs?service=WFS&version=2.0.0&request=GetFeature&typeNames=idecor%3Amineria_area_amparo&outputFormat=application%2Fjson&count=2000&startIndex=0&srsName=EPSG%3A4326","source_layer":"idecor:mineria_area_amparo","source_fid":"mineria_area_amparo.105","source_srid":22173,"fetched_at":"2026-07-28T13:38:04+00:00","licencia":"no_especificada","expediente":"11254","nombre":"LA LAGUNA","mineral":["Au"],"mineral_origen":"MINERAL DE ORO","superficie_ha_calc":36.0332}},{"type":"Feature","geometry":{"type":"MultiPolygon","coordinates":[[[[-64.8545,-30.9658],[-64.8545,-30.9673],[-64.8545,-30.9712],[-64.8607,-30.9712],[-64.8608,-30.9658],[-64.8545,-30.9658]]]]},"properties":{"id":"cordoba:area_amparo:mineria_area_amparo.106","provincia":"cordoba","provincia_nombre":"Córdoba","tipo":"area_proteccion","estado":"desconocido","geom_kind":"poligono","fuente_id":"cordoba.idecor.area_amparo","source_url":"https://idecor-ws.mapascordoba.gob.ar/geoserver/wfs?service=WFS&version=2.0.0&request=GetFeature&typeNames=idecor%3Amineria_area_amparo&outputFormat=application%2Fjson&count=2000&startIndex=0&srsName=EPSG%3A4326","source_layer":"idecor:mineria_area_amparo","source_fid":"mineria_area_amparo.106","source_srid":22173,"fetched_at":"2026-07-28T13:38:04+00:00","licencia":"no_especificada","expediente":"11253","nombre":"LA HIGUERILLA","mineral":["Au"],"mineral_origen":"MINERAL DE ORO","superficie_ha_calc":35.7478}},{"type":"Feature","geometry":{"type":"MultiPolygon","coordinates":[[[[-64.8687,-30.9657],[-64.8686,-30.9714],[-64.8749,-30.9715],[-64.8749,-30.9658],[-64.8687,-30.9657]]]]},"properties":{"id":"cordoba:area_amparo:mineria_area_amparo.107","provincia":"cordoba","provincia_nombre":"Córdoba","tipo":"area_proteccion","estado":"desconocido","geom_kind":"poligono","fuente_id":"cordoba.idecor.area_amparo","source_url":"https://idecor-ws.mapascordoba.gob.ar/geoserver/wfs?service=WFS&version=2.0.0&request=GetFeature&typeNames=idecor%3Amineria_area_amparo&outputFormat=application%2Fjson&count=2000&startIndex=0&srsName=EPSG%3A4326","source_layer":"idecor:mineria_area_amparo","source_fid":"mineria_area_amparo.107","source_srid":22173,"fetched_at":"2026-07-28T13:38:04+00:00","licencia":"no_especificada","expediente":"11251","nombre":"LA HIGUERA","mineral":["Au"],"mineral_origen":"MINERAL DE ORO","superficie_ha_calc":37.739}},{"type":"Feature","geometry":{"type":"MultiPolygon","coordinates":[[[[-64.6736,-30.8209],[-64.6584,-30.8208],[-64.6582,-30.8347],[-64.6734,-30.8348],[-64.6736,-30.8209]]]]},"properties":{"id":"cordoba:area_amparo:mineria_area_amparo.108","provincia":"cordoba","provincia_nombre":"Córdoba","tipo":"area_proteccion","estado":"desconocido","geom_kind":"poligono","fuente_id":"cordoba.idecor.area_amparo","source_url":"https://idecor-ws.mapascordoba.gob.ar/geoserver/wfs?service=WFS&version=2.0.0&request=GetFeature&typeNames=idecor%3Amineria_area_amparo&outputFormat=application%2Fjson&count=2000&startIndex=0&srsName=EPSG%3A4326","source_layer":"idecor:mineria_area_amparo","source_fid":"mineria_area_amparo.108","source_srid":22173,"fetched_at":"2026-07-28T13:38:04+00:00","licencia":"no_especificada","expediente":"10650","nombre":"JULIANA II","mineral":["Wollastonita"],"mineral_origen":"WOLLASTONITA","superficie_ha_calc":224.1302}},{"type":"Feature","geometry":{"type":"MultiPolygon","coordinates":[[[[-64.6592,-30.9279],[-64.6529,-30.9278],[-64.6528,-30.9332],[-64.6591,-30.9333],[-64.6592,-30.9279]]]]},"properties":{"id":"cordoba:area_amparo:mineria_area_amparo.109","provincia":"cordoba","provincia_nombre":"Córdoba","tipo":"area_proteccion","estado":"desconocido","geom_kind":"poligono","fuente_id":"cordoba.idecor.area_amparo","source_url":"https://idecor-ws.mapascordoba.gob.ar/geoserver/wfs?service=WFS&version=2.0.0&request=GetFeature&typeNames=idecor%3Amineria_area_amparo&outputFormat=application%2Fjson&count=2000&startIndex=0&srsName=EPSG%3A4326","source_layer":"idecor:mineria_area_amparo","source_fid":"mineria_area_amparo.109","source_srid":22173,"fetched_at":"2026-07-28T13:38:04+00:00","licencia":"no_especificada","expediente":"11048","nombre":"TABAQUILLO","mineral":["Granate","Wollastonita"],"mineral_origen":"GRANATE-WOLLASTONITA","superficie_ha_calc":36.0584}},{"type":"Feature","geometry":{"type":"MultiPolygon","coordinates":[[[[-64.6247,-30.9333],[-64.6246,-30.9415],[-64.634,-30.9416],[-64.6342,-30.9334],[-64.6247,-30.9333]]]]},"properties":{"id":"cordoba:area_amparo:mineria_area_amparo.110","provincia":"cordoba","provincia_nombre":"Córdoba","tipo":"area_proteccion","estado":"desconocido","geom_kind":"poligono","fuente_id":"cordoba.idecor.area_amparo","source_url":"https://idecor-ws.mapascordoba.gob.ar/geoserver/wfs?service=WFS&version=2.0.0&request=GetFeature&typeNames=idecor%3Amineria_area_amparo&outputFormat=application%2Fjson&count=2000&startIndex=0&srsName=EPSG%3A4326","source_layer":"idecor:mineria_area_amparo","source_fid":"mineria_area_amparo.110","source_srid":22173,"fetched_at":"2026-07-28T13:38:04+00:00","licencia":"no_especificada","expediente":"10774","nombre":"SAN FRANCISCO","mineral":["Granate","Wollastonita"],"mineral_origen":"GRANATE-WOLLASTONITA","superficie_ha_calc":82.1189}},{"type":"Feature","geometry":{"type":"MultiPolygon","coordinates":[[[[-64.8369,-30.9618],[-64.835,-30.9612],[-64.8339,-30.9637],[-64.8357,-30.9644],[-64.8369,-30.9618]]]]},"properties":{"id":"cordoba:area_amparo:mineria_area_amparo.111","provincia":"cordoba","provincia_nombre":"Córdoba","tipo":"area_proteccion","estado":"desconocido","geom_kind":"poligono","fuente_id":"cordoba.idecor.area_amparo","source_url":"https://idecor-ws.mapascordoba.gob.ar/geoserver/wfs?service=WFS&version=2.0.0&request=GetFeature&typeNames=idecor%3Amineria_area_amparo&outputFormat=application%2Fjson&count=2000&startIndex=0&srsName=EPSG%3A4326","source_layer":"idecor:mineria_area_amparo","source_fid":"mineria_area_amparo.111","source_srid":22173,"fetched_at":"2026-07-28T13:38:04+00:00","licencia":"no_especificada","expediente":"591","nombre":"CHITA O EL TORNO","mineral":["Au"],"mineral_origen":"MINERAL DE ORO","superficie_ha_calc":5.7888}},{"type":"Feature","geometry":{"type":"MultiPolygon","coordinates":[[[[-64.8337,-30.9703],[-64.8316,-30.9704],[-64.8316,-30.9729],[-64.8336,-30.9728],[-64.8337,-30.9703]]]]},"properties":{"id":"cordoba:area_amparo:mineria_area_amparo.112","provincia":"cordoba","provincia_nombre":"Córdoba","tipo":"area_proteccion","estado":"desconocido","geom_kind":"poligono","fuente_id":"cordoba.idecor.area_amparo","source_url":"https://idecor-ws.mapascordoba.gob.ar/geoserver/wfs?service=WFS&version=2.0.0&request=GetFeature&typeNames=idecor%3Amineria_area_amparo&outputFormat=application%2Fjson&count=2000&startIndex=0&srsName=EPSG%3A4326","source_layer":"idecor:mineria_area_amparo","source_fid":"mineria_area_amparo.112","source_srid":22173,"fetched_at":"2026-07-28T13:38:04+00:00","licencia":"no_especificada","expediente":"1693","nombre":"NIÑO DIOS O PIQUE VERDE","mineral":["Au"],"mineral_origen":"MINERAL DE ORO","superficie_ha_calc":5.4229}},{"type":"Feature","geometry":{"type":"MultiPolygon","coordinates":[[[[-65.0005,-30.9502],[-64.9899,-30.9564],[-64.9911,-30.9579],[-65.0016,-30.9518],[-65.0005,-30.9502]]]]},"properties":{"id":"cordoba:area_amparo:mineria_area_amparo.113","provincia":"cordoba","provincia_nombre":"Córdoba","tipo":"area_proteccion","estado":"desconocido","geom_kind":"poligono","fuente_id":"cordoba.idecor.area_amparo","source_url":"https://idecor-ws.mapascordoba.gob.ar/geoserver/wfs?service=WFS&version=2.0.0&request=GetFeature&typeNames=idecor%3Amineria_area_amparo&outputFormat=application%2Fjson&count=2000&startIndex=0&srsName=EPSG%3A4326","source_layer":"idecor:mineria_area_amparo","source_fid":"mineria_area_amparo.113","source_srid":22173,"fetched_at":"2026-07-28T13:38:04+00:00","licencia":"no_especificada","expediente":"10162","nombre":"SANTA MARIA","mineral":["cuarzo","feldespato"],"mineral_origen":"CUARZO-FELDESPATO","superficie_ha_calc":24.8152}},{"type":"Feature","geometry":{"type":"MultiPolygon","coordinates":[[[[-64.8608,-30.8775],[-64.8525,-30.8774],[-64.8524,-30.8846],[-64.8608,-30.8847],[-64.8608,-30.8775]]]]},"properties":{"id":"cordoba:area_amparo:mineria_area_amparo.114","provincia":"cordoba","provincia_nombre":"Córdoba","tipo":"area_proteccion","estado":"desconocido","geom_kind":"poligono","fuente_id":"cordoba.idecor.area_amparo","source_url":"https://idecor-ws.mapascordoba.gob.ar/geoserver/wfs?service=WFS&version=2.0.0&request=GetFeature&typeNames=idecor%3Amineria_area_amparo&outputFormat=application%2Fjson&count=2000&startIndex=0&srsName=EPSG%3A4326","source_layer":"idecor:mineria_area_amparo","source_fid":"mineria_area_amparo.114","source_srid":22173,"fetched_at":"2026-07-28T13:38:04+00:00","licencia":"no_especificada","expediente":"11259","nombre":"EL SAUCESITO","mineral":["Au"],"mineral_origen":"MINERAL DE ORO","superficie_ha_calc":63.7411}},{"type":"Feature","geometry":{"type":"MultiPolygon","coordinates":[[[[-64.7506,-31.9989],[-64.741,-31.9988],[-64.7409,-32.0069],[-64.7504,-32.007],[-64.7506,-31.9989]]]]},"properties":{"id":"cordoba:area_amparo:mineria_area_amparo.115","provincia":"cordoba","provincia_nombre":"Córdoba","tipo":"area_proteccion","estado":"desconocido","geom_kind":"poligono","fuente_id":"cordoba.idecor.area_amparo","source_url":"https://idecor-ws.mapascordoba.gob.ar/geoserver/wfs?service=WFS&version=2.0.0&request=GetFeature&typeNames=idecor%3Amineria_area_amparo&outputFormat=application%2Fjson&count=2000&startIndex=0&srsName=EPSG%3A4326","source_layer":"idecor:mineria_area_amparo","source_fid":"mineria_area_amparo.115","source_srid":22173,"fetched_at":"2026-07-28T13:38:04+00:00","licencia":"no_especificada","expediente":"10705","nombre":"CROMITA LOS CONGOS","mineral":["Mineral De Cromo"],"mineral_origen":"MINERAL DE CROMO","superficie_ha_calc":81.0661}},{"type":"Feature","geometry":{"type":"MultiPolygon","coordinates":[[[[-64.8895,-31.6292],[-64.8894,-31.6363],[-64.8978,-31.6364],[-64.8978,-31.6293],[-64.8895,-31.6292]]]]},"properties":{"id":"cordoba:area_amparo:mineria_area_amparo.116","provincia":"cordoba","provincia_nombre":"Córdoba","tipo":"area_proteccion","estado":"desconocido","geom_kind":"poligono","fuente_id":"cordoba.idecor.area_amparo","source_url":"https://idecor-ws.mapascordoba.gob.ar/geoserver/wfs?service=WFS&version=2.0.0&request=GetFeature&typeNames=idecor%3Amineria_area_amparo&outputFormat=application%2Fjson&count=2000&startIndex=0&srsName=EPSG%3A4326","source_layer":"idecor:mineria_area_amparo","source_fid":"mineria_area_amparo.116","source_srid":22173,"fetched_at":"2026-07-28T13:38:04+00:00","licencia":"no_especificada","expediente":"10955","nombre":"LA LEALTAD","mineral":["Berilo","cuarzo","mica"],"mineral_origen":"BERILO-CUARZO-MICA","superficie_ha_calc":62.367}},{"type":"Feature","geometry":{"type":"MultiPolygon","coordinates":[[[[-64.3999,-32.0063],[-64.3997,-32.0144],[-64.4092,-32.0145],[-64.4094,-32.0064],[-64.3999,-32.0063]]]]},"properties":{"id":"cordoba:area_amparo:mineria_area_amparo.117","provincia":"cordoba","provincia_nombre":"Córdoba","tipo":"area_proteccion","estado":"desconocido","geom_kind":"poligono","fuente_id":"cordoba.idecor.area_amparo","source_url":"https://idecor-ws.mapascordoba.gob.ar/geoserver/wfs?service=WFS&version=2.0.0&request=GetFeature&typeNames=idecor%3Amineria_area_amparo&outputFormat=application%2Fjson&count=2000&startIndex=0&srsName=EPSG%3A4326","source_layer":"idecor:mineria_area_amparo","source_fid":"mineria_area_amparo.117","source_srid":22173,"fetched_at":"2026-07-28T13:38:04+00:00","licencia":"no_especificada","expediente":"11295","nombre":"AGOSTI","mineral":["feldespato"],"mineral_origen":"FELDESPATO","superficie_ha_calc":80.6405}},{"type":"Feature","geometry":{"type":"MultiPolygon","coordinates":[[[[-65.4264,-31.1507],[-65.4264,-31.147],[-65.4232,-31.147],[-65.4232,-31.1506],[-65.4264,-31.1507]]]]},"properties":{"id":"cordoba:area_amparo:mineria_area_amparo.118","provincia":"cordoba","provincia_nombre":"Córdoba","tipo":"area_proteccion","estado":"desconocido","geom_kind":"poligono","fuente_id":"cordoba.idecor.area_amparo","source_url":"https://idecor-ws.mapascordoba.gob.ar/geoserver/wfs?service=WFS&version=2.0.0&request=GetFeature&typeNames=idecor%3Amineria_area_amparo&outputFormat=application%2Fjson&count=2000&startIndex=0&srsName=EPSG%3A4326","source_layer":"idecor:mineria_area_amparo","source_fid":"mineria_area_amparo.118","source_srid":22173,"fetched_at":"2026-07-28T13:38:04+00:00","licencia":"no_especificada","expediente":"11282","nombre":"JESSICA","mineral":["cuarzo"],"mineral_origen":"CUARZO","superficie_ha_calc":12.3484}},{"type":"Feature","geometry":{"type":"MultiPolygon","coordinates":[[[[-65.4271,-31.1487],[-65.4271,-31.1523],[-65.4303,-31.1524],[-65.4303,-31.1488],[-65.4271,-31.1487]]]]},"properties":{"id":"cordoba:area_amparo:mineria_area_amparo.119","provincia":"cordoba","provincia_nombre":"Córdoba","tipo":"area_proteccion","estado":"desconocido","geom_kind":"poligono","fuente_id":"cordoba.idecor.area_amparo","source_url":"https://idecor-ws.mapascordoba.gob.ar/geoserver/wfs?service=WFS&version=2.0.0&request=GetFeature&typeNames=idecor%3Amineria_area_amparo&outputFormat=application%2Fjson&count=2000&startIndex=0&srsName=EPSG%3A4326","source_layer":"idecor:mineria_area_amparo","source_fid":"mineria_area_amparo.119","source_srid":22173,"fetched_at":"2026-07-28T13:38:04+00:00","licencia":"no_especificada","expediente":"11278","nombre":"LORENA","mineral":["cuarzo"],"mineral_origen":"CUARZO","superficie_ha_calc":12.179}},{"type":"Feature","geometry":{"type":"MultiPolygon","coordinates":[[[[-65.4321,-31.1595],[-65.4321,-31.1559],[-65.4289,-31.1559],[-65.4289,-31.1595],[-65.4321,-31.1595]]]]},"properties":{"id":"cordoba:area_amparo:mineria_area_amparo.120","provincia":"cordoba","provincia_nombre":"Córdoba","tipo":"area_proteccion","estado":"desconocido","geom_kind":"poligono","fuente_id":"cordoba.idecor.area_amparo","source_url":"https://idecor-ws.mapascordoba.gob.ar/geoserver/wfs?service=WFS&version=2.0.0&request=GetFeature&typeNames=idecor%3Amineria_area_amparo&outputFormat=application%2Fjson&count=2000&startIndex=0&srsName=EPSG%3A4326","source_layer":"idecor:mineria_area_amparo","source_fid":"mineria_area_amparo.120","source_srid":22173,"fetched_at":"2026-07-28T13:38:04+00:00","licencia":"no_especificada","expediente":"11275","nombre":"NATALIA ANAHI","mineral":["cuarzo"],"mineral_origen":"CUARZO","superficie_ha_calc":12.1781}},{"type":"Feature","geometry":{"type":"MultiPolygon","coordinates":[[[[-65.3437,-31.4172],[-65.3436,-31.4253],[-65.3531,-31.4253],[-65.3531,-31.4172],[-65.3437,-31.4172]]]]},"properties":{"id":"cordoba:area_amparo:mineria_area_amparo.121","provincia":"cordoba","provincia_nombre":"Córdoba","tipo":"area_proteccion","estado":"desconocido","geom_kind":"poligono","fuente_id":"cordoba.idecor.area_amparo","source_url":"https://idecor-ws.mapascordoba.gob.ar/geoserver/wfs?service=WFS&version=2.0.0&request=GetFeature&typeNames=idecor%3Amineria_area_amparo&outputFormat=application%2Fjson&count=2000&startIndex=0&srsName=EPSG%3A4326","source_layer":"idecor:mineria_area_amparo","source_fid":"mineria_area_amparo.121","source_srid":22173,"fetched_at":"2026-07-28T13:38:04+00:00","licencia":"no_especificada","expediente":"11269","nombre":"LOMA BLANCA","mineral":["cuarzo","feldespato"],"mineral_origen":"CUARZO-FELDESPATO","superficie_ha_calc":80.6965}},{"type":"Feature","geometry":{"type":"MultiPolygon","coordinates":[[[[-64.34,-32.1089],[-64.34,-32.1197],[-64.3528,-32.1197],[-64.3528,-32.1089],[-64.34,-32.1089]]]]},"properties":{"id":"cordoba:area_amparo:mineria_area_amparo.122","provincia":"cordoba","provincia_nombre":"Córdoba","tipo":"area_proteccion","estado":"desconocido","geom_kind":"poligono","fuente_id":"cordoba.idecor.area_amparo","source_url":"https://idecor-ws.mapascordoba.gob.ar/geoserver/wfs?service=WFS&version=2.0.0&request=GetFeature&typeNames=idecor%3Amineria_area_amparo&outputFormat=application%2Fjson&count=2000&startIndex=0&srsName=EPSG%3A4326","source_layer":"idecor:mineria_area_amparo","source_fid":"mineria_area_amparo.122","source_srid":22173,"fetched_at":"2026-07-28T13:38:04+00:00","licencia":"no_especificada","expediente":"11268","nombre":"DON GUILLERMO","mineral":["cuarzo"],"mineral_origen":"CUARZO","superficie_ha_calc":144.6711}},{"type":"Feature","geometry":{"type":"MultiPolygon","coordinates":[[[[-64.5463,-31.8493],[-64.5462,-31.852],[-64.5483,-31.852],[-64.5484,-31.8493],[-64.5463,-31.8493]]]]},"properties":{"id":"cordoba:area_amparo:mineria_area_amparo.123","provincia":"cordoba","provincia_nombre":"Córdoba","tipo":"area_proteccion","estado":"desconocido","geom_kind":"poligono","fuente_id":"cordoba.idecor.area_amparo","source_url":"https://idecor-ws.mapascordoba.gob.ar/geoserver/wfs?service=WFS&version=2.0.0&request=GetFeature&typeNames=idecor%3Amineria_area_amparo&outputFormat=application%2Fjson&count=2000&startIndex=0&srsName=EPSG%3A4326","source_layer":"idecor:mineria_area_amparo","source_fid":"mineria_area_amparo.123","source_srid":22173,"fetched_at":"2026-07-28T13:38:04+00:00","licencia":"no_especificada","expediente":"11217","nombre":"INTELIGENTE","mineral":["cuarzo","mica"],"mineral_origen":"CUARZO-MICA","superficie_ha_calc":5.9505}},{"type":"Feature","geometry":{"type":"MultiPolygon","coordinates":[[[[-64.912,-32.0954],[-64.9119,-32.1062],[-64.9246,-32.1063],[-64.9247,-32.0955],[-64.912,-32.0954]]]]},"properties":{"id":"cordoba:area_amparo:mineria_area_amparo.125","provincia":"cordoba","provincia_nombre":"Córdoba","tipo":"area_proteccion","estado":"desconocido","geom_kind":"poligono","fuente_id":"cordoba.idecor.area_amparo","source_url":"https://idecor-ws.mapascordoba.gob.ar/geoserver/wfs?service=WFS&version=2.0.0&request=GetFeature&typeNames=idecor%3Amineria_area_amparo&outputFormat=application%2Fjson&count=2000&startIndex=0&srsName=EPSG%3A4326","source_layer":"idecor:mineria_area_amparo","source_fid":"mineria_area_amparo.125","source_srid":22173,"fetched_at":"2026-07-28T13:38:04+00:00","licencia":"no_especificada","expediente":"11188","nombre":"LA FELICIDAD NORTE","mineral":["cuarzo","feldespato","mica"],"mineral_origen":"CUARZO-FELDESPATO-MICA","superficie_ha_calc":143.5721}},{"type":"Feature","geometry":{"type":"MultiPolygon","coordinates":[[[[-64.9198,-32.1062],[-64.9198,-32.109],[-64.923,-32.109],[-64.923,-32.1063],[-64.9198,-32.1062]]]]},"properties":{"id":"cordoba:area_amparo:mineria_area_amparo.126","provincia":"cordoba","provincia_nombre":"Córdoba","tipo":"area_proteccion","estado":"desconocido","geom_kind":"poligono","fuente_id":"cordoba.idecor.area_amparo","source_url":"https://idecor-ws.mapascordoba.gob.ar/geoserver/wfs?service=WFS&version=2.0.0&request=GetFeature&typeNames=idecor%3Amineria_area_amparo&outputFormat=application%2Fjson&count=2000&startIndex=0&srsName=EPSG%3A4326","source_layer":"idecor:mineria_area_amparo","source_fid":"mineria_area_amparo.126","source_srid":22173,"fetched_at":"2026-07-28T13:38:04+00:00","licencia":"no_especificada","expediente":"11186","nombre":"LA FELICIDAD","mineral":["cuarzo","feldespato","mica"],"mineral_origen":"CUARZO-FELDESPATO-MICA","superficie_ha_calc":9.21}},{"type":"Feature","geometry":{"type":"MultiPolygon","coordinates":[[[[-64.927,-32.1053],[-64.9269,-32.1161],[-64.9396,-32.1163],[-64.9397,-32.1054],[-64.927,-32.1053]]]]},"properties":{"id":"cordoba:area_amparo:mineria_area_amparo.127","provincia":"cordoba","provincia_nombre":"Córdoba","tipo":"area_proteccion","estado":"desconocido","geom_kind":"poligono","fuente_id":"cordoba.idecor.area_amparo","source_url":"https://idecor-ws.mapascordoba.gob.ar/geoserver/wfs?service=WFS&version=2.0.0&request=GetFeature&typeNames=idecor%3Amineria_area_amparo&outputFormat=application%2Fjson&count=2000&startIndex=0&srsName=EPSG%3A4326","source_layer":"idecor:mineria_area_amparo","source_fid":"mineria_area_amparo.127","source_srid":22173,"fetched_at":"2026-07-28T13:38:04+00:00","licencia":"no_especificada","expediente":"11187","nombre":"LA FELICIDAD OESTE","mineral":["cuarzo","feldespato","mica"],"mineral_origen":"CUARZO-FELDESPATO-MICA","superficie_ha_calc":144.2266}},{"type":"Feature","geometry":{"type":"MultiPolygon","coordinates":[[[[-64.6719,-31.7743],[-64.6718,-31.7824],[-64.6813,-31.7825],[-64.6814,-31.7744],[-64.6719,-31.7743]]]]},"properties":{"id":"cordoba:area_amparo:mineria_area_amparo.128","provincia":"cordoba","provincia_nombre":"Córdoba","tipo":"area_proteccion","estado":"desconocido","geom_kind":"poligono","fuente_id":"cordoba.idecor.area_amparo","source_url":"https://idecor-ws.mapascordoba.gob.ar/geoserver/wfs?service=WFS&version=2.0.0&request=GetFeature&typeNames=idecor%3Amineria_area_amparo&outputFormat=application%2Fjson&count=2000&startIndex=0&srsName=EPSG%3A4326","source_layer":"idecor:mineria_area_amparo","source_fid":"mineria_area_amparo.128","source_srid":22173,"fetched_at":"2026-07-28T13:38:04+00:00","licencia":"no_especificada","expediente":"11216","nombre":"SOL AGUSTINA II","mineral":["cuarzo"],"mineral_origen":"CUARZO","superficie_ha_calc":80.8295}},{"type":"Feature","geometry":{"type":"MultiPolygon","coordinates":[[[[-64.6695,-31.8398],[-64.679,-31.8399],[-64.6791,-31.8318],[-64.6696,-31.8317],[-64.6695,-31.8398]]]]},"properties":{"id":"cordoba:area_amparo:mineria_area_amparo.129","provincia":"cordoba","provincia_nombre":"Córdoba","tipo":"area_proteccion","estado":"desconocido","geom_kind":"poligono","fuente_id":"cordoba.idecor.area_amparo","source_url":"https://idecor-ws.mapascordoba.gob.ar/geoserver/wfs?service=WFS&version=2.0.0&request=GetFeature&typeNames=idecor%3Amineria_area_amparo&outputFormat=application%2Fjson&count=2000&startIndex=0&srsName=EPSG%3A4326","source_layer":"idecor:mineria_area_amparo","source_fid":"mineria_area_amparo.129","source_srid":22173,"fetched_at":"2026-07-28T13:38:04+00:00","licencia":"no_especificada","expediente":"11166","nombre":"MARIA ELENA","mineral":["cuarzo","mica"],"mineral_origen":"CUARZO-MICA","superficie_ha_calc":80.7803}},{"type":"Feature","geometry":{"type":"MultiPolygon","coordinates":[[[[-64.7185,-29.8195],[-64.6971,-29.8338],[-64.705,-29.846],[-64.7107,-29.839],[-64.7156,-29.8374],[-64.7151,-29.8363],[-64.7263,-29.8318],[-64.7185,-29.8195]]]]},"properties":{"id":"cordoba:area_amparo:mineria_area_amparo.130","provincia":"cordoba","provincia_nombre":"Córdoba","tipo":"area_proteccion","estado":"desconocido","geom_kind":"poligono","fuente_id":"cordoba.idecor.area_amparo","source_url":"https://idecor-ws.mapascordoba.gob.ar/geoserver/wfs?service=WFS&version=2.0.0&request=GetFeature&typeNames=idecor%3Amineria_area_amparo&outputFormat=application%2Fjson&count=2000&startIndex=0&srsName=EPSG%3A4326","source_layer":"idecor:mineria_area_amparo","source_fid":"mineria_area_amparo.130","source_srid":22173,"fetched_at":"2026-07-28T13:38:04+00:00","licencia":"no_especificada","expediente":"11162","nombre":"GUILLERMO Y FRANCISCO","mineral":["sal"],"mineral_origen":"SAL","superficie_ha_calc":361.2388}},{"type":"Feature","geometry":{"type":"MultiPolygon","coordinates":[[[[-64.9369,-31.991],[-64.9368,-31.9964],[-64.9432,-31.9964],[-64.9432,-31.991],[-64.9369,-31.991]]]]},"properties":{"id":"cordoba:area_amparo:mineria_area_amparo.131","provincia":"cordoba","provincia_nombre":"Córdoba","tipo":"area_proteccion","estado":"desconocido","geom_kind":"poligono","fuente_id":"cordoba.idecor.area_amparo","source_url":"https://idecor-ws.mapascordoba.gob.ar/geoserver/wfs?service=WFS&version=2.0.0&request=GetFeature&typeNames=idecor%3Amineria_area_amparo&outputFormat=application%2Fjson&count=2000&startIndex=0&srsName=EPSG%3A4326","source_layer":"idecor:mineria_area_amparo","source_fid":"mineria_area_amparo.131","source_srid":22173,"fetched_at":"2026-07-28T13:38:04+00:00","licencia":"no_especificada","expediente":"10951","nombre":"MARIA ANTONIA","mineral":["cuarzo","feldespato"],"mineral_origen":"CUARZO-FELDESPATO","superficie_ha_calc":35.9316}},{"type":"Feature","geometry":{"type":"MultiPolygon","coordinates":[[[[-64.7292,-32.2048],[-64.7291,-32.2129],[-64.7386,-32.213],[-64.7387,-32.2049],[-64.7292,-32.2048]]]]},"properties":{"id":"cordoba:area_amparo:mineria_area_amparo.132","provincia":"cordoba","provincia_nombre":"Córdoba","tipo":"area_proteccion","estado":"desconocido","geom_kind":"poligono","fuente_id":"cordoba.idecor.area_amparo","source_url":"https://idecor-ws.mapascordoba.gob.ar/geoserver/wfs?service=WFS&version=2.0.0&request=GetFeature&typeNames=idecor%3Amineria_area_amparo&outputFormat=application%2Fjson&count=2000&startIndex=0&srsName=EPSG%3A4326","source_layer":"idecor:mineria_area_amparo","source_fid":"mineria_area_amparo.132","source_srid":22173,"fetched_at":"2026-07-28T13:38:04+00:00","licencia":"no_especificada","expediente":"10718","nombre":"UME PAY","mineral":["Mineral De Cromo","Fe"],"mineral_origen":"MINERAL DE CROMO-HIERRO","superficie_ha_calc":80.4583}},{"type":"Feature","geometry":{"type":"MultiPolygon","coordinates":[[[[-64.725,-32.2016],[-64.7251,-32.1935],[-64.7156,-32.1934],[-64.7154,-32.2015],[-64.725,-32.2016]]]]},"properties":{"id":"cordoba:area_amparo:mineria_area_amparo.133","provincia":"cordoba","provincia_nombre":"Córdoba","tipo":"area_proteccion","estado":"desconocido","geom_kind":"poligono","fuente_id":"cordoba.idecor.area_amparo","source_url":"https://idecor-ws.mapascordoba.gob.ar/geoserver/wfs?service=WFS&version=2.0.0&request=GetFeature&typeNames=idecor%3Amineria_area_amparo&outputFormat=application%2Fjson&count=2000&startIndex=0&srsName=EPSG%3A4326","source_layer":"idecor:mineria_area_amparo","source_fid":"mineria_area_amparo.133","source_srid":22173,"fetched_at":"2026-07-28T13:38:04+00:00","licencia":"no_especificada","expediente":"10719","nombre":"6º PERTENENCIA LOS GUANACOS","mineral":["Mineral De Cromo","Fe"],"mineral_origen":"MINERAL DE CROMO-HIERRO","superficie_ha_calc":80.8969}},{"type":"Feature","geometry":{"type":"MultiPolygon","coordinates":[[[[-65.3554,-31.3636],[-65.3553,-31.369],[-65.3616,-31.369],[-65.3617,-31.3636],[-65.3554,-31.3636]]]]},"properties":{"id":"cordoba:area_amparo:mineria_area_amparo.134","provincia":"cordoba","provincia_nombre":"Córdoba","tipo":"area_proteccion","estado":"desconocido","geom_kind":"poligono","fuente_id":"cordoba.idecor.area_amparo","source_url":"https://idecor-ws.mapascordoba.gob.ar/geoserver/wfs?service=WFS&version=2.0.0&request=GetFeature&typeNames=idecor%3Amineria_area_amparo&outputFormat=application%2Fjson&count=2000&startIndex=0&srsName=EPSG%3A4326","source_layer":"idecor:mineria_area_amparo","source_fid":"mineria_area_amparo.134","source_srid":22173,"fetched_at":"2026-07-28T13:38:04+00:00","licencia":"no_especificada","expediente":"11215","nombre":"FLECHA I","mineral":["cuarzo","feldespato"],"mineral_origen":"CUARZO-FELDESPATO","superficie_ha_calc":35.8857}},{"type":"Feature","geometry":{"type":"MultiPolygon","coordinates":[[[[-64.6752,-31.7909],[-64.6751,-31.7987],[-64.6846,-31.7988],[-64.6847,-31.7907],[-64.6752,-31.7909]]]]},"properties":{"id":"cordoba:area_amparo:mineria_area_amparo.135","provincia":"cordoba","provincia_nombre":"Córdoba","tipo":"area_proteccion","estado":"desconocido","geom_kind":"poligono","fuente_id":"cordoba.idecor.area_amparo","source_url":"https://idecor-ws.mapascordoba.gob.ar/geoserver/wfs?service=WFS&version=2.0.0&request=GetFeature&typeNames=idecor%3Amineria_area_amparo&outputFormat=application%2Fjson&count=2000&startIndex=0&srsName=EPSG%3A4326","source_layer":"idecor:mineria_area_amparo","source_fid":"mineria_area_amparo.135","source_srid":22173,"fetched_at":"2026-07-28T13:38:04+00:00","licencia":"no_especificada","expediente":"11201","nombre":"TALCO NEGRO","mineral":["cuarzo"],"mineral_origen":"CUARZO","superficie_ha_calc":79.3034}},{"type":"Feature","geometry":{"type":"MultiPolygon","coordinates":[[[[-65.2601,-31.6109],[-65.2601,-31.6136],[-65.2622,-31.6136],[-65.2622,-31.6109],[-65.2601,-31.6109]]]]},"properties":{"id":"cordoba:area_amparo:mineria_area_amparo.136","provincia":"cordoba","provincia_nombre":"Córdoba","tipo":"area_proteccion","estado":"desconocido","geom_kind":"poligono","fuente_id":"cordoba.idecor.area_amparo","source_url":"https://idecor-ws.mapascordoba.gob.ar/geoserver/wfs?service=WFS&version=2.0.0&request=GetFeature&typeNames=idecor%3Amineria_area_amparo&outputFormat=application%2Fjson&count=2000&startIndex=0&srsName=EPSG%3A4326","source_layer":"idecor:mineria_area_amparo","source_fid":"mineria_area_amparo.136","source_srid":22173,"fetched_at":"2026-07-28T13:38:04+00:00","licencia":"no_especificada","expediente":"11154","nombre":"TOTITO","mineral":["cuarzo","feldespato"],"mineral_origen":"CUARZO-FELDESPATO","superficie_ha_calc":5.9656}},{"type":"Feature","geometry":{"type":"MultiPolygon","coordinates":[[[[-65.3084,-31.4539],[-65.3084,-31.4593],[-65.3147,-31.4593],[-65.3147,-31.4539],[-65.3084,-31.4539]]]]},"properties":{"id":"cordoba:area_amparo:mineria_area_amparo.137","provincia":"cordoba","provincia_nombre":"Córdoba","tipo":"area_proteccion","estado":"desconocido","geom_kind":"poligono","fuente_id":"cordoba.idecor.area_amparo","source_url":"https://idecor-ws.mapascordoba.gob.ar/geoserver/wfs?service=WFS&version=2.0.0&request=GetFeature&typeNames=idecor%3Amineria_area_amparo&outputFormat=application%2Fjson&count=2000&startIndex=0&srsName=EPSG%3A4326","source_layer":"idecor:mineria_area_amparo","source_fid":"mineria_area_amparo.137","source_srid":22173,"fetched_at":"2026-07-28T13:38:04+00:00","licencia":"no_especificada","expediente":"11158","nombre":"LA LISTA","mineral":["Albita","cuarzo","mica"],"mineral_origen":"ALBITA-CUARZO-MICA","superficie_ha_calc":35.8519}},{"type":"Feature","geometry":{"type":"MultiPolygon","coordinates":[[[[-64.7005,-30.06],[-64.7047,-30.0667],[-64.7088,-30.0667],[-64.7088,-30.06],[-64.7005,-30.06],[-64.7005,-30.06]]]]},"properties":{"id":"cordoba:area_amparo:mineria_area_amparo.138","provincia":"cordoba","provincia_nombre":"Córdoba","tipo":"area_proteccion","estado":"desconocido","geom_kind":"poligono","fuente_id":"cordoba.idecor.area_amparo","source_url":"https://idecor-ws.mapascordoba.gob.ar/geoserver/wfs?service=WFS&version=2.0.0&request=GetFeature&typeNames=idecor%3Amineria_area_amparo&outputFormat=application%2Fjson&count=2000&startIndex=0&srsName=EPSG%3A4326","source_layer":"idecor:mineria_area_amparo","source_fid":"mineria_area_amparo.138","source_srid":22173,"fetched_at":"2026-07-28T13:38:04+00:00","licencia":"no_especificada","expediente":"10971","nombre":"ALTERNATIVA","mineral":["sal"],"mineral_origen":"SAL","superficie_ha_calc":44.4025}},{"type":"Feature","geometry":{"type":"MultiPolygon","coordinates":[[[[-64.691,-30.0293],[-64.691,-30.0464],[-64.7005,-30.06],[-64.7005,-30.0532],[-64.6974,-30.0532],[-64.6974,-30.0487],[-64.6943,-30.0487],[-64.6943,-30.0293],[-64.691,-30.0293]]]]},"properties":{"id":"cordoba:area_amparo:mineria_area_amparo.139","provincia":"cordoba","provincia_nombre":"Córdoba","tipo":"area_proteccion","estado":"desconocido","geom_kind":"poligono","fuente_id":"cordoba.idecor.area_amparo","source_url":"https://idecor-ws.mapascordoba.gob.ar/geoserver/wfs?service=WFS&version=2.0.0&request=GetFeature&typeNames=idecor%3Amineria_area_amparo&outputFormat=application%2Fjson&count=2000&startIndex=0&srsName=EPSG%3A4326","source_layer":"idecor:mineria_area_amparo","source_fid":"mineria_area_amparo.139","source_srid":22173,"fetched_at":"2026-07-28T13:38:04+00:00","licencia":"no_especificada","expediente":"11022","nombre":"JAZMIN","mineral":["sal"],"mineral_origen":"SAL","superficie_ha_calc":99.2389}},{"type":"Feature","geometry":{"type":"MultiPolygon","coordinates":[[[[-64.6943,-30.0269],[-64.6943,-30.0397],[-64.6974,-30.0397],[-64.6974,-30.0442],[-64.7005,-30.0442],[-64.7005,-30.0329],[-64.7005,-30.0293],[-64.7005,-30.0269],[-64.6943,-30.0269]]]]},"properties":{"id":"cordoba:area_amparo:mineria_area_amparo.140","provincia":"cordoba","provincia_nombre":"Córdoba","tipo":"area_proteccion","estado":"desconocido","geom_kind":"poligono","fuente_id":"cordoba.idecor.area_amparo","source_url":"https://idecor-ws.mapascordoba.gob.ar/geoserver/wfs?service=WFS&version=2.0.0&request=GetFeature&typeNames=idecor%3Amineria_area_amparo&outputFormat=application%2Fjson&count=2000&startIndex=0&srsName=EPSG%3A4326","source_layer":"idecor:mineria_area_amparo","source_fid":"mineria_area_amparo.140","source_srid":22173,"fetched_at":"2026-07-28T13:38:04+00:00","licencia":"no_especificada","expediente":"11020","nombre":"ROCIO","mineral":["sal"],"mineral_origen":"SAL","superficie_ha_calc":99.7677}},{"type":"Feature","geometry":{"type":"MultiPolygon","coordinates":[[[[-64.7005,-30.0293],[-64.7005,-30.0329],[-64.7088,-30.0329],[-64.7088,-30.0397],[-64.7149,-30.0397],[-64.7149,-30.0293],[-64.7005,-30.0293]]]]},"properties":{"id":"cordoba:area_amparo:mineria_area_amparo.141","provincia":"cordoba","provincia_nombre":"Córdoba","tipo":"area_proteccion","estado":"desconocido","geom_kind":"poligono","fuente_id":"cordoba.idecor.area_amparo","source_url":"https://idecor-ws.mapascordoba.gob.ar/geoserver/wfs?service=WFS&version=2.0.0&request=GetFeature&typeNames=idecor%3Amineria_area_amparo&outputFormat=application%2Fjson&count=2000&startIndex=0&srsName=EPSG%3A4326","source_layer":"idecor:mineria_area_amparo","source_fid":"mineria_area_amparo.141","source_srid":22173,"fetched_at":"2026-07-28T13:38:04+00:00","licencia":"no_especificada","expediente":"11021","nombre":"JOSEFINA","mineral":["sal"],"mineral_origen":"SAL","superficie_ha_calc":99.7782}},{"type":"Feature","geometry":{"type":"MultiPolygon","coordinates":[[[[-64.6756,-29.9681],[-64.6757,-29.9632],[-64.6757,-29.96],[-64.6663,-29.9599],[-64.666,-29.9863],[-64.6772,-29.9817],[-64.6707,-29.9816],[-64.6707,-29.9681],[-64.6756,-29.9681]]]]},"properties":{"id":"cordoba:area_amparo:mineria_area_amparo.142","provincia":"cordoba","provincia_nombre":"Córdoba","tipo":"area_proteccion","estado":"desconocido","geom_kind":"poligono","fuente_id":"cordoba.idecor.area_amparo","source_url":"https://idecor-ws.mapascordoba.gob.ar/geoserver/wfs?service=WFS&version=2.0.0&request=GetFeature&typeNames=idecor%3Amineria_area_amparo&outputFormat=application%2Fjson&count=2000&startIndex=0&srsName=EPSG%3A4326","source_layer":"idecor:mineria_area_amparo","source_fid":"mineria_area_amparo.142","source_srid":22173,"fetched_at":"2026-07-28T13:38:04+00:00","licencia":"no_especificada","expediente":"10757","nombre":"LOS CINCO","mineral":["sal"],"mineral_origen":"SAL","superficie_ha_calc":176.3912}},{"type":"Feature","geometry":{"type":"MultiPolygon","coordinates":[[[[-64.6734,-29.845],[-64.6712,-29.8631],[-64.6754,-29.8631],[-64.6754,-29.8586],[-64.6816,-29.8586],[-64.6817,-29.8564],[-64.692,-29.8565],[-64.692,-29.8542],[-64.6936,-29.8543],[-64.6937,-29.8452],[-64.6734,-29.845]]]]},"properties":{"id":"cordoba:area_amparo:mineria_area_amparo.143","provincia":"cordoba","provincia_nombre":"Córdoba","tipo":"area_proteccion","estado":"desconocido","geom_kind":"poligono","fuente_id":"cordoba.idecor.area_amparo","source_url":"https://idecor-ws.mapascordoba.gob.ar/geoserver/wfs?service=WFS&version=2.0.0&request=GetFeature&typeNames=idecor%3Amineria_area_amparo&outputFormat=application%2Fjson&count=2000&startIndex=0&srsName=EPSG%3A4326","source_layer":"idecor:mineria_area_amparo","source_fid":"mineria_area_amparo.143","source_srid":22173,"fetched_at":"2026-07-28T13:38:04+00:00","licencia":"no_especificada","expediente":"9929","nombre":"PATRIA","mineral":["sal"],"mineral_origen":"SAL","superficie_ha_calc":292.2636}},{"type":"Feature","geometry":{"type":"MultiPolygon","coordinates":[[[[-64.7052,-29.8528],[-64.704,-29.8507],[-64.7067,-29.8494],[-64.7042,-29.8465],[-64.6937,-29.8452],[-64.6936,-29.8543],[-64.692,-29.8542],[-64.692,-29.8565],[-64.6817,-29.8564],[-64.6816,-29.8586],[-64.6754,-29.8586],[-64.6754,-29.8631],[-64.6712,-29.863],[-64.6714,-29.8641],[-64.6714,-29.8685],[-64.6779,-29.8686],[-64.6779,-29.8616],[-64.6821,-29.8616],[-64.6821,-29.86],[-64.6883,-29.86],[-64.6883,-29.8618],[-64.6945,-29.8618],[-64.6945,-29.8528],[-64.7052,-29.8528]]]]},"properties":{"id":"cordoba:area_amparo:mineria_area_amparo.144","provincia":"cordoba","provincia_nombre":"Córdoba","tipo":"area_proteccion","estado":"desconocido","geom_kind":"poligono","fuente_id":"cordoba.idecor.area_amparo","source_url":"https://idecor-ws.mapascordoba.gob.ar/geoserver/wfs?service=WFS&version=2.0.0&request=GetFeature&typeNames=idecor%3Amineria_area_amparo&outputFormat=application%2Fjson&count=2000&startIndex=0&srsName=EPSG%3A4326","source_layer":"idecor:mineria_area_amparo","source_fid":"mineria_area_amparo.144","source_srid":22173,"fetched_at":"2026-07-28T13:38:04+00:00","licencia":"no_especificada","expediente":"10990","nombre":"MEDITERRANEA 2","mineral":["sal"],"mineral_origen":"SAL","superficie_ha_calc":216.1129}},{"type":"Feature","geometry":{"type":"MultiPolygon","coordinates":[[[[-64.7174,-29.8604],[-64.7265,-29.8561],[-64.724,-29.8521],[-64.7149,-29.8564],[-64.7174,-29.8604]]]]},"properties":{"id":"cordoba:area_amparo:mineria_area_amparo.145","provincia":"cordoba","provincia_nombre":"Córdoba","tipo":"area_proteccion","estado":"desconocido","geom_kind":"poligono","fuente_id":"cordoba.idecor.area_amparo","source_url":"https://idecor-ws.mapascordoba.gob.ar/geoserver/wfs?service=WFS&version=2.0.0&request=GetFeature&typeNames=idecor%3Amineria_area_amparo&outputFormat=application%2Fjson&count=2000&startIndex=0&srsName=EPSG%3A4326","source_layer":"idecor:mineria_area_amparo","source_fid":"mineria_area_amparo.145","source_srid":22173,"fetched_at":"2026-07-28T13:38:04+00:00","licencia":"no_especificada","expediente":"10989","nombre":"MEDITERRANEA 5","mineral":["sal"],"mineral_origen":"SAL","superficie_ha_calc":50.5018}},{"type":"Feature","geometry":{"type":"MultiPolygon","coordinates":[[[[-64.7172,-29.861],[-64.7122,-29.8531],[-64.707,-29.8556],[-64.707,-29.8658],[-64.7172,-29.861]]]]},"properties":{"id":"cordoba:area_amparo:mineria_area_amparo.146","provincia":"cordoba","provincia_nombre":"Córdoba","tipo":"area_proteccion","estado":"desconocido","geom_kind":"poligono","fuente_id":"cordoba.idecor.area_amparo","source_url":"https://idecor-ws.mapascordoba.gob.ar/geoserver/wfs?service=WFS&version=2.0.0&request=GetFeature&typeNames=idecor%3Amineria_area_amparo&outputFormat=application%2Fjson&count=2000&startIndex=0&srsName=EPSG%3A4326","source_layer":"idecor:mineria_area_amparo","source_fid":"mineria_area_amparo.146","source_srid":22173,"fetched_at":"2026-07-28T13:38:04+00:00","licencia":"no_especificada","expediente":"10988","nombre":"MEDITERRANEA 4","mineral":["sal"],"mineral_origen":"SAL","superficie_ha_calc":84.4103}},{"type":"Feature","geometry":{"type":"MultiPolygon","coordinates":[[[[-64.7122,-29.8424],[-64.7122,-29.8424],[-64.7067,-29.8494],[-64.7131,-29.8464],[-64.7192,-29.8435],[-64.7222,-29.8483],[-64.7258,-29.8466],[-64.7244,-29.8439],[-64.7232,-29.845],[-64.7178,-29.8406],[-64.7122,-29.8424]]]]},"properties":{"id":"cordoba:area_amparo:mineria_area_amparo.147","provincia":"cordoba","provincia_nombre":"Córdoba","tipo":"area_proteccion","estado":"desconocido","geom_kind":"poligono","fuente_id":"cordoba.idecor.area_amparo","source_url":"https://idecor-ws.mapascordoba.gob.ar/geoserver/wfs?service=WFS&version=2.0.0&request=GetFeature&typeNames=idecor%3Amineria_area_amparo&outputFormat=application%2Fjson&count=2000&startIndex=0&srsName=EPSG%3A4326","source_layer":"idecor:mineria_area_amparo","source_fid":"mineria_area_amparo.147","source_srid":22173,"fetched_at":"2026-07-28T13:38:04+00:00","licencia":"no_especificada","expediente":"10986","nombre":"MEDITERRANEA 1","mineral":["sal"],"mineral_origen":"SAL","superficie_ha_calc":60.6462}},{"type":"Feature","geometry":{"type":"MultiPolygon","coordinates":[[[[-64.7247,-29.8384],[-64.7344,-29.8554],[-64.7371,-29.8542],[-64.7275,-29.8372],[-64.7247,-29.8384]]]]},"properties":{"id":"cordoba:area_amparo:mineria_area_amparo.148","provincia":"cordoba","provincia_nombre":"Córdoba","tipo":"area_proteccion","estado":"desconocido","geom_kind":"poligono","fuente_id":"cordoba.idecor.area_amparo","source_url":"https://idecor-ws.mapascordoba.gob.ar/geoserver/wfs?service=WFS&version=2.0.0&request=GetFeature&typeNames=idecor%3Amineria_area_amparo&outputFormat=application%2Fjson&count=2000&startIndex=0&srsName=EPSG%3A4326","source_layer":"idecor:mineria_area_amparo","source_fid":"mineria_area_amparo.148","source_srid":22173,"fetched_at":"2026-07-28T13:38:04+00:00","licencia":"no_especificada","expediente":"10987","nombre":"MEDITERRANEA 3","mineral":["sal"],"mineral_origen":"SAL","superficie_ha_calc":62.4828}},{"type":"Feature","geometry":{"type":"MultiPolygon","coordinates":[[[[-65.4214,-31.1101],[-65.4214,-31.1134],[-65.4213,-31.1372],[-65.4318,-31.1372],[-65.4319,-31.1102],[-65.4214,-31.1101]]]]},"properties":{"id":"cordoba:area_amparo:mineria_area_amparo.149","provincia":"cordoba","provincia_nombre":"Córdoba","tipo":"area_proteccion","estado":"desconocido","geom_kind":"poligono","fuente_id":"cordoba.idecor.area_amparo","source_url":"https://idecor-ws.mapascordoba.gob.ar/geoserver/wfs?service=WFS&version=2.0.0&request=GetFeature&typeNames=idecor%3Amineria_area_amparo&outputFormat=application%2Fjson&count=2000&startIndex=0&srsName=EPSG%3A4326","source_layer":"idecor:mineria_area_amparo","source_fid":"mineria_area_amparo.149","source_srid":22173,"fetched_at":"2026-07-28T13:38:04+00:00","licencia":"no_especificada","expediente":"11064","nombre":"EL VALLECITO","mineral":["cuarzo","feldespato"],"mineral_origen":"CUARZO-FELDESPATO","superficie_ha_calc":300.1878}},{"type":"Feature","geometry":{"type":"MultiPolygon","coordinates":[[[[-65.2607,-31.1661],[-65.2541,-31.166],[-65.2544,-31.1678],[-65.2608,-31.1677],[-65.2607,-31.1661]]]]},"properties":{"id":"cordoba:area_amparo:mineria_area_amparo.150","provincia":"cordoba","provincia_nombre":"Córdoba","tipo":"area_proteccion","estado":"desconocido","geom_kind":"poligono","fuente_id":"cordoba.idecor.area_amparo","source_url":"https://idecor-ws.mapascordoba.gob.ar/geoserver/wfs?service=WFS&version=2.0.0&request=GetFeature&typeNames=idecor%3Amineria_area_amparo&outputFormat=application%2Fjson&count=2000&startIndex=0&srsName=EPSG%3A4326","source_layer":"idecor:mineria_area_amparo","source_fid":"mineria_area_amparo.150","source_srid":22173,"fetched_at":"2026-07-28T13:38:04+00:00","licencia":"no_especificada","expediente":"2151","nombre":"DURAZNO N° 2","mineral":["Mineral De Wolfram"],"mineral_origen":"MINERAL DE WOLFRAM","superficie_ha_calc":11.6802}},{"type":"Feature","geometry":{"type":"MultiPolygon","coordinates":[[[[-65.2675,-31.1923],[-65.2615,-31.202],[-65.2633,-31.2027],[-65.2692,-31.1931],[-65.2675,-31.1923]]]]},"properties":{"id":"cordoba:area_amparo:mineria_area_amparo.151","provincia":"cordoba","provincia_nombre":"Córdoba","tipo":"area_proteccion","estado":"desconocido","geom_kind":"poligono","fuente_id":"cordoba.idecor.area_amparo","source_url":"https://idecor-ws.mapascordoba.gob.ar/geoserver/wfs?service=WFS&version=2.0.0&request=GetFeature&typeNames=idecor%3Amineria_area_amparo&outputFormat=application%2Fjson&count=2000&startIndex=0&srsName=EPSG%3A4326","source_layer":"idecor:mineria_area_amparo","source_fid":"mineria_area_amparo.151","source_srid":22173,"fetched_at":"2026-07-28T13:38:04+00:00","licencia":"no_especificada","expediente":"6277","nombre":"FERRO MANGANESO","mineral":["Fe","Mn"],"mineral_origen":"MINERAL DE HIERRO-MANGANESO","superficie_ha_calc":22.5604}},{"type":"Feature","geometry":{"type":"MultiPolygon","coordinates":[[[[-65.3056,-31.2173],[-65.3034,-31.218],[-65.3047,-31.2206],[-65.3067,-31.2199],[-65.3056,-31.2173]]]]},"properties":{"id":"cordoba:area_amparo:mineria_area_amparo.152","provincia":"cordoba","provincia_nombre":"Córdoba","tipo":"area_proteccion","estado":"desconocido","geom_kind":"poligono","fuente_id":"cordoba.idecor.area_amparo","source_url":"https://idecor-ws.mapascordoba.gob.ar/geoserver/wfs?service=WFS&version=2.0.0&request=GetFeature&typeNames=idecor%3Amineria_area_amparo&outputFormat=application%2Fjson&count=2000&startIndex=0&srsName=EPSG%3A4326","source_layer":"idecor:mineria_area_amparo","source_fid":"mineria_area_amparo.152","source_srid":22173,"fetched_at":"2026-07-28T13:38:04+00:00","licencia":"no_especificada","expediente":"3116","nombre":"LA ARGENTINA","mineral":["Galena"],"mineral_origen":"GALENA","superficie_ha_calc":6.6557}},{"type":"Feature","geometry":{"type":"MultiPolygon","coordinates":[[[[-65.0333,-31.3302],[-65.0301,-31.3256],[-65.0284,-31.3265],[-65.0315,-31.3311],[-65.0333,-31.3302]]]]},"properties":{"id":"cordoba:area_amparo:mineria_area_amparo.153","provincia":"cordoba","provincia_nombre":"Córdoba","tipo":"area_proteccion","estado":"desconocido","geom_kind":"poligono","fuente_id":"cordoba.idecor.area_amparo","source_url":"https://idecor-ws.mapascordoba.gob.ar/geoserver/wfs?service=WFS&version=2.0.0&request=GetFeature&typeNames=idecor%3Amineria_area_amparo&outputFormat=application%2Fjson&count=2000&startIndex=0&srsName=EPSG%3A4326","source_layer":"idecor:mineria_area_amparo","source_fid":"mineria_area_amparo.153","source_srid":22173,"fetched_at":"2026-07-28T13:38:04+00:00","licencia":"no_especificada","expediente":"9249","nombre":"CUCHILLACO","mineral":["Au"],"mineral_origen":"MINERAL DE ORO","superficie_ha_calc":11.4865}},{"type":"Feature","geometry":{"type":"MultiPolygon","coordinates":[[[[-64.7837,-29.8256],[-64.7844,-29.8278],[-64.7954,-29.8354],[-64.8132,-29.8184],[-64.8009,-29.8084],[-64.7837,-29.8256]]]]},"properties":{"id":"cordoba:area_amparo:mineria_area_amparo.154","provincia":"cordoba","provincia_nombre":"Córdoba","tipo":"area_proteccion","estado":"desconocido","geom_kind":"poligono","fuente_id":"cordoba.idecor.area_amparo","source_url":"https://idecor-ws.mapascordoba.gob.ar/geoserver/wfs?service=WFS&version=2.0.0&request=GetFeature&typeNames=idecor%3Amineria_area_amparo&outputFormat=application%2Fjson&count=2000&startIndex=0&srsName=EPSG%3A4326","source_layer":"idecor:mineria_area_amparo","source_fid":"mineria_area_amparo.154","source_srid":22173,"fetched_at":"2026-07-28T13:38:04+00:00","licencia":"no_especificada","expediente":"10946","nombre":"ISABEL  ","mineral":["sal"],"mineral_origen":"SAL","superficie_ha_calc":415.6029}},{"type":"Feature","geometry":{"type":"MultiPolygon","coordinates":[[[[-64.6358,-32.2639],[-64.6357,-32.2693],[-64.6421,-32.2694],[-64.6422,-32.264],[-64.6358,-32.2639]]]]},"properties":{"id":"cordoba:area_amparo:mineria_area_amparo.155","provincia":"cordoba","provincia_nombre":"Córdoba","tipo":"area_proteccion","estado":"desconocido","geom_kind":"poligono","fuente_id":"cordoba.idecor.area_amparo","source_url":"https://idecor-ws.mapascordoba.gob.ar/geoserver/wfs?service=WFS&version=2.0.0&request=GetFeature&typeNames=idecor%3Amineria_area_amparo&outputFormat=application%2Fjson&count=2000&startIndex=0&srsName=EPSG%3A4326","source_layer":"idecor:mineria_area_amparo","source_fid":"mineria_area_amparo.155","source_srid":22173,"fetched_at":"2026-07-28T13:38:04+00:00","licencia":"no_especificada","expediente":"10704","nombre":"LA CASUALIDAD","mineral":["feldespato"],"mineral_origen":"FELDESPATO","superficie_ha_calc":36.1189}},{"type":"Feature","geometry":{"type":"MultiPolygon","coordinates":[[[[-65.3611,-31.373],[-65.3593,-31.3738],[-65.3607,-31.3762],[-65.3625,-31.3753],[-65.3611,-31.373]]]]},"properties":{"id":"cordoba:area_amparo:mineria_area_amparo.156","provincia":"cordoba","provincia_nombre":"Córdoba","tipo":"area_proteccion","estado":"desconocido","geom_kind":"poligono","fuente_id":"cordoba.idecor.area_amparo","source_url":"https://idecor-ws.mapascordoba.gob.ar/geoserver/wfs?service=WFS&version=2.0.0&request=GetFeature&typeNames=idecor%3Amineria_area_amparo&outputFormat=application%2Fjson&count=2000&startIndex=0&srsName=EPSG%3A4326","source_layer":"idecor:mineria_area_amparo","source_fid":"mineria_area_amparo.156","source_srid":22173,"fetched_at":"2026-07-28T13:38:04+00:00","licencia":"no_especificada","expediente":"1382","nombre":"LAS CUCHILLAS BLANCAS","mineral":["mica"],"mineral_origen":"MICA","superficie_ha_calc":5.7167}},{"type":"Feature","geometry":{"type":"MultiPolygon","coordinates":[[[[-65.3704,-31.365],[-65.3641,-31.3649],[-65.3641,-31.3703],[-65.3704,-31.3704],[-65.3704,-31.365]]]]},"properties":{"id":"cordoba:area_amparo:mineria_area_amparo.157","provincia":"cordoba","provincia_nombre":"Córdoba","tipo":"area_proteccion","estado":"desconocido","geom_kind":"poligono","fuente_id":"cordoba.idecor.area_amparo","source_url":"https://idecor-ws.mapascordoba.gob.ar/geoserver/wfs?service=WFS&version=2.0.0&request=GetFeature&typeNames=idecor%3Amineria_area_amparo&outputFormat=application%2Fjson&count=2000&startIndex=0&srsName=EPSG%3A4326","source_layer":"idecor:mineria_area_amparo","source_fid":"mineria_area_amparo.157","source_srid":22173,"fetched_at":"2026-07-28T13:38:04+00:00","licencia":"no_especificada","expediente":"10893","nombre":"PEMA III","mineral":["cuarzo","feldespato","mica"],"mineral_origen":"CUARZO-FELDESPATO-MICA","superficie_ha_calc":35.8852}},{"type":"Feature","geometry":{"type":"MultiPolygon","coordinates":[[[[-65.3237,-31.3207],[-65.3237,-31.3288],[-65.3331,-31.3288],[-65.3332,-31.3207],[-65.3237,-31.3207]]]]},"properties":{"id":"cordoba:area_amparo:mineria_area_amparo.158","provincia":"cordoba","provincia_nombre":"Córdoba","tipo":"area_proteccion","estado":"desconocido","geom_kind":"poligono","fuente_id":"cordoba.idecor.area_amparo","source_url":"https://idecor-ws.mapascordoba.gob.ar/geoserver/wfs?service=WFS&version=2.0.0&request=GetFeature&typeNames=idecor%3Amineria_area_amparo&outputFormat=application%2Fjson&count=2000&startIndex=0&srsName=EPSG%3A4326","source_layer":"idecor:mineria_area_amparo","source_fid":"mineria_area_amparo.158","source_srid":22173,"fetched_at":"2026-07-28T13:38:04+00:00","licencia":"no_especificada","expediente":"10944","nombre":"GERDA","mineral":["cuarzo"],"mineral_origen":"CUARZO","superficie_ha_calc":80.7778}},{"type":"Feature","geometry":{"type":"MultiPolygon","coordinates":[[[[-65.4226,-31.2991],[-65.4225,-31.3081],[-65.433,-31.3081],[-65.4331,-31.2991],[-65.4226,-31.2991]]]]},"properties":{"id":"cordoba:area_amparo:mineria_area_amparo.159","provincia":"cordoba","provincia_nombre":"Córdoba","tipo":"area_proteccion","estado":"desconocido","geom_kind":"poligono","fuente_id":"cordoba.idecor.area_amparo","source_url":"https://idecor-ws.mapascordoba.gob.ar/geoserver/wfs?service=WFS&version=2.0.0&request=GetFeature&typeNames=idecor%3Amineria_area_amparo&outputFormat=application%2Fjson&count=2000&startIndex=0&srsName=EPSG%3A4326","source_layer":"idecor:mineria_area_amparo","source_fid":"mineria_area_amparo.159","source_srid":22173,"fetched_at":"2026-07-28T13:38:04+00:00","licencia":"no_especificada","expediente":"10822","nombre":"PHO","mineral":["cuarzo","Au"],"mineral_origen":"CUARZO-MINERAL DE ORO","superficie_ha_calc":99.7477}},{"type":"Feature","geometry":{"type":"MultiPolygon","coordinates":[[[[-65.1957,-31.5903],[-65.1897,-31.5903],[-65.1897,-31.5959],[-65.1958,-31.5958],[-65.1957,-31.5903]]]]},"properties":{"id":"cordoba:area_amparo:mineria_area_amparo.162","provincia":"cordoba","provincia_nombre":"Córdoba","tipo":"area_proteccion","estado":"desconocido","geom_kind":"poligono","fuente_id":"cordoba.idecor.area_amparo","source_url":"https://idecor-ws.mapascordoba.gob.ar/geoserver/wfs?service=WFS&version=2.0.0&request=GetFeature&typeNames=idecor%3Amineria_area_amparo&outputFormat=application%2Fjson&count=2000&startIndex=0&srsName=EPSG%3A4326","source_layer":"idecor:mineria_area_amparo","source_fid":"mineria_area_amparo.162","source_srid":22173,"fetched_at":"2026-07-28T13:38:04+00:00","licencia":"no_especificada","expediente":"10549","nombre":"EL MILAGRO","mineral":["cuarzo","feldespato"],"mineral_origen":"CUARZO-FELDESPATO","superficie_ha_calc":35.3375}},{"type":"Feature","geometry":{"type":"MultiPolygon","coordinates":[[[[-65.1498,-31.6309],[-65.1478,-31.6309],[-65.1478,-31.6363],[-65.1498,-31.6363],[-65.1498,-31.6309]]]]},"properties":{"id":"cordoba:area_amparo:mineria_area_amparo.164","provincia":"cordoba","provincia_nombre":"Córdoba","tipo":"area_proteccion","estado":"desconocido","geom_kind":"poligono","fuente_id":"cordoba.idecor.area_amparo","source_url":"https://idecor-ws.mapascordoba.gob.ar/geoserver/wfs?service=WFS&version=2.0.0&request=GetFeature&typeNames=idecor%3Amineria_area_amparo&outputFormat=application%2Fjson&count=2000&startIndex=0&srsName=EPSG%3A4326","source_layer":"idecor:mineria_area_amparo","source_fid":"mineria_area_amparo.164","source_srid":22173,"fetched_at":"2026-07-28T13:38:04+00:00","licencia":"no_especificada","expediente":"10074","nombre":"EL SUEÑO DE MI PADRE","mineral":["feldespato"],"mineral_origen":"FELDESPATO","superficie_ha_calc":11.3604}},{"type":"Feature","geometry":{"type":"MultiPolygon","coordinates":[[[[-65.1039,-31.6802],[-65.1043,-31.6828],[-65.1064,-31.6826],[-65.106,-31.6799],[-65.1039,-31.6802]]]]},"properties":{"id":"cordoba:area_amparo:mineria_area_amparo.165","provincia":"cordoba","provincia_nombre":"Córdoba","tipo":"area_proteccion","estado":"desconocido","geom_kind":"poligono","fuente_id":"cordoba.idecor.area_amparo","source_url":"https://idecor-ws.mapascordoba.gob.ar/geoserver/wfs?service=WFS&version=2.0.0&request=GetFeature&typeNames=idecor%3Amineria_area_amparo&outputFormat=application%2Fjson&count=2000&startIndex=0&srsName=EPSG%3A4326","source_layer":"idecor:mineria_area_amparo","source_fid":"mineria_area_amparo.165","source_srid":22173,"fetched_at":"2026-07-28T13:38:04+00:00","licencia":"no_especificada","expediente":"5114","nombre":"JOSE GABRIEL","mineral":["Berilo"],"mineral_origen":"BERILO","superficie_ha_calc":5.9559}},{"type":"Feature","geometry":{"type":"MultiPolygon","coordinates":[[[[-65.0637,-31.7138],[-65.0637,-31.7165],[-65.0658,-31.7165],[-65.0658,-31.7138],[-65.0637,-31.7138]]]]},"properties":{"id":"cordoba:area_amparo:mineria_area_amparo.166","provincia":"cordoba","provincia_nombre":"Córdoba","tipo":"area_proteccion","estado":"desconocido","geom_kind":"poligono","fuente_id":"cordoba.idecor.area_amparo","source_url":"https://idecor-ws.mapascordoba.gob.ar/geoserver/wfs?service=WFS&version=2.0.0&request=GetFeature&typeNames=idecor%3Amineria_area_amparo&outputFormat=application%2Fjson&count=2000&startIndex=0&srsName=EPSG%3A4326","source_layer":"idecor:mineria_area_amparo","source_fid":"mineria_area_amparo.166","source_srid":22173,"fetched_at":"2026-07-28T13:38:04+00:00","licencia":"no_especificada","expediente":"11029","nombre":"LA ESPERANZA","mineral":["feldespato"],"mineral_origen":"FELDESPATO","superficie_ha_calc":5.9591}},{"type":"Feature","geometry":{"type":"MultiPolygon","coordinates":[[[[-65.0524,-31.7119],[-65.0524,-31.7187],[-65.0619,-31.7187],[-65.0619,-31.712],[-65.0524,-31.7119]]]]},"properties":{"id":"cordoba:area_amparo:mineria_area_amparo.167","provincia":"cordoba","provincia_nombre":"Córdoba","tipo":"area_proteccion","estado":"desconocido","geom_kind":"poligono","fuente_id":"cordoba.idecor.area_amparo","source_url":"https://idecor-ws.mapascordoba.gob.ar/geoserver/wfs?service=WFS&version=2.0.0&request=GetFeature&typeNames=idecor%3Amineria_area_amparo&outputFormat=application%2Fjson&count=2000&startIndex=0&srsName=EPSG%3A4326","source_layer":"idecor:mineria_area_amparo","source_fid":"mineria_area_amparo.167","source_srid":22173,"fetched_at":"2026-07-28T13:38:04+00:00","licencia":"no_especificada","expediente":"10768","nombre":"COMECHINGON ","mineral":["cuarzo"],"mineral_origen":"CUARZO","superficie_ha_calc":67.3942}},{"type":"Feature","geometry":{"type":"MultiPolygon","coordinates":[[[[-65.2081,-31.7119],[-65.1923,-31.7118],[-65.1922,-31.7253],[-65.208,-31.7254],[-65.2081,-31.7119]]]]},"properties":{"id":"cordoba:area_amparo:mineria_area_amparo.168","provincia":"cordoba","provincia_nombre":"Córdoba","tipo":"area_proteccion","estado":"desconocido","geom_kind":"poligono","fuente_id":"cordoba.idecor.area_amparo","source_url":"https://idecor-ws.mapascordoba.gob.ar/geoserver/wfs?service=WFS&version=2.0.0&request=GetFeature&typeNames=idecor%3Amineria_area_amparo&outputFormat=application%2Fjson&count=2000&startIndex=0&srsName=EPSG%3A4326","source_layer":"idecor:mineria_area_amparo","source_fid":"mineria_area_amparo.168","source_srid":22173,"fetched_at":"2026-07-28T13:38:04+00:00","licencia":"no_especificada","expediente":"10964","nombre":"KATI I","mineral":["Scheelita"],"mineral_origen":"SCHEELITA","superficie_ha_calc":224.1771}},{"type":"Feature","geometry":{"type":"MultiPolygon","coordinates":[[[[-65.1772,-31.7177],[-65.1794,-31.7179],[-65.1795,-31.7126],[-65.1774,-31.7126],[-65.1772,-31.7177]]]]},"properties":{"id":"cordoba:area_amparo:mineria_area_amparo.169","provincia":"cordoba","provincia_nombre":"Córdoba","tipo":"area_proteccion","estado":"desconocido","geom_kind":"poligono","fuente_id":"cordoba.idecor.area_amparo","source_url":"https://idecor-ws.mapascordoba.gob.ar/geoserver/wfs?service=WFS&version=2.0.0&request=GetFeature&typeNames=idecor%3Amineria_area_amparo&outputFormat=application%2Fjson&count=2000&startIndex=0&srsName=EPSG%3A4326","source_layer":"idecor:mineria_area_amparo","source_fid":"mineria_area_amparo.169","source_srid":22173,"fetched_at":"2026-07-28T13:38:04+00:00","licencia":"no_especificada","expediente":"10065","nombre":"CURA BROCHERO","mineral":["Amatista"],"mineral_origen":"AMATISTA","superficie_ha_calc":11.7657}},{"type":"Feature","geometry":{"type":"MultiPolygon","coordinates":[[[[-65.2093,-31.7416],[-65.1998,-31.7415],[-65.1997,-31.7496],[-65.2092,-31.7497],[-65.2093,-31.7416]]]]},"properties":{"id":"cordoba:area_amparo:mineria_area_amparo.170","provincia":"cordoba","provincia_nombre":"Córdoba","tipo":"area_proteccion","estado":"desconocido","geom_kind":"poligono","fuente_id":"cordoba.idecor.area_amparo","source_url":"https://idecor-ws.mapascordoba.gob.ar/geoserver/wfs?service=WFS&version=2.0.0&request=GetFeature&typeNames=idecor%3Amineria_area_amparo&outputFormat=application%2Fjson&count=2000&startIndex=0&srsName=EPSG%3A4326","source_layer":"idecor:mineria_area_amparo","source_fid":"mineria_area_amparo.170","source_srid":22173,"fetched_at":"2026-07-28T13:38:04+00:00","licencia":"no_especificada","expediente":"10725","nombre":"LAURA BEATRIZ","mineral":["cuarzo"],"mineral_origen":"CUARZO","superficie_ha_calc":80.8576}},{"type":"Feature","geometry":{"type":"MultiPolygon","coordinates":[[[[-65.0571,-31.7414],[-65.0487,-31.7413],[-65.0486,-31.7485],[-65.0571,-31.7486],[-65.0571,-31.7414]]]]},"properties":{"id":"cordoba:area_amparo:mineria_area_amparo.171","provincia":"cordoba","provincia_nombre":"Córdoba","tipo":"area_proteccion","estado":"desconocido","geom_kind":"poligono","fuente_id":"cordoba.idecor.area_amparo","source_url":"https://idecor-ws.mapascordoba.gob.ar/geoserver/wfs?service=WFS&version=2.0.0&request=GetFeature&typeNames=idecor%3Amineria_area_amparo&outputFormat=application%2Fjson&count=2000&startIndex=0&srsName=EPSG%3A4326","source_layer":"idecor:mineria_area_amparo","source_fid":"mineria_area_amparo.171","source_srid":22173,"fetched_at":"2026-07-28T13:38:04+00:00","licencia":"no_especificada","expediente":"10930","nombre":"COMECHINGONES II","mineral":["cuarzo"],"mineral_origen":"CUARZO","superficie_ha_calc":63.9269}},{"type":"Feature","geometry":{"type":"MultiPolygon","coordinates":[[[[-65.111,-31.7424],[-65.1047,-31.7423],[-65.1047,-31.7441],[-65.111,-31.7442],[-65.111,-31.7424]]]]},"properties":{"id":"cordoba:area_amparo:mineria_area_amparo.172","provincia":"cordoba","provincia_nombre":"Córdoba","tipo":"area_proteccion","estado":"desconocido","geom_kind":"poligono","fuente_id":"cordoba.idecor.area_amparo","source_url":"https://idecor-ws.mapascordoba.gob.ar/geoserver/wfs?service=WFS&version=2.0.0&request=GetFeature&typeNames=idecor%3Amineria_area_amparo&outputFormat=application%2Fjson&count=2000&startIndex=0&srsName=EPSG%3A4326","source_layer":"idecor:mineria_area_amparo","source_fid":"mineria_area_amparo.172","source_srid":22173,"fetched_at":"2026-07-28T13:38:04+00:00","licencia":"no_especificada","expediente":"8194","nombre":"FACUNDO I","mineral":["Amatista"],"mineral_origen":"AMATISTA","superficie_ha_calc":11.9146}},{"type":"Feature","geometry":{"type":"MultiPolygon","coordinates":[[[[-64.5742,-32.1277],[-64.5757,-32.1301],[-64.5785,-32.1288],[-64.5771,-32.1264],[-64.5742,-32.1277]]]]},"properties":{"id":"cordoba:area_amparo:mineria_area_amparo.173","provincia":"cordoba","provincia_nombre":"Córdoba","tipo":"area_proteccion","estado":"desconocido","geom_kind":"poligono","fuente_id":"cordoba.idecor.area_amparo","source_url":"https://idecor-ws.mapascordoba.gob.ar/geoserver/wfs?service=WFS&version=2.0.0&request=GetFeature&typeNames=idecor%3Amineria_area_amparo&outputFormat=application%2Fjson&count=2000&startIndex=0&srsName=EPSG%3A4326","source_layer":"idecor:mineria_area_amparo","source_fid":"mineria_area_amparo.173","source_srid":22173,"fetched_at":"2026-07-28T13:38:04+00:00","licencia":"no_especificada","expediente":"10730","nombre":"LA TERA II","mineral":["cuarzo","feldespato","mica"],"mineral_origen":"CUARZO-FELDESPATO-MICA","superficie_ha_calc":9.1295}},{"type":"Feature","geometry":{"type":"MultiPolygon","coordinates":[[[[-64.9166,-32.0432],[-64.9165,-32.0522],[-64.9271,-32.0523],[-64.9272,-32.0433],[-64.9166,-32.0432]]]]},"properties":{"id":"cordoba:area_amparo:mineria_area_amparo.174","provincia":"cordoba","provincia_nombre":"Córdoba","tipo":"area_proteccion","estado":"desconocido","geom_kind":"poligono","fuente_id":"cordoba.idecor.area_amparo","source_url":"https://idecor-ws.mapascordoba.gob.ar/geoserver/wfs?service=WFS&version=2.0.0&request=GetFeature&typeNames=idecor%3Amineria_area_amparo&outputFormat=application%2Fjson&count=2000&startIndex=0&srsName=EPSG%3A4326","source_layer":"idecor:mineria_area_amparo","source_fid":"mineria_area_amparo.174","source_srid":22173,"fetched_at":"2026-07-28T13:38:04+00:00","licencia":"no_especificada","expediente":"10881","nombre":"EL LINDERO","mineral":["cuarzo","feldespato","mica"],"mineral_origen":"CUARZO-FELDESPATO-MICA","superficie_ha_calc":99.9199}},{"type":"Feature","geometry":{"type":"MultiPolygon","coordinates":[[[[-64.6155,-31.6786],[-64.6154,-31.6867],[-64.6249,-31.6868],[-64.625,-31.6787],[-64.6155,-31.6786]]]]},"properties":{"id":"cordoba:area_amparo:mineria_area_amparo.176","provincia":"cordoba","provincia_nombre":"Córdoba","tipo":"area_proteccion","estado":"desconocido","geom_kind":"poligono","fuente_id":"cordoba.idecor.area_amparo","source_url":"https://idecor-ws.mapascordoba.gob.ar/geoserver/wfs?service=WFS&version=2.0.0&request=GetFeature&typeNames=idecor%3Amineria_area_amparo&outputFormat=application%2Fjson&count=2000&startIndex=0&srsName=EPSG%3A4326","source_layer":"idecor:mineria_area_amparo","source_fid":"mineria_area_amparo.176","source_srid":22173,"fetched_at":"2026-07-28T13:38:04+00:00","licencia":"no_especificada","expediente":"11085","nombre":"MALENA II","mineral":["cuarzo","feldespato"],"mineral_origen":"CUARZO-FELDESPATO","superficie_ha_calc":80.9114}},{"type":"Feature","geometry":{"type":"MultiPolygon","coordinates":[[[[-64.6061,-31.788],[-64.5998,-31.788],[-64.5997,-31.7934],[-64.606,-31.7934],[-64.6061,-31.788]]]]},"properties":{"id":"cordoba:area_amparo:mineria_area_amparo.177","provincia":"cordoba","provincia_nombre":"Córdoba","tipo":"area_proteccion","estado":"desconocido","geom_kind":"poligono","fuente_id":"cordoba.idecor.area_amparo","source_url":"https://idecor-ws.mapascordoba.gob.ar/geoserver/wfs?service=WFS&version=2.0.0&request=GetFeature&typeNames=idecor%3Amineria_area_amparo&outputFormat=application%2Fjson&count=2000&startIndex=0&srsName=EPSG%3A4326","source_layer":"idecor:mineria_area_amparo","source_fid":"mineria_area_amparo.177","source_srid":22173,"fetched_at":"2026-07-28T13:38:04+00:00","licencia":"no_especificada","expediente":"10476","nombre":"LA CHOLA","mineral":["cuarzo","feldespato","mica"],"mineral_origen":"CUARZO-FELDESPATO-MICA","superficie_ha_calc":35.7259}},{"type":"Feature","geometry":{"type":"MultiPolygon","coordinates":[[[[-64.5495,-31.8462],[-64.5562,-31.8535],[-64.5589,-31.8535],[-64.559,-31.8463],[-64.5495,-31.8462]]]]},"properties":{"id":"cordoba:area_amparo:mineria_area_amparo.178","provincia":"cordoba","provincia_nombre":"Córdoba","tipo":"area_proteccion","estado":"desconocido","geom_kind":"poligono","fuente_id":"cordoba.idecor.area_amparo","source_url":"https://idecor-ws.mapascordoba.gob.ar/geoserver/wfs?service=WFS&version=2.0.0&request=GetFeature&typeNames=idecor%3Amineria_area_amparo&outputFormat=application%2Fjson&count=2000&startIndex=0&srsName=EPSG%3A4326","source_layer":"idecor:mineria_area_amparo","source_fid":"mineria_area_amparo.178","source_srid":22173,"fetched_at":"2026-07-28T13:38:04+00:00","licencia":"no_especificada","expediente":"11055","nombre":"IGOR","mineral":["cuarzo","feldespato"],"mineral_origen":"CUARZO-FELDESPATO","superficie_ha_calc":46.2409}},{"type":"Feature","geometry":{"type":"MultiPolygon","coordinates":[[[[-64.6925,-31.8789],[-64.6924,-31.8862],[-64.7008,-31.8862],[-64.7009,-31.879],[-64.6925,-31.8789]]]]},"properties":{"id":"cordoba:area_amparo:mineria_area_amparo.179","provincia":"cordoba","provincia_nombre":"Córdoba","tipo":"area_proteccion","estado":"desconocido","geom_kind":"poligono","fuente_id":"cordoba.idecor.area_amparo","source_url":"https://idecor-ws.mapascordoba.gob.ar/geoserver/wfs?service=WFS&version=2.0.0&request=GetFeature&typeNames=idecor%3Amineria_area_amparo&outputFormat=application%2Fjson&count=2000&startIndex=0&srsName=EPSG%3A4326","source_layer":"idecor:mineria_area_amparo","source_fid":"mineria_area_amparo.179","source_srid":22173,"fetched_at":"2026-07-28T13:38:04+00:00","licencia":"no_especificada","expediente":"11005","nombre":"LA NONA","mineral":["mica"],"mineral_origen":"MICA","superficie_ha_calc":63.8965}},{"type":"Feature","geometry":{"type":"MultiPolygon","coordinates":[[[[-64.5849,-31.8634],[-64.5846,-31.8814],[-64.6058,-31.8816],[-64.606,-31.8636],[-64.5849,-31.8634]]]]},"properties":{"id":"cordoba:area_amparo:mineria_area_amparo.180","provincia":"cordoba","provincia_nombre":"Córdoba","tipo":"area_proteccion","estado":"desconocido","geom_kind":"poligono","fuente_id":"cordoba.idecor.area_amparo","source_url":"https://idecor-ws.mapascordoba.gob.ar/geoserver/wfs?service=WFS&version=2.0.0&request=GetFeature&typeNames=idecor%3Amineria_area_amparo&outputFormat=application%2Fjson&count=2000&startIndex=0&srsName=EPSG%3A4326","source_layer":"idecor:mineria_area_amparo","source_fid":"mineria_area_amparo.180","source_srid":22173,"fetched_at":"2026-07-28T13:38:04+00:00","licencia":"no_especificada","expediente":"10992","nombre":"NOELIA","mineral":["cuarzo"],"mineral_origen":"CUARZO","superficie_ha_calc":399.4945}},{"type":"Feature","geometry":{"type":"MultiPolygon","coordinates":[[[[-64.9115,-31.8512],[-64.9115,-31.8593],[-64.921,-31.8594],[-64.9211,-31.8512],[-64.9115,-31.8512]]]]},"properties":{"id":"cordoba:area_amparo:mineria_area_amparo.181","provincia":"cordoba","provincia_nombre":"Córdoba","tipo":"area_proteccion","estado":"desconocido","geom_kind":"poligono","fuente_id":"cordoba.idecor.area_amparo","source_url":"https://idecor-ws.mapascordoba.gob.ar/geoserver/wfs?service=WFS&version=2.0.0&request=GetFeature&typeNames=idecor%3Amineria_area_amparo&outputFormat=application%2Fjson&count=2000&startIndex=0&srsName=EPSG%3A4326","source_layer":"idecor:mineria_area_amparo","source_fid":"mineria_area_amparo.181","source_srid":22173,"fetched_at":"2026-07-28T13:38:04+00:00","licencia":"no_especificada","expediente":"10753","nombre":"BELEN","mineral":["Caolin"],"mineral_origen":"CAOLIN","superficie_ha_calc":81.6818}},{"type":"Feature","geometry":{"type":"MultiPolygon","coordinates":[[[[-64.9305,-31.9278],[-64.9271,-31.9277],[-64.9271,-31.9315],[-64.9304,-31.9316],[-64.9305,-31.9278]]]]},"properties":{"id":"cordoba:area_amparo:mineria_area_amparo.182","provincia":"cordoba","provincia_nombre":"Córdoba","tipo":"area_proteccion","estado":"desconocido","geom_kind":"poligono","fuente_id":"cordoba.idecor.area_amparo","source_url":"https://idecor-ws.mapascordoba.gob.ar/geoserver/wfs?service=WFS&version=2.0.0&request=GetFeature&typeNames=idecor%3Amineria_area_amparo&outputFormat=application%2Fjson&count=2000&startIndex=0&srsName=EPSG%3A4326","source_layer":"idecor:mineria_area_amparo","source_fid":"mineria_area_amparo.182","source_srid":22173,"fetched_at":"2026-07-28T13:38:04+00:00","licencia":"no_especificada","expediente":"10477","nombre":"MARIA FERNANDA","mineral":["cuarzo","feldespato","mica"],"mineral_origen":"CUARZO-FELDESPATO-MICA","superficie_ha_calc":13.3538}},{"type":"Feature","geometry":{"type":"MultiPolygon","coordinates":[[[[-64.7404,-32.5457],[-64.7403,-32.5502],[-64.7456,-32.5502],[-64.7457,-32.5457],[-64.7404,-32.5457]]]]},"properties":{"id":"cordoba:area_amparo:mineria_area_amparo.183","provincia":"cordoba","provincia_nombre":"Córdoba","tipo":"area_proteccion","estado":"desconocido","geom_kind":"poligono","fuente_id":"cordoba.idecor.area_amparo","source_url":"https://idecor-ws.mapascordoba.gob.ar/geoserver/wfs?service=WFS&version=2.0.0&request=GetFeature&typeNames=idecor%3Amineria_area_amparo&outputFormat=application%2Fjson&count=2000&startIndex=0&srsName=EPSG%3A4326","source_layer":"idecor:mineria_area_amparo","source_fid":"mineria_area_amparo.183","source_srid":22173,"fetched_at":"2026-07-28T13:38:04+00:00","licencia":"no_especificada","expediente":"10844","nombre":"MARCOS","mineral":["cuarzo"],"mineral_origen":"CUARZO","superficie_ha_calc":24.8425}},{"type":"Feature","geometry":{"type":"MultiPolygon","coordinates":[[[[-64.721,-32.5587],[-64.721,-32.5641],[-64.7231,-32.5641],[-64.7232,-32.5587],[-64.721,-32.5587]]]]},"properties":{"id":"cordoba:area_amparo:mineria_area_amparo.184","provincia":"cordoba","provincia_nombre":"Córdoba","tipo":"area_proteccion","estado":"desconocido","geom_kind":"poligono","fuente_id":"cordoba.idecor.area_amparo","source_url":"https://idecor-ws.mapascordoba.gob.ar/geoserver/wfs?service=WFS&version=2.0.0&request=GetFeature&typeNames=idecor%3Amineria_area_amparo&outputFormat=application%2Fjson&count=2000&startIndex=0&srsName=EPSG%3A4326","source_layer":"idecor:mineria_area_amparo","source_fid":"mineria_area_amparo.184","source_srid":22173,"fetched_at":"2026-07-28T13:38:04+00:00","licencia":"no_especificada","expediente":"9923","nombre":"MIGUEL","mineral":["cuarzo"],"mineral_origen":"CUARZO","superficie_ha_calc":12.0914}},{"type":"Feature","geometry":{"type":"MultiPolygon","coordinates":[[[[-64.7652,-32.6671],[-64.7651,-32.6725],[-64.7715,-32.6726],[-64.7716,-32.6672],[-64.7652,-32.6671]]]]},"properties":{"id":"cordoba:area_amparo:mineria_area_amparo.186","provincia":"cordoba","provincia_nombre":"Córdoba","tipo":"area_proteccion","estado":"desconocido","geom_kind":"poligono","fuente_id":"cordoba.idecor.area_amparo","source_url":"https://idecor-ws.mapascordoba.gob.ar/geoserver/wfs?service=WFS&version=2.0.0&request=GetFeature&typeNames=idecor%3Amineria_area_amparo&outputFormat=application%2Fjson&count=2000&startIndex=0&srsName=EPSG%3A4326","source_layer":"idecor:mineria_area_amparo","source_fid":"mineria_area_amparo.186","source_srid":22173,"fetched_at":"2026-07-28T13:38:04+00:00","licencia":"no_especificada","expediente":"10922","nombre":"MARIA MERCEDES","mineral":["cuarzo","feldespato"],"mineral_origen":"CUARZO-FELDESPATO","superficie_ha_calc":35.9606}},{"type":"Feature","geometry":{"type":"MultiPolygon","coordinates":[[[[-64.8481,-32.3786],[-64.8386,-32.3787],[-64.8388,-32.3868],[-64.8483,-32.3867],[-64.8481,-32.3786]]]]},"properties":{"id":"cordoba:area_amparo:mineria_area_amparo.188","provincia":"cordoba","provincia_nombre":"Córdoba","tipo":"area_proteccion","estado":"desconocido","geom_kind":"poligono","fuente_id":"cordoba.idecor.area_amparo","source_url":"https://idecor-ws.mapascordoba.gob.ar/geoserver/wfs?service=WFS&version=2.0.0&request=GetFeature&typeNames=idecor%3Amineria_area_amparo&outputFormat=application%2Fjson&count=2000&startIndex=0&srsName=EPSG%3A4326","source_layer":"idecor:mineria_area_amparo","source_fid":"mineria_area_amparo.188","source_srid":22173,"fetched_at":"2026-07-28T13:38:04+00:00","licencia":"no_especificada","expediente":"10580","nombre":"OTTO V","mineral":["cuarzo"],"mineral_origen":"CUARZO","superficie_ha_calc":80.3176}},{"type":"Feature","geometry":{"type":"MultiPolygon","coordinates":[[[[-64.5207,-31.5726],[-64.5207,-31.5756],[-64.5241,-31.5756],[-64.5242,-31.5726],[-64.5207,-31.5726]]]]},"properties":{"id":"cordoba:area_amparo:mineria_area_amparo.190","provincia":"cordoba","provincia_nombre":"Córdoba","tipo":"area_proteccion","estado":"desconocido","geom_kind":"poligono","fuente_id":"cordoba.idecor.area_amparo","source_url":"https://idecor-ws.mapascordoba.gob.ar/geoserver/wfs?service=WFS&version=2.0.0&request=GetFeature&typeNames=idecor%3Amineria_area_amparo&outputFormat=application%2Fjson&count=2000&startIndex=0&srsName=EPSG%3A4326","source_layer":"idecor:mineria_area_amparo","source_fid":"mineria_area_amparo.190","source_srid":22173,"fetched_at":"2026-07-28T13:38:04+00:00","licencia":"no_especificada","expediente":"10533","nombre":"LAS CHACRITAS","mineral":["cuarzo","feldespato","mica"],"mineral_origen":"CUARZO-FELDESPATO-MICA","superficie_ha_calc":10.8939}},{"type":"Feature","geometry":{"type":"MultiPolygon","coordinates":[[[[-64.9021,-32.4392],[-64.9081,-32.4392],[-64.9083,-32.4337],[-64.9021,-32.4337],[-64.9021,-32.4392]]]]},"properties":{"id":"cordoba:area_amparo:mineria_area_amparo.191","provincia":"cordoba","provincia_nombre":"Córdoba","tipo":"area_proteccion","estado":"desconocido","geom_kind":"poligono","fuente_id":"cordoba.idecor.area_amparo","source_url":"https://idecor-ws.mapascordoba.gob.ar/geoserver/wfs?service=WFS&version=2.0.0&request=GetFeature&typeNames=idecor%3Amineria_area_amparo&outputFormat=application%2Fjson&count=2000&startIndex=0&srsName=EPSG%3A4326","source_layer":"idecor:mineria_area_amparo","source_fid":"mineria_area_amparo.191","source_srid":22173,"fetched_at":"2026-07-28T13:38:04+00:00","licencia":"no_especificada","expediente":"10744","nombre":"ELECTRA II","mineral":["cuarzo"],"mineral_origen":"CUARZO","superficie_ha_calc":34.9887}},{"type":"Feature","geometry":{"type":"MultiPolygon","coordinates":[[[[-64.9159,-32.4388],[-64.9219,-32.4388],[-64.9221,-32.4334],[-64.9169,-32.4333],[-64.9159,-32.4333],[-64.9159,-32.4341],[-64.9159,-32.4388]]]]},"properties":{"id":"cordoba:area_amparo:mineria_area_amparo.192","provincia":"cordoba","provincia_nombre":"Córdoba","tipo":"area_proteccion","estado":"desconocido","geom_kind":"poligono","fuente_id":"cordoba.idecor.area_amparo","source_url":"https://idecor-ws.mapascordoba.gob.ar/geoserver/wfs?service=WFS&version=2.0.0&request=GetFeature&typeNames=idecor%3Amineria_area_amparo&outputFormat=application%2Fjson&count=2000&startIndex=0&srsName=EPSG%3A4326","source_layer":"idecor:mineria_area_amparo","source_fid":"mineria_area_amparo.192","source_srid":22173,"fetched_at":"2026-07-28T13:38:04+00:00","licencia":"no_especificada","expediente":"10406","nombre":"ELECTRA  ","mineral":["cuarzo"],"mineral_origen":"CUARZO","superficie_ha_calc":34.7282}},{"type":"Feature","geometry":{"type":"MultiPolygon","coordinates":[[[[-65.1796,-30.9858],[-65.1739,-30.984],[-65.173,-30.9858],[-65.1788,-30.9878],[-65.1796,-30.9858]]]]},"properties":{"id":"cordoba:area_amparo:mineria_area_amparo.193","provincia":"cordoba","provincia_nombre":"Córdoba","tipo":"area_proteccion","estado":"desconocido","geom_kind":"poligono","fuente_id":"cordoba.idecor.area_amparo","source_url":"https://idecor-ws.mapascordoba.gob.ar/geoserver/wfs?service=WFS&version=2.0.0&request=GetFeature&typeNames=idecor%3Amineria_area_amparo&outputFormat=application%2Fjson&count=2000&startIndex=0&srsName=EPSG%3A4326","source_layer":"idecor:mineria_area_amparo","source_fid":"mineria_area_amparo.193","source_srid":22173,"fetched_at":"2026-07-28T13:38:04+00:00","licencia":"no_especificada","expediente":"10256","nombre":"LORENA","mineral":["feldespato"],"mineral_origen":"FELDESPATO","superficie_ha_calc":13.2799}},{"type":"Feature","geometry":{"type":"MultiPolygon","coordinates":[[[[-64.1663,-29.7608],[-64.1664,-29.7716],[-64.1788,-29.7715],[-64.1787,-29.7607],[-64.1663,-29.7608]]]]},"properties":{"id":"cordoba:area_amparo:mineria_area_amparo.194","provincia":"cordoba","provincia_nombre":"Córdoba","tipo":"area_proteccion","estado":"desconocido","geom_kind":"poligono","fuente_id":"cordoba.idecor.area_amparo","source_url":"https://idecor-ws.mapascordoba.gob.ar/geoserver/wfs?service=WFS&version=2.0.0&request=GetFeature&typeNames=idecor%3Amineria_area_amparo&outputFormat=application%2Fjson&count=2000&startIndex=0&srsName=EPSG%3A4326","source_layer":"idecor:mineria_area_amparo","source_fid":"mineria_area_amparo.194","source_srid":22173,"fetched_at":"2026-07-28T13:38:04+00:00","licencia":"no_especificada","expediente":"11023","nombre":"PIEDRA PINTADA","mineral":["Mn"],"mineral_origen":"MINERAL DE MANGANESO","superficie_ha_calc":143.5776}},{"type":"Feature","geometry":{"type":"MultiPolygon","coordinates":[[[[-64.911,-32.4297],[-64.9109,-32.4341],[-64.9159,-32.4341],[-64.9159,-32.4333],[-64.9169,-32.4333],[-64.917,-32.4297],[-64.911,-32.4297]]]]},"properties":{"id":"cordoba:area_amparo:mineria_area_amparo.195","provincia":"cordoba","provincia_nombre":"Córdoba","tipo":"area_proteccion","estado":"desconocido","geom_kind":"poligono","fuente_id":"cordoba.idecor.area_amparo","source_url":"https://idecor-ws.mapascordoba.gob.ar/geoserver/wfs?service=WFS&version=2.0.0&request=GetFeature&typeNames=idecor%3Amineria_area_amparo&outputFormat=application%2Fjson&count=2000&startIndex=0&srsName=EPSG%3A4326","source_layer":"idecor:mineria_area_amparo","source_fid":"mineria_area_amparo.195","source_srid":22173,"fetched_at":"2026-07-28T13:38:04+00:00","licencia":"no_especificada","expediente":"10948","nombre":"ELECTRA VI","mineral":["cuarzo"],"mineral_origen":"CUARZO","superficie_ha_calc":26.6574}},{"type":"Feature","geometry":{"type":"MultiPolygon","coordinates":[[[[-64.9238,-32.4298],[-64.9238,-32.4193],[-64.9112,-32.4192],[-64.911,-32.4297],[-64.9238,-32.4298]]]]},"properties":{"id":"cordoba:area_amparo:mineria_area_amparo.196","provincia":"cordoba","provincia_nombre":"Córdoba","tipo":"area_proteccion","estado":"desconocido","geom_kind":"poligono","fuente_id":"cordoba.idecor.area_amparo","source_url":"https://idecor-ws.mapascordoba.gob.ar/geoserver/wfs?service=WFS&version=2.0.0&request=GetFeature&typeNames=idecor%3Amineria_area_amparo&outputFormat=application%2Fjson&count=2000&startIndex=0&srsName=EPSG%3A4326","source_layer":"idecor:mineria_area_amparo","source_fid":"mineria_area_amparo.196","source_srid":22173,"fetched_at":"2026-07-28T13:38:04+00:00","licencia":"no_especificada","expediente":"10586","nombre":"OTTO XI","mineral":["cuarzo"],"mineral_origen":"CUARZO","superficie_ha_calc":139.0969}},{"type":"Feature","geometry":{"type":"MultiPolygon","coordinates":[[[[-64.8942,-32.4147],[-64.8943,-32.4048],[-64.8816,-32.4046],[-64.8814,-32.4155],[-64.8921,-32.4156],[-64.8921,-32.4148],[-64.8942,-32.4147]]]]},"properties":{"id":"cordoba:area_amparo:mineria_area_amparo.197","provincia":"cordoba","provincia_nombre":"Córdoba","tipo":"area_proteccion","estado":"desconocido","geom_kind":"poligono","fuente_id":"cordoba.idecor.area_amparo","source_url":"https://idecor-ws.mapascordoba.gob.ar/geoserver/wfs?service=WFS&version=2.0.0&request=GetFeature&typeNames=idecor%3Amineria_area_amparo&outputFormat=application%2Fjson&count=2000&startIndex=0&srsName=EPSG%3A4326","source_layer":"idecor:mineria_area_amparo","source_fid":"mineria_area_amparo.197","source_srid":22173,"fetched_at":"2026-07-28T13:38:04+00:00","licencia":"no_especificada","expediente":"10741","nombre":"OTTO XVI","mineral":["cuarzo"],"mineral_origen":"CUARZO","superficie_ha_calc":142.5346}},{"type":"Feature","geometry":{"type":"MultiPolygon","coordinates":[[[[-64.919,-32.3953],[-64.9192,-32.4007],[-64.9287,-32.4005],[-64.9286,-32.3951],[-64.919,-32.3953]]]]},"properties":{"id":"cordoba:area_amparo:mineria_area_amparo.198","provincia":"cordoba","provincia_nombre":"Córdoba","tipo":"area_proteccion","estado":"desconocido","geom_kind":"poligono","fuente_id":"cordoba.idecor.area_amparo","source_url":"https://idecor-ws.mapascordoba.gob.ar/geoserver/wfs?service=WFS&version=2.0.0&request=GetFeature&typeNames=idecor%3Amineria_area_amparo&outputFormat=application%2Fjson&count=2000&startIndex=0&srsName=EPSG%3A4326","source_layer":"idecor:mineria_area_amparo","source_fid":"mineria_area_amparo.198","source_srid":22173,"fetched_at":"2026-07-28T13:38:04+00:00","licencia":"no_especificada","expediente":"10588","nombre":"OTTO XIII","mineral":["cuarzo"],"mineral_origen":"CUARZO","superficie_ha_calc":53.8353}},{"type":"Feature","geometry":{"type":"MultiPolygon","coordinates":[[[[-64.8122,-32.3867],[-64.8023,-32.3866],[-64.8022,-32.3945],[-64.8121,-32.3946],[-64.8122,-32.3867]]]]},"properties":{"id":"cordoba:area_amparo:mineria_area_amparo.199","provincia":"cordoba","provincia_nombre":"Córdoba","tipo":"area_proteccion","estado":"desconocido","geom_kind":"poligono","fuente_id":"cordoba.idecor.area_amparo","source_url":"https://idecor-ws.mapascordoba.gob.ar/geoserver/wfs?service=WFS&version=2.0.0&request=GetFeature&typeNames=idecor%3Amineria_area_amparo&outputFormat=application%2Fjson&count=2000&startIndex=0&srsName=EPSG%3A4326","source_layer":"idecor:mineria_area_amparo","source_fid":"mineria_area_amparo.199","source_srid":22173,"fetched_at":"2026-07-28T13:38:04+00:00","licencia":"no_especificada","expediente":"10576","nombre":"OTTO I","mineral":["cuarzo"],"mineral_origen":"CUARZO","superficie_ha_calc":81.6149}},{"type":"Feature","geometry":{"type":"MultiPolygon","coordinates":[[[[-64.8213,-32.3747],[-64.8118,-32.3748],[-64.8119,-32.3832],[-64.8215,-32.3831],[-64.8213,-32.3747]]]]},"properties":{"id":"cordoba:area_amparo:mineria_area_amparo.200","provincia":"cordoba","provincia_nombre":"Córdoba","tipo":"area_proteccion","estado":"desconocido","geom_kind":"poligono","fuente_id":"cordoba.idecor.area_amparo","source_url":"https://idecor-ws.mapascordoba.gob.ar/geoserver/wfs?service=WFS&version=2.0.0&request=GetFeature&typeNames=idecor%3Amineria_area_amparo&outputFormat=application%2Fjson&count=2000&startIndex=0&srsName=EPSG%3A4326","source_layer":"idecor:mineria_area_amparo","source_fid":"mineria_area_amparo.200","source_srid":22173,"fetched_at":"2026-07-28T13:38:04+00:00","licencia":"no_especificada","expediente":"10577","nombre":"OTTO II","mineral":["cuarzo"],"mineral_origen":"CUARZO","superficie_ha_calc":83.728}},{"type":"Feature","geometry":{"type":"MultiPolygon","coordinates":[[[[-64.8409,-32.3709],[-64.8281,-32.3711],[-64.8284,-32.3819],[-64.8411,-32.3817],[-64.8409,-32.3709]]]]},"properties":{"id":"cordoba:area_amparo:mineria_area_amparo.201","provincia":"cordoba","provincia_nombre":"Córdoba","tipo":"area_proteccion","estado":"desconocido","geom_kind":"poligono","fuente_id":"cordoba.idecor.area_amparo","source_url":"https://idecor-ws.mapascordoba.gob.ar/geoserver/wfs?service=WFS&version=2.0.0&request=GetFeature&typeNames=idecor%3Amineria_area_amparo&outputFormat=application%2Fjson&count=2000&startIndex=0&srsName=EPSG%3A4326","source_layer":"idecor:mineria_area_amparo","source_fid":"mineria_area_amparo.201","source_srid":22173,"fetched_at":"2026-07-28T13:38:04+00:00","licencia":"no_especificada","expediente":"10579","nombre":"OTTO IV","mineral":["cuarzo"],"mineral_origen":"CUARZO","superficie_ha_calc":143.7509}},{"type":"Feature","geometry":{"type":"MultiPolygon","coordinates":[[[[-64.8224,-32.3582],[-64.8226,-32.369],[-64.8353,-32.3689],[-64.8351,-32.358],[-64.8224,-32.3582]]]]},"properties":{"id":"cordoba:area_amparo:mineria_area_amparo.202","provincia":"cordoba","provincia_nombre":"Córdoba","tipo":"area_proteccion","estado":"desconocido","geom_kind":"poligono","fuente_id":"cordoba.idecor.area_amparo","source_url":"https://idecor-ws.mapascordoba.gob.ar/geoserver/wfs?service=WFS&version=2.0.0&request=GetFeature&typeNames=idecor%3Amineria_area_amparo&outputFormat=application%2Fjson&count=2000&startIndex=0&srsName=EPSG%3A4326","source_layer":"idecor:mineria_area_amparo","source_fid":"mineria_area_amparo.202","source_srid":22173,"fetched_at":"2026-07-28T13:38:04+00:00","licencia":"no_especificada","expediente":"10584","nombre":"OTTO IX","mineral":["cuarzo"],"mineral_origen":"CUARZO","superficie_ha_calc":143.8492}},{"type":"Feature","geometry":{"type":"MultiPolygon","coordinates":[[[[-64.9168,-32.364],[-64.9167,-32.3585],[-64.9104,-32.3586],[-64.9105,-32.3641],[-64.9168,-32.364]]]]},"properties":{"id":"cordoba:area_amparo:mineria_area_amparo.204","provincia":"cordoba","provincia_nombre":"Córdoba","tipo":"area_proteccion","estado":"desconocido","geom_kind":"poligono","fuente_id":"cordoba.idecor.area_amparo","source_url":"https://idecor-ws.mapascordoba.gob.ar/geoserver/wfs?service=WFS&version=2.0.0&request=GetFeature&typeNames=idecor%3Amineria_area_amparo&outputFormat=application%2Fjson&count=2000&startIndex=0&srsName=EPSG%3A4326","source_layer":"idecor:mineria_area_amparo","source_fid":"mineria_area_amparo.204","source_srid":22173,"fetched_at":"2026-07-28T13:38:04+00:00","licencia":"no_especificada","expediente":"10589","nombre":"PUERTA VERDE","mineral":["cuarzo","feldespato","mica"],"mineral_origen":"CUARZO-FELDESPATO-MICA","superficie_ha_calc":36.1758}},{"type":"Feature","geometry":{"type":"MultiPolygon","coordinates":[[[[-64.8704,-32.3534],[-64.8702,-32.3639],[-64.8833,-32.364],[-64.8835,-32.3535],[-64.8704,-32.3534]]]]},"properties":{"id":"cordoba:area_amparo:mineria_area_amparo.205","provincia":"cordoba","provincia_nombre":"Córdoba","tipo":"area_proteccion","estado":"desconocido","geom_kind":"poligono","fuente_id":"cordoba.idecor.area_amparo","source_url":"https://idecor-ws.mapascordoba.gob.ar/geoserver/wfs?service=WFS&version=2.0.0&request=GetFeature&typeNames=idecor%3Amineria_area_amparo&outputFormat=application%2Fjson&count=2000&startIndex=0&srsName=EPSG%3A4326","source_layer":"idecor:mineria_area_amparo","source_fid":"mineria_area_amparo.205","source_srid":22173,"fetched_at":"2026-07-28T13:38:04+00:00","licencia":"no_especificada","expediente":"10669","nombre":"DON EMILIO","mineral":["cuarzo","feldespato"],"mineral_origen":"CUARZO-FELDESPATO","superficie_ha_calc":143.5906}},{"type":"Feature","geometry":{"type":"MultiPolygon","coordinates":[[[[-64.8306,-32.3446],[-64.8242,-32.3445],[-64.8241,-32.3499],[-64.8305,-32.35],[-64.8306,-32.3446]]]]},"properties":{"id":"cordoba:area_amparo:mineria_area_amparo.206","provincia":"cordoba","provincia_nombre":"Córdoba","tipo":"area_proteccion","estado":"desconocido","geom_kind":"poligono","fuente_id":"cordoba.idecor.area_amparo","source_url":"https://idecor-ws.mapascordoba.gob.ar/geoserver/wfs?service=WFS&version=2.0.0&request=GetFeature&typeNames=idecor%3Amineria_area_amparo&outputFormat=application%2Fjson&count=2000&startIndex=0&srsName=EPSG%3A4326","source_layer":"idecor:mineria_area_amparo","source_fid":"mineria_area_amparo.206","source_srid":22173,"fetched_at":"2026-07-28T13:38:04+00:00","licencia":"no_especificada","expediente":"10578","nombre":"OTTO III","mineral":["cuarzo"],"mineral_origen":"CUARZO","superficie_ha_calc":36.0874}},{"type":"Feature","geometry":{"type":"MultiPolygon","coordinates":[[[[-64.7161,-32.3791],[-64.716,-32.3872],[-64.7255,-32.3873],[-64.7257,-32.3792],[-64.7161,-32.3791]]]]},"properties":{"id":"cordoba:area_amparo:mineria_area_amparo.207","provincia":"cordoba","provincia_nombre":"Córdoba","tipo":"area_proteccion","estado":"desconocido","geom_kind":"poligono","fuente_id":"cordoba.idecor.area_amparo","source_url":"https://idecor-ws.mapascordoba.gob.ar/geoserver/wfs?service=WFS&version=2.0.0&request=GetFeature&typeNames=idecor%3Amineria_area_amparo&outputFormat=application%2Fjson&count=2000&startIndex=0&srsName=EPSG%3A4326","source_layer":"idecor:mineria_area_amparo","source_fid":"mineria_area_amparo.207","source_srid":22173,"fetched_at":"2026-07-28T13:38:04+00:00","licencia":"no_especificada","expediente":"11082","nombre":"PIRCAS BLANCAS","mineral":["cuarzo"],"mineral_origen":"CUARZO","superficie_ha_calc":80.7345}},{"type":"Feature","geometry":{"type":"MultiPolygon","coordinates":[[[[-64.5713,-32.4374],[-64.5747,-32.4412],[-64.5764,-32.4402],[-64.573,-32.4363],[-64.5713,-32.4374]]]]},"properties":{"id":"cordoba:area_amparo:mineria_area_amparo.208","provincia":"cordoba","provincia_nombre":"Córdoba","tipo":"area_proteccion","estado":"desconocido","geom_kind":"poligono","fuente_id":"cordoba.idecor.area_amparo","source_url":"https://idecor-ws.mapascordoba.gob.ar/geoserver/wfs?service=WFS&version=2.0.0&request=GetFeature&typeNames=idecor%3Amineria_area_amparo&outputFormat=application%2Fjson&count=2000&startIndex=0&srsName=EPSG%3A4326","source_layer":"idecor:mineria_area_amparo","source_fid":"mineria_area_amparo.208","source_srid":22173,"fetched_at":"2026-07-28T13:38:04+00:00","licencia":"no_especificada","expediente":"10255","nombre":"LA MAGA","mineral":["Cromita"],"mineral_origen":"CROMITA ","superficie_ha_calc":10.5485}},{"type":"Feature","geometry":{"type":"MultiPolygon","coordinates":[[[[-64.5478,-31.1867],[-64.5459,-31.1861],[-64.5448,-31.1886],[-64.5467,-31.1892],[-64.5478,-31.1867]]]]},"properties":{"id":"cordoba:area_amparo:mineria_area_amparo.209","provincia":"cordoba","provincia_nombre":"Córdoba","tipo":"area_proteccion","estado":"desconocido","geom_kind":"poligono","fuente_id":"cordoba.idecor.area_amparo","source_url":"https://idecor-ws.mapascordoba.gob.ar/geoserver/wfs?service=WFS&version=2.0.0&request=GetFeature&typeNames=idecor%3Amineria_area_amparo&outputFormat=application%2Fjson&count=2000&startIndex=0&srsName=EPSG%3A4326","source_layer":"idecor:mineria_area_amparo","source_fid":"mineria_area_amparo.209","source_srid":22173,"fetched_at":"2026-07-28T13:38:04+00:00","licencia":"no_especificada","expediente":"10075","nombre":"LA ALEGRIA","mineral":["cuarzo"],"mineral_origen":"CUARZO","superficie_ha_calc":5.7173}},{"type":"Feature","geometry":{"type":"MultiPolygon","coordinates":[[[[-64.8937,-32.2975],[-64.8936,-32.3029],[-64.9,-32.303],[-64.9,-32.2976],[-64.8937,-32.2975]]]]},"properties":{"id":"cordoba:area_amparo:mineria_area_amparo.212","provincia":"cordoba","provincia_nombre":"Córdoba","tipo":"area_proteccion","estado":"desconocido","geom_kind":"poligono","fuente_id":"cordoba.idecor.area_amparo","source_url":"https://idecor-ws.mapascordoba.gob.ar/geoserver/wfs?service=WFS&version=2.0.0&request=GetFeature&typeNames=idecor%3Amineria_area_amparo&outputFormat=application%2Fjson&count=2000&startIndex=0&srsName=EPSG%3A4326","source_layer":"idecor:mineria_area_amparo","source_fid":"mineria_area_amparo.212","source_srid":22173,"fetched_at":"2026-07-28T13:38:04+00:00","licencia":"no_especificada","expediente":"11090","nombre":"PABLO","mineral":["cuarzo","mica"],"mineral_origen":"CUARZO-MICA","superficie_ha_calc":35.8186}},{"type":"Feature","geometry":{"type":"MultiPolygon","coordinates":[[[[-65.1985,-32.2746],[-65.1931,-32.2746],[-65.1931,-32.2791],[-65.1984,-32.2791],[-65.1985,-32.2746]]]]},"properties":{"id":"cordoba:area_amparo:mineria_area_amparo.213","provincia":"cordoba","provincia_nombre":"Córdoba","tipo":"area_proteccion","estado":"desconocido","geom_kind":"poligono","fuente_id":"cordoba.idecor.area_amparo","source_url":"https://idecor-ws.mapascordoba.gob.ar/geoserver/wfs?service=WFS&version=2.0.0&request=GetFeature&typeNames=idecor%3Amineria_area_amparo&outputFormat=application%2Fjson&count=2000&startIndex=0&srsName=EPSG%3A4326","source_layer":"idecor:mineria_area_amparo","source_fid":"mineria_area_amparo.213","source_srid":22173,"fetched_at":"2026-07-28T13:38:04+00:00","licencia":"no_especificada","expediente":"10779","nombre":"SAN ANDRES","mineral":["cuarzo","feldespato"],"mineral_origen":"CUARZO-FELDESPATO","superficie_ha_calc":25.1509}},{"type":"Feature","geometry":{"type":"MultiPolygon","coordinates":[[[[-64.2343,-29.7762],[-64.2323,-29.7757],[-64.2298,-29.7835],[-64.2318,-29.784],[-64.2343,-29.7762]]]]},"properties":{"id":"cordoba:area_amparo:mineria_area_amparo.214","provincia":"cordoba","provincia_nombre":"Córdoba","tipo":"area_proteccion","estado":"desconocido","geom_kind":"poligono","fuente_id":"cordoba.idecor.area_amparo","source_url":"https://idecor-ws.mapascordoba.gob.ar/geoserver/wfs?service=WFS&version=2.0.0&request=GetFeature&typeNames=idecor%3Amineria_area_amparo&outputFormat=application%2Fjson&count=2000&startIndex=0&srsName=EPSG%3A4326","source_layer":"idecor:mineria_area_amparo","source_fid":"mineria_area_amparo.214","source_srid":22173,"fetched_at":"2026-07-28T13:38:04+00:00","licencia":"no_especificada","expediente":"10713","nombre":"EL INFIERNILLO","mineral":["Mn"],"mineral_origen":"MINERAL DE MANGANESO","superficie_ha_calc":18.0614}},{"type":"Feature","geometry":{"type":"MultiPolygon","coordinates":[[[[-63.9716,-32.2035],[-63.9717,-32.2105],[-63.9798,-32.2104],[-63.9797,-32.2034],[-63.9716,-32.2035]]]]},"properties":{"id":"cordoba:area_amparo:mineria_area_amparo.215","provincia":"cordoba","provincia_nombre":"Córdoba","tipo":"area_proteccion","estado":"desconocido","geom_kind":"poligono","fuente_id":"cordoba.idecor.area_amparo","source_url":"https://idecor-ws.mapascordoba.gob.ar/geoserver/wfs?service=WFS&version=2.0.0&request=GetFeature&typeNames=idecor%3Amineria_area_amparo&outputFormat=application%2Fjson&count=2000&startIndex=0&srsName=EPSG%3A4326","source_layer":"idecor:mineria_area_amparo","source_fid":"mineria_area_amparo.215","source_srid":22173,"fetched_at":"2026-07-28T13:38:04+00:00","licencia":"no_especificada","expediente":"10504","nombre":"SAMANTA","mineral":["arcilla"],"mineral_origen":"ARCILLA","superficie_ha_calc":59.2891}},{"type":"Feature","geometry":{"type":"MultiPolygon","coordinates":[[[[-64.9273,-32.1282],[-64.9272,-32.1417],[-64.9431,-32.1419],[-64.9432,-32.1284],[-64.9273,-32.1282]]]]},"properties":{"id":"cordoba:area_amparo:mineria_area_amparo.217","provincia":"cordoba","provincia_nombre":"Córdoba","tipo":"area_proteccion","estado":"desconocido","geom_kind":"poligono","fuente_id":"cordoba.idecor.area_amparo","source_url":"https://idecor-ws.mapascordoba.gob.ar/geoserver/wfs?service=WFS&version=2.0.0&request=GetFeature&typeNames=idecor%3Amineria_area_amparo&outputFormat=application%2Fjson&count=2000&startIndex=0&srsName=EPSG%3A4326","source_layer":"idecor:mineria_area_amparo","source_fid":"mineria_area_amparo.217","source_srid":22173,"fetched_at":"2026-07-28T13:38:04+00:00","licencia":"no_especificada","expediente":"10746","nombre":"GUL","mineral":["cuarzo"],"mineral_origen":"CUARZO","superficie_ha_calc":224.6066}},{"type":"Feature","geometry":{"type":"MultiPolygon","coordinates":[[[[-64.4702,-32.0747],[-64.4606,-32.0746],[-64.4605,-32.0827],[-64.47,-32.0829],[-64.4702,-32.0747]]]]},"properties":{"id":"cordoba:area_amparo:mineria_area_amparo.218","provincia":"cordoba","provincia_nombre":"Córdoba","tipo":"area_proteccion","estado":"desconocido","geom_kind":"poligono","fuente_id":"cordoba.idecor.area_amparo","source_url":"https://idecor-ws.mapascordoba.gob.ar/geoserver/wfs?service=WFS&version=2.0.0&request=GetFeature&typeNames=idecor%3Amineria_area_amparo&outputFormat=application%2Fjson&count=2000&startIndex=0&srsName=EPSG%3A4326","source_layer":"idecor:mineria_area_amparo","source_fid":"mineria_area_amparo.218","source_srid":22173,"fetched_at":"2026-07-28T13:38:04+00:00","licencia":"no_especificada","expediente":"10710","nombre":"SANTA LUCIA","mineral":["cuarzo"],"mineral_origen":"CUARZO","superficie_ha_calc":81.508}},{"type":"Feature","geometry":{"type":"MultiPolygon","coordinates":[[[[-64.8692,-32.0673],[-64.8691,-32.0754],[-64.8786,-32.0755],[-64.8787,-32.0674],[-64.8692,-32.0673]]]]},"properties":{"id":"cordoba:area_amparo:mineria_area_amparo.219","provincia":"cordoba","provincia_nombre":"Córdoba","tipo":"area_proteccion","estado":"desconocido","geom_kind":"poligono","fuente_id":"cordoba.idecor.area_amparo","source_url":"https://idecor-ws.mapascordoba.gob.ar/geoserver/wfs?service=WFS&version=2.0.0&request=GetFeature&typeNames=idecor%3Amineria_area_amparo&outputFormat=application%2Fjson&count=2000&startIndex=0&srsName=EPSG%3A4326","source_layer":"idecor:mineria_area_amparo","source_fid":"mineria_area_amparo.219","source_srid":22173,"fetched_at":"2026-07-28T13:38:04+00:00","licencia":"no_especificada","expediente":"10747","nombre":"TERESA","mineral":["cuarzo"],"mineral_origen":"CUARZO","superficie_ha_calc":80.5774}},{"type":"Feature","geometry":{"type":"MultiPolygon","coordinates":[[[[-64.72,-31.9773],[-64.7158,-31.9733],[-64.7125,-31.9756],[-64.7167,-31.9796],[-64.72,-31.9773]]]]},"properties":{"id":"cordoba:area_amparo:mineria_area_amparo.220","provincia":"cordoba","provincia_nombre":"Córdoba","tipo":"area_proteccion","estado":"desconocido","geom_kind":"poligono","fuente_id":"cordoba.idecor.area_amparo","source_url":"https://idecor-ws.mapascordoba.gob.ar/geoserver/wfs?service=WFS&version=2.0.0&request=GetFeature&typeNames=idecor%3Amineria_area_amparo&outputFormat=application%2Fjson&count=2000&startIndex=0&srsName=EPSG%3A4326","source_layer":"idecor:mineria_area_amparo","source_fid":"mineria_area_amparo.220","source_srid":22173,"fetched_at":"2026-07-28T13:38:04+00:00","licencia":"no_especificada","expediente":"10109","nombre":"LA NEGRITA","mineral":["Fe","Titanio"],"mineral_origen":"MINERAL DE HIERRO-TITANIO","superficie_ha_calc":23.9588}},{"type":"Feature","geometry":{"type":"MultiPolygon","coordinates":[[[[-65.0906,-31.9206],[-65.082,-31.9206],[-65.0819,-31.9287],[-65.0915,-31.9288],[-65.0915,-31.9227],[-65.0906,-31.9227],[-65.0906,-31.9206]]]]},"properties":{"id":"cordoba:area_amparo:mineria_area_amparo.222","provincia":"cordoba","provincia_nombre":"Córdoba","tipo":"area_proteccion","estado":"desconocido","geom_kind":"poligono","fuente_id":"cordoba.idecor.area_amparo","source_url":"https://idecor-ws.mapascordoba.gob.ar/geoserver/wfs?service=WFS&version=2.0.0&request=GetFeature&typeNames=idecor%3Amineria_area_amparo&outputFormat=application%2Fjson&count=2000&startIndex=0&srsName=EPSG%3A4326","source_layer":"idecor:mineria_area_amparo","source_fid":"mineria_area_amparo.222","source_srid":22173,"fetched_at":"2026-07-28T13:38:04+00:00","licencia":"no_especificada","expediente":"10841","nombre":"DIANA PRIMERA","mineral":["cuarzo","feldespato","mica"],"mineral_origen":"CUARZO-FELDESPATO-MICA","superficie_ha_calc":79.6396}},{"type":"Feature","geometry":{"type":"MultiPolygon","coordinates":[[[[-64.6661,-31.8281],[-64.666,-31.8317],[-64.6703,-31.8317],[-64.6703,-31.8281],[-64.6661,-31.8281]]]]},"properties":{"id":"cordoba:area_amparo:mineria_area_amparo.223","provincia":"cordoba","provincia_nombre":"Córdoba","tipo":"area_proteccion","estado":"desconocido","geom_kind":"poligono","fuente_id":"cordoba.idecor.area_amparo","source_url":"https://idecor-ws.mapascordoba.gob.ar/geoserver/wfs?service=WFS&version=2.0.0&request=GetFeature&typeNames=idecor%3Amineria_area_amparo&outputFormat=application%2Fjson&count=2000&startIndex=0&srsName=EPSG%3A4326","source_layer":"idecor:mineria_area_amparo","source_fid":"mineria_area_amparo.223","source_srid":22173,"fetched_at":"2026-07-28T13:38:04+00:00","licencia":"no_especificada","expediente":"10834","nombre":"ESMERALDA","mineral":["mica"],"mineral_origen":"MICA","superficie_ha_calc":16.0605}},{"type":"Feature","geometry":{"type":"MultiPolygon","coordinates":[[[[-64.6212,-31.7655],[-64.6212,-31.7709],[-64.6285,-31.771],[-64.6286,-31.7656],[-64.6212,-31.7655]]]]},"properties":{"id":"cordoba:area_amparo:mineria_area_amparo.224","provincia":"cordoba","provincia_nombre":"Córdoba","tipo":"area_proteccion","estado":"desconocido","geom_kind":"poligono","fuente_id":"cordoba.idecor.area_amparo","source_url":"https://idecor-ws.mapascordoba.gob.ar/geoserver/wfs?service=WFS&version=2.0.0&request=GetFeature&typeNames=idecor%3Amineria_area_amparo&outputFormat=application%2Fjson&count=2000&startIndex=0&srsName=EPSG%3A4326","source_layer":"idecor:mineria_area_amparo","source_fid":"mineria_area_amparo.224","source_srid":22173,"fetched_at":"2026-07-28T13:38:04+00:00","licencia":"no_especificada","expediente":"10970","nombre":"LA CHARITO","mineral":["cuarzo","feldespato","mica"],"mineral_origen":"CUARZO-FELDESPATO-MICA","superficie_ha_calc":41.6953}},{"type":"Feature","geometry":{"type":"MultiPolygon","coordinates":[[[[-65.4278,-31.0957],[-65.4162,-31.0957],[-65.4162,-31.1135],[-65.4214,-31.1134],[-65.4214,-31.1101],[-65.4277,-31.1101],[-65.4278,-31.0957]]]]},"properties":{"id":"cordoba:area_amparo:mineria_area_amparo.225","provincia":"cordoba","provincia_nombre":"Córdoba","tipo":"area_proteccion","estado":"desconocido","geom_kind":"poligono","fuente_id":"cordoba.idecor.area_amparo","source_url":"https://idecor-ws.mapascordoba.gob.ar/geoserver/wfs?service=WFS&version=2.0.0&request=GetFeature&typeNames=idecor%3Amineria_area_amparo&outputFormat=application%2Fjson&count=2000&startIndex=0&srsName=EPSG%3A4326","source_layer":"idecor:mineria_area_amparo","source_fid":"mineria_area_amparo.225","source_srid":22173,"fetched_at":"2026-07-28T13:38:04+00:00","licencia":"no_especificada","expediente":"11314","nombre":"LA ELENITA","mineral":["cuarzo"],"mineral_origen":"CUARZO","superficie_ha_calc":194.3447}},{"type":"Feature","geometry":{"type":"MultiPolygon","coordinates":[[[[-65.2399,-31.1844],[-65.2399,-31.188],[-65.2441,-31.188],[-65.2441,-31.1844],[-65.2399,-31.1844]]]]},"properties":{"id":"cordoba:area_amparo:mineria_area_amparo.226","provincia":"cordoba","provincia_nombre":"Córdoba","tipo":"area_proteccion","estado":"desconocido","geom_kind":"poligono","fuente_id":"cordoba.idecor.area_amparo","source_url":"https://idecor-ws.mapascordoba.gob.ar/geoserver/wfs?service=WFS&version=2.0.0&request=GetFeature&typeNames=idecor%3Amineria_area_amparo&outputFormat=application%2Fjson&count=2000&startIndex=0&srsName=EPSG%3A4326","source_layer":"idecor:mineria_area_amparo","source_fid":"mineria_area_amparo.226","source_srid":22173,"fetched_at":"2026-07-28T13:38:04+00:00","licencia":"no_especificada","expediente":"11318","nombre":"PALMAR 22","mineral":["cuarzo"],"mineral_origen":"CUARZO","superficie_ha_calc":15.9791}},{"type":"Feature","geometry":{"type":"MultiPolygon","coordinates":[[[[-64.7689,-29.8215],[-64.7492,-29.8213],[-64.749,-29.83],[-64.7505,-29.8324],[-64.7453,-29.8348],[-64.7687,-29.8351],[-64.7689,-29.8215]]]]},"properties":{"id":"cordoba:area_amparo:mineria_area_amparo.227","provincia":"cordoba","provincia_nombre":"Córdoba","tipo":"area_proteccion","estado":"desconocido","geom_kind":"poligono","fuente_id":"cordoba.idecor.area_amparo","source_url":"https://idecor-ws.mapascordoba.gob.ar/geoserver/wfs?service=WFS&version=2.0.0&request=GetFeature&typeNames=idecor%3Amineria_area_amparo&outputFormat=application%2Fjson&count=2000&startIndex=0&srsName=EPSG%3A4326","source_layer":"idecor:mineria_area_amparo","source_fid":"mineria_area_amparo.227","source_srid":22173,"fetched_at":"2026-07-28T13:38:04+00:00","licencia":"no_especificada","expediente":"11325","nombre":"LA ISLA 1","mineral":["sal"],"mineral_origen":"SAL","superficie_ha_calc":288.0555}},{"type":"Feature","geometry":{"type":"MultiPolygon","coordinates":[[[[-64.7933,-29.816],[-64.769,-29.8158],[-64.7687,-29.8351],[-64.7764,-29.8351],[-64.7764,-29.8297],[-64.7757,-29.8275],[-64.7837,-29.8256],[-64.7933,-29.816]]]]},"properties":{"id":"cordoba:area_amparo:mineria_area_amparo.228","provincia":"cordoba","provincia_nombre":"Córdoba","tipo":"area_proteccion","estado":"desconocido","geom_kind":"poligono","fuente_id":"cordoba.idecor.area_amparo","source_url":"https://idecor-ws.mapascordoba.gob.ar/geoserver/wfs?service=WFS&version=2.0.0&request=GetFeature&typeNames=idecor%3Amineria_area_amparo&outputFormat=application%2Fjson&count=2000&startIndex=0&srsName=EPSG%3A4326","source_layer":"idecor:mineria_area_amparo","source_fid":"mineria_area_amparo.228","source_srid":22173,"fetched_at":"2026-07-28T13:38:04+00:00","licencia":"no_especificada","expediente":"11326","nombre":"LA ISLA 2","mineral":["sal"],"mineral_origen":"SAL","superficie_ha_calc":287.4861}},{"type":"Feature","geometry":{"type":"MultiPolygon","coordinates":[[[[-64.8009,-29.8084],[-64.7587,-29.808],[-64.7586,-29.8214],[-64.7689,-29.8215],[-64.769,-29.8158],[-64.7933,-29.816],[-64.8009,-29.8084]]]]},"properties":{"id":"cordoba:area_amparo:mineria_area_amparo.229","provincia":"cordoba","provincia_nombre":"Córdoba","tipo":"area_proteccion","estado":"desconocido","geom_kind":"poligono","fuente_id":"cordoba.idecor.area_amparo","source_url":"https://idecor-ws.mapascordoba.gob.ar/geoserver/wfs?service=WFS&version=2.0.0&request=GetFeature&typeNames=idecor%3Amineria_area_amparo&outputFormat=application%2Fjson&count=2000&startIndex=0&srsName=EPSG%3A4326","source_layer":"idecor:mineria_area_amparo","source_fid":"mineria_area_amparo.229","source_srid":22173,"fetched_at":"2026-07-28T13:38:04+00:00","licencia":"no_especificada","expediente":"11327","nombre":"LA ISLA 3","mineral":["sal"],"mineral_origen":"SAL","superficie_ha_calc":379.6941}},{"type":"Feature","geometry":{"type":"MultiPolygon","coordinates":[[[[-64.7591,-29.781],[-64.7497,-29.7899],[-64.7492,-29.8213],[-64.7586,-29.8214],[-64.7591,-29.781]]]]},"properties":{"id":"cordoba:area_amparo:mineria_area_amparo.230","provincia":"cordoba","provincia_nombre":"Córdoba","tipo":"area_proteccion","estado":"desconocido","geom_kind":"poligono","fuente_id":"cordoba.idecor.area_amparo","source_url":"https://idecor-ws.mapascordoba.gob.ar/geoserver/wfs?service=WFS&version=2.0.0&request=GetFeature&typeNames=idecor%3Amineria_area_amparo&outputFormat=application%2Fjson&count=2000&startIndex=0&srsName=EPSG%3A4326","source_layer":"idecor:mineria_area_amparo","source_fid":"mineria_area_amparo.230","source_srid":22173,"fetched_at":"2026-07-28T13:38:04+00:00","licencia":"no_especificada","expediente":"11328","nombre":"LA ISLA 4","mineral":["sal"],"mineral_origen":"SAL","superficie_ha_calc":359.2788}},{"type":"Feature","geometry":{"type":"MultiPolygon","coordinates":[[[[-64.705,-29.846],[-64.6971,-29.8338],[-64.6734,-29.845],[-64.6937,-29.8452],[-64.7042,-29.8465],[-64.705,-29.846]]]]},"properties":{"id":"cordoba:area_amparo:mineria_area_amparo.231","provincia":"cordoba","provincia_nombre":"Córdoba","tipo":"area_proteccion","estado":"desconocido","geom_kind":"poligono","fuente_id":"cordoba.idecor.area_amparo","source_url":"https://idecor-ws.mapascordoba.gob.ar/geoserver/wfs?service=WFS&version=2.0.0&request=GetFeature&typeNames=idecor%3Amineria_area_amparo&outputFormat=application%2Fjson&count=2000&startIndex=0&srsName=EPSG%3A4326","source_layer":"idecor:mineria_area_amparo","source_fid":"mineria_area_amparo.231","source_srid":22173,"fetched_at":"2026-07-28T13:38:04+00:00","licencia":"no_especificada","expediente":"11297","nombre":"ANAS","mineral":["sal"],"mineral_origen":"SAL","superficie_ha_calc":198.1323}},{"type":"Feature","geometry":{"type":"MultiPolygon","coordinates":[[[[-64.5873,-31.8016],[-64.571,-31.8014],[-64.5708,-31.8154],[-64.5871,-31.8156],[-64.5873,-31.8016]]]]},"properties":{"id":"cordoba:area_amparo:mineria_area_amparo.232","provincia":"cordoba","provincia_nombre":"Córdoba","tipo":"area_proteccion","estado":"desconocido","geom_kind":"poligono","fuente_id":"cordoba.idecor.area_amparo","source_url":"https://idecor-ws.mapascordoba.gob.ar/geoserver/wfs?service=WFS&version=2.0.0&request=GetFeature&typeNames=idecor%3Amineria_area_amparo&outputFormat=application%2Fjson&count=2000&startIndex=0&srsName=EPSG%3A4326","source_layer":"idecor:mineria_area_amparo","source_fid":"mineria_area_amparo.232","source_srid":22173,"fetched_at":"2026-07-28T13:38:04+00:00","licencia":"no_especificada","expediente":"11319","nombre":"LAURA","mineral":["cuarzo","feldespato","mica"],"mineral_origen":"CUARZO-FELDESPATO-MICA","superficie_ha_calc":239.6393}},{"type":"Feature","geometry":{"type":"MultiPolygon","coordinates":[[[[-65.1776,-30.9896],[-65.1777,-30.9842],[-65.1714,-30.9842],[-65.1713,-30.9896],[-65.1776,-30.9896]]]]},"properties":{"id":"cordoba:area_amparo:mineria_area_amparo.235","provincia":"cordoba","provincia_nombre":"Córdoba","tipo":"area_proteccion","estado":"desconocido","geom_kind":"poligono","fuente_id":"cordoba.idecor.area_amparo","source_url":"https://idecor-ws.mapascordoba.gob.ar/geoserver/wfs?service=WFS&version=2.0.0&request=GetFeature&typeNames=idecor%3Amineria_area_amparo&outputFormat=application%2Fjson&count=2000&startIndex=0&srsName=EPSG%3A4326","source_layer":"idecor:mineria_area_amparo","source_fid":"mineria_area_amparo.235","source_srid":22173,"fetched_at":"2026-07-28T13:38:04+00:00","licencia":"no_especificada","expediente":"11332","nombre":"LORENA 2","mineral":["feldespato","Pb","Ag","Zn"],"mineral_origen":"FELDESPATO-PLOMO-PLATA-ZINC","superficie_ha_calc":36.0269}},{"type":"Feature","geometry":{"type":"MultiPolygon","coordinates":[[[[-64.9278,-32.3347],[-64.9108,-32.3346],[-64.9106,-32.349],[-64.9276,-32.3492],[-64.9278,-32.3347]]]]},"properties":{"id":"cordoba:area_amparo:mineria_area_amparo.237","provincia":"cordoba","provincia_nombre":"Córdoba","tipo":"area_proteccion","estado":"desconocido","geom_kind":"poligono","fuente_id":"cordoba.idecor.area_amparo","source_url":"https://idecor-ws.mapascordoba.gob.ar/geoserver/wfs?service=WFS&version=2.0.0&request=GetFeature&typeNames=idecor%3Amineria_area_amparo&outputFormat=application%2Fjson&count=2000&startIndex=0&srsName=EPSG%3A4326","source_layer":"idecor:mineria_area_amparo","source_fid":"mineria_area_amparo.237","source_srid":22173,"fetched_at":"2026-07-28T13:38:04+00:00","licencia":"no_especificada","expediente":"11334/23","nombre":"PAMPA","mineral":["cuarzo"],"mineral_origen":"CUARZO","superficie_ha_calc":256.4787}},{"type":"Feature","geometry":{"type":"MultiPolygon","coordinates":[[[[-64.9106,-32.3346],[-64.9021,-32.3345],[-64.902,-32.3417],[-64.9105,-32.3418],[-64.9106,-32.3346]]]]},"properties":{"id":"cordoba:area_amparo:mineria_area_amparo.238","provincia":"cordoba","provincia_nombre":"Córdoba","tipo":"area_proteccion","estado":"desconocido","geom_kind":"poligono","fuente_id":"cordoba.idecor.area_amparo","source_url":"https://idecor-ws.mapascordoba.gob.ar/geoserver/wfs?service=WFS&version=2.0.0&request=GetFeature&typeNames=idecor%3Amineria_area_amparo&outputFormat=application%2Fjson&count=2000&startIndex=0&srsName=EPSG%3A4326","source_layer":"idecor:mineria_area_amparo","source_fid":"mineria_area_amparo.238","source_srid":22173,"fetched_at":"2026-07-28T13:38:04+00:00","licencia":"no_especificada","expediente":"11333/23","nombre":"TUPAC","mineral":["cuarzo","feldespato","mica"],"mineral_origen":"CUARZO-FELDESPATO-MICA","superficie_ha_calc":63.903}},{"type":"Feature","geometry":{"type":"MultiPolygon","coordinates":[[[[-64.6012,-31.7968],[-64.5949,-31.7967],[-64.5948,-31.8022],[-64.6012,-31.8022],[-64.6012,-31.7968]]]]},"properties":{"id":"cordoba:area_amparo:mineria_area_amparo.239","provincia":"cordoba","provincia_nombre":"Córdoba","tipo":"area_proteccion","estado":"desconocido","geom_kind":"poligono","fuente_id":"cordoba.idecor.area_amparo","source_url":"https://idecor-ws.mapascordoba.gob.ar/geoserver/wfs?service=WFS&version=2.0.0&request=GetFeature&typeNames=idecor%3Amineria_area_amparo&outputFormat=application%2Fjson&count=2000&startIndex=0&srsName=EPSG%3A4326","source_layer":"idecor:mineria_area_amparo","source_fid":"mineria_area_amparo.239","source_srid":22173,"fetched_at":"2026-07-28T13:38:04+00:00","licencia":"no_especificada","expediente":"10526","nombre":"GISELA","mineral":["cuarzo","feldespato","mica"],"mineral_origen":"CUARZO-FELDESPATO-MICA","superficie_ha_calc":36.3421}},{"type":"Feature","geometry":{"type":"MultiPolygon","coordinates":[[[[-64.6714,-31.8421],[-64.6619,-31.842],[-64.6618,-31.8501],[-64.6713,-31.8502],[-64.6714,-31.8421]]]]},"properties":{"id":"cordoba:area_amparo:mineria_area_amparo.241","provincia":"cordoba","provincia_nombre":"Córdoba","tipo":"area_proteccion","estado":"desconocido","geom_kind":"poligono","fuente_id":"cordoba.idecor.area_amparo","source_url":"https://idecor-ws.mapascordoba.gob.ar/geoserver/wfs?service=WFS&version=2.0.0&request=GetFeature&typeNames=idecor%3Amineria_area_amparo&outputFormat=application%2Fjson&count=2000&startIndex=0&srsName=EPSG%3A4326","source_layer":"idecor:mineria_area_amparo","source_fid":"mineria_area_amparo.241","source_srid":22173,"fetched_at":"2026-07-28T13:38:04+00:00","licencia":"no_especificada","expediente":"11336","nombre":"FLORENTINA","mineral":["cuarzo","mica"],"mineral_origen":"CUARZO-MICA","superficie_ha_calc":80.7715}},{"type":"Feature","geometry":{"type":"MultiPolygon","coordinates":[[[[-64.5354,-31.5498],[-64.5286,-31.5498],[-64.5285,-31.5581],[-64.5353,-31.5581],[-64.5354,-31.5498]]]]},"properties":{"id":"cordoba:area_amparo:mineria_area_amparo.243","provincia":"cordoba","provincia_nombre":"Córdoba","tipo":"area_proteccion","estado":"desconocido","geom_kind":"poligono","fuente_id":"cordoba.idecor.area_amparo","source_url":"https://idecor-ws.mapascordoba.gob.ar/geoserver/wfs?service=WFS&version=2.0.0&request=GetFeature&typeNames=idecor%3Amineria_area_amparo&outputFormat=application%2Fjson&count=2000&startIndex=0&srsName=EPSG%3A4326","source_layer":"idecor:mineria_area_amparo","source_fid":"mineria_area_amparo.243","source_srid":22173,"fetched_at":"2026-07-28T13:38:04+00:00","licencia":"no_especificada","expediente":"11339","nombre":"LA DOLLY","mineral":["cuarzo","feldespato","mica"],"mineral_origen":"CUARZO-FELDESPATO-MICA","superficie_ha_calc":59.4184}},{"type":"Feature","geometry":{"type":"MultiPolygon","coordinates":[[[[-64.546,-32.3794],[-64.5386,-32.3793],[-64.5385,-32.3856],[-64.5459,-32.3857],[-64.546,-32.3794]]]]},"properties":{"id":"cordoba:area_amparo:mineria_area_amparo.244","provincia":"cordoba","provincia_nombre":"Córdoba","tipo":"area_proteccion","estado":"desconocido","geom_kind":"poligono","fuente_id":"cordoba.idecor.area_amparo","source_url":"https://idecor-ws.mapascordoba.gob.ar/geoserver/wfs?service=WFS&version=2.0.0&request=GetFeature&typeNames=idecor%3Amineria_area_amparo&outputFormat=application%2Fjson&count=2000&startIndex=0&srsName=EPSG%3A4326","source_layer":"idecor:mineria_area_amparo","source_fid":"mineria_area_amparo.244","source_srid":22173,"fetched_at":"2026-07-28T13:38:04+00:00","licencia":"no_especificada","expediente":"11337","nombre":"MAERO","mineral":["cuarzo"],"mineral_origen":"CUARZO","superficie_ha_calc":48.6581}},{"type":"Feature","geometry":{"type":"MultiPolygon","coordinates":[[[[-64.523,-31.5757],[-64.5199,-31.5756],[-64.5199,-31.5729],[-64.5231,-31.5729],[-64.523,-31.5757]]]]},"properties":{"id":"cordoba:area_amparo:mineria_area_amparo.246","provincia":"cordoba","provincia_nombre":"Córdoba","tipo":"area_proteccion","estado":"desconocido","geom_kind":"poligono","fuente_id":"cordoba.idecor.area_amparo","source_url":"https://idecor-ws.mapascordoba.gob.ar/geoserver/wfs?service=WFS&version=2.0.0&request=GetFeature&typeNames=idecor%3Amineria_area_amparo&outputFormat=application%2Fjson&count=2000&startIndex=0&srsName=EPSG%3A4326","source_layer":"idecor:mineria_area_amparo","source_fid":"mineria_area_amparo.246","source_srid":22173,"fetched_at":"2026-07-28T13:38:04+00:00","licencia":"no_especificada","expediente":"11340","nombre":"LA CHACRITA MIA","mineral":["cuarzo","feldespato","mica"],"mineral_origen":"CUARZO-FELDESPATO-MICA","superficie_ha_calc":9.1203}},{"type":"Feature","geometry":{"type":"MultiPolygon","coordinates":[[[[-65.3084,-31.2217],[-65.3042,-31.2217],[-65.3042,-31.2253],[-65.3084,-31.2254],[-65.3084,-31.2217]]]]},"properties":{"id":"cordoba:area_amparo:mineria_area_amparo.247","provincia":"cordoba","provincia_nombre":"Córdoba","tipo":"area_proteccion","estado":"desconocido","geom_kind":"poligono","fuente_id":"cordoba.idecor.area_amparo","source_url":"https://idecor-ws.mapascordoba.gob.ar/geoserver/wfs?service=WFS&version=2.0.0&request=GetFeature&typeNames=idecor%3Amineria_area_amparo&outputFormat=application%2Fjson&count=2000&startIndex=0&srsName=EPSG%3A4326","source_layer":"idecor:mineria_area_amparo","source_fid":"mineria_area_amparo.247","source_srid":22173,"fetched_at":"2026-07-28T13:38:04+00:00","licencia":"no_especificada","expediente":"2120","nombre":"LA CRUZ DEL SEÑOR 1 ","mineral":["cuarzo","Pb"],"mineral_origen":"CUARZO-PLOMO","superficie_ha_calc":16.1948}},{"type":"Feature","geometry":{"type":"MultiPolygon","coordinates":[[[[-64.6285,-31.7764],[-64.6211,-31.7763],[-64.6212,-31.7709],[-64.6286,-31.771],[-64.6285,-31.7764]]]]},"properties":{"id":"cordoba:area_amparo:mineria_area_amparo.250","provincia":"cordoba","provincia_nombre":"Córdoba","tipo":"area_proteccion","estado":"desconocido","geom_kind":"poligono","fuente_id":"cordoba.idecor.area_amparo","source_url":"https://idecor-ws.mapascordoba.gob.ar/geoserver/wfs?service=WFS&version=2.0.0&request=GetFeature&typeNames=idecor%3Amineria_area_amparo&outputFormat=application%2Fjson&count=2000&startIndex=0&srsName=EPSG%3A4326","source_layer":"idecor:mineria_area_amparo","source_fid":"mineria_area_amparo.250","source_srid":22173,"fetched_at":"2026-07-28T13:38:04+00:00","licencia":"no_especificada","expediente":"11342","nombre":"CATALINA","mineral":["cuarzo","feldespato","mica"],"mineral_origen":"CUARZO-FELDESPATO-MICA","superficie_ha_calc":41.9818}},{"type":"Feature","geometry":{"type":"MultiPolygon","coordinates":[[[[-64.1081,-29.5752],[-64.105,-29.5751],[-64.105,-29.5778],[-64.1081,-29.5779],[-64.1081,-29.5752]]]]},"properties":{"id":"cordoba:area_amparo:mineria_area_amparo.251","provincia":"cordoba","provincia_nombre":"Córdoba","tipo":"area_proteccion","estado":"desconocido","geom_kind":"poligono","fuente_id":"cordoba.idecor.area_amparo","source_url":"https://idecor-ws.mapascordoba.gob.ar/geoserver/wfs?service=WFS&version=2.0.0&request=GetFeature&typeNames=idecor%3Amineria_area_amparo&outputFormat=application%2Fjson&count=2000&startIndex=0&srsName=EPSG%3A4326","source_layer":"idecor:mineria_area_amparo","source_fid":"mineria_area_amparo.251","source_srid":22173,"fetched_at":"2026-07-28T13:38:04+00:00","licencia":"no_especificada","expediente":"11344","nombre":"SAN JOSE II","mineral":["Mn"],"mineral_origen":"MANGANESO","superficie_ha_calc":8.9895}},{"type":"Feature","geometry":{"type":"MultiPolygon","coordinates":[[[[-64.6907,-29.914],[-64.6817,-29.914],[-64.6815,-29.925],[-64.6905,-29.9251],[-64.6907,-29.914]]]]},"properties":{"id":"cordoba:area_amparo:mineria_area_amparo.253","provincia":"cordoba","provincia_nombre":"Córdoba","tipo":"area_proteccion","estado":"desconocido","geom_kind":"poligono","fuente_id":"cordoba.idecor.area_amparo","source_url":"https://idecor-ws.mapascordoba.gob.ar/geoserver/wfs?service=WFS&version=2.0.0&request=GetFeature&typeNames=idecor%3Amineria_area_amparo&outputFormat=application%2Fjson&count=2000&startIndex=0&srsName=EPSG%3A4326","source_layer":"idecor:mineria_area_amparo","source_fid":"mineria_area_amparo.253","source_srid":22173,"fetched_at":"2026-07-28T13:38:04+00:00","licencia":"no_especificada","expediente":"11345","nombre":"EL TATA","mineral":["sal"],"mineral_origen":"SAL","superficie_ha_calc":106.4643}},{"type":"Feature","geometry":{"type":"MultiPolygon","coordinates":[[[[-64.5153,-31.5827],[-64.5059,-31.5825],[-64.5058,-31.5907],[-64.5152,-31.5908],[-64.5153,-31.5827]]]]},"properties":{"id":"cordoba:area_amparo:mineria_area_amparo.254","provincia":"cordoba","provincia_nombre":"Córdoba","tipo":"area_proteccion","estado":"desconocido","geom_kind":"poligono","fuente_id":"cordoba.idecor.area_amparo","source_url":"https://idecor-ws.mapascordoba.gob.ar/geoserver/wfs?service=WFS&version=2.0.0&request=GetFeature&typeNames=idecor%3Amineria_area_amparo&outputFormat=application%2Fjson&count=2000&startIndex=0&srsName=EPSG%3A4326","source_layer":"idecor:mineria_area_amparo","source_fid":"mineria_area_amparo.254","source_srid":22173,"fetched_at":"2026-07-28T13:38:04+00:00","licencia":"no_especificada","expediente":"11346","nombre":"EL PUMA","mineral":["feldespato"],"mineral_origen":"FELDESPATO","superficie_ha_calc":80.6408}},{"type":"Feature","geometry":{"type":"MultiPolygon","coordinates":[[[[-64.6745,-29.9407],[-64.6705,-29.9406],[-64.6684,-29.9596],[-64.6741,-29.9597],[-64.6745,-29.9407]]]]},"properties":{"id":"cordoba:area_amparo:mineria_area_amparo.255","provincia":"cordoba","provincia_nombre":"Córdoba","tipo":"area_proteccion","estado":"desconocido","geom_kind":"poligono","fuente_id":"cordoba.idecor.area_amparo","source_url":"https://idecor-ws.mapascordoba.gob.ar/geoserver/wfs?service=WFS&version=2.0.0&request=GetFeature&typeNames=idecor%3Amineria_area_amparo&outputFormat=application%2Fjson&count=2000&startIndex=0&srsName=EPSG%3A4326","source_layer":"idecor:mineria_area_amparo","source_fid":"mineria_area_amparo.255","source_srid":22173,"fetched_at":"2026-07-28T13:38:04+00:00","licencia":"no_especificada","expediente":"11348","nombre":"DON DADI","mineral":["sal"],"mineral_origen":"SAL","superficie_ha_calc":98.7419}},{"type":"Feature","geometry":{"type":"MultiPolygon","coordinates":[[[[-64.7221,-30.0865],[-64.7159,-30.0864],[-64.7159,-30.0819],[-64.7126,-30.0818],[-64.7124,-30.0945],[-64.722,-30.0946],[-64.7221,-30.0865]]]]},"properties":{"id":"cordoba:area_amparo:mineria_area_amparo.256","provincia":"cordoba","provincia_nombre":"Córdoba","tipo":"area_proteccion","estado":"desconocido","geom_kind":"poligono","fuente_id":"cordoba.idecor.area_amparo","source_url":"https://idecor-ws.mapascordoba.gob.ar/geoserver/wfs?service=WFS&version=2.0.0&request=GetFeature&typeNames=idecor%3Amineria_area_amparo&outputFormat=application%2Fjson&count=2000&startIndex=0&srsName=EPSG%3A4326","source_layer":"idecor:mineria_area_amparo","source_fid":"mineria_area_amparo.256","source_srid":22173,"fetched_at":"2026-07-28T13:38:04+00:00","licencia":"no_especificada","expediente":"11349","nombre":"LA LOLA","mineral":["sal"],"mineral_origen":"SAL","superficie_ha_calc":99.3935}},{"type":"Feature","geometry":{"type":"MultiPolygon","coordinates":[[[[-64.9976,-30.964],[-64.9913,-30.964],[-64.9913,-30.9694],[-64.9976,-30.9694],[-64.9976,-30.964]]]]},"properties":{"id":"cordoba:area_amparo:mineria_area_amparo.257","provincia":"cordoba","provincia_nombre":"Córdoba","tipo":"area_proteccion","estado":"desconocido","geom_kind":"poligono","fuente_id":"cordoba.idecor.area_amparo","source_url":"https://idecor-ws.mapascordoba.gob.ar/geoserver/wfs?service=WFS&version=2.0.0&request=GetFeature&typeNames=idecor%3Amineria_area_amparo&outputFormat=application%2Fjson&count=2000&startIndex=0&srsName=EPSG%3A4326","source_layer":"idecor:mineria_area_amparo","source_fid":"mineria_area_amparo.257","source_srid":22173,"fetched_at":"2026-07-28T13:38:04+00:00","licencia":"no_especificada","expediente":"11347","nombre":"CASUALIDAD","mineral":["cuarzo"],"mineral_origen":"CUARZO Y FELDESPATO","superficie_ha_calc":36.0344}},{"type":"Feature","geometry":{"type":"MultiPolygon","coordinates":[[[[-65.3836,-30.8126],[-65.3835,-30.828],[-65.3658,-30.8279],[-65.3659,-30.8126],[-65.3836,-30.8126]]]]},"properties":{"id":"cordoba:area_amparo:mineria_area_amparo.258","provincia":"cordoba","provincia_nombre":"Córdoba","tipo":"area_proteccion","estado":"desconocido","geom_kind":"poligono","fuente_id":"cordoba.idecor.area_amparo","source_url":"https://idecor-ws.mapascordoba.gob.ar/geoserver/wfs?service=WFS&version=2.0.0&request=GetFeature&typeNames=idecor%3Amineria_area_amparo&outputFormat=application%2Fjson&count=2000&startIndex=0&srsName=EPSG%3A4326","source_layer":"idecor:mineria_area_amparo","source_fid":"mineria_area_amparo.258","source_srid":22173,"fetched_at":"2026-07-28T13:38:04+00:00","licencia":"no_especificada","expediente":"11357/25","nombre":"AGUA DE RAMÓN I","mineral":["Wolfram"],"mineral_origen":"WOLFRAM","superficie_ha_calc":288.2198}},{"type":"Feature","geometry":{"type":"MultiPolygon","coordinates":[[[[-65.3676,-30.8398],[-65.3822,-30.8399],[-65.3821,-30.8525],[-65.3675,-30.8524],[-65.3676,-30.8398]]]]},"properties":{"id":"cordoba:area_amparo:mineria_area_amparo.259","provincia":"cordoba","provincia_nombre":"Córdoba","tipo":"area_proteccion","estado":"desconocido","geom_kind":"poligono","fuente_id":"cordoba.idecor.area_amparo","source_url":"https://idecor-ws.mapascordoba.gob.ar/geoserver/wfs?service=WFS&version=2.0.0&request=GetFeature&typeNames=idecor%3Amineria_area_amparo&outputFormat=application%2Fjson&count=2000&startIndex=0&srsName=EPSG%3A4326","source_layer":"idecor:mineria_area_amparo","source_fid":"mineria_area_amparo.259","source_srid":22173,"fetched_at":"2026-07-28T13:38:04+00:00","licencia":"no_especificada","expediente":"11359/25","nombre":"AGUA DE RAMÓN III","mineral":["Wolfram"],"mineral_origen":"WOLFRAM","superficie_ha_calc":195.1041}},{"type":"Feature","geometry":{"type":"MultiPolygon","coordinates":[[[[-65.3677,-30.828],[-65.3812,-30.8281],[-65.3812,-30.8398],[-65.3676,-30.8397],[-65.3677,-30.828]]]]},"properties":{"id":"cordoba:area_amparo:mineria_area_amparo.260","provincia":"cordoba","provincia_nombre":"Córdoba","tipo":"area_proteccion","estado":"desconocido","geom_kind":"poligono","fuente_id":"cordoba.idecor.area_amparo","source_url":"https://idecor-ws.mapascordoba.gob.ar/geoserver/wfs?service=WFS&version=2.0.0&request=GetFeature&typeNames=idecor%3Amineria_area_amparo&outputFormat=application%2Fjson&count=2000&startIndex=0&srsName=EPSG%3A4326","source_layer":"idecor:mineria_area_amparo","source_fid":"mineria_area_amparo.260","source_srid":22173,"fetched_at":"2026-07-28T13:38:04+00:00","licencia":"no_especificada","expediente":"11358/25","nombre":"AGUA DE RAMÓN II","mineral":["Wolfram"],"mineral_origen":"WOLFRAM","superficie_ha_calc":168.1561}},{"type":"Feature","geometry":{"type":"MultiPolygon","coordinates":[[[[-64.6571,-31.1307],[-64.6697,-31.1308],[-64.6696,-31.1416],[-64.657,-31.1415],[-64.6571,-31.1307]]]]},"properties":{"id":"cordoba:area_amparo:mineria_area_amparo.261","provincia":"cordoba","provincia_nombre":"Córdoba","tipo":"area_proteccion","estado":"desconocido","geom_kind":"poligono","fuente_id":"cordoba.idecor.area_amparo","source_url":"https://idecor-ws.mapascordoba.gob.ar/geoserver/wfs?service=WFS&version=2.0.0&request=GetFeature&typeNames=idecor%3Amineria_area_amparo&outputFormat=application%2Fjson&count=2000&startIndex=0&srsName=EPSG%3A4326","source_layer":"idecor:mineria_area_amparo","source_fid":"mineria_area_amparo.261","source_srid":22173,"fetched_at":"2026-07-28T13:38:04+00:00","licencia":"no_especificada","expediente":"11373/26","nombre":"MELY","mineral":["Wolfram"],"mineral_origen":"WOLFRAM","superficie_ha_calc":143.8969}},{"type":"Feature","geometry":{"type":"MultiPolygon","coordinates":[[[[-64.6546,-31.1161],[-64.6714,-31.1163],[-64.6712,-31.1307],[-64.6673,-31.1307],[-64.6674,-31.1253],[-64.6609,-31.1252],[-64.6609,-31.1306],[-64.6544,-31.1305],[-64.6546,-31.1161]]]]},"properties":{"id":"cordoba:area_amparo:mineria_area_amparo.262","provincia":"cordoba","provincia_nombre":"Córdoba","tipo":"area_proteccion","estado":"desconocido","geom_kind":"poligono","fuente_id":"cordoba.idecor.area_amparo","source_url":"https://idecor-ws.mapascordoba.gob.ar/geoserver/wfs?service=WFS&version=2.0.0&request=GetFeature&typeNames=idecor%3Amineria_area_amparo&outputFormat=application%2Fjson&count=2000&startIndex=0&srsName=EPSG%3A4326","source_layer":"idecor:mineria_area_amparo","source_fid":"mineria_area_amparo.262","source_srid":22173,"fetched_at":"2026-07-28T13:38:04+00:00","licencia":"no_especificada","expediente":"11374/26","nombre":"LOS MOGOTES","mineral":["Wolfram"],"mineral_origen":"WOLFRAM","superficie_ha_calc":219.4417}},{"type":"Feature","geometry":{"type":"MultiPolygon","coordinates":[[[[-64.9738,-31.4401],[-64.9737,-31.4527],[-64.9589,-31.4526],[-64.9591,-31.44],[-64.9738,-31.4401]]]]},"properties":{"id":"cordoba:area_amparo:mineria_area_amparo.263","provincia":"cordoba","provincia_nombre":"Córdoba","tipo":"area_proteccion","estado":"desconocido","geom_kind":"poligono","fuente_id":"cordoba.idecor.area_amparo","source_url":"https://idecor-ws.mapascordoba.gob.ar/geoserver/wfs?service=WFS&version=2.0.0&request=GetFeature&typeNames=idecor%3Amineria_area_amparo&outputFormat=application%2Fjson&count=2000&startIndex=0&srsName=EPSG%3A4326","source_layer":"idecor:mineria_area_amparo","source_fid":"mineria_area_amparo.263","source_srid":22173,"fetched_at":"2026-07-28T13:38:04+00:00","licencia":"no_especificada","expediente":"11364/26","nombre":"LA UNION","mineral":["cuarzo"],"mineral_origen":"CUARZO","superficie_ha_calc":195.8942}},{"type":"Feature","geometry":{"type":"MultiPolygon","coordinates":[[[[-64.9886,-31.4402],[-64.9885,-31.4528],[-64.9737,-31.4527],[-64.9739,-31.4401],[-64.9886,-31.4402]]]]},"properties":{"id":"cordoba:area_amparo:mineria_area_amparo.264","provincia":"cordoba","provincia_nombre":"Córdoba","tipo":"area_proteccion","estado":"desconocido","geom_kind":"poligono","fuente_id":"cordoba.idecor.area_amparo","source_url":"https://idecor-ws.mapascordoba.gob.ar/geoserver/wfs?service=WFS&version=2.0.0&request=GetFeature&typeNames=idecor%3Amineria_area_amparo&outputFormat=application%2Fjson&count=2000&startIndex=0&srsName=EPSG%3A4326","source_layer":"idecor:mineria_area_amparo","source_fid":"mineria_area_amparo.264","source_srid":22173,"fetched_at":"2026-07-28T13:38:04+00:00","licencia":"no_especificada","expediente":"11365/26","nombre":"SAN JUAN BAUTISTA","mineral":["cuarzo"],"mineral_origen":"CUARZO","superficie_ha_calc":195.894}},{"type":"Feature","geometry":{"type":"MultiPolygon","coordinates":[[[[-64.4926,-31.7823],[-64.4989,-31.7823],[-64.4989,-31.7878],[-64.4925,-31.7877],[-64.4926,-31.7823]]]]},"properties":{"id":"cordoba:area_amparo:mineria_area_amparo.265","provincia":"cordoba","provincia_nombre":"Córdoba","tipo":"area_proteccion","estado":"desconocido","geom_kind":"poligono","fuente_id":"cordoba.idecor.area_amparo","source_url":"https://idecor-ws.mapascordoba.gob.ar/geoserver/wfs?service=WFS&version=2.0.0&request=GetFeature&typeNames=idecor%3Amineria_area_amparo&outputFormat=application%2Fjson&count=2000&startIndex=0&srsName=EPSG%3A4326","source_layer":"idecor:mineria_area_amparo","source_fid":"mineria_area_amparo.265","source_srid":22173,"fetched_at":"2026-07-28T13:38:04+00:00","licencia":"no_especificada","expediente":"11350/25","nombre":"MINA DE LUZ","mineral":["cuarzo","feldespato","mica"],"mineral_origen":"CUARZO-FELDESPATO-MICA\n","superficie_ha_calc":36.3476}},{"type":"Feature","geometry":{"type":"MultiPolygon","coordinates":[[[[-64.5603,-31.2348],[-64.5602,-31.2402],[-64.5539,-31.2401],[-64.554,-31.2347],[-64.5603,-31.2348]]]]},"properties":{"id":"cordoba:area_amparo:mineria_area_amparo.266","provincia":"cordoba","provincia_nombre":"Córdoba","tipo":"area_proteccion","estado":"desconocido","geom_kind":"poligono","fuente_id":"cordoba.idecor.area_amparo","source_url":"https://idecor-ws.mapascordoba.gob.ar/geoserver/wfs?service=WFS&version=2.0.0&request=GetFeature&typeNames=idecor%3Amineria_area_amparo&outputFormat=application%2Fjson&count=2000&startIndex=0&srsName=EPSG%3A4326","source_layer":"idecor:mineria_area_amparo","source_fid":"mineria_area_amparo.266","source_srid":22173,"fetched_at":"2026-07-28T13:38:04+00:00","licencia":"no_especificada","expediente":"11354/25","nombre":"LA MANDINGA 2 NORTE","mineral":["Fluorita"],"mineral_origen":"FLUORITA","superficie_ha_calc":35.9444}},{"type":"Feature","geometry":{"type":"MultiPolygon","coordinates":[[[[-64.968,-31.6323],[-64.968,-31.6383],[-64.9611,-31.6383],[-64.9611,-31.6323],[-64.968,-31.6323]]]]},"properties":{"id":"cordoba:area_amparo:mineria_area_amparo.267","provincia":"cordoba","provincia_nombre":"Córdoba","tipo":"area_proteccion","estado":"desconocido","geom_kind":"poligono","fuente_id":"cordoba.idecor.area_amparo","source_url":"https://idecor-ws.mapascordoba.gob.ar/geoserver/wfs?service=WFS&version=2.0.0&request=GetFeature&typeNames=idecor%3Amineria_area_amparo&outputFormat=application%2Fjson&count=2000&startIndex=0&srsName=EPSG%3A4326","source_layer":"idecor:mineria_area_amparo","source_fid":"mineria_area_amparo.267","source_srid":22173,"fetched_at":"2026-07-28T13:38:04+00:00","licencia":"no_especificada","expediente":" 11372/26\n","nombre":"LA FRANCESA","mineral":["Amatista"],"mineral_origen":"AMATISTA","superficie_ha_calc":43.5474}},{"type":"Feature","geometry":{"type":"MultiPolygon","coordinates":[[[[-65.111,-31.7419],[-65.111,-31.7474],[-65.1046,-31.7473],[-65.1046,-31.7419],[-65.111,-31.7419]]]]},"properties":{"id":"cordoba:area_amparo:mineria_area_amparo.268","provincia":"cordoba","provincia_nombre":"Córdoba","tipo":"area_proteccion","estado":"desconocido","geom_kind":"poligono","fuente_id":"cordoba.idecor.area_amparo","source_url":"https://idecor-ws.mapascordoba.gob.ar/geoserver/wfs?service=WFS&version=2.0.0&request=GetFeature&typeNames=idecor%3Amineria_area_amparo&outputFormat=application%2Fjson&count=2000&startIndex=0&srsName=EPSG%3A4326","source_layer":"idecor:mineria_area_amparo","source_fid":"mineria_area_amparo.268","source_srid":22173,"fetched_at":"2026-07-28T13:38:04+00:00","licencia":"no_especificada","expediente":"11370/26","nombre":"FACUNDO I","mineral":["Amatista"],"mineral_origen":"AMATISTA","superficie_ha_calc":36.6469}},{"type":"Feature","geometry":{"type":"MultiPolygon","coordinates":[[[[-64.8097,-32.5607],[-64.8096,-32.5699],[-64.7987,-32.5698],[-64.7988,-32.5606],[-64.8097,-32.5607]]]]},"properties":{"id":"cordoba:area_amparo:mineria_area_amparo.269","provincia":"cordoba","provincia_nombre":"Córdoba","tipo":"area_proteccion","estado":"desconocido","geom_kind":"poligono","fuente_id":"cordoba.idecor.area_amparo","source_url":"https://idecor-ws.mapascordoba.gob.ar/geoserver/wfs?service=WFS&version=2.0.0&request=GetFeature&typeNames=idecor%3Amineria_area_amparo&outputFormat=application%2Fjson&count=2000&startIndex=0&srsName=EPSG%3A4326","source_layer":"idecor:mineria_area_amparo","source_fid":"mineria_area_amparo.269","source_srid":22173,"fetched_at":"2026-07-28T13:38:04+00:00","licencia":"no_especificada","expediente":"11366/2026\n","nombre":"MINUTTI 1","mineral":["cuarzo","feldespato","Fluorita"],"mineral_origen":" CUARZO-FELDESPATO-FLUORITA","superficie_ha_calc":104.4439}},{"type":"Feature","geometry":{"type":"MultiPolygon","coordinates":[[[[-64.8046,-32.5699],[-64.8045,-32.5748],[-64.7986,-32.5748],[-64.7987,-32.5698],[-64.8046,-32.5699]]]]},"properties":{"id":"cordoba:area_amparo:mineria_area_amparo.270","provincia":"cordoba","provincia_nombre":"Córdoba","tipo":"area_proteccion","estado":"desconocido","geom_kind":"poligono","fuente_id":"cordoba.idecor.area_amparo","source_url":"https://idecor-ws.mapascordoba.gob.ar/geoserver/wfs?service=WFS&version=2.0.0&request=GetFeature&typeNames=idecor%3Amineria_area_amparo&outputFormat=application%2Fjson&count=2000&startIndex=0&srsName=EPSG%3A4326","source_layer":"idecor:mineria_area_amparo","source_fid":"mineria_area_amparo.270","source_srid":22173,"fetched_at":"2026-07-28T13:38:04+00:00","licencia":"no_especificada","expediente":"11368/2026","nombre":"MINUTTI 3","mineral":["cuarzo","Fluorita"],"mineral_origen":"CUARZO-FLUORITA","superficie_ha_calc":30.4175}},{"type":"Feature","geometry":{"type":"MultiPolygon","coordinates":[[[[-64.7987,-32.5655],[-64.7986,-32.5772],[-64.7848,-32.577],[-64.785,-32.5654],[-64.7987,-32.5655]]]]},"properties":{"id":"cordoba:area_amparo:mineria_area_amparo.271","provincia":"cordoba","provincia_nombre":"Córdoba","tipo":"area_proteccion","estado":"desconocido","geom_kind":"poligono","fuente_id":"cordoba.idecor.area_amparo","source_url":"https://idecor-ws.mapascordoba.gob.ar/geoserver/wfs?service=WFS&version=2.0.0&request=GetFeature&typeNames=idecor%3Amineria_area_amparo&outputFormat=application%2Fjson&count=2000&startIndex=0&srsName=EPSG%3A4326","source_layer":"idecor:mineria_area_amparo","source_fid":"mineria_area_amparo.271","source_srid":22173,"fetched_at":"2026-07-28T13:38:04+00:00","licencia":"no_especificada","expediente":"11367/2026","nombre":"MINUTTI 2","mineral":["cuarzo"],"mineral_origen":"CUARZO","superficie_ha_calc":166.8347}},{"type":"Feature","geometry":{"type":"MultiPolygon","coordinates":[[[[-65.0839,-31.9455],[-65.0886,-31.9455],[-65.0886,-31.9491],[-65.0838,-31.9491],[-65.0839,-31.9455]]]]},"properties":{"id":"cordoba:area_amparo:mineria_area_amparo.272","provincia":"cordoba","provincia_nombre":"Córdoba","tipo":"area_proteccion","estado":"desconocido","geom_kind":"poligono","fuente_id":"cordoba.idecor.area_amparo","source_url":"https://idecor-ws.mapascordoba.gob.ar/geoserver/wfs?service=WFS&version=2.0.0&request=GetFeature&typeNames=idecor%3Amineria_area_amparo&outputFormat=application%2Fjson&count=2000&startIndex=0&srsName=EPSG%3A4326","source_layer":"idecor:mineria_area_amparo","source_fid":"mineria_area_amparo.272","source_srid":22173,"fetched_at":"2026-07-28T13:38:04+00:00","licencia":"no_especificada","expediente":"11360/25","nombre":"MINERALES DEL SUR","mineral":["cuarzo","feldespato","Espodumeno"],"mineral_origen":"CUARZO-FELDESPATO-ESPODUMENO","superficie_ha_calc":17.9275}},{"type":"Feature","geometry":{"type":"MultiPolygon","coordinates":[[[[-65.2074,-30.9659],[-65.2168,-30.9659],[-65.2167,-30.9737],[-65.2111,-30.9736],[-65.2074,-30.9689],[-65.2074,-30.9659]]]]},"properties":{"id":"cordoba:area_amparo:mineria_area_amparo.273","provincia":"cordoba","provincia_nombre":"Córdoba","tipo":"area_proteccion","estado":"desconocido","geom_kind":"poligono","fuente_id":"cordoba.idecor.area_amparo","source_url":"https://idecor-ws.mapascordoba.gob.ar/geoserver/wfs?service=WFS&version=2.0.0&request=GetFeature&typeNames=idecor%3Amineria_area_amparo&outputFormat=application%2Fjson&count=2000&startIndex=0&srsName=EPSG%3A4326","source_layer":"idecor:mineria_area_amparo","source_fid":"mineria_area_amparo.273","source_srid":22173,"fetched_at":"2026-07-28T13:38:04+00:00","licencia":"no_especificada","expediente":"11355/25\n","nombre":"Mina Rica","mineral":["Galena"],"mineral_origen":"Galena","superficie_ha_calc":67.3479}},{"type":"Feature","geometry":{"type":"MultiPolygon","coordinates":[[[[-65.239,-30.9596],[-65.2388,-30.981],[-65.2327,-30.981],[-65.2257,-30.9729],[-65.2258,-30.9595],[-65.239,-30.9596]]]]},"properties":{"id":"cordoba:area_amparo:mineria_area_amparo.274","provincia":"cordoba","provincia_nombre":"Córdoba","tipo":"area_proteccion","estado":"desconocido","geom_kind":"poligono","fuente_id":"cordoba.idecor.area_amparo","source_url":"https://idecor-ws.mapascordoba.gob.ar/geoserver/wfs?service=WFS&version=2.0.0&request=GetFeature&typeNames=idecor%3Amineria_area_amparo&outputFormat=application%2Fjson&count=2000&startIndex=0&srsName=EPSG%3A4326","source_layer":"idecor:mineria_area_amparo","source_fid":"mineria_area_amparo.274","source_srid":22173,"fetched_at":"2026-07-28T13:38:04+00:00","licencia":"no_especificada","expediente":"NUMERO EXPTE.: 11356/25","nombre":"Mina Ciento Veinte","mineral":["Galena"],"mineral_origen":"Galena","superficie_ha_calc":269.1702}},{"type":"Feature","geometry":{"type":"MultiPolygon","coordinates":[[[[-64.4194,-32.0252],[-64.429,-32.0253],[-64.4288,-32.0334],[-64.4193,-32.0333],[-64.4194,-32.0252]]]]},"properties":{"id":"cordoba:area_amparo:mineria_area_amparo.275","provincia":"cordoba","provincia_nombre":"Córdoba","tipo":"area_proteccion","estado":"desconocido","geom_kind":"poligono","fuente_id":"cordoba.idecor.area_amparo","source_url":"https://idecor-ws.mapascordoba.gob.ar/geoserver/wfs?service=WFS&version=2.0.0&request=GetFeature&typeNames=idecor%3Amineria_area_amparo&outputFormat=application%2Fjson&count=2000&startIndex=0&srsName=EPSG%3A4326","source_layer":"idecor:mineria_area_amparo","source_fid":"mineria_area_amparo.275","source_srid":22173,"fetched_at":"2026-07-28T13:38:04+00:00","licencia":"no_especificada","expediente":"11362/2026","nombre":"EL TIO","mineral":["Cu"],"mineral_origen":"COBRE","superficie_ha_calc":81.0432}},{"type":"Feature","geometry":{"type":"MultiPolygon","coordinates":[[[[-65.2652,-31.1892],[-65.2627,-31.1921],[-65.2651,-31.1936],[-65.2688,-31.1892],[-65.2712,-31.1893],[-65.271,-31.2063],[-65.2621,-31.2063],[-65.2632,-31.2039],[-65.2607,-31.2031],[-65.2593,-31.2063],[-65.2511,-31.2062],[-65.2513,-31.1891],[-65.2652,-31.1892]]]]},"properties":{"id":"cordoba:area_amparo:mineria_area_amparo.276","provincia":"cordoba","provincia_nombre":"Córdoba","tipo":"area_proteccion","estado":"desconocido","geom_kind":"poligono","fuente_id":"cordoba.idecor.area_amparo","source_url":"https://idecor-ws.mapascordoba.gob.ar/geoserver/wfs?service=WFS&version=2.0.0&request=GetFeature&typeNames=idecor%3Amineria_area_amparo&outputFormat=application%2Fjson&count=2000&startIndex=0&srsName=EPSG%3A4326","source_layer":"idecor:mineria_area_amparo","source_fid":"mineria_area_amparo.276","source_srid":22173,"fetched_at":"2026-07-28T13:38:04+00:00","licencia":"no_especificada","expediente":"11351/2025","nombre":"PROYECTO GUASAPAMPA","mineral":["Mn"],"mineral_origen":"FERROMANGANESO","superficie_ha_calc":337.3898}},{"type":"Feature","geometry":{"type":"MultiPolygon","coordinates":[[[[-65.2525,-31.166],[-65.2539,-31.166],[-65.2542,-31.168],[-65.2554,-31.168],[-65.2559,-31.1756],[-65.2617,-31.1757],[-65.2618,-31.1725],[-65.2645,-31.1725],[-65.2645,-31.166],[-65.2711,-31.1661],[-65.271,-31.1821],[-65.2523,-31.182],[-65.2525,-31.166]]]]},"properties":{"id":"cordoba:area_amparo:mineria_area_amparo.277","provincia":"cordoba","provincia_nombre":"Córdoba","tipo":"area_proteccion","estado":"desconocido","geom_kind":"poligono","fuente_id":"cordoba.idecor.area_amparo","source_url":"https://idecor-ws.mapascordoba.gob.ar/geoserver/wfs?service=WFS&version=2.0.0&request=GetFeature&typeNames=idecor%3Amineria_area_amparo&outputFormat=application%2Fjson&count=2000&startIndex=0&srsName=EPSG%3A4326","source_layer":"idecor:mineria_area_amparo","source_fid":"mineria_area_amparo.277","source_srid":22173,"fetched_at":"2026-07-28T13:38:04+00:00","licencia":"no_especificada","expediente":"11352/2025","nombre":"PROYECTO LOS RANCHOS","mineral":["Wolfram"],"mineral_origen":"WOLFRAM","superficie_ha_calc":231.5629}},{"type":"Feature","geometry":{"type":"MultiPolygon","coordinates":[[[[-64.5672,-31.2136],[-64.5819,-31.2138],[-64.5817,-31.2264],[-64.5671,-31.2263],[-64.5672,-31.2136]]]]},"properties":{"id":"cordoba:area_amparo:mineria_area_amparo.278","provincia":"cordoba","provincia_nombre":"Córdoba","tipo":"area_proteccion","estado":"desconocido","geom_kind":"poligono","fuente_id":"cordoba.idecor.area_amparo","source_url":"https://idecor-ws.mapascordoba.gob.ar/geoserver/wfs?service=WFS&version=2.0.0&request=GetFeature&typeNames=idecor%3Amineria_area_amparo&outputFormat=application%2Fjson&count=2000&startIndex=0&srsName=EPSG%3A4326","source_layer":"idecor:mineria_area_amparo","source_fid":"mineria_area_amparo.278","source_srid":22173,"fetched_at":"2026-07-28T13:38:04+00:00","licencia":"no_especificada","expediente":"11376/26","nombre":"CHINGOLO","mineral":["Scheelita"],"mineral_origen":"Scheelita","superficie_ha_calc":195.8073}}]}