{"type":"FeatureCollection","metadata":{"provincia":"salta","n":115,"bbox":[-68.35338,-26.74206,-63.84861,-21.67745],"aviso":"Derivado de fuentes provinciales. Licencias por fuente en cobertura.json. El catastro minero es registro publico por el Codigo de Mineria; verificar licencia antes de uso comercial."},"features":[{"type":"Feature","geometry":{"type":"MultiLineString","coordinates":[[[-67.5,-23.31462],[-67.5,-26.37694]]]},"properties":{"id":"salta:servidumbres:servidumbres_l.113","provincia":"salta","provincia_nombre":"Salta","tipo":"servidumbre","estado":"desconocido","geom_kind":"linea","fuente_id":"salta.geonode.servidumbres","source_url":"https://geoportal.salta.gob.ar/geoserver/wfs?service=WFS&version=2.0.0&request=GetFeature&typeNames=geonode%3Aservidumbres_l&outputFormat=application%2Fjson&count=2000&startIndex=0&srsName=EPSG%3A4326","source_layer":"geonode:servidumbres_l","source_fid":"servidumbres_l.113","source_srid":4326,"fetched_at":"2026-07-28T13:38:01+00:00","licencia":"no_especificada"}},{"type":"Feature","geometry":{"type":"MultiLineString","coordinates":[[[-64.5,-21.67745],[-64.5,-26.74206]]]},"properties":{"id":"salta:servidumbres:servidumbres_l.114","provincia":"salta","provincia_nombre":"Salta","tipo":"servidumbre","estado":"desconocido","geom_kind":"linea","fuente_id":"salta.geonode.servidumbres","source_url":"https://geoportal.salta.gob.ar/geoserver/wfs?service=WFS&version=2.0.0&request=GetFeature&typeNames=geonode%3Aservidumbres_l&outputFormat=application%2Fjson&count=2000&startIndex=0&srsName=EPSG%3A4326","source_layer":"geonode:servidumbres_l","source_fid":"servidumbres_l.114","source_srid":4326,"fetched_at":"2026-07-28T13:38:01+00:00","licencia":"no_especificada"}},{"type":"Feature","geometry":{"type":"MultiLineString","coordinates":[[[-66.89716,-24.13787],[-66.92964,-24.13859],[-66.93298,-24.13809],[-66.94251,-24.13532],[-66.94415,-24.13445],[-66.945,-24.1337],[-66.95267,-24.12148],[-66.95318,-24.12052],[-66.99829,-24.01343],[-67.0152,-23.99992],[-67.03615,-24.00721],[-67.03617,-24.0156]]]},"properties":{"id":"salta:servidumbres:servidumbres_l.1700","provincia":"salta","provincia_nombre":"Salta","tipo":"servidumbre","estado":"desconocido","geom_kind":"linea","fuente_id":"salta.geonode.servidumbres","source_url":"https://geoportal.salta.gob.ar/geoserver/wfs?service=WFS&version=2.0.0&request=GetFeature&typeNames=geonode%3Aservidumbres_l&outputFormat=application%2Fjson&count=2000&startIndex=0&srsName=EPSG%3A4326","source_layer":"geonode:servidumbres_l","source_fid":"servidumbres_l.1700","source_srid":4326,"fetched_at":"2026-07-28T13:38:01+00:00","licencia":"no_especificada","expediente":"824919","titular":"RINCON MINING LIMITED","titular_norm":"RINCON MINING LIMITED","titular_es_persona":false,"fecha_inicio":"2023-09-04","departamento":"Los Andes","municipio":"San Antonio De Los Cobres","lugar":"Salar Del Rincon"}},{"type":"Feature","geometry":{"type":"MultiLineString","coordinates":[[[-66.06888,-23.78985],[-66.05962,-23.78247],[-66.05527,-23.77827],[-66.04791,-23.76443],[-66.04535,-23.7548],[-66.04512,-23.74947],[-66.04367,-23.74516]]]},"properties":{"id":"salta:servidumbres:servidumbres_l.1701","provincia":"salta","provincia_nombre":"Salta","tipo":"servidumbre","estado":"desconocido","geom_kind":"linea","fuente_id":"salta.geonode.servidumbres","source_url":"https://geoportal.salta.gob.ar/geoserver/wfs?service=WFS&version=2.0.0&request=GetFeature&typeNames=geonode%3Aservidumbres_l&outputFormat=application%2Fjson&count=2000&startIndex=0&srsName=EPSG%3A4326","source_layer":"geonode:servidumbres_l","source_fid":"servidumbres_l.1701","source_srid":4326,"fetched_at":"2026-07-28T13:38:01+00:00","licencia":"no_especificada","expediente":"20766","fecha_inicio":"2011-01-24","departamento":"La Poma","municipio":"La Poma"}},{"type":"Feature","geometry":{"type":"MultiLineString","coordinates":[[[-66.80811,-25.26955],[-66.8121,-25.28244]]]},"properties":{"id":"salta:servidumbres:servidumbres_l.1702","provincia":"salta","provincia_nombre":"Salta","tipo":"servidumbre","estado":"desconocido","geom_kind":"linea","fuente_id":"salta.geonode.servidumbres","source_url":"https://geoportal.salta.gob.ar/geoserver/wfs?service=WFS&version=2.0.0&request=GetFeature&typeNames=geonode%3Aservidumbres_l&outputFormat=application%2Fjson&count=2000&startIndex=0&srsName=EPSG%3A4326","source_layer":"geonode:servidumbres_l","source_fid":"servidumbres_l.1702","source_srid":4326,"fetched_at":"2026-07-28T13:38:01+00:00","licencia":"no_especificada","expediente":"16225","titular":"PACIFIC RIM MINING CORPORATION ARGENTINA S.A","titular_norm":"PACIFIC RIM MINING CORPORATION ARGENTINA","titular_es_persona":false,"fecha_inicio":"1997-12-21","departamento":"Los Andes"}},{"type":"Feature","geometry":{"type":"MultiLineString","coordinates":[[[-68.20938,-25.07443],[-68.20938,-25.07357]],[[-68.20381,-25.06935],[-68.20179,-25.07051]],[[-68.20371,-25.07816],[-68.20174,-25.07813]],[[-68.20101,-25.09588],[-68.19224,-25.09597]],[[-68.19725,-25.08558],[-68.19178,-25.08063]],[[-68.19421,-25.08801],[-68.19427,-25.08897]],[[-68.18286,-25.07053],[-68.18353,-25.07157]],[[-68.16303,-25.11238],[-68.16302,-25.11022]],[[-68.15434,-25.11205],[-68.15428,-25.11941]],[[-68.15305,-24.98512],[-68.15156,-24.9843]],[[-68.13941,-24.98451],[-68.13988,-24.98419]],[[-68.13374,-25.00792],[-68.12575,-25.008]],[[-68.13024,-24.99696],[-68.12447,-24.99335]],[[-68.12746,-25.00254],[-68.12442,-25.00156]],[[-68.12171,-25.01483],[-68.12692,-25.01473]],[[-68.12128,-25.03055],[-68.12673,-25.03049]],[[-68.11935,-25.02229],[-68.12673,-25.02234]],[[-68.11086,-25.10472],[-68.07484,-25.13431]],[[-68.09009,-25.21111],[-68.07955,-25.23455]],[[-68.12575,-25.008],[-68.12437,-25.00788]]]},"properties":{"id":"salta:servidumbres:servidumbres_l.1703","provincia":"salta","provincia_nombre":"Salta","tipo":"servidumbre","estado":"desconocido","geom_kind":"linea","fuente_id":"salta.geonode.servidumbres","source_url":"https://geoportal.salta.gob.ar/geoserver/wfs?service=WFS&version=2.0.0&request=GetFeature&typeNames=geonode%3Aservidumbres_l&outputFormat=application%2Fjson&count=2000&startIndex=0&srsName=EPSG%3A4326","source_layer":"geonode:servidumbres_l","source_fid":"servidumbres_l.1703","source_srid":4326,"fetched_at":"2026-07-28T13:38:01+00:00","licencia":"no_especificada","expediente":"796445","titular":"AGUILAR SERGIO IGNACIO,AMINCO SRL,ESPINOSA LUIS ADRIAN,MINERA EL TORO S.A.,NOA LITHIUM BRINES S.A.,YACONES S.R.L","titular_norm":"AGUILAR SERGIO IGNACIO AMINCO ESPINOSA LUIS ADRIAN MINERA EL TORO NOA LITHIUM BRINES YACONES","titular_es_persona":false,"fecha_inicio":"2022-12-15","departamento":"Los Andes","municipio":"Tolar Grande","lugar":"Rio Grande"}},{"type":"Feature","geometry":{"type":"MultiLineString","coordinates":[[[-67.08864,-25.06357],[-67.08854,-25.06389],[-67.08845,-25.06419],[-67.08839,-25.06446],[-67.08832,-25.06471],[-67.08826,-25.065],[-67.08821,-25.06527],[-67.08817,-25.06548],[-67.08811,-25.0657],[-67.08807,-25.06592],[-67.08803,-25.06613],[-67.088,-25.0663],[-67.08796,-25.06648],[-67.08793,-25.06669],[-67.0879,-25.06697],[-67.08787,-25.06723],[-67.08784,-25.06737],[-67.08783,-25.06761],[-67.08783,-25.06783],[-67.08786,-25.06806],[-67.08789,-25.06831],[-67.0879,-25.06849],[-67.08791,-25.06871],[-67.0879,-25.06886],[-67.08789,-25.06899],[-67.08786,-25.06919],[-67.08783,-25.06934],[-67.08781,-25.06943],[-67.08779,-25.06963],[-67.08779,-25.06983],[-67.08775,-25.06997],[-67.08769,-25.07014],[-67.08764,-25.07023],[-67.08754,-25.07034],[-67.0875,-25.07037],[-67.08733,-25.07047],[-67.08719,-25.07057],[-67.08701,-25.07069],[-67.08688,-25.07077],[-67.08671,-25.0709],[-67.08659,-25.07098],[-67.08643,-25.0711],[-67.08629,-25.07119],[-67.08614,-25.0713],[-67.086,-25.07141],[-67.08581,-25.07157],[-67.08562,-25.07172],[-67.08547,-25.07184],[-67.08527,-25.07201],[-67.08516,-25.07212],[-67.08501,-25.07224],[-67.08489,-25.07236],[-67.08473,-25.0725],[-67.08457,-25.07265],[-67.08441,-25.07279],[-67.08428,-25.07292],[-67.08415,-25.07306],[-67.08404,-25.07317],[-67.08391,-25.07329],[-67.08378,-25.07342],[-67.0837,-25.07351],[-67.08362,-25.0737],[-67.08356,-25.07389],[-67.08349,-25.07406],[-67.08344,-25.07423],[-67.08339,-25.07438],[-67.08331,-25.07457],[-67.08326,-25.07474],[-67.08318,-25.07492],[-67.08317,-25.07506],[-67.08314,-25.07522],[-67.08312,-25.07537],[-67.0831,-25.07553],[-67.08308,-25.07571],[-67.08308,-25.07593],[-67.08308,-25.07615],[-67.08308,-25.07633],[-67.0831,-25.07657],[-67.08311,-25.0767],[-67.08315,-25.07682],[-67.08317,-25.07691],[-67.08328,-25.07708],[-67.08339,-25.07722],[-67.08347,-25.07733],[-67.08354,-25.07744],[-67.08364,-25.07763],[-67.0837,-25.07776],[-67.08377,-25.07787],[-67.08384,-25.07805],[-67.0839,-25.07821],[-67.08398,-25.07839],[-67.08403,-25.07854],[-67.08408,-25.07867],[-67.08412,-25.07881],[-67.08415,-25.07893],[-67.08416,-25.07908],[-67.08412,-25.07934],[-67.08409,-25.07947],[-67.084,-25.07964],[-67.08393,-25.07981],[-67.08387,-25.07991],[-67.08379,-25.08009],[-67.0837,-25.08026],[-67.08362,-25.08045],[-67.08358,-25.08056],[-67.08353,-25.08079],[-67.08352,-25.08095],[-67.08352,-25.08109],[-67.08352,-25.08129],[-67.08352,-25.08145],[-67.0835,-25.08157],[-67.0835,-25.0817],[-67.08349,-25.08188],[-67.08349,-25.08202],[-67.08348,-25.08219],[-67.08347,-25.08229],[-67.08345,-25.08243],[-67.08342,-25.0826],[-67.08339,-25.08272],[-67.08337,-25.08284],[-67.08334,-25.08297],[-67.0833,-25.08315],[-67.08325,-25.08335],[-67.0832,-25.08353],[-67.08317,-25.08367],[-67.08313,-25.08378],[-67.08309,-25.0839],[-67.08305,-25.08402],[-67.083,-25.08416],[-67.08297,-25.08425],[-67.08293,-25.0844],[-67.0829,-25.08449],[-67.08286,-25.08458],[-67.08281,-25.08471],[-67.08275,-25.08488],[-67.0827,-25.08502],[-67.08261,-25.08525],[-67.08255,-25.0854],[-67.08253,-25.08548],[-67.08248,-25.08562],[-67.08243,-25.08574],[-67.08235,-25.08595],[-67.0823,-25.08607],[-67.08219,-25.08639],[-67.08197,-25.08726],[-67.08198,-25.08727],[-67.08185,-25.08764],[-67.08172,-25.08813],[-67.08147,-25.08894],[-67.0813,-25.08956],[-67.08096,-25.09036],[-67.08056,-25.09126],[-67.08043,-25.09156],[-67.0804,-25.09173],[-67.08038,-25.09184],[-67.08039,-25.09231],[-67.08039,-25.09278],[-67.08034,-25.09313],[-67.08031,-25.09356],[-67.08037,-25.09387],[-67.08069,-25.0941],[-67.08135,-25.09427],[-67.08163,-25.09434],[-67.08198,-25.09447],[-67.08218,-25.09456],[-67.08253,-25.09475],[-67.08309,-25.09506],[-67.08333,-25.09523],[-67.08351,-25.09531],[-67.08388,-25.0956],[-67.08431,-25.09604],[-67.08473,-25.09644],[-67.08507,-25.09681],[-67.08569,-25.09742],[-67.0862,-25.09811],[-67.0863,-25.09825],[-67.08657,-25.09853],[-67.08672,-25.0987],[-67.08683,-25.09873],[-67.08714,-25.09884],[-67.08724,-25.09887],[-67.0874,-25.09899],[-67.08752,-25.09915],[-67.08761,-25.09937],[-67.08763,-25.09955],[-67.08764,-25.09971],[-67.08768,-25.10055],[-67.0877,-25.10081],[-67.08776,-25.10129],[-67.08782,-25.10171],[-67.08787,-25.10216],[-67.08798,-25.10287],[-67.08802,-25.10342],[-67.08799,-25.10437],[-67.08798,-25.10474],[-67.08792,-25.10535],[-67.08784,-25.10609],[-67.0877,-25.1075],[-67.08751,-25.10873],[-67.08737,-25.10957],[-67.08722,-25.11063],[-67.08707,-25.11182],[-67.08699,-25.11265],[-67.08703,-25.11315],[-67.08705,-25.11368],[-67.0871,-25.11478],[-67.08704,-25.11623],[-67.08705,-25.11714],[-67.08736,-25.11866],[-67.08769,-25.11976],[-67.08794,-25.12069],[-67.08815,-25.1209],[-67.08906,-25.12162],[-67.0896,-25.12189],[-67.0905,-25.12225],[-67.09118,-25.12254],[-67.092,-25.12289],[-67.09233,-25.12301],[-67.09298,-25.1233],[-67.09368,-25.12362],[-67.09412,-25.1237],[-67.09437,-25.12366],[-67.09488,-25.12348],[-67.09498,-25.12344],[-67.09546,-25.12319],[-67.09594,-25.1229],[-67.09624,-25.12267],[-67.0965,-25.12252],[-67.09709,-25.12222],[-67.09736,-25.1222],[-67.09747,-25.12222],[-67.09795,-25.12244],[-67.09819,-25.12252],[-67.09843,-25.12257],[-67.09886,-25.12253],[-67.09928,-25.12244],[-67.09941,-25.12243],[-67.09969,-25.12246],[-67.09988,-25.12246],[-67.10047,-25.12261],[-67.10112,-25.12281],[-67.10196,-25.12317],[-67.1028,-25.12333],[-67.10368,-25.12357],[-67.10532,-25.12432],[-67.10637,-25.1249],[-67.10663,-25.12513],[-67.10694,-25.12556],[-67.10773,-25.12589],[-67.108,-25.12648],[-67.10879,-25.12684],[-67.10946,-25.12711],[-67.10972,-25.12735],[-67.1101,-25.12774],[-67.11054,-25.12812],[-67.11119,-25.12846],[-67.11175,-25.12866],[-67.11248,-25.12902],[-67.11301,-25.12927],[-67.11361,-25.12976],[-67.11399,-25.13027],[-67.11477,-25.13177],[-67.11557,-25.13288],[-67.11574,-25.13315],[-67.11591,-25.13356],[-67.11588,-25.13435],[-67.11603,-25.13566],[-67.11669,-25.137],[-67.11686,-25.1376],[-67.11693,-25.13868],[-67.11643,-25.14175],[-67.11621,-25.14316],[-67.11601,-25.14428],[-67.11585,-25.14518],[-67.11569,-25.14611],[-67.11564,-25.14642],[-67.11552,-25.14757],[-67.11543,-25.14822],[-67.11532,-25.1489],[-67.11535,-25.14978],[-67.11613,-25.1509],[-67.11703,-25.15188],[-67.11773,-25.15263],[-67.11834,-25.15325],[-67.11895,-25.15386],[-67.11976,-25.15456],[-67.1206,-25.15526],[-67.12159,-25.15612],[-67.12237,-25.1563],[-67.12289,-25.15641],[-67.1238,-25.15665],[-67.12488,-25.15689],[-67.12567,-25.15707],[-67.1262,-25.15717],[-67.12706,-25.15723],[-67.12787,-25.15726],[-67.12865,-25.1573],[-67.12959,-25.15734],[-67.12988,-25.15741],[-67.13039,-25.15773],[-67.13099,-25.15829],[-67.13162,-25.15877],[-67.1321,-25.15916],[-67.13244,-25.15972],[-67.1325,-25.15978],[-67.1328,-25.16002],[-67.133,-25.16016],[-67.13335,-25.16027],[-67.13386,-25.15998],[-67.13426,-25.15949],[-67.13498,-25.15894],[-67.13636,-25.15681],[-67.13706,-25.15741],[-67.13769,-25.15793],[-67.13818,-25.15791],[-67.13913,-25.15776],[-67.14038,-25.1577],[-67.14118,-25.15768],[-67.14211,-25.15759],[-67.14329,-25.15754],[-67.14452,-25.15743],[-67.14544,-25.15731],[-67.14627,-25.15724],[-67.14736,-25.15711],[-67.14855,-25.15679],[-67.14952,-25.15655],[-67.15039,-25.15642],[-67.15115,-25.15627],[-67.15151,-25.15628],[-67.15347,-25.15652],[-67.15445,-25.15665],[-67.15465,-25.1567],[-67.15566,-25.15708],[-67.15686,-25.15745],[-67.1575,-25.15777],[-67.15815,-25.15815],[-67.15858,-25.15851],[-67.15965,-25.15986],[-67.15977,-25.16001],[-67.16058,-25.16076],[-67.16148,-25.16157],[-67.1623,-25.16232],[-67.16277,-25.16281],[-67.16335,-25.16331],[-67.1639,-25.16375],[-67.16481,-25.16438],[-67.16502,-25.16453],[-67.16565,-25.16519],[-67.16613,-25.16568],[-67.1666,-25.16634],[-67.16708,-25.16695],[-67.16722,-25.16713],[-67.16775,-25.16764],[-67.1684,-25.16827],[-67.16906,-25.16894],[-67.16969,-25.16958],[-67.16994,-25.17014],[-67.17043,-25.17112],[-67.17074,-25.17177],[-67.17102,-25.17251],[-67.17115,-25.17293],[-67.17134,-25.17361],[-67.17139,-25.17381],[-67.17174,-25.17452],[-67.17213,-25.17533],[-67.17235,-25.17575],[-67.17339,-25.17741],[-67.17406,-25.17838],[-67.17475,-25.17921],[-67.17536,-25.17992],[-67.17599,-25.18049],[-67.17671,-25.1811],[-67.17729,-25.18188],[-67.17775,-25.18248],[-67.17816,-25.18309],[-67.17872,-25.18381],[-67.17915,-25.18432],[-67.17939,-25.18461],[-67.17971,-25.18517],[-67.18014,-25.18589],[-67.18038,-25.18666],[-67.18066,-25.18754],[-67.18092,-25.18821],[-67.18104,-25.18855],[-67.18105,-25.1886],[-67.1813,-25.18895],[-67.18147,-25.1892],[-67.18183,-25.19018],[-67.18191,-25.19041],[-67.18207,-25.19069],[-67.18225,-25.19097],[-67.18237,-25.19115],[-67.18246,-25.19131],[-67.18293,-25.19176],[-67.18349,-25.19233],[-67.18378,-25.19274],[-67.1839,-25.19294],[-67.18413,-25.19322],[-67.18431,-25.19349],[-67.18455,-25.19387],[-67.18484,-25.19444],[-67.18511,-25.19494],[-67.18564,-25.196],[-67.18627,-25.19719],[-67.1866,-25.19794],[-67.18695,-25.19861],[-67.18731,-25.19908],[-67.18747,-25.19931],[-67.18784,-25.20002],[-67.18815,-25.20061],[-67.18843,-25.20113],[-67.18871,-25.20182],[-67.18868,-25.20256],[-67.18918,-25.2031],[-67.18932,-25.20411],[-67.18944,-25.20472],[-67.18953,-25.20528],[-67.18967,-25.20588],[-67.18979,-25.20639],[-67.18984,-25.20659],[-67.18989,-25.20704],[-67.1899,-25.2077],[-67.18998,-25.20813],[-67.19013,-25.20877],[-67.19062,-25.21077],[-67.19086,-25.21165],[-67.19122,-25.21334],[-67.19155,-25.21572],[-67.19185,-25.2168],[-67.19224,-25.21707],[-67.19251,-25.21743],[-67.19298,-25.21802],[-67.19349,-25.21866],[-67.19393,-25.21962],[-67.19433,-25.22065],[-67.19499,-25.22163],[-67.19507,-25.22173],[-67.19598,-25.22238],[-67.19703,-25.22253],[-67.198,-25.22305],[-67.19842,-25.2234],[-67.19848,-25.22374],[-67.19848,-25.22419],[-67.19861,-25.2251],[-67.19886,-25.22553],[-67.19904,-25.22592],[-67.19912,-25.22612],[-67.19924,-25.22685],[-67.20029,-25.22812],[-67.2006,-25.22889],[-67.20071,-25.22954],[-67.20069,-25.22998]],[[-67.13215,-25.07446],[-67.13216,-25.07454],[-67.13223,-25.07461],[-67.13236,-25.07466],[-67.13252,-25.07471],[-67.13268,-25.07476],[-67.13286,-25.07482],[-67.13304,-25.07487],[-67.1332,-25.07493],[-67.13336,-25.07499],[-67.13351,-25.07504],[-67.13366,-25.0751],[-67.13382,-25.07517],[-67.13396,-25.07526],[-67.13409,-25.07539],[-67.13416,-25.07554],[-67.13416,-25.07569],[-67.13415,-25.07584],[-67.1341,-25.07599],[-67.134,-25.07614],[-67.13391,-25.07631],[-67.13382,-25.0765],[-67.13374,-25.07674],[-67.13368,-25.07699],[-67.13363,-25.07725],[-67.1336,-25.07751],[-67.13357,-25.0778],[-67.13356,-25.07808],[-67.13354,-25.07836],[-67.13353,-25.07863],[-67.13353,-25.07891],[-67.13354,-25.0792],[-67.13356,-25.07949],[-67.13359,-25.07978],[-67.13363,-25.08006],[-67.13367,-25.08031],[-67.13371,-25.08057],[-67.13374,-25.08086],[-67.1338,-25.08117],[-67.13389,-25.08147],[-67.13401,-25.08175],[-67.13416,-25.082],[-67.13432,-25.08225],[-67.13446,-25.08252],[-67.1346,-25.0828],[-67.13472,-25.08312],[-67.13484,-25.08345],[-67.13497,-25.08376],[-67.13511,-25.08409],[-67.13523,-25.08444],[-67.13533,-25.08482],[-67.13545,-25.0852],[-67.13558,-25.0856],[-67.1357,-25.08597],[-67.13585,-25.08634],[-67.13604,-25.08668],[-67.13625,-25.08702],[-67.13647,-25.08735],[-67.13667,-25.0877],[-67.13683,-25.08806],[-67.13696,-25.08842],[-67.13708,-25.08879],[-67.13717,-25.08915],[-67.13724,-25.08951],[-67.13731,-25.08986],[-67.13739,-25.09021],[-67.13749,-25.09055],[-67.13762,-25.09088],[-67.13777,-25.0912],[-67.13794,-25.09149],[-67.13812,-25.09177],[-67.1383,-25.09207],[-67.13846,-25.09239],[-67.1386,-25.09273],[-67.13873,-25.09306],[-67.13887,-25.0934],[-67.13899,-25.09374],[-67.13912,-25.09408],[-67.13926,-25.09442],[-67.1394,-25.09477],[-67.13951,-25.09513],[-67.13959,-25.0955],[-67.13966,-25.09588],[-67.13972,-25.09625],[-67.13981,-25.09661],[-67.13996,-25.09695],[-67.14009,-25.09731],[-67.14015,-25.09767],[-67.14013,-25.09802],[-67.14012,-25.09838],[-67.14014,-25.09873],[-67.14023,-25.09905],[-67.14036,-25.09939],[-67.14048,-25.09974],[-67.14059,-25.10008],[-67.14071,-25.1004],[-67.14084,-25.10073],[-67.14097,-25.10105],[-67.14109,-25.10135],[-67.14121,-25.10164],[-67.14137,-25.10193],[-67.14154,-25.10223],[-67.14171,-25.10254],[-67.14189,-25.10285],[-67.14207,-25.10314],[-67.14228,-25.10341],[-67.14249,-25.10366],[-67.14272,-25.10391],[-67.14294,-25.10415],[-67.14315,-25.10441],[-67.14332,-25.1047],[-67.14349,-25.10498],[-67.14371,-25.10523],[-67.14393,-25.10549],[-67.14415,-25.10575],[-67.14437,-25.106],[-67.14459,-25.10625],[-67.1448,-25.10647],[-67.14502,-25.10669],[-67.14525,-25.10693],[-67.14547,-25.10715],[-67.14571,-25.10736],[-67.14596,-25.10755],[-67.14621,-25.10772],[-67.14647,-25.1079],[-67.1467,-25.10809],[-67.14694,-25.1083],[-67.14717,-25.10854],[-67.14738,-25.10878],[-67.14761,-25.109],[-67.14787,-25.10918],[-67.14815,-25.10934],[-67.14843,-25.10951],[-67.14869,-25.10969],[-67.14891,-25.10991],[-67.14907,-25.11019],[-67.14921,-25.11048],[-67.14936,-25.11076],[-67.14951,-25.11104],[-67.14967,-25.11133],[-67.14987,-25.11159],[-67.15006,-25.11186],[-67.15014,-25.11216],[-67.15017,-25.11248],[-67.15014,-25.11282],[-67.15005,-25.11314],[-67.14999,-25.11346],[-67.14993,-25.11378],[-67.1499,-25.11407],[-67.14992,-25.11432],[-67.15,-25.11458],[-67.15013,-25.11486],[-67.15027,-25.11516],[-67.15039,-25.11547],[-67.15051,-25.11579],[-67.15064,-25.11611],[-67.15075,-25.11643],[-67.15084,-25.11676],[-67.15094,-25.11708],[-67.15106,-25.11739],[-67.15123,-25.11768],[-67.15139,-25.11799],[-67.15156,-25.11829],[-67.15171,-25.11861],[-67.15177,-25.11894],[-67.1518,-25.11926],[-67.15183,-25.11957],[-67.15184,-25.11989],[-67.15188,-25.1202],[-67.15192,-25.12052],[-67.15193,-25.12082],[-67.15198,-25.12112],[-67.15209,-25.12142],[-67.15223,-25.12172],[-67.15236,-25.12201],[-67.15249,-25.12229],[-67.15263,-25.12256],[-67.15279,-25.12281],[-67.15297,-25.12308],[-67.15317,-25.12338],[-67.15335,-25.12368],[-67.15351,-25.12397],[-67.15367,-25.12426],[-67.15386,-25.12454],[-67.15409,-25.12481],[-67.15426,-25.12513],[-67.15436,-25.12547],[-67.15444,-25.12581],[-67.15453,-25.12617],[-67.15462,-25.12653],[-67.15472,-25.12689],[-67.1548,-25.12724],[-67.15485,-25.1276],[-67.15491,-25.12797],[-67.15498,-25.12834],[-67.15505,-25.1287],[-67.15516,-25.12905],[-67.15529,-25.1294],[-67.15541,-25.12974],[-67.15551,-25.13008],[-67.1556,-25.13042],[-67.15568,-25.13074],[-67.15576,-25.13106],[-67.15582,-25.13137],[-67.15588,-25.13167],[-67.15594,-25.13195],[-67.156,-25.13224],[-67.15604,-25.13251],[-67.15612,-25.13294],[-67.15616,-25.13296]],[[-67.15616,-25.13296],[-67.15616,-25.13296],[-67.15616,-25.13296],[-67.15616,-25.13296]],[[-67.15616,-25.13296],[-67.15616,-25.13296],[-67.15617,-25.13304],[-67.15618,-25.13313],[-67.1562,-25.13327],[-67.15622,-25.13343],[-67.15624,-25.13358],[-67.15627,-25.13373],[-67.1563,-25.13389],[-67.15633,-25.13408],[-67.15637,-25.1343],[-67.15642,-25.13452],[-67.15647,-25.13476],[-67.15652,-25.13498],[-67.15655,-25.13518],[-67.15659,-25.1354],[-67.15667,-25.13565],[-67.15674,-25.1359],[-67.15681,-25.13612],[-67.15684,-25.13636],[-67.15688,-25.13661],[-67.1569,-25.13682],[-67.15693,-25.13702],[-67.15696,-25.13724],[-67.15699,-25.13745],[-67.15702,-25.13766],[-67.15705,-25.13788],[-67.15708,-25.13808],[-67.15711,-25.13829],[-67.15714,-25.13851],[-67.15716,-25.13875],[-67.15718,-25.13899],[-67.15721,-25.13925],[-67.15723,-25.1395],[-67.15722,-25.13973],[-67.15721,-25.13995],[-67.15721,-25.14014],[-67.15721,-25.14036],[-67.15718,-25.14061],[-67.15715,-25.14086],[-67.15708,-25.1411],[-67.15702,-25.14134],[-67.15695,-25.14157],[-67.15694,-25.14177],[-67.15694,-25.142],[-67.15693,-25.14222],[-67.15693,-25.14244],[-67.15693,-25.14268],[-67.15694,-25.14292],[-67.15695,-25.14315],[-67.15694,-25.14339],[-67.15694,-25.14365],[-67.15694,-25.14389],[-67.15693,-25.14412],[-67.15692,-25.14433],[-67.15691,-25.14456],[-67.1569,-25.14479],[-67.15689,-25.14502],[-67.15688,-25.14526],[-67.15688,-25.14552],[-67.15688,-25.14576],[-67.15689,-25.14602],[-67.15688,-25.14627],[-67.15688,-25.14652],[-67.15689,-25.14677],[-67.15687,-25.147],[-67.15685,-25.14724],[-67.15683,-25.1475],[-67.15681,-25.14773],[-67.15681,-25.14796],[-67.15681,-25.14816],[-67.1568,-25.14835],[-67.1568,-25.14857],[-67.1568,-25.14879],[-67.15682,-25.14904],[-67.15682,-25.14929],[-67.1568,-25.14956],[-67.15679,-25.14982],[-67.15676,-25.15006],[-67.15672,-25.15029],[-67.15666,-25.15049],[-67.15658,-25.1507],[-67.15649,-25.1509],[-67.15642,-25.15111],[-67.15635,-25.15131],[-67.15628,-25.1515],[-67.15619,-25.15168],[-67.15611,-25.15184],[-67.15604,-25.152],[-67.15598,-25.15216],[-67.15595,-25.15232],[-67.15593,-25.15248],[-67.15589,-25.15262],[-67.15585,-25.1527],[-67.15583,-25.15272]],[[-67.15583,-25.15272],[-67.15583,-25.15271],[-67.15582,-25.15272]],[[-67.15582,-25.15273],[-67.15582,-25.15273],[-67.15582,-25.15273],[-67.15582,-25.15273],[-67.15582,-25.15273],[-67.15582,-25.15273],[-67.15582,-25.15273],[-67.15582,-25.15273],[-67.15583,-25.15273],[-67.15583,-25.15273],[-67.15583,-25.15272],[-67.15584,-25.15272],[-67.15584,-25.15272],[-67.15584,-25.15272],[-67.15584,-25.15272],[-67.15584,-25.15272],[-67.15584,-25.15272],[-67.15583,-25.15272],[-67.15583,-25.15272],[-67.15583,-25.15272]],[[-67.15583,-25.15272],[-67.15583,-25.15272],[-67.15583,-25.15272],[-67.15582,-25.15272]],[[-67.15582,-25.15272],[-67.15582,-25.15273]],[[-67.15582,-25.15272],[-67.15582,-25.15272],[-67.15582,-25.15272],[-67.15582,-25.15272],[-67.15582,-25.15273]],[[-67.15582,-25.15273],[-67.15582,-25.15273],[-67.15575,-25.15289],[-67.15563,-25.15307],[-67.15546,-25.15322],[-67.15527,-25.15338],[-67.15509,-25.15354],[-67.1549,-25.15369],[-67.15471,-25.15382],[-67.1545,-25.15394],[-67.15428,-25.15406],[-67.15407,-25.15419],[-67.15384,-25.15432],[-67.15361,-25.15445],[-67.15341,-25.15454],[-67.15321,-25.15458],[-67.15299,-25.15464],[-67.15278,-25.15471],[-67.15259,-25.1548],[-67.1524,-25.15492],[-67.1522,-25.15503],[-67.15201,-25.15514],[-67.15183,-25.15523],[-67.15168,-25.15533],[-67.15152,-25.15545],[-67.15138,-25.15556],[-67.15125,-25.15567],[-67.1511,-25.1558],[-67.15095,-25.15592],[-67.15081,-25.15602],[-67.15069,-25.1561],[-67.15057,-25.15619],[-67.15049,-25.15625],[-67.15041,-25.15633],[-67.15038,-25.15637],[-67.15036,-25.15638]],[[-67.11988,-25.04123],[-67.1199,-25.04119],[-67.11996,-25.04108],[-67.12003,-25.04095],[-67.12009,-25.04078],[-67.12016,-25.04062],[-67.12021,-25.04041],[-67.12026,-25.04016],[-67.12032,-25.03994],[-67.12039,-25.0397],[-67.12049,-25.03946],[-67.12062,-25.03923],[-67.12075,-25.03902],[-67.12088,-25.03882],[-67.121,-25.03862],[-67.12114,-25.03842],[-67.12128,-25.03824],[-67.12142,-25.03808],[-67.12155,-25.03795],[-67.12166,-25.03786],[-67.12175,-25.0378],[-67.12185,-25.03774],[-67.12193,-25.0377],[-67.12197,-25.03767],[-67.12197,-25.03766],[-67.12198,-25.03765],[-67.12198,-25.03765],[-67.12198,-25.03764],[-67.12198,-25.03764],[-67.12198,-25.03764],[-67.12198,-25.03764],[-67.12198,-25.03764],[-67.12198,-25.03764],[-67.12198,-25.03764],[-67.12198,-25.03764],[-67.12198,-25.03764],[-67.12198,-25.03764],[-67.12198,-25.03764],[-67.12198,-25.03764],[-67.12198,-25.03764],[-67.12198,-25.03764],[-67.12198,-25.03764],[-67.12198,-25.03764],[-67.12198,-25.03764],[-67.12198,-25.03764],[-67.12198,-25.03764],[-67.12198,-25.03764],[-67.12198,-25.03764],[-67.12198,-25.03763],[-67.12202,-25.03762],[-67.12212,-25.03757],[-67.12222,-25.03751],[-67.12235,-25.03744],[-67.12249,-25.03735],[-67.12263,-25.03725],[-67.12276,-25.03716],[-67.12294,-25.03706],[-67.12315,-25.03697],[-67.12335,-25.03687],[-67.12356,-25.03677],[-67.12378,-25.03668],[-67.124,-25.03662],[-67.12423,-25.03653],[-67.12443,-25.0364],[-67.12458,-25.03622],[-67.12472,-25.03603],[-67.12483,-25.03582],[-67.12497,-25.0356],[-67.12512,-25.03539],[-67.12529,-25.03521],[-67.12552,-25.03508],[-67.12577,-25.03496],[-67.12601,-25.03483],[-67.12624,-25.0347],[-67.12647,-25.03457],[-67.1267,-25.03443],[-67.1269,-25.0343],[-67.12706,-25.03415],[-67.12716,-25.03397],[-67.12722,-25.03377],[-67.1273,-25.03357],[-67.1274,-25.0334],[-67.12756,-25.03326],[-67.12776,-25.03314],[-67.12798,-25.03303],[-67.12818,-25.03292],[-67.12835,-25.03277],[-67.12845,-25.03257],[-67.12852,-25.03237],[-67.12862,-25.03217],[-67.12873,-25.03196],[-67.12886,-25.03174],[-67.129,-25.0315],[-67.12915,-25.03128],[-67.12929,-25.03106],[-67.12943,-25.03083],[-67.12956,-25.0306],[-67.12969,-25.03036],[-67.12982,-25.03012],[-67.12993,-25.02986],[-67.12998,-25.02958],[-67.13,-25.0293],[-67.13002,-25.02901],[-67.13002,-25.02874],[-67.13001,-25.02846],[-67.13,-25.02819],[-67.13001,-25.02791],[-67.13001,-25.02764],[-67.13004,-25.02738],[-67.13004,-25.02712],[-67.13003,-25.02685],[-67.13001,-25.02658],[-67.13,-25.0263],[-67.13,-25.02602],[-67.12999,-25.02574],[-67.12997,-25.02545],[-67.12995,-25.02514],[-67.12993,-25.02485],[-67.1299,-25.02454],[-67.12987,-25.02425],[-67.12983,-25.02395],[-67.12981,-25.02364],[-67.12979,-25.02333],[-67.12978,-25.02302],[-67.12976,-25.02271],[-67.12974,-25.0224],[-67.12973,-25.02211],[-67.12971,-25.02183],[-67.1297,-25.02154],[-67.12969,-25.02125],[-67.12968,-25.02096],[-67.12968,-25.02068],[-67.12967,-25.02039],[-67.12967,-25.02011],[-67.12968,-25.01983],[-67.12969,-25.01954],[-67.12969,-25.01924],[-67.12969,-25.01894],[-67.1297,-25.01865],[-67.12971,-25.01837],[-67.12972,-25.01807],[-67.12973,-25.01777],[-67.12975,-25.01748],[-67.12978,-25.01719],[-67.12979,-25.01688],[-67.12982,-25.01659],[-67.12983,-25.0163],[-67.12985,-25.01601],[-67.12984,-25.01574],[-67.12984,-25.01549],[-67.12983,-25.01527],[-67.12982,-25.0151],[-67.12981,-25.01496],[-67.12979,-25.01483],[-67.12979,-25.01473],[-67.12979,-25.01466],[-67.12978,-25.01461],[-67.12978,-25.0146],[-67.12978,-25.0146],[-67.12978,-25.0146],[-67.12978,-25.0146],[-67.12978,-25.0146],[-67.12978,-25.0146],[-67.12978,-25.0146],[-67.12978,-25.0146],[-67.12978,-25.0146]],[[-67.12044,-25.11862],[-67.12088,-25.11818],[-67.12101,-25.1172],[-67.12154,-25.11575],[-67.12228,-25.11299],[-67.12364,-25.10841],[-67.1243,-25.1061],[-67.12465,-25.1054],[-67.12495,-25.10334],[-67.1256,-25.10021],[-67.12599,-25.09832],[-67.12607,-25.0978],[-67.12659,-25.09681],[-67.12694,-25.0958],[-67.12724,-25.09485],[-67.12775,-25.09318],[-67.12821,-25.09163],[-67.12886,-25.08912],[-67.12932,-25.08733],[-67.12982,-25.08541],[-67.13015,-25.08401],[-67.13045,-25.08211],[-67.13059,-25.08079],[-67.13083,-25.07989],[-67.13112,-25.07863],[-67.13138,-25.07742],[-67.13172,-25.07589],[-67.13199,-25.07492],[-67.13221,-25.07418],[-67.13294,-25.07275],[-67.13336,-25.07172],[-67.13376,-25.07092],[-67.13398,-25.07036],[-67.13404,-25.06964],[-67.1341,-25.06912],[-67.13409,-25.0684],[-67.13407,-25.06783],[-67.13403,-25.06602],[-67.13397,-25.06454],[-67.13278,-25.06319],[-67.13132,-25.06114],[-67.12147,-25.0613],[-67.12126,-25.06127]],[[-67.11836,-25.04565],[-67.11838,-25.04558],[-67.11839,-25.04546],[-67.11841,-25.04534],[-67.11845,-25.04518],[-67.11852,-25.04502],[-67.11858,-25.04488],[-67.11864,-25.04472],[-67.11872,-25.04451],[-67.11879,-25.04429],[-67.11887,-25.04408],[-67.119,-25.0439],[-67.11916,-25.04372],[-67.11927,-25.04349],[-67.11934,-25.04326],[-67.1194,-25.04303],[-67.11944,-25.04277],[-67.11948,-25.04252],[-67.11951,-25.04228],[-67.11954,-25.04204],[-67.11958,-25.0418],[-67.11966,-25.04159],[-67.11975,-25.04143],[-67.11983,-25.0413],[-67.11987,-25.04124],[-67.11988,-25.04123],[-67.11988,-25.04123]],[[-67.11988,-25.04123],[-67.11988,-25.04123],[-67.11988,-25.04124],[-67.11988,-25.04124],[-67.11988,-25.04124]],[[-67.11988,-25.04124],[-67.11988,-25.04123]],[[-67.11988,-25.04124],[-67.11988,-25.04124],[-67.11988,-25.04124],[-67.11988,-25.04124],[-67.11988,-25.04124],[-67.11988,-25.04124]],[[-67.12044,-25.11862],[-67.12044,-25.1186]],[[-67.11628,-25.13348],[-67.11831,-25.13355],[-67.12121,-25.1341],[-67.12347,-25.13462],[-67.12383,-25.13425],[-67.12387,-25.13301],[-67.12332,-25.12808],[-67.12285,-25.12558],[-67.12261,-25.1243],[-67.12169,-25.12246],[-67.12154,-25.12118],[-67.1213,-25.11925],[-67.1208,-25.11934],[-67.12044,-25.11897],[-67.12044,-25.11862]],[[-67.11344,-25.12947],[-67.11393,-25.12902],[-67.11443,-25.12872],[-67.11533,-25.12847],[-67.1156,-25.12835],[-67.11654,-25.12743],[-67.11685,-25.12677],[-67.11738,-25.12525],[-67.11844,-25.12293],[-67.11915,-25.12095],[-67.11959,-25.11972],[-67.11999,-25.11906],[-67.12044,-25.11862]],[[-67.11493,-25.05725],[-67.11493,-25.05725],[-67.11515,-25.05712],[-67.11534,-25.05695],[-67.11551,-25.05676],[-67.11569,-25.05657],[-67.11585,-25.05638],[-67.11602,-25.05618],[-67.11619,-25.05598],[-67.11634,-25.05577],[-67.11645,-25.05555],[-67.11648,-25.05532],[-67.11651,-25.05507],[-67.11657,-25.05482],[-67.11662,-25.05457],[-67.11668,-25.05432],[-67.11678,-25.05408],[-67.11692,-25.05386],[-67.1171,-25.05367],[-67.11727,-25.05347],[-67.11743,-25.05326],[-67.11754,-25.05303],[-67.11764,-25.0528],[-67.11772,-25.05257],[-67.11778,-25.0523],[-67.11783,-25.05203],[-67.11789,-25.05176],[-67.11794,-25.05148],[-67.11797,-25.05122],[-67.11798,-25.05096],[-67.11797,-25.0507],[-67.11794,-25.05045],[-67.11793,-25.05019],[-67.11797,-25.04992],[-67.11806,-25.04966],[-67.11821,-25.04943],[-67.11835,-25.04918],[-67.11848,-25.04895],[-67.11857,-25.04871],[-67.11857,-25.04847],[-67.11854,-25.04823],[-67.11853,-25.04802],[-67.1185,-25.0478],[-67.11845,-25.0476],[-67.11839,-25.0474],[-67.11835,-25.04722],[-67.11833,-25.0471],[-67.11833,-25.04709],[-67.11833,-25.04709],[-67.11832,-25.04707],[-67.11832,-25.04707],[-67.11831,-25.04704],[-67.11831,-25.04693],[-67.11831,-25.04682],[-67.11832,-25.04668],[-67.11833,-25.04651],[-67.11833,-25.04634],[-67.11834,-25.04619],[-67.11835,-25.04603],[-67.11836,-25.04588],[-67.11837,-25.04574],[-67.11837,-25.04566],[-67.11837,-25.04564],[-67.11836,-25.04564],[-67.11836,-25.04565],[-67.11836,-25.04565],[-67.11836,-25.04565]],[[-67.11836,-25.04565],[-67.11836,-25.04565]],[[-67.11836,-25.04565],[-67.11836,-25.04565],[-67.11836,-25.04565],[-67.11836,-25.04565],[-67.11836,-25.04565],[-67.11836,-25.04565],[-67.11836,-25.04565],[-67.11836,-25.04565],[-67.11836,-25.04565],[-67.11836,-25.04565],[-67.11836,-25.04565],[-67.11836,-25.04565],[-67.11836,-25.04565],[-67.11836,-25.04565],[-67.11836,-25.04565],[-67.11836,-25.04565],[-67.11836,-25.04565],[-67.11836,-25.04565],[-67.11836,-25.04565],[-67.11836,-25.04565],[-67.11836,-25.04565],[-67.11836,-25.04565],[-67.11836,-25.04565],[-67.11836,-25.04565],[-67.11836,-25.04565]],[[-67.11836,-25.04565],[-67.11836,-25.04565],[-67.11836,-25.04565],[-67.11836,-25.04565],[-67.11836,-25.04565],[-67.11836,-25.04565],[-67.11836,-25.04565],[-67.11836,-25.04565],[-67.11836,-25.04565],[-67.11837,-25.04565],[-67.11837,-25.04565],[-67.11837,-25.04565],[-67.11837,-25.04565],[-67.11837,-25.04565],[-67.11837,-25.04565],[-67.11837,-25.04565],[-67.11837,-25.04565],[-67.11837,-25.04565],[-67.11836,-25.04565],[-67.11836,-25.04565],[-67.11836,-25.04565],[-67.11836,-25.04565],[-67.11836,-25.04565],[-67.11836,-25.04565],[-67.11836,-25.04565],[-67.11836,-25.04565],[-67.11836,-25.04565],[-67.11836,-25.04565],[-67.11836,-25.04565],[-67.11836,-25.04565]]]},"properties":{"id":"salta:servidumbres:servidumbres_l.1704","provincia":"salta","provincia_nombre":"Salta","tipo":"servidumbre","estado":"desconocido","geom_kind":"linea","fuente_id":"salta.geonode.servidumbres","source_url":"https://geoportal.salta.gob.ar/geoserver/wfs?service=WFS&version=2.0.0&request=GetFeature&typeNames=geonode%3Aservidumbres_l&outputFormat=application%2Fjson&count=2000&startIndex=0&srsName=EPSG%3A4326","source_layer":"geonode:servidumbres_l","source_fid":"servidumbres_l.1704","source_srid":4326,"fetched_at":"2026-07-28T13:38:01+00:00","licencia":"no_especificada","expediente":"838365","titular":"ALPHA LITHIUM ARGENTINA S.A","titular_norm":"ALPHA LITHIUM ARGENTINA","titular_es_persona":false,"fecha_inicio":"2023-12-14","departamento":"Los Andes","municipio":"San Antonio De Los Cobres","lugar":"Salar De Tolillar"}},{"type":"Feature","geometry":{"type":"MultiLineString","coordinates":[[[-67.76374,-25.01198],[-67.76382,-25.01199],[-67.76391,-25.01212],[-67.764,-25.01217],[-67.76402,-25.01217],[-67.76415,-25.01214],[-67.76455,-25.0119],[-67.76475,-25.01169],[-67.76493,-25.01153],[-67.76497,-25.01153],[-67.76509,-25.01147],[-67.76523,-25.01148],[-67.76535,-25.01157],[-67.76561,-25.01201],[-67.76614,-25.01294],[-67.76654,-25.01369],[-67.76701,-25.01455],[-67.76748,-25.01542],[-67.76791,-25.01636],[-67.76836,-25.01728],[-67.76874,-25.01811],[-67.76908,-25.01875],[-67.76911,-25.01885],[-67.76935,-25.01935],[-67.76955,-25.01984],[-67.76981,-25.0208],[-67.76989,-25.02122],[-67.76993,-25.02172],[-67.77002,-25.02217],[-67.77009,-25.02262],[-67.77011,-25.02326],[-67.77016,-25.0239],[-67.77016,-25.02423],[-67.77021,-25.02469],[-67.77017,-25.02499],[-67.77019,-25.02514],[-67.77027,-25.02543],[-67.77035,-25.02619],[-67.77038,-25.02649],[-67.77039,-25.02679],[-67.77038,-25.02693],[-67.7703,-25.02737],[-67.77021,-25.02781],[-67.77018,-25.02808],[-67.77018,-25.02825],[-67.77021,-25.02931],[-67.77024,-25.03005],[-67.77028,-25.03028],[-67.77041,-25.03082],[-67.77049,-25.03128],[-67.77052,-25.03138],[-67.77057,-25.03148],[-67.77068,-25.03169],[-67.77085,-25.03189],[-67.77112,-25.03202],[-67.77171,-25.03218],[-67.77205,-25.03235],[-67.77192,-25.03288],[-67.77126,-25.03442],[-67.77108,-25.03488],[-67.77134,-25.03591],[-67.7714,-25.03648],[-67.77126,-25.03695],[-67.77101,-25.03734],[-67.77085,-25.03782],[-67.77078,-25.0383],[-67.77077,-25.03878],[-67.77054,-25.03965],[-67.77041,-25.04038],[-67.77036,-25.04084],[-67.77039,-25.04146],[-67.77055,-25.04254],[-67.77068,-25.04305],[-67.77098,-25.04408],[-67.77085,-25.04464],[-67.77058,-25.04528],[-67.77032,-25.04639],[-67.77017,-25.04682],[-67.77007,-25.04725],[-67.77005,-25.04769],[-67.76988,-25.04808],[-67.76976,-25.0485],[-67.76978,-25.04922],[-67.76984,-25.04967],[-67.76975,-25.05031],[-67.76953,-25.05083],[-67.76932,-25.0513],[-67.769,-25.05171],[-67.7686,-25.05213],[-67.76822,-25.05258],[-67.76781,-25.05304],[-67.76751,-25.05361],[-67.76742,-25.05426],[-67.76768,-25.05501],[-67.76799,-25.05579],[-67.76834,-25.05658],[-67.76879,-25.05731],[-67.76926,-25.05798],[-67.76948,-25.05871],[-67.76965,-25.05941],[-67.76972,-25.06013],[-67.76993,-25.06062],[-67.77007,-25.06121],[-67.77017,-25.06187],[-67.77024,-25.06256],[-67.77022,-25.06339],[-67.77025,-25.06391],[-67.77057,-25.06469],[-67.77065,-25.06556],[-67.77071,-25.06642],[-67.77062,-25.06723],[-67.77045,-25.06802],[-67.77028,-25.06878],[-67.77013,-25.06958],[-67.76996,-25.07006],[-67.7699,-25.0704],[-67.76984,-25.07109],[-67.76995,-25.07194],[-67.76994,-25.07314],[-67.76997,-25.07349],[-67.7706,-25.07581],[-67.77081,-25.07647],[-67.77147,-25.07634],[-67.77222,-25.07619],[-67.773,-25.07598],[-67.7737,-25.07571],[-67.77439,-25.07529],[-67.77508,-25.07494],[-67.77582,-25.07472],[-67.77663,-25.07469],[-67.77706,-25.07466],[-67.77744,-25.07459],[-67.77833,-25.07462],[-67.77916,-25.07457],[-67.7807,-25.075],[-67.78152,-25.0752],[-67.78228,-25.07551],[-67.78291,-25.07595],[-67.78348,-25.07642],[-67.78457,-25.07738],[-67.78631,-25.0789],[-67.78712,-25.07992],[-67.78753,-25.08037],[-67.78789,-25.08087],[-67.78869,-25.08183],[-67.78904,-25.08244],[-67.78918,-25.08311],[-67.78919,-25.0834],[-67.78929,-25.08424],[-67.78947,-25.0851],[-67.78963,-25.0857],[-67.78972,-25.08596],[-67.78988,-25.08631],[-67.79007,-25.08685],[-67.79018,-25.08702],[-67.79041,-25.08754],[-67.79048,-25.08773],[-67.79073,-25.08845],[-67.79081,-25.08874],[-67.79128,-25.08971],[-67.79164,-25.09025],[-67.79202,-25.09079],[-67.79234,-25.09137],[-67.79262,-25.09195],[-67.79288,-25.09252],[-67.79312,-25.09306],[-67.79334,-25.09361],[-67.79347,-25.09407],[-67.79349,-25.09408],[-67.79356,-25.09418],[-67.79387,-25.09512],[-67.79404,-25.09533],[-67.79456,-25.09575],[-67.79508,-25.09605],[-67.79555,-25.09628],[-67.796,-25.09645],[-67.79613,-25.09652],[-67.79667,-25.09666],[-67.79738,-25.09671],[-67.79823,-25.09669],[-67.79906,-25.09674],[-67.79923,-25.09674],[-67.80054,-25.09645],[-67.80087,-25.09644],[-67.8013,-25.09631],[-67.80155,-25.09626],[-67.80162,-25.09624],[-67.80189,-25.09619],[-67.80252,-25.09602],[-67.80307,-25.09589],[-67.80367,-25.09579],[-67.80431,-25.09555],[-67.80491,-25.09532],[-67.80548,-25.09505],[-67.80608,-25.09475],[-67.80679,-25.09458],[-67.8075,-25.09451],[-67.80817,-25.0944],[-67.80939,-25.09419],[-67.81001,-25.09414],[-67.8105,-25.09405],[-67.81061,-25.09395],[-67.81112,-25.09371],[-67.81167,-25.09362],[-67.81223,-25.09358],[-67.81275,-25.09354],[-67.81325,-25.0935],[-67.81369,-25.09342],[-67.81395,-25.0935],[-67.81419,-25.09369],[-67.81422,-25.0938],[-67.81417,-25.0939],[-67.81403,-25.09414],[-67.8137,-25.09428],[-67.81365,-25.09439],[-67.81349,-25.09484],[-67.81345,-25.09497],[-67.81337,-25.09542],[-67.81336,-25.09551],[-67.81342,-25.0959],[-67.81348,-25.09601],[-67.81349,-25.09618],[-67.81344,-25.09631],[-67.81351,-25.09639],[-67.81381,-25.0966],[-67.81403,-25.09681],[-67.81431,-25.09701],[-67.81457,-25.09713],[-67.81475,-25.09719],[-67.81492,-25.09718],[-67.81506,-25.09716]]]},"properties":{"id":"salta:servidumbres:servidumbres_l.1705","provincia":"salta","provincia_nombre":"Salta","tipo":"servidumbre","estado":"desconocido","geom_kind":"linea","fuente_id":"salta.geonode.servidumbres","source_url":"https://geoportal.salta.gob.ar/geoserver/wfs?service=WFS&version=2.0.0&request=GetFeature&typeNames=geonode%3Aservidumbres_l&outputFormat=application%2Fjson&count=2000&startIndex=0&srsName=EPSG%3A4326","source_layer":"geonode:servidumbres_l","source_fid":"servidumbres_l.1705","source_srid":4326,"fetched_at":"2026-07-28T13:38:01+00:00","licencia":"no_especificada","expediente":"18387","titular":"MANSFIELD MINERA S.A","titular_norm":"MANSFIELD MINERA","titular_es_persona":false,"fecha_inicio":"2006-04-24","departamento":"Los Andes"}},{"type":"Feature","geometry":{"type":"MultiLineString","coordinates":[[[-66.14718,-23.6853],[-66.14896,-23.70433],[-66.13729,-23.71713],[-66.12534,-23.75364]]]},"properties":{"id":"salta:servidumbres:servidumbres_l.1706","provincia":"salta","provincia_nombre":"Salta","tipo":"servidumbre","estado":"desconocido","geom_kind":"linea","fuente_id":"salta.geonode.servidumbres","source_url":"https://geoportal.salta.gob.ar/geoserver/wfs?service=WFS&version=2.0.0&request=GetFeature&typeNames=geonode%3Aservidumbres_l&outputFormat=application%2Fjson&count=2000&startIndex=0&srsName=EPSG%3A4326","source_layer":"geonode:servidumbres_l","source_fid":"servidumbres_l.1706","source_srid":4326,"fetched_at":"2026-07-28T13:38:01+00:00","licencia":"no_especificada","expediente":"20534","titular":"SOUTH AMERICAN SALARS S.A","titular_norm":"SOUTH AMERICAN SALARS","titular_es_persona":false,"fecha_inicio":"2010-08-30","departamento":"La Poma","municipio":"La Poma"}},{"type":"Feature","geometry":{"type":"MultiLineString","coordinates":[[[-67.02393,-24.46145],[-67.02562,-24.47532],[-67.0214,-24.53725],[-67.0112,-24.57059],[-67.01347,-24.62131]]]},"properties":{"id":"salta:servidumbres:servidumbres_l.1707","provincia":"salta","provincia_nombre":"Salta","tipo":"servidumbre","estado":"desconocido","geom_kind":"linea","fuente_id":"salta.geonode.servidumbres","source_url":"https://geoportal.salta.gob.ar/geoserver/wfs?service=WFS&version=2.0.0&request=GetFeature&typeNames=geonode%3Aservidumbres_l&outputFormat=application%2Fjson&count=2000&startIndex=0&srsName=EPSG%3A4326","source_layer":"geonode:servidumbres_l","source_fid":"servidumbres_l.1707","source_srid":4326,"fetched_at":"2026-07-28T13:38:01+00:00","licencia":"no_especificada","expediente":"20272","titular":"LACUS MINERALS S.A","titular_norm":"LACUS MINERALS","titular_es_persona":false,"fecha_inicio":"2010-04-19","departamento":"Los Andes"}},{"type":"Feature","geometry":{"type":"MultiLineString","coordinates":[[[-66.70381,-24.56301],[-66.70303,-24.55965],[-66.70563,-24.54816]]]},"properties":{"id":"salta:servidumbres:servidumbres_l.1708","provincia":"salta","provincia_nombre":"Salta","tipo":"servidumbre","estado":"desconocido","geom_kind":"linea","fuente_id":"salta.geonode.servidumbres","source_url":"https://geoportal.salta.gob.ar/geoserver/wfs?service=WFS&version=2.0.0&request=GetFeature&typeNames=geonode%3Aservidumbres_l&outputFormat=application%2Fjson&count=2000&startIndex=0&srsName=EPSG%3A4326","source_layer":"geonode:servidumbres_l","source_fid":"servidumbres_l.1708","source_srid":4326,"fetched_at":"2026-07-28T13:38:01+00:00","licencia":"no_especificada","expediente":"723927","titular":"PROYECTO PASTOS GRANDES S.A","titular_norm":"PROYECTO PASTOS GRANDES","titular_es_persona":false,"fecha_inicio":"2021-01-08","departamento":"Los Andes","municipio":"San Antonio De Los Cobres"}},{"type":"Feature","geometry":{"type":"MultiLineString","coordinates":[[[-67.15641,-23.87459],[-67.15765,-23.8774],[-67.16025,-23.87969],[-67.16268,-23.88194],[-67.16331,-23.88226],[-67.1642,-23.88275],[-67.16464,-23.88417],[-67.16541,-23.88675],[-67.16693,-23.89034],[-67.16803,-23.89289],[-67.16832,-23.89357],[-67.16697,-23.89569],[-67.16692,-23.89599],[-67.16686,-23.89629],[-67.16689,-23.8966],[-67.16697,-23.89677],[-67.16701,-23.89717],[-67.16711,-23.8976],[-67.1672,-23.89803],[-67.16727,-23.89837],[-67.16742,-23.8988],[-67.16746,-23.89923],[-67.16752,-23.89937],[-67.16762,-23.89956],[-67.16775,-23.89983],[-67.16828,-23.90052],[-67.16835,-23.90067],[-67.16848,-23.90092],[-67.16869,-23.90128],[-67.16876,-23.90157],[-67.16924,-23.90224],[-67.16962,-23.90291],[-67.17016,-23.90327],[-67.17067,-23.90347],[-67.1711,-23.9038],[-67.17141,-23.90423],[-67.17176,-23.90465],[-67.17219,-23.90526],[-67.1725,-23.90569],[-67.17284,-23.90586],[-67.17319,-23.90606],[-67.17338,-23.90625],[-67.17381,-23.90635],[-67.17411,-23.90651],[-67.17452,-23.90689],[-67.17532,-23.90769],[-67.17589,-23.90854],[-67.17621,-23.90898],[-67.17628,-23.91],[-67.17612,-23.91095],[-67.17565,-23.91401],[-67.17543,-23.91908],[-67.17517,-23.92055],[-67.17472,-23.92214],[-67.17455,-23.92342],[-67.17509,-23.92471],[-67.17542,-23.92614],[-67.17488,-23.92757],[-67.17448,-23.92845],[-67.17487,-23.92907],[-67.17592,-23.92973],[-67.17665,-23.9304],[-67.17693,-23.93135],[-67.17662,-23.93263],[-67.17594,-23.93398],[-67.1747,-23.93496],[-67.17383,-23.93567],[-67.17333,-23.93729],[-67.17299,-23.9396],[-67.17379,-23.94314],[-67.17404,-23.94537],[-67.17411,-23.94666],[-67.17491,-23.94702],[-67.17483,-23.94779],[-67.17399,-23.94851],[-67.17394,-23.94902],[-67.17499,-23.94916],[-67.17661,-23.94935],[-67.17578,-23.9503],[-67.17554,-23.9513],[-67.17617,-23.95154],[-67.1773,-23.95154],[-67.17873,-23.95155],[-67.1801,-23.95148],[-67.18218,-23.95146],[-67.18167,-23.9525],[-67.18111,-23.95344],[-67.18162,-23.95418],[-67.1828,-23.95406],[-67.18346,-23.95457],[-67.182,-23.95512],[-67.18073,-23.95612],[-67.18101,-23.95682],[-67.18295,-23.95703],[-67.18376,-23.95712],[-67.18401,-23.95739],[-67.18375,-23.95792],[-67.18332,-23.95845],[-67.18209,-23.95961],[-67.18154,-23.96086],[-67.18237,-23.96152],[-67.18294,-23.96233],[-67.1839,-23.96293],[-67.18453,-23.96323],[-67.18518,-23.96333],[-67.18521,-23.96368],[-67.18427,-23.96433],[-67.1837,-23.96458],[-67.18313,-23.9648],[-67.18238,-23.96588],[-67.18212,-23.96707],[-67.18161,-23.96771],[-67.18129,-23.96806],[-67.18189,-23.96859],[-67.18295,-23.96964],[-67.18298,-23.97],[-67.18266,-23.97033],[-67.1832,-23.97057],[-67.18372,-23.97114],[-67.1834,-23.97187],[-67.18353,-23.9722],[-67.18411,-23.97242],[-67.18475,-23.97234],[-67.18538,-23.97187],[-67.18611,-23.97191],[-67.18707,-23.97168],[-67.18905,-23.97147],[-67.18981,-23.97174],[-67.1905,-23.97222],[-67.19018,-23.97349],[-67.18993,-23.97509],[-67.18859,-23.97602],[-67.18759,-23.97651],[-67.18629,-23.97782],[-67.18482,-23.97857],[-67.18307,-23.97973],[-67.18119,-23.98108],[-67.18041,-23.98221],[-67.18001,-23.98359],[-67.17965,-23.98422],[-67.17964,-23.9848],[-67.18102,-23.98475],[-67.18183,-23.98478],[-67.18257,-23.98525],[-67.18345,-23.98628],[-67.18377,-23.98702],[-67.18378,-23.98812],[-67.18324,-23.98846],[-67.18288,-23.98852],[-67.18246,-23.98908],[-67.18198,-23.98947],[-67.18086,-23.98949],[-67.17937,-23.98916],[-67.17766,-23.98887],[-67.17619,-23.98904],[-67.17512,-23.98977],[-67.17504,-23.99059],[-67.17533,-23.99137],[-67.17738,-23.99324],[-67.17979,-23.99523],[-67.18351,-23.99587],[-67.18914,-23.99601],[-67.19476,-23.99689],[-67.19773,-23.99721],[-67.20625,-24.00001],[-67.20961,-24.00046],[-67.21011,-24.00066],[-67.21061,-24.00059],[-67.21117,-24.00082],[-67.21193,-24.0023],[-67.21399,-24.00376],[-67.2157,-24.00446],[-67.21788,-24.00495],[-67.21843,-24.00531],[-67.219,-24.00584],[-67.2194,-24.00637],[-67.22173,-24.00807],[-67.22372,-24.00948],[-67.22456,-24.01022],[-67.22585,-24.01175],[-67.22649,-24.01247],[-67.22701,-24.01292],[-67.22755,-24.01294],[-67.22814,-24.0128],[-67.22864,-24.01278],[-67.22902,-24.01292],[-67.22972,-24.01336],[-67.2305,-24.01414],[-67.23116,-24.01495],[-67.23166,-24.01556],[-67.23187,-24.01613],[-67.23183,-24.01662],[-67.2321,-24.01714]]]},"properties":{"id":"salta:servidumbres:servidumbres_l.1709","provincia":"salta","provincia_nombre":"Salta","tipo":"servidumbre","estado":"desconocido","geom_kind":"linea","fuente_id":"salta.geonode.servidumbres","source_url":"https://geoportal.salta.gob.ar/geoserver/wfs?service=WFS&version=2.0.0&request=GetFeature&typeNames=geonode%3Aservidumbres_l&outputFormat=application%2Fjson&count=2000&startIndex=0&srsName=EPSG%3A4326","source_layer":"geonode:servidumbres_l","source_fid":"servidumbres_l.1709","source_srid":4326,"fetched_at":"2026-07-28T13:38:01+00:00","licencia":"no_especificada","expediente":"781895","titular":"CASTAÑEDA NORDMANN RODRIGO","titular_norm":"CASTANEDA NORDMANN RODRIGO","titular_es_persona":true,"fecha_inicio":"2022-08-05","departamento":"Los Andes","municipio":"Tolar Grande","lugar":"Rincon"}},{"type":"Feature","geometry":{"type":"MultiLineString","coordinates":[[[-66.65496,-24.57502],[-66.65469,-24.57552],[-66.65358,-24.57616],[-66.6529,-24.57749],[-66.6525,-24.57954],[-66.65236,-24.58127],[-66.6517,-24.58355],[-66.65018,-24.58727],[-66.64933,-24.58946],[-66.64905,-24.59056],[-66.64882,-24.59137],[-66.6473,-24.59473],[-66.64624,-24.59721],[-66.64538,-24.59971],[-66.64465,-24.60227],[-66.64344,-24.60585],[-66.64273,-24.60848],[-66.64202,-24.61081],[-66.64152,-24.61184],[-66.6409,-24.61347],[-66.63935,-24.61677],[-66.63702,-24.62107],[-66.63629,-24.62219],[-66.63561,-24.62328],[-66.63597,-24.62426],[-66.63659,-24.62539],[-66.63721,-24.62613],[-66.63739,-24.62643],[-66.63737,-24.627],[-66.63761,-24.62816],[-66.63787,-24.62962],[-66.63799,-24.63008],[-66.63838,-24.63022],[-66.63896,-24.63024],[-66.63918,-24.63043],[-66.63931,-24.63096],[-66.63932,-24.63247],[-66.63939,-24.63321],[-66.63955,-24.63363],[-66.64041,-24.63475],[-66.64256,-24.63735],[-66.64451,-24.63967],[-66.64638,-24.64301],[-66.64804,-24.64631],[-66.64907,-24.64858],[-66.64917,-24.64899],[-66.64901,-24.65015],[-66.64879,-24.6511],[-66.64867,-24.6516],[-66.6488,-24.65197],[-66.64925,-24.6523],[-66.64967,-24.65242],[-66.64976,-24.65243]]]},"properties":{"id":"salta:servidumbres:servidumbres_l.1710","provincia":"salta","provincia_nombre":"Salta","tipo":"servidumbre","estado":"desconocido","geom_kind":"linea","fuente_id":"salta.geonode.servidumbres","source_url":"https://geoportal.salta.gob.ar/geoserver/wfs?service=WFS&version=2.0.0&request=GetFeature&typeNames=geonode%3Aservidumbres_l&outputFormat=application%2Fjson&count=2000&startIndex=0&srsName=EPSG%3A4326","source_layer":"geonode:servidumbres_l","source_fid":"servidumbres_l.1710","source_srid":4326,"fetched_at":"2026-07-28T13:38:01+00:00","licencia":"no_especificada","expediente":"18453","titular":"ULEX S.A","titular_norm":"ULEX","titular_es_persona":false,"fecha_inicio":"2006-06-06","departamento":"Los Andes","municipio":"San Antonio De Los Cobres"}},{"type":"Feature","geometry":{"type":"MultiLineString","coordinates":[[[-66.96162,-24.13936],[-66.96203,-24.14898]]]},"properties":{"id":"salta:servidumbres:servidumbres_l.1711","provincia":"salta","provincia_nombre":"Salta","tipo":"servidumbre","estado":"desconocido","geom_kind":"linea","fuente_id":"salta.geonode.servidumbres","source_url":"https://geoportal.salta.gob.ar/geoserver/wfs?service=WFS&version=2.0.0&request=GetFeature&typeNames=geonode%3Aservidumbres_l&outputFormat=application%2Fjson&count=2000&startIndex=0&srsName=EPSG%3A4326","source_layer":"geonode:servidumbres_l","source_fid":"servidumbres_l.1711","source_srid":4326,"fetched_at":"2026-07-28T13:38:01+00:00","licencia":"no_especificada","expediente":"720296","titular":"PUNA MINING S.A","titular_norm":"PUNA MINING","titular_es_persona":false,"departamento":"Los Andes","municipio":"San Antonio De Los Cobres"}},{"type":"Feature","geometry":{"type":"MultiLineString","coordinates":[[[-67.68214,-24.76537],[-67.68219,-24.76856],[-67.79284,-24.77054],[-67.7921,-24.80664],[-67.79034,-24.82538],[-67.78905,-24.83738],[-67.78249,-24.87269],[-67.77206,-24.92106],[-67.76117,-24.94568],[-67.76067,-24.9738],[-67.76283,-24.97638],[-67.77265,-24.98302],[-67.77437,-24.9866],[-67.77971,-24.98894],[-67.78447,-24.99097],[-67.77548,-24.99376],[-67.76559,-25.01091],[-67.75504,-25.02714]]]},"properties":{"id":"salta:servidumbres:servidumbres_l.1712","provincia":"salta","provincia_nombre":"Salta","tipo":"servidumbre","estado":"desconocido","geom_kind":"linea","fuente_id":"salta.geonode.servidumbres","source_url":"https://geoportal.salta.gob.ar/geoserver/wfs?service=WFS&version=2.0.0&request=GetFeature&typeNames=geonode%3Aservidumbres_l&outputFormat=application%2Fjson&count=2000&startIndex=0&srsName=EPSG%3A4326","source_layer":"geonode:servidumbres_l","source_fid":"servidumbres_l.1712","source_srid":4326,"fetched_at":"2026-07-28T13:38:01+00:00","licencia":"no_especificada","expediente":"806592","titular":"ARLI S.A","titular_norm":"ARLI","titular_es_persona":false,"fecha_inicio":"2023-03-28","departamento":"Los Andes","municipio":"Tolar Grande","lugar":"Salar De Arizaro"}},{"type":"Feature","geometry":{"type":"MultiLineString","coordinates":[[[-67.01448,-24.58264],[-66.98855,-24.58308]]]},"properties":{"id":"salta:servidumbres:servidumbres_l.1713","provincia":"salta","provincia_nombre":"Salta","tipo":"servidumbre","estado":"desconocido","geom_kind":"linea","fuente_id":"salta.geonode.servidumbres","source_url":"https://geoportal.salta.gob.ar/geoserver/wfs?service=WFS&version=2.0.0&request=GetFeature&typeNames=geonode%3Aservidumbres_l&outputFormat=application%2Fjson&count=2000&startIndex=0&srsName=EPSG%3A4326","source_layer":"geonode:servidumbres_l","source_fid":"servidumbres_l.1713","source_srid":4326,"fetched_at":"2026-07-28T13:38:01+00:00","licencia":"no_especificada","expediente":"20318","titular":"ARGAÑARAZ OLIVERO RAFAEL,CELORRIO IGNACIO HERNAN,GUERRERO ALVARADO DAVID,TEMPERLEY DIEGO GUILLERMO","titular_norm":"ARGANARAZ OLIVERO RAFAEL CELORRIO IGNACIO HERNAN GUERRERO ALVARADO DAVID TEMPERLEY DIEGO GUILLERMO","titular_es_persona":false,"fecha_inicio":"2010-05-05","departamento":"Los Andes","municipio":"Tolar Grande"}},{"type":"Feature","geometry":{"type":"MultiLineString","coordinates":[[[-66.70409,-24.62334],[-66.73461,-24.6231]]]},"properties":{"id":"salta:servidumbres:servidumbres_l.1714","provincia":"salta","provincia_nombre":"Salta","tipo":"servidumbre","estado":"desconocido","geom_kind":"linea","fuente_id":"salta.geonode.servidumbres","source_url":"https://geoportal.salta.gob.ar/geoserver/wfs?service=WFS&version=2.0.0&request=GetFeature&typeNames=geonode%3Aservidumbres_l&outputFormat=application%2Fjson&count=2000&startIndex=0&srsName=EPSG%3A4326","source_layer":"geonode:servidumbres_l","source_fid":"servidumbres_l.1714","source_srid":4326,"fetched_at":"2026-07-28T13:38:01+00:00","licencia":"no_especificada","expediente":"20277","titular":"PROYECTO PASTOS GRANDES S.A","titular_norm":"PROYECTO PASTOS GRANDES","titular_es_persona":false,"fecha_inicio":"2010-04-19","departamento":"Los Andes","municipio":"San Antonio De Los Cobres"}},{"type":"Feature","geometry":{"type":"MultiLineString","coordinates":[[[-66.90427,-24.18825],[-66.90707,-24.18693],[-66.90983,-24.1823],[-66.90942,-24.15171],[-66.92775,-24.1516],[-66.94591,-24.13552],[-66.95139,-24.1354],[-66.95395,-24.13479],[-66.95536,-24.13514],[-66.96712,-24.1316],[-66.95766,-24.13472]]]},"properties":{"id":"salta:servidumbres:servidumbres_l.1715","provincia":"salta","provincia_nombre":"Salta","tipo":"servidumbre","estado":"desconocido","geom_kind":"linea","fuente_id":"salta.geonode.servidumbres","source_url":"https://geoportal.salta.gob.ar/geoserver/wfs?service=WFS&version=2.0.0&request=GetFeature&typeNames=geonode%3Aservidumbres_l&outputFormat=application%2Fjson&count=2000&startIndex=0&srsName=EPSG%3A4326","source_layer":"geonode:servidumbres_l","source_fid":"servidumbres_l.1715","source_srid":4326,"fetched_at":"2026-07-28T13:38:01+00:00","licencia":"no_especificada","expediente":"813680","titular":"PUNA MINING S.A","titular_norm":"PUNA MINING","titular_es_persona":false,"fecha_inicio":"2023-05-29","departamento":"Los Andes","municipio":"San Antonio De Los Cobres","lugar":"Salar De Rincon"}},{"type":"Feature","geometry":{"type":"MultiLineString","coordinates":[[[-67.05977,-24.48318],[-66.975,-24.48398]]]},"properties":{"id":"salta:servidumbres:servidumbres_l.1716","provincia":"salta","provincia_nombre":"Salta","tipo":"servidumbre","estado":"desconocido","geom_kind":"linea","fuente_id":"salta.geonode.servidumbres","source_url":"https://geoportal.salta.gob.ar/geoserver/wfs?service=WFS&version=2.0.0&request=GetFeature&typeNames=geonode%3Aservidumbres_l&outputFormat=application%2Fjson&count=2000&startIndex=0&srsName=EPSG%3A4326","source_layer":"geonode:servidumbres_l","source_fid":"servidumbres_l.1716","source_srid":4326,"fetched_at":"2026-07-28T13:38:01+00:00","licencia":"no_especificada","expediente":"20273","titular":"EKEKO S.A","titular_norm":"EKEKO","titular_es_persona":false,"fecha_inicio":"2010-04-19","departamento":"Los Andes"}},{"type":"Feature","geometry":{"type":"MultiLineString","coordinates":[[[-66.7758,-25.24305],[-66.76496,-25.24311]],[[-66.77406,-25.2792],[-66.77405,-25.27021],[-66.76904,-25.26035]],[[-66.73661,-25.28555],[-66.77399,-25.27918]],[[-66.76496,-25.24227],[-66.76545,-25.24153],[-66.77347,-25.24153]],[[-66.77329,-25.23358],[-66.77284,-25.23358]],[[-66.77311,-25.24142],[-66.76495,-25.24146]],[[-66.76495,-25.24131],[-66.77301,-25.24134]],[[-66.77284,-25.23358],[-66.7649,-25.23362]],[[-66.77284,-25.23358],[-66.77204,-25.23114]],[[-66.76492,-25.23603],[-66.77353,-25.23567],[-66.77284,-25.23358]],[[-66.77121,-25.22627],[-66.77124,-25.23025],[-66.77204,-25.23114]],[[-66.77204,-25.23114],[-66.77188,-25.23065],[-66.7718,-25.21913],[-66.77353,-25.21751],[-66.77363,-25.2157],[-66.77177,-25.21507],[-66.76981,-25.21137]],[[-66.77204,-25.23114],[-66.77289,-25.23209],[-66.77746,-25.24866],[-66.77774,-25.25227],[-66.77423,-25.25391],[-66.76876,-25.26043]],[[-66.77121,-25.22627],[-66.77183,-25.22624]],[[-66.77099,-25.21515],[-66.77116,-25.21513]],[[-66.77114,-25.2151],[-66.77097,-25.2151]],[[-66.77099,-25.21515],[-66.7711,-25.21539],[-66.77121,-25.22627]],[[-66.75919,-25.22688],[-66.77121,-25.22627]],[[-66.77099,-25.21515],[-66.77099,-25.21515]],[[-66.76668,-25.21581],[-66.77099,-25.21515]],[[-66.77097,-25.2151],[-66.77099,-25.21515]],[[-66.76981,-25.21137],[-66.7712,-25.21512],[-66.77099,-25.21515]],[[-66.77099,-25.21515],[-66.76681,-25.21569]],[[-66.77097,-25.2151],[-66.76771,-25.21512]],[[-66.76438,-25.20163],[-66.76509,-25.20213],[-66.77097,-25.2151]],[[-66.76981,-25.19576],[-66.7669,-25.19912]],[[-66.76981,-25.21137],[-66.76918,-25.21019],[-66.76894,-25.20904]],[[-66.76894,-25.20904],[-66.76981,-25.21137]],[[-66.76835,-25.26092],[-66.76953,-25.26723]],[[-66.76776,-25.20584],[-66.76894,-25.20904]],[[-66.7669,-25.19912],[-66.76702,-25.19926],[-66.76589,-25.20127],[-66.76835,-25.20621],[-66.76894,-25.20904]],[[-66.76927,-25.26654],[-66.76384,-25.26724],[-66.76161,-25.26866],[-66.75626,-25.26775],[-66.7515,-25.26975],[-66.74797,-25.27263]],[[-66.76876,-25.26043],[-66.76901,-25.26041]],[[-66.76876,-25.26043],[-66.76835,-25.26092]],[[-66.75685,-25.26123],[-66.76876,-25.26043]],[[-66.76499,-25.24791],[-66.76856,-25.24792]],[[-66.76835,-25.26091],[-66.76835,-25.26092]],[[-66.76835,-25.26092],[-66.76835,-25.26092]],[[-66.76817,-25.24789],[-66.76499,-25.24791]],[[-66.76499,-25.24751],[-66.76811,-25.24771]],[[-66.76779,-25.21151],[-66.75956,-25.21169],[-66.75954,-25.21169]],[[-66.76775,-25.21153],[-66.76771,-25.21512]],[[-66.76771,-25.21512],[-66.76743,-25.21512],[-66.76681,-25.21569]],[[-66.76537,-25.20187],[-66.76765,-25.20572]],[[-66.74111,-25.21145],[-66.76746,-25.21141]],[[-66.76677,-25.19897],[-66.7669,-25.19912]],[[-66.7669,-25.19912],[-66.76483,-25.20153]],[[-66.76681,-25.21569],[-66.76668,-25.21581]],[[-66.76681,-25.21569],[-66.75936,-25.21665]],[[-66.76668,-25.21581],[-66.76506,-25.2173],[-66.76021,-25.21732]],[[-66.75935,-25.21692],[-66.76668,-25.21581]],[[-66.76588,-25.19256],[-66.76138,-25.19808]],[[-66.76491,-25.23465],[-66.76596,-25.23477]],[[-66.76571,-25.23479],[-66.76491,-25.23479]],[[-66.76566,-25.23491],[-66.76491,-25.2349]],[[-66.76483,-25.20153],[-66.7654,-25.20193]],[[-66.76254,-25.22841],[-66.7652,-25.22818]],[[-66.76344,-25.20053],[-66.76483,-25.20153]],[[-66.76483,-25.20153],[-66.76478,-25.20159]],[[-66.7648,-25.20163],[-66.76438,-25.20163]],[[-66.76456,-25.24791],[-66.76499,-25.24791]],[[-66.76499,-25.24791],[-66.76499,-25.24791]],[[-66.76499,-25.24791],[-66.76502,-25.25268],[-66.76406,-25.25268]],[[-66.76499,-25.24791],[-66.76456,-25.24791]],[[-66.76499,-25.24751],[-66.76499,-25.24791]],[[-66.76257,-25.24735],[-66.76499,-25.24751]],[[-66.76496,-25.24311],[-66.76499,-25.24751]],[[-66.76496,-25.24311],[-66.7644,-25.24311]],[[-66.76496,-25.24227],[-66.76496,-25.24311]],[[-66.76495,-25.24146],[-66.76496,-25.24227]],[[-66.7644,-25.24311],[-66.76496,-25.24227]],[[-66.76495,-25.24131],[-66.76495,-25.24146]],[[-66.76211,-25.24312],[-66.7628,-25.2413],[-66.76495,-25.24131]],[[-66.76492,-25.23603],[-66.76495,-25.24131]],[[-66.76491,-25.2349],[-66.76492,-25.23603]],[[-66.75493,-25.23644],[-66.76492,-25.23603]],[[-66.76491,-25.2349],[-66.75871,-25.23482]],[[-66.76491,-25.23479],[-66.76491,-25.2349]],[[-66.76491,-25.23465],[-66.76491,-25.23479]],[[-66.75874,-25.23395],[-66.76491,-25.23465]],[[-66.7649,-25.23362],[-66.76491,-25.23465]],[[-66.7649,-25.23362],[-66.75875,-25.23365]],[[-66.76254,-25.22841],[-66.76488,-25.22948],[-66.7649,-25.23362]],[[-66.76487,-25.22819],[-66.76209,-25.2282]],[[-66.7619,-25.22812],[-66.76482,-25.22805]],[[-66.75634,-25.18871],[-66.76439,-25.19431]],[[-66.76438,-25.20163],[-66.7454,-25.20173]],[[-66.76344,-25.20053],[-66.76321,-25.20081],[-66.76438,-25.20163]],[[-66.76456,-25.24791],[-66.76272,-25.24792]],[[-66.76271,-25.24791],[-66.76456,-25.24791]],[[-66.7644,-25.24311],[-66.76211,-25.24312]],[[-66.76236,-25.24616],[-66.7644,-25.24311]],[[-66.76378,-25.20014],[-66.76344,-25.20053]],[[-66.76392,-25.25247],[-66.76272,-25.24792]],[[-66.75887,-25.25211],[-66.76381,-25.25247]],[[-66.76088,-25.1987],[-66.76344,-25.20053]],[[-66.76083,-25.19769],[-66.76277,-25.19426]],[[-66.76272,-25.24792],[-66.76268,-25.24792]],[[-66.76272,-25.24792],[-66.76271,-25.24791]],[[-66.75887,-25.25211],[-66.76189,-25.24791],[-66.76271,-25.24791]],[[-66.76271,-25.24791],[-66.76257,-25.24735]],[[-66.76209,-25.2282],[-66.76254,-25.22841]],[[-66.75893,-25.22871],[-66.76254,-25.22841]],[[-66.75507,-25.24997],[-66.75658,-25.24695],[-66.76257,-25.24735]],[[-66.76257,-25.24735],[-66.76254,-25.24725]],[[-66.75902,-25.24649],[-66.76232,-25.24614]],[[-66.76209,-25.2282],[-66.76208,-25.2282]],[[-66.7619,-25.22812],[-66.76209,-25.2282]],[[-66.76189,-25.19844],[-66.76138,-25.19808]],[[-66.76211,-25.24312],[-66.75905,-25.24314]],[[-66.75905,-25.24314],[-66.76178,-25.244],[-66.76211,-25.24312]],[[-66.75919,-25.22688],[-66.7619,-25.22812]],[[-66.75895,-25.22819],[-66.7619,-25.22812]],[[-66.76138,-25.19808],[-66.76083,-25.19769]],[[-66.76138,-25.19808],[-66.76088,-25.1987]],[[-66.76127,-25.2116],[-66.7585,-25.21161]],[[-66.76088,-25.1987],[-66.76088,-25.1987]],[[-66.76088,-25.1987],[-66.76026,-25.19947]],[[-66.76083,-25.19769],[-66.75508,-25.19365]],[[-66.76026,-25.19947],[-66.76025,-25.19871],[-66.76083,-25.19769]],[[-66.76089,-25.2167],[-66.76021,-25.21732]],[[-66.76027,-25.20161],[-66.76026,-25.19947]],[[-66.76026,-25.19947],[-66.75954,-25.20035],[-66.74671,-25.20079]],[[-66.76021,-25.21732],[-66.75933,-25.21733]],[[-66.75959,-25.21726],[-66.75934,-25.21725]],[[-66.75954,-25.21169],[-66.75954,-25.21162]],[[-66.75954,-25.21169],[-66.7585,-25.21168]],[[-66.75936,-25.21665],[-66.75954,-25.21169]],[[-66.75934,-25.21725],[-66.75936,-25.21665]],[[-66.75936,-25.21665],[-66.75853,-25.21676]],[[-66.75934,-25.21725],[-66.75854,-25.21725]],[[-66.75933,-25.21733],[-66.75934,-25.21725]],[[-66.75933,-25.21733],[-66.75891,-25.21733],[-66.75896,-25.22629],[-66.75861,-25.22661],[-66.759,-25.22679]],[[-66.759,-25.22679],[-66.75933,-25.21733]],[[-66.759,-25.22679],[-66.75919,-25.22688]],[[-66.75899,-25.22689],[-66.75919,-25.22688]],[[-66.75899,-25.22689],[-66.759,-25.22679]],[[-66.75895,-25.22819],[-66.75899,-25.22689]],[[-66.75851,-25.22691],[-66.75899,-25.22689]],[[-66.75905,-25.24314],[-66.75423,-25.24316]],[[-66.75547,-25.24201],[-66.75905,-25.24314]],[[-66.75893,-25.22871],[-66.75895,-25.22819]],[[-66.75825,-25.2282],[-66.75895,-25.22819]],[[-66.75893,-25.22911],[-66.75891,-25.22911]],[[-66.75891,-25.22911],[-66.75893,-25.22871]],[[-66.75891,-25.22871],[-66.75893,-25.22871]],[[-66.75892,-25.2282],[-66.75825,-25.22881]],[[-66.75891,-25.22911],[-66.75825,-25.22903]],[[-66.75875,-25.23365],[-66.75891,-25.22911]],[[-66.75902,-25.24649],[-66.75903,-25.24632],[-66.7507,-25.24636]],[[-66.75902,-25.24649],[-66.75897,-25.24707]],[[-66.75465,-25.24973],[-66.75471,-25.24944],[-66.75665,-25.24674],[-66.75902,-25.24649]],[[-66.75884,-25.23436],[-66.75873,-25.23437]],[[-66.75875,-25.23365],[-66.75352,-25.23368]],[[-66.75874,-25.23395],[-66.75875,-25.23365]],[[-66.75507,-25.24997],[-66.75887,-25.25211]],[[-66.75873,-25.23395],[-66.75874,-25.23395]],[[-66.75873,-25.23437],[-66.75874,-25.23395]],[[-66.75871,-25.23482],[-66.75873,-25.23437]],[[-66.75873,-25.23437],[-66.7539,-25.2344]],[[-66.75871,-25.23482],[-66.75409,-25.23476]],[[-66.75871,-25.23485],[-66.75871,-25.23482]],[[-66.75854,-25.21733],[-66.75861,-25.2266]],[[-66.75855,-25.21733],[-66.75854,-25.21733]],[[-66.75865,-25.23484],[-66.75771,-25.23571],[-66.75461,-25.23572]],[[-66.75854,-25.21733],[-66.75571,-25.21735]],[[-66.75854,-25.21725],[-66.75854,-25.21733]],[[-66.75854,-25.21725],[-66.75558,-25.21724]],[[-66.75853,-25.21676],[-66.75854,-25.21725]],[[-66.7585,-25.21168],[-66.75853,-25.21676]],[[-66.75853,-25.21676],[-66.7556,-25.21714]],[[-66.7585,-25.21168],[-66.75543,-25.21168]],[[-66.7585,-25.21161],[-66.7585,-25.21168]],[[-66.7585,-25.21161],[-66.75543,-25.21163]],[[-66.7585,-25.21158],[-66.7585,-25.21161]],[[-66.75841,-25.2266],[-66.75691,-25.22724]],[[-66.75825,-25.2282],[-66.75825,-25.22815]],[[-66.75691,-25.22724],[-66.75824,-25.2269]],[[-66.75825,-25.22881],[-66.75825,-25.2282]],[[-66.75267,-25.22833],[-66.75825,-25.2282]],[[-66.75825,-25.22903],[-66.75825,-25.22881]],[[-66.75825,-25.22881],[-66.75805,-25.229]],[[-66.75825,-25.22903],[-66.75805,-25.229]],[[-66.75825,-25.22903],[-66.75826,-25.23046],[-66.75182,-25.23049]],[[-66.75805,-25.229],[-66.75267,-25.22833]],[[-66.75805,-25.229],[-66.75662,-25.23031],[-66.75174,-25.23034]],[[-66.75691,-25.22724],[-66.75445,-25.22829]],[[-66.75098,-25.22771],[-66.7553,-25.22765],[-66.75691,-25.22724]],[[-66.75006,-25.26227],[-66.75684,-25.26124]],[[-66.74985,-25.17517],[-66.75014,-25.18122],[-66.75634,-25.18871]],[[-66.75634,-25.18871],[-66.75447,-25.19106]],[[-66.75649,-25.24684],[-66.75013,-25.24688]],[[-66.75558,-25.21724],[-66.75586,-25.22749]],[[-66.75545,-25.19396],[-66.75441,-25.19527],[-66.754,-25.19502]],[[-66.75558,-25.21724],[-66.75526,-25.21724]],[[-66.75543,-25.21168],[-66.75558,-25.21724]],[[-66.75543,-25.21168],[-66.74695,-25.21167]],[[-66.75543,-25.21163],[-66.75543,-25.21168]],[[-66.75543,-25.21163],[-66.74695,-25.21167]],[[-66.75543,-25.21147],[-66.75543,-25.21163]],[[-66.75517,-25.23995],[-66.74852,-25.24026]],[[-66.75465,-25.24973],[-66.75507,-25.24997]],[[-66.74838,-25.25187],[-66.75435,-25.25141],[-66.75507,-25.24997]],[[-66.75461,-25.23572],[-66.75492,-25.23631],[-66.75493,-25.23644]],[[-66.75493,-25.23644],[-66.75547,-25.24205],[-66.75423,-25.24316]],[[-66.74976,-25.23665],[-66.75493,-25.23644]],[[-66.75458,-25.19114],[-66.75447,-25.19106]],[[-66.75447,-25.19106],[-66.75401,-25.19075],[-66.74584,-25.20082]],[[-66.75447,-25.19106],[-66.74671,-25.20079]],[[-66.75472,-25.23662],[-66.74976,-25.23665]],[[-66.75461,-25.23572],[-66.75176,-25.23574]],[[-66.75409,-25.23476],[-66.75461,-25.23572]],[[-66.75076,-25.24753],[-66.75465,-25.24973]],[[-66.75465,-25.24973],[-66.75426,-25.25141]],[[-66.75423,-25.24316],[-66.74779,-25.2432]],[[-66.7507,-25.24636],[-66.75423,-25.24316]],[[-66.75409,-25.23476],[-66.75284,-25.23474]],[[-66.7539,-25.2344],[-66.75409,-25.23476]],[[-66.75415,-25.25126],[-66.7487,-25.25129]],[[-66.75352,-25.23368],[-66.7539,-25.2344]],[[-66.7539,-25.2344],[-66.74873,-25.23444]],[[-66.75352,-25.23368],[-66.75081,-25.23369]],[[-66.75182,-25.23049],[-66.75352,-25.23368]],[[-66.75287,-25.23471],[-66.75284,-25.23474]],[[-66.75284,-25.23474],[-66.74873,-25.23469]],[[-66.75284,-25.23474],[-66.75176,-25.23574]],[[-66.75271,-25.22829],[-66.75267,-25.22833]],[[-66.75267,-25.22833],[-66.75267,-25.22833]],[[-66.75267,-25.22833],[-66.75267,-25.22833]],[[-66.75267,-25.22833],[-66.75241,-25.22829]],[[-66.75267,-25.22833],[-66.75267,-25.22833]],[[-66.75267,-25.22833],[-66.75133,-25.22956]],[[-66.75241,-25.22829],[-66.7525,-25.22833],[-66.75267,-25.22833]],[[-66.75241,-25.22829],[-66.75221,-25.22827],[-66.75077,-25.22852]],[[-66.75098,-25.22771],[-66.75241,-25.22829]],[[-66.75238,-25.23215],[-66.74854,-25.23217]],[[-66.75182,-25.23049],[-66.74851,-25.23051]],[[-66.75174,-25.23034],[-66.75182,-25.23049]],[[-66.75174,-25.23034],[-66.75047,-25.23035]],[[-66.75133,-25.22956],[-66.75174,-25.23034]],[[-66.75176,-25.23574],[-66.74874,-25.23575]],[[-66.75077,-25.22852],[-66.75133,-25.22956]],[[-66.75133,-25.22956],[-66.75047,-25.23035]],[[-66.74933,-25.22704],[-66.75098,-25.22771]],[[-66.75035,-25.22772],[-66.75098,-25.22771]],[[-66.75035,-25.22772],[-66.75077,-25.22852]],[[-66.75077,-25.22852],[-66.74848,-25.22893]],[[-66.75076,-25.24753],[-66.75076,-25.24753]],[[-66.74993,-25.24706],[-66.75076,-25.24753]],[[-66.75076,-25.24753],[-66.7487,-25.25129]],[[-66.7507,-25.24636],[-66.74877,-25.24637]],[[-66.75029,-25.24674],[-66.7507,-25.24636]],[[-66.75047,-25.23035],[-66.74849,-25.23036]],[[-66.7503,-25.22763],[-66.75035,-25.22772]],[[-66.74933,-25.22704],[-66.74963,-25.22773],[-66.75035,-25.22772]],[[-66.75034,-25.24675],[-66.75029,-25.24674]],[[-66.75029,-25.24674],[-66.74877,-25.24637]],[[-66.75013,-25.24688],[-66.75029,-25.24674]],[[-66.75013,-25.24688],[-66.7496,-25.24688]],[[-66.74993,-25.24706],[-66.75013,-25.24688]],[[-66.75006,-25.26227],[-66.75019,-25.26297]],[[-66.75011,-25.26299],[-66.74941,-25.26236]],[[-66.74923,-25.25765],[-66.75006,-25.26227]],[[-66.74941,-25.26236],[-66.75006,-25.26227]],[[-66.7496,-25.24688],[-66.74993,-25.24706]],[[-66.74783,-25.24896],[-66.74993,-25.24706]],[[-66.74976,-25.23665],[-66.74875,-25.23666]],[[-66.7485,-25.2367],[-66.74976,-25.23665]],[[-66.74975,-25.2576],[-66.74912,-25.25703]],[[-66.7496,-25.24688],[-66.74782,-25.24689]],[[-66.7487,-25.24637],[-66.7496,-25.24688]],[[-66.74826,-25.2266],[-66.74933,-25.22704]],[[-66.73917,-25.22394],[-66.748,-25.22402],[-66.74933,-25.22704]],[[-66.74923,-25.25765],[-66.74944,-25.25768]],[[-66.74941,-25.26236],[-66.74926,-25.26223],[-66.74791,-25.26223]],[[-66.74791,-25.26259],[-66.74941,-25.26236]],[[-66.74873,-25.23428],[-66.7491,-25.23428]],[[-66.74788,-25.25746],[-66.74923,-25.25765]],[[-66.74912,-25.25703],[-66.74923,-25.25765]],[[-66.74912,-25.25703],[-66.74894,-25.25687],[-66.74788,-25.25688]],[[-66.74838,-25.25187],[-66.74824,-25.25214],[-66.74912,-25.25703]],[[-66.74875,-25.23666],[-66.74875,-25.23669]],[[-66.74875,-25.23666],[-66.7486,-25.23666]],[[-66.74874,-25.23575],[-66.74875,-25.23666]],[[-66.74874,-25.23575],[-66.74849,-25.23575]],[[-66.74873,-25.23469],[-66.74874,-25.23575]],[[-66.74873,-25.23469],[-66.74849,-25.23469]],[[-66.74873,-25.23444],[-66.74873,-25.23469]],[[-66.74873,-25.23428],[-66.74873,-25.23444]],[[-66.74873,-25.23444],[-66.74849,-25.23445]],[[-66.7486,-25.23428],[-66.74873,-25.23428]],[[-66.74873,-25.23398],[-66.74873,-25.23428]],[[-66.74877,-25.24637],[-66.7487,-25.24637]],[[-66.74877,-25.24637],[-66.74865,-25.24634]],[[-66.7487,-25.24637],[-66.74781,-25.24637]],[[-66.74865,-25.24634],[-66.7487,-25.24637]],[[-66.7487,-25.25129],[-66.74784,-25.25129]],[[-66.7487,-25.25129],[-66.74838,-25.25187]],[[-66.74865,-25.24634],[-66.74781,-25.24614]],[[-66.74781,-25.24587],[-66.74865,-25.24634]],[[-66.74852,-25.23966],[-66.74858,-25.23778]],[[-66.74849,-25.23036],[-66.74851,-25.23372]],[[-66.74849,-25.23036],[-66.74541,-25.23037]],[[-66.74848,-25.22893],[-66.74849,-25.23036]],[[-66.74805,-25.22694],[-66.74847,-25.22706],[-66.74848,-25.22893]],[[-66.74848,-25.22893],[-66.74666,-25.22925]],[[-66.744,-25.23115],[-66.74847,-25.23113]],[[-66.74852,-25.24086],[-66.74852,-25.24026]],[[-66.74852,-25.24026],[-66.74852,-25.23966]],[[-66.74852,-25.24026],[-66.7485,-25.24026]],[[-66.74852,-25.23966],[-66.7485,-25.2367]],[[-66.7485,-25.24026],[-66.74852,-25.23966]],[[-66.7485,-25.2367],[-66.74849,-25.23575]],[[-66.7485,-25.2367],[-66.74775,-25.23673],[-66.74778,-25.24029]],[[-66.74849,-25.23575],[-66.74421,-25.23578]],[[-66.74849,-25.23575],[-66.74849,-25.23469]],[[-66.74849,-25.23469],[-66.74543,-25.23465]],[[-66.74849,-25.23469],[-66.74849,-25.23445]],[[-66.74849,-25.23445],[-66.74848,-25.23394]],[[-66.74849,-25.23445],[-66.74402,-25.23448]],[[-66.74401,-25.23228],[-66.74846,-25.23226]],[[-66.74403,-25.2362],[-66.74848,-25.23618]],[[-66.74847,-25.24084],[-66.7485,-25.24026]],[[-66.7485,-25.24026],[-66.74778,-25.24029]],[[-66.74578,-25.23268],[-66.74844,-25.23267]],[[-66.74434,-25.23565],[-66.74845,-25.23563]],[[-66.74826,-25.2266],[-66.74805,-25.22694]],[[-66.747,-25.22664],[-66.74826,-25.2266]],[[-66.74826,-25.25188],[-66.74838,-25.25187]],[[-66.74835,-25.25175],[-66.74784,-25.25129]],[[-66.74826,-25.25188],[-66.74827,-25.25187]],[[-66.74785,-25.25236],[-66.74826,-25.25188]],[[-66.74785,-25.25158],[-66.74817,-25.25189],[-66.74826,-25.25188]],[[-66.747,-25.22664],[-66.74805,-25.22694]],[[-66.74805,-25.22694],[-66.74676,-25.22906]],[[-66.74791,-25.26259],[-66.74797,-25.27263]],[[-66.74797,-25.27263],[-66.74798,-25.27284],[-66.74749,-25.27303]],[[-66.74797,-25.27263],[-66.74749,-25.27303]],[[-66.74791,-25.26223],[-66.74791,-25.26259]],[[-66.74419,-25.26238],[-66.74636,-25.26283],[-66.74791,-25.26259]],[[-66.74791,-25.26223],[-66.74419,-25.26225]],[[-66.74788,-25.25746],[-66.74791,-25.26223]],[[-66.74416,-25.25693],[-66.74788,-25.25746]],[[-66.74788,-25.25688],[-66.74788,-25.25746]],[[-66.74788,-25.25688],[-66.74416,-25.2569]],[[-66.74785,-25.25236],[-66.74788,-25.25688]],[[-66.74785,-25.25158],[-66.74785,-25.25236]],[[-66.74785,-25.25236],[-66.74754,-25.25272],[-66.74413,-25.25274]],[[-66.74755,-25.25129],[-66.74785,-25.25158]],[[-66.74784,-25.25129],[-66.74785,-25.25158]],[[-66.74784,-25.25129],[-66.74755,-25.25129]],[[-66.74783,-25.24896],[-66.74784,-25.25129]],[[-66.74782,-25.24689],[-66.74783,-25.24896]],[[-66.74645,-25.25021],[-66.74783,-25.24896]],[[-66.74782,-25.24689],[-66.74534,-25.2469]],[[-66.74781,-25.24637],[-66.74782,-25.24689]],[[-66.74781,-25.24637],[-66.74604,-25.24638]],[[-66.74781,-25.24614],[-66.74781,-25.24637]],[[-66.74781,-25.24614],[-66.74702,-25.24594],[-66.74604,-25.24638]],[[-66.74781,-25.24587],[-66.74781,-25.24614]],[[-66.74716,-25.2455],[-66.74781,-25.24587]],[[-66.7478,-25.24369],[-66.74781,-25.24587]],[[-66.7478,-25.24369],[-66.74452,-25.24371]],[[-66.74779,-25.2432],[-66.7478,-25.24369]],[[-66.74779,-25.2432],[-66.74445,-25.24321]],[[-66.74778,-25.24029],[-66.74779,-25.2432]],[[-66.74778,-25.24029],[-66.74406,-25.24046]],[[-66.74755,-25.25129],[-66.74412,-25.25131]],[[-66.7441,-25.24799],[-66.74755,-25.25129]],[[-66.74749,-25.27303],[-66.74389,-25.27597],[-66.7403,-25.27634]],[[-66.74749,-25.27303],[-66.73805,-25.27675]],[[-66.74682,-25.24576],[-66.74721,-25.24576]],[[-66.74701,-25.24562],[-66.74721,-25.24562]],[[-66.74716,-25.2455],[-66.74721,-25.2455]],[[-66.74479,-25.24551],[-66.74716,-25.2455]],[[-66.74701,-25.24562],[-66.74716,-25.2455]],[[-66.74695,-25.21167],[-66.743,-25.21169]],[[-66.74695,-25.21167],[-66.74275,-25.21166]],[[-66.73894,-25.22435],[-66.747,-25.22664]],[[-66.73615,-25.22699],[-66.747,-25.22664]],[[-66.7462,-25.24624],[-66.74711,-25.24583]],[[-66.74481,-25.24563],[-66.74701,-25.24562]],[[-66.74682,-25.24576],[-66.74701,-25.24562]],[[-66.74671,-25.20079],[-66.74666,-25.20086]],[[-66.74671,-25.20079],[-66.74584,-25.20082]],[[-66.74483,-25.24577],[-66.74682,-25.24576]],[[-66.7462,-25.24624],[-66.74682,-25.24576]],[[-66.74665,-25.22924],[-66.74541,-25.23037]],[[-66.74602,-25.24638],[-66.7462,-25.24624]],[[-66.74589,-25.24638],[-66.7462,-25.24624]],[[-66.74584,-25.20082],[-66.74546,-25.20129]],[[-66.74584,-25.20082],[-66.74554,-25.20084],[-66.74407,-25.19361]],[[-66.74604,-25.24638],[-66.74602,-25.24638]],[[-66.74604,-25.24638],[-66.74598,-25.24641]],[[-66.74602,-25.24638],[-66.74589,-25.24638]],[[-66.74598,-25.24641],[-66.74602,-25.24638]],[[-66.74534,-25.2469],[-66.74598,-25.24641]],[[-66.74598,-25.24641],[-66.745,-25.24685]],[[-66.74589,-25.24638],[-66.74493,-25.24639]],[[-66.74499,-25.24679],[-66.74589,-25.24638]],[[-66.74551,-25.20087],[-66.74546,-25.20129]],[[-66.74546,-25.20129],[-66.7454,-25.20173]],[[-66.74546,-25.20129],[-66.7451,-25.20173]],[[-66.7454,-25.20173],[-66.7451,-25.20173]],[[-66.7454,-25.20173],[-66.74479,-25.20655]],[[-66.74556,-25.23453],[-66.74543,-25.23465]],[[-66.74541,-25.23037],[-66.74399,-25.23038],[-66.744,-25.23115]],[[-66.74543,-25.23465],[-66.74402,-25.23463]],[[-66.74543,-25.23465],[-66.74434,-25.23565]],[[-66.7451,-25.20173],[-66.7448,-25.20173],[-66.74476,-25.20216]],[[-66.7451,-25.20173],[-66.74476,-25.20216]],[[-66.74534,-25.2469],[-66.745,-25.2469]],[[-66.74504,-25.24713],[-66.74534,-25.2469]],[[-66.7448,-25.20654],[-66.74479,-25.20655]],[[-66.74477,-25.20169],[-66.74321,-25.19396]],[[-66.74504,-25.24713],[-66.745,-25.2469]],[[-66.74504,-25.24713],[-66.74504,-25.24714],[-66.74504,-25.24713]],[[-66.74504,-25.24713],[-66.74504,-25.24713]],[[-66.74504,-25.24713],[-66.74474,-25.24697]],[[-66.74436,-25.24765],[-66.74504,-25.24713]],[[-66.74479,-25.20655],[-66.74478,-25.20658]],[[-66.74479,-25.20655],[-66.74141,-25.20763]],[[-66.74476,-25.20216],[-66.74432,-25.20626],[-66.74098,-25.20681]],[[-66.74476,-25.20216],[-66.74098,-25.20681]],[[-66.745,-25.2469],[-66.74488,-25.2469]],[[-66.745,-25.2469],[-66.745,-25.24685]],[[-66.745,-25.24685],[-66.74499,-25.24679]],[[-66.745,-25.24685],[-66.74488,-25.2469]],[[-66.74499,-25.24679],[-66.74493,-25.24639]],[[-66.74473,-25.2469],[-66.74499,-25.24679]],[[-66.74493,-25.24639],[-66.74409,-25.24639]],[[-66.74493,-25.24639],[-66.74483,-25.24577]],[[-66.74492,-25.24522],[-66.74475,-25.24522]],[[-66.74488,-25.2469],[-66.74473,-25.2469]],[[-66.74488,-25.2469],[-66.74474,-25.24697]],[[-66.74409,-25.24578],[-66.74483,-25.24577]],[[-66.74483,-25.24577],[-66.74481,-25.24563]],[[-66.74409,-25.24563],[-66.74481,-25.24563]],[[-66.74481,-25.24563],[-66.74479,-25.24551]],[[-66.74409,-25.24552],[-66.74479,-25.24551]],[[-66.74479,-25.24551],[-66.74475,-25.24522]],[[-66.74475,-25.24522],[-66.74408,-25.24523]],[[-66.74475,-25.24522],[-66.74452,-25.24371]],[[-66.74474,-25.24697],[-66.74467,-25.24693]],[[-66.74474,-25.24697],[-66.7441,-25.24725]],[[-66.74473,-25.2469],[-66.74463,-25.2469]],[[-66.74467,-25.24693],[-66.74473,-25.2469]],[[-66.74472,-25.24798],[-66.74436,-25.24765]],[[-66.74467,-25.24693],[-66.74463,-25.2469]],[[-66.7441,-25.24719],[-66.74467,-25.24693]],[[-66.74463,-25.2469],[-66.7441,-25.24691]],[[-66.74463,-25.2469],[-66.74409,-25.2466]],[[-66.74452,-25.24371],[-66.74408,-25.24371]],[[-66.74452,-25.24371],[-66.74445,-25.24321]],[[-66.74445,-25.24321],[-66.74407,-25.24321]],[[-66.74445,-25.24321],[-66.74406,-25.24062]],[[-66.74403,-25.23565],[-66.74434,-25.23565]],[[-66.74434,-25.23565],[-66.74421,-25.23578]],[[-66.74436,-25.24765],[-66.7441,-25.24742]],[[-66.7441,-25.24785],[-66.74436,-25.24765]],[[-66.74421,-25.23578],[-66.74403,-25.23578]],[[-66.74422,-25.24861],[-66.74411,-25.24861]],[[-66.74419,-25.26238],[-66.74419,-25.26279]],[[-66.74385,-25.26231],[-66.74419,-25.26238]],[[-66.74419,-25.26225],[-66.74419,-25.26238]],[[-66.74418,-25.26082],[-66.74419,-25.26225]],[[-66.74418,-25.26082],[-66.74335,-25.26082]],[[-66.74416,-25.25693],[-66.74418,-25.26082]],[[-66.74205,-25.25664],[-66.74416,-25.25693]],[[-66.74416,-25.2569],[-66.74416,-25.25693]],[[-66.74413,-25.25274],[-66.74416,-25.2569]],[[-66.74413,-25.25274],[-66.74376,-25.25274]],[[-66.74412,-25.25131],[-66.74413,-25.25274]],[[-66.74411,-25.24861],[-66.74412,-25.25131]],[[-66.74411,-25.24861],[-66.74373,-25.24861]],[[-66.7441,-25.24799],[-66.74411,-25.24861]],[[-66.74402,-25.24792],[-66.7441,-25.24799]],[[-66.7441,-25.24785],[-66.7441,-25.24799]],[[-66.7441,-25.24742],[-66.7441,-25.24785]],[[-66.74402,-25.24792],[-66.7441,-25.24785]],[[-66.7441,-25.24725],[-66.7441,-25.24742]],[[-66.7441,-25.24719],[-66.7441,-25.24725]],[[-66.7441,-25.24725],[-66.74374,-25.24741]],[[-66.7441,-25.24691],[-66.7441,-25.24719]],[[-66.74372,-25.24736],[-66.7441,-25.24719]],[[-66.74409,-25.2466],[-66.7441,-25.24691]],[[-66.74409,-25.2466],[-66.74372,-25.24639]],[[-66.74409,-25.24639],[-66.74409,-25.2466]],[[-66.74409,-25.24639],[-66.74372,-25.24639]],[[-66.74409,-25.24578],[-66.74409,-25.24639]],[[-66.74409,-25.24563],[-66.74409,-25.24578]],[[-66.74409,-25.24563],[-66.7437,-25.24564],[-66.7437,-25.24606]],[[-66.74409,-25.24552],[-66.74409,-25.24563]],[[-66.74407,-25.24552],[-66.74409,-25.24552]],[[-66.74408,-25.24523],[-66.74409,-25.24552]],[[-66.74408,-25.24523],[-66.74168,-25.24524]],[[-66.74408,-25.24371],[-66.74408,-25.24523]],[[-66.74408,-25.24371],[-66.7403,-25.24373]],[[-66.74407,-25.24321],[-66.74408,-25.24371]],[[-66.74407,-25.24321],[-66.73999,-25.24323]],[[-66.74407,-25.24226],[-66.74407,-25.24321]],[[-66.74407,-25.24226],[-66.74023,-25.24228]],[[-66.74406,-25.24062],[-66.74407,-25.24226]],[[-66.74406,-25.24062],[-66.74403,-25.24046]],[[-66.74406,-25.24046],[-66.74406,-25.24062]],[[-66.74403,-25.2362],[-66.74406,-25.24046]],[[-66.74406,-25.24046],[-66.74403,-25.24046]],[[-66.74248,-25.23621],[-66.74403,-25.2362]],[[-66.74403,-25.23578],[-66.74403,-25.2362]],[[-66.74403,-25.23578],[-66.74091,-25.23579]],[[-66.74403,-25.23565],[-66.74403,-25.23578]],[[-66.74077,-25.23567],[-66.74403,-25.23565]],[[-66.74402,-25.23463],[-66.74403,-25.23565]],[[-66.74402,-25.23463],[-66.73955,-25.23457]],[[-66.74402,-25.23448],[-66.74402,-25.23463]],[[-66.74401,-25.23228],[-66.74402,-25.23448]],[[-66.74402,-25.23448],[-66.73949,-25.23452]],[[-66.73551,-25.23153],[-66.73638,-25.23232],[-66.74401,-25.23228]],[[-66.744,-25.23115],[-66.74401,-25.23228]],[[-66.74374,-25.23116],[-66.744,-25.23115]],[[-66.74322,-25.27851],[-66.74426,-25.2763]],[[-66.74403,-25.24046],[-66.74399,-25.24021]],[[-66.74403,-25.24046],[-66.73632,-25.24082]],[[-66.74385,-25.26231],[-66.74414,-25.2632]],[[-66.74372,-25.24763],[-66.74402,-25.24792]],[[-66.74372,-25.24814],[-66.74402,-25.24792]],[[-66.73866,-25.26125],[-66.74385,-25.26231]],[[-66.74335,-25.26082],[-66.74385,-25.26231]],[[-66.7437,-25.24606],[-66.74373,-25.24606]],[[-66.74376,-25.25274],[-66.7377,-25.25277]],[[-66.74373,-25.24861],[-66.74376,-25.25274]],[[-66.74376,-25.25274],[-66.74379,-25.25565],[-66.74303,-25.25566]],[[-66.74372,-25.24639],[-66.74371,-25.24639]],[[-66.74372,-25.24639],[-66.74371,-25.24638]],[[-66.74373,-25.24861],[-66.74311,-25.24862]],[[-66.74372,-25.24814],[-66.74373,-25.24861]],[[-66.74372,-25.24763],[-66.74372,-25.24814]],[[-66.74311,-25.24862],[-66.74372,-25.24814]],[[-66.74353,-25.24744],[-66.74372,-25.24763]],[[-66.74372,-25.24736],[-66.74372,-25.24763]],[[-66.74371,-25.24639],[-66.74372,-25.24736]],[[-66.74353,-25.24744],[-66.74372,-25.24736]],[[-66.74371,-25.24639],[-66.74244,-25.2464]],[[-66.74371,-25.24638],[-66.74371,-25.24639]],[[-66.74371,-25.24638],[-66.74314,-25.24606]],[[-66.7437,-25.24606],[-66.74371,-25.24638]],[[-66.74314,-25.24606],[-66.7437,-25.24606]],[[-66.74244,-25.2464],[-66.74353,-25.24744]],[[-66.74089,-25.24863],[-66.74353,-25.24744]],[[-66.74335,-25.26082],[-66.73898,-25.26084]],[[-66.74183,-25.25694],[-66.74207,-25.257],[-66.74335,-25.26082]],[[-66.74344,-25.27851],[-66.74322,-25.27851]],[[-66.74233,-25.24607],[-66.74314,-25.24606]],[[-66.74314,-25.24606],[-66.74168,-25.24524]],[[-66.74311,-25.24862],[-66.74089,-25.24863]],[[-66.7377,-25.25277],[-66.74311,-25.24862]],[[-66.74322,-25.27851],[-66.7381,-25.27854]],[[-66.74322,-25.27851],[-66.73806,-25.27833]],[[-66.74055,-25.28104],[-66.74322,-25.27851]],[[-66.74303,-25.25566],[-66.73705,-25.25569]],[[-66.74198,-25.25663],[-66.74303,-25.25566]],[[-66.74244,-25.2464],[-66.74002,-25.24641]],[[-66.74209,-25.24607],[-66.74244,-25.2464]],[[-66.74209,-25.24607],[-66.74233,-25.24607]],[[-66.74142,-25.24524],[-66.74233,-25.24607]],[[-66.74222,-25.24007],[-66.73631,-25.2401],[-66.73632,-25.24082]],[[-66.74019,-25.24608],[-66.74209,-25.24607]],[[-66.74123,-25.24524],[-66.74209,-25.24607]],[[-66.74205,-25.25664],[-66.74206,-25.25663]],[[-66.74198,-25.25663],[-66.74205,-25.25664]],[[-66.74183,-25.25694],[-66.74205,-25.25664]],[[-66.73904,-25.25621],[-66.74198,-25.25663]],[[-66.74169,-25.2569],[-66.74198,-25.25663]],[[-66.7363,-25.25395],[-66.74184,-25.25384]],[[-66.74169,-25.2569],[-66.74183,-25.25694]],[[-66.73866,-25.26125],[-66.74183,-25.25694]],[[-66.74168,-25.24524],[-66.74142,-25.24524]],[[-66.74168,-25.24524],[-66.741,-25.24485],[-66.7403,-25.24373]],[[-66.74142,-25.2076],[-66.74141,-25.20763]],[[-66.74141,-25.20763],[-66.74099,-25.21215]],[[-66.74141,-25.20763],[-66.7414,-25.20764]],[[-66.73904,-25.25621],[-66.74169,-25.2569]],[[-66.74159,-25.25699],[-66.74169,-25.2569]],[[-66.74142,-25.24524],[-66.74123,-25.24524]],[[-66.74111,-25.24496],[-66.74142,-25.24524]],[[-66.74123,-25.24524],[-66.7406,-25.24524]],[[-66.7406,-25.24524],[-66.74081,-25.24484],[-66.74123,-25.24524]],[[-66.74098,-25.20681],[-66.74081,-25.20702]],[[-66.74098,-25.20681],[-66.74061,-25.20687],[-66.73874,-25.22429]],[[-66.74095,-25.21222],[-66.74021,-25.21317]],[[-66.74091,-25.2071],[-66.74021,-25.21317]],[[-66.74091,-25.23579],[-66.73365,-25.23583]],[[-66.74077,-25.23567],[-66.74091,-25.23579]],[[-66.74089,-25.24863],[-66.7389,-25.24864]],[[-66.73892,-25.24951],[-66.74089,-25.24863]],[[-66.73637,-25.23569],[-66.74077,-25.23567]],[[-66.73955,-25.23457],[-66.74077,-25.23567]],[[-66.74066,-25.25049],[-66.73892,-25.24951]],[[-66.7406,-25.24524],[-66.73634,-25.24527]],[[-66.74019,-25.24608],[-66.7406,-25.24524]],[[-66.74021,-25.21317],[-66.73947,-25.21964]],[[-66.74021,-25.21317],[-66.73989,-25.21357],[-66.73947,-25.21964]],[[-66.74005,-25.28117],[-66.74061,-25.28107]],[[-66.74056,-25.28117],[-66.74005,-25.28117]],[[-66.74052,-25.27815],[-66.73812,-25.27816]],[[-66.7403,-25.24373],[-66.73648,-25.24375]],[[-66.7403,-25.24373],[-66.73999,-25.24323]],[[-66.74023,-25.24228],[-66.7394,-25.24228]],[[-66.73874,-25.24095],[-66.74023,-25.24228]],[[-66.73988,-25.24608],[-66.74019,-25.24608]],[[-66.74002,-25.24641],[-66.74019,-25.24608]],[[-66.74013,-25.25393],[-66.73626,-25.25398]],[[-66.74002,-25.24641],[-66.73973,-25.24641]],[[-66.7389,-25.24864],[-66.74002,-25.24641]],[[-66.73999,-25.24323],[-66.73854,-25.24324]],[[-66.73999,-25.24323],[-66.7394,-25.24228]],[[-66.73626,-25.2461],[-66.73988,-25.24608]],[[-66.73973,-25.24641],[-66.73988,-25.24608]],[[-66.74005,-25.28117],[-66.7381,-25.28118]],[[-66.73808,-25.28154],[-66.74005,-25.28117]],[[-66.73973,-25.24641],[-66.73633,-25.24643]],[[-66.73875,-25.24864],[-66.73973,-25.24641]],[[-66.73947,-25.21964],[-66.73917,-25.22394]],[[-66.73947,-25.21964],[-66.73898,-25.22394]],[[-66.73955,-25.23457],[-66.7395,-25.23457],[-66.73617,-25.2352]],[[-66.73949,-25.23452],[-66.73955,-25.23457]],[[-66.73944,-25.23447],[-66.73949,-25.23452]],[[-66.73949,-25.23452],[-66.73896,-25.23452],[-66.73617,-25.2352]],[[-66.7394,-25.24228],[-66.73633,-25.2423]],[[-66.7394,-25.24228],[-66.73858,-25.24097]],[[-66.73898,-25.22394],[-66.73917,-25.22394]],[[-66.73917,-25.22394],[-66.73915,-25.22416],[-66.73894,-25.22435]],[[-66.73893,-25.22394],[-66.73898,-25.22394]],[[-66.73898,-25.22394],[-66.73893,-25.22434]],[[-66.73893,-25.22434],[-66.73894,-25.22435]],[[-66.73894,-25.22435],[-66.73893,-25.22436]],[[-66.73874,-25.22429],[-66.73893,-25.22434]],[[-66.73893,-25.22434],[-66.73893,-25.22436]],[[-66.73893,-25.22436],[-66.73893,-25.22437],[-66.73857,-25.22468]],[[-66.73893,-25.22436],[-66.73857,-25.22468]],[[-66.73544,-25.2557],[-66.73904,-25.25621]],[[-66.73705,-25.25569],[-66.73904,-25.25621]],[[-66.73892,-25.24951],[-66.73856,-25.24931]],[[-66.73626,-25.25016],[-66.73842,-25.24974],[-66.73892,-25.24951]],[[-66.7389,-25.24864],[-66.73875,-25.24864]],[[-66.73856,-25.24931],[-66.7389,-25.24864]],[[-66.73861,-25.22425],[-66.73874,-25.22429]],[[-66.73874,-25.22429],[-66.73873,-25.22439],[-66.73433,-25.22824],[-66.7342,-25.22831]],[[-66.73875,-25.24864],[-66.73737,-25.24865]],[[-66.7385,-25.2492],[-66.73875,-25.24864]],[[-66.73385,-25.25573],[-66.7388,-25.26101]],[[-66.73857,-25.22468],[-66.73455,-25.22832]],[[-66.73857,-25.22468],[-66.73442,-25.22831],[-66.7342,-25.22831]],[[-66.71276,-25.26052],[-66.73866,-25.26125]],[[-66.73856,-25.24931],[-66.73737,-25.24865]],[[-66.73716,-25.24865],[-66.7385,-25.24943],[-66.73856,-25.24931]],[[-66.73258,-25.27403],[-66.73806,-25.274]],[[-66.72764,-25.27295],[-66.73807,-25.2729],[-66.73805,-25.27675]],[[-66.73805,-25.27675],[-66.73805,-25.27684]],[[-66.73805,-25.27675],[-66.73795,-25.27679],[-66.73706,-25.27719]],[[-66.73808,-25.28154],[-66.73806,-25.27833]],[[-66.7368,-25.28413],[-66.7381,-25.28413],[-66.73808,-25.28154]],[[-66.73723,-25.28169],[-66.73808,-25.28154]],[[-66.73806,-25.27833],[-66.73767,-25.27831]],[[-66.73806,-25.27833],[-66.73805,-25.27706]],[[-66.73565,-25.27455],[-66.73804,-25.27454]],[[-66.73746,-25.28174],[-66.73806,-25.28173]],[[-66.73714,-25.28142],[-66.73804,-25.28142]],[[-66.73695,-25.27881],[-66.73801,-25.27881]],[[-66.73766,-25.27849],[-66.73798,-25.27848]],[[-66.73771,-25.27787],[-66.73796,-25.27787]],[[-66.73777,-25.27719],[-66.73794,-25.27719]],[[-66.7377,-25.25277],[-66.73631,-25.25278]],[[-66.73626,-25.25388],[-66.7377,-25.25277]],[[-66.73777,-25.27719],[-66.73778,-25.27706]],[[-66.73706,-25.27719],[-66.73777,-25.27719]],[[-66.73771,-25.27787],[-66.73777,-25.27719]],[[-66.73629,-25.27788],[-66.73771,-25.27787]],[[-66.73767,-25.27831],[-66.73771,-25.27787]],[[-66.73608,-25.27687],[-66.7377,-25.27686]],[[-66.73767,-25.27831],[-66.73638,-25.27827]],[[-66.73766,-25.27849],[-66.73767,-25.27831]],[[-66.73644,-25.27849],[-66.73766,-25.27849]],[[-66.73765,-25.27866],[-66.73766,-25.27849]],[[-66.73737,-25.24865],[-66.73716,-25.24865]],[[-66.73737,-25.24865],[-66.73626,-25.24803]],[[-66.73716,-25.24865],[-66.7363,-25.24865]],[[-66.73626,-25.24812],[-66.73716,-25.24865]],[[-66.73705,-25.25569],[-66.73667,-25.25569]],[[-66.73664,-25.25558],[-66.73705,-25.25569]],[[-66.73717,-25.28156],[-66.73714,-25.28142]],[[-66.7368,-25.28413],[-66.73716,-25.28157]],[[-66.73346,-25.28144],[-66.73714,-25.28142]],[[-66.73714,-25.28142],[-66.73644,-25.27849]],[[-66.73613,-25.27719],[-66.73706,-25.27719]],[[-66.73706,-25.27719],[-66.73622,-25.27757]],[[-66.73708,-25.28159],[-66.73346,-25.28144]],[[-66.73667,-25.25572],[-66.73667,-25.25569]],[[-66.73667,-25.25569],[-66.73544,-25.2557]],[[-66.73667,-25.25569],[-66.73664,-25.25558]],[[-66.73471,-25.25508],[-66.73664,-25.25558]],[[-66.73664,-25.25558],[-66.73626,-25.25398]],[[-66.73677,-25.28413],[-66.7368,-25.28413]],[[-66.73661,-25.28555],[-66.7368,-25.28413]],[[-66.73641,-25.287],[-66.73661,-25.28555]],[[-66.72455,-25.28281],[-66.7338,-25.28602],[-66.73661,-25.28555]],[[-66.73633,-25.2423],[-66.73633,-25.24349]],[[-66.73633,-25.2423],[-66.73567,-25.2423]],[[-66.73632,-25.24082],[-66.73633,-25.2423]],[[-66.73632,-25.24082],[-66.73538,-25.24086]],[[-66.73534,-25.24043],[-66.73627,-25.24043]],[[-66.73626,-25.2461],[-66.73625,-25.2437]],[[-66.73322,-25.24611],[-66.73626,-25.2461]],[[-66.73626,-25.24803],[-66.73626,-25.2461]],[[-66.73626,-25.24803],[-66.73341,-25.24644],[-66.73322,-25.24611]],[[-66.73626,-25.24812],[-66.73626,-25.24803]],[[-66.73039,-25.25034],[-66.73297,-25.24619],[-66.73626,-25.24812]],[[-66.73626,-25.25016],[-66.73626,-25.24812]],[[-66.73414,-25.2785],[-66.73644,-25.27849]],[[-66.73644,-25.27849],[-66.73638,-25.27827]],[[-66.73617,-25.2352],[-66.73361,-25.23582]],[[-66.73617,-25.2352],[-66.73278,-25.23583],[-66.73053,-25.23083]],[[-66.73626,-25.25388],[-66.73626,-25.25016]],[[-66.72371,-25.24865],[-66.73044,-25.25129],[-66.73626,-25.25016]],[[-66.73626,-25.25398],[-66.73626,-25.25388]],[[-66.73413,-25.25551],[-66.73626,-25.25388]],[[-66.73585,-25.24317],[-66.73619,-25.24349]],[[-66.73638,-25.27827],[-66.73479,-25.27821]],[[-66.73638,-25.27827],[-66.73629,-25.27788]],[[-66.73568,-25.24462],[-66.73618,-25.24462]],[[-66.73317,-25.24604],[-66.73618,-25.2437]],[[-66.73552,-25.27788],[-66.73629,-25.27788]],[[-66.73629,-25.27788],[-66.73622,-25.27757]],[[-66.73622,-25.27757],[-66.73613,-25.27719]],[[-66.73622,-25.27757],[-66.73552,-25.27788]],[[-66.73594,-25.2436],[-66.73585,-25.24317]],[[-66.72712,-25.27724],[-66.73613,-25.27719]],[[-66.73613,-25.27719],[-66.73553,-25.27467],[-66.73258,-25.27403]],[[-66.73492,-25.2423],[-66.73585,-25.24317]],[[-66.73585,-25.24317],[-66.73567,-25.2423]],[[-66.73567,-25.2423],[-66.73492,-25.2423]],[[-66.73567,-25.2423],[-66.73538,-25.24086]],[[-66.73538,-25.24086],[-66.73529,-25.24043]],[[-66.73538,-25.24086],[-66.73347,-25.24095]],[[-66.73544,-25.2557],[-66.73388,-25.2557]],[[-66.73413,-25.25551],[-66.73544,-25.2557]],[[-66.72714,-25.27792],[-66.73552,-25.27788]],[[-66.73552,-25.27788],[-66.73479,-25.27821]],[[-66.73061,-25.23071],[-66.73515,-25.23151]],[[-66.73492,-25.2423],[-66.73146,-25.24232],[-66.7304,-25.24138]],[[-66.73347,-25.24095],[-66.73492,-25.2423]],[[-66.73451,-25.22835],[-66.73414,-25.22835]],[[-66.73479,-25.27821],[-66.72313,-25.27779]],[[-66.73479,-25.27821],[-66.73414,-25.2785]],[[-66.7342,-25.22831],[-66.73414,-25.22835]],[[-66.7342,-25.22831],[-66.73275,-25.22837]],[[-66.73414,-25.22835],[-66.73096,-25.23022]],[[-66.73414,-25.22835],[-66.73275,-25.22837]],[[-66.72382,-25.25405],[-66.73413,-25.25551]],[[-66.73388,-25.2557],[-66.73413,-25.25551]],[[-66.73219,-25.27884],[-66.7325,-25.27851],[-66.73414,-25.2785]],[[-66.73414,-25.2785],[-66.72455,-25.28281]],[[-66.73388,-25.2557],[-66.73049,-25.25572]],[[-66.73049,-25.25572],[-66.73313,-25.25628],[-66.73388,-25.2557]],[[-66.73072,-25.23838],[-66.73347,-25.24095]],[[-66.73347,-25.24095],[-66.73023,-25.24109]],[[-66.73068,-25.23834],[-66.73335,-25.24091]],[[-66.73251,-25.28145],[-66.73346,-25.28144]],[[-66.73346,-25.28144],[-66.7327,-25.28141]],[[-66.73308,-25.24611],[-66.73322,-25.24611]],[[-66.73322,-25.24611],[-66.73317,-25.24604]],[[-66.73317,-25.24604],[-66.73023,-25.24109]],[[-66.73308,-25.24611],[-66.73317,-25.24604]],[[-66.72892,-25.24613],[-66.73308,-25.24611]],[[-66.73306,-25.24612],[-66.73308,-25.24611]],[[-66.73275,-25.22837],[-66.73225,-25.22839]],[[-66.73275,-25.22837],[-66.73226,-25.22838]],[[-66.73231,-25.22831],[-66.73226,-25.22838]],[[-66.73098,-25.27403],[-66.73258,-25.27403]],[[-66.73258,-25.27403],[-66.72764,-25.27295]],[[-66.73226,-25.22838],[-66.73225,-25.22839]],[[-66.73226,-25.22838],[-66.73211,-25.22838]],[[-66.73225,-25.22839],[-66.73096,-25.23022]],[[-66.73225,-25.22839],[-66.73184,-25.22841],[-66.73024,-25.23065]],[[-66.73096,-25.23022],[-66.73061,-25.23071]],[[-66.73096,-25.23022],[-66.73024,-25.23065]],[[-66.73061,-25.23071],[-66.73047,-25.23069],[-66.73053,-25.23083]],[[-66.73061,-25.23071],[-66.73053,-25.23083]],[[-66.73053,-25.23083],[-66.7195,-25.24648]],[[-66.73049,-25.25572],[-66.7245,-25.25575],[-66.72376,-25.25509],[-66.72375,-25.25404]],[[-66.72382,-25.25405],[-66.72382,-25.25432],[-66.73049,-25.25572]],[[-66.73024,-25.23065],[-66.71876,-25.24672],[-66.71921,-25.24689]],[[-66.73024,-25.23065],[-66.72961,-25.23102]],[[-66.7237,-25.24805],[-66.73029,-25.2505]],[[-66.73023,-25.24109],[-66.73019,-25.24104]],[[-66.73023,-25.24109],[-66.7301,-25.2411],[-66.72562,-25.24303],[-66.7231,-25.24149]],[[-66.72949,-25.23118],[-66.7125,-25.25579],[-66.71209,-25.26631],[-66.71419,-25.27274],[-66.71336,-25.2791],[-66.71582,-25.2801],[-66.71591,-25.28607]],[[-66.72739,-25.27289],[-66.72916,-25.27068]],[[-66.72438,-25.24616],[-66.72892,-25.24613]],[[-66.72584,-25.24336],[-66.72892,-25.24613]],[[-66.72293,-25.2923],[-66.72889,-25.29769]],[[-66.72008,-25.28972],[-66.72816,-25.29679]],[[-66.72293,-25.2923],[-66.72809,-25.29674]],[[-66.72734,-25.27295],[-66.72764,-25.27295]],[[-66.72764,-25.27295],[-66.72739,-25.27289]],[[-66.72739,-25.27289],[-66.72736,-25.27289]],[[-66.72734,-25.27295],[-66.72739,-25.27289]],[[-66.72712,-25.27724],[-66.72735,-25.273]],[[-66.72725,-25.27295],[-66.72734,-25.27295]],[[-66.72728,-25.27303],[-66.72734,-25.27295]],[[-66.7229,-25.27726],[-66.72712,-25.27724]],[[-66.7271,-25.27766],[-66.72712,-25.27724]],[[-66.72558,-25.24321],[-66.72438,-25.24616]],[[-66.72371,-25.24768],[-66.72438,-25.24616],[-66.72438,-25.24616]],[[-66.72438,-25.24616],[-66.72369,-25.24786],[-66.7237,-25.24805]],[[-66.71594,-25.27982],[-66.72455,-25.28281]],[[-66.72455,-25.28281],[-66.71647,-25.28645]],[[-66.72375,-25.25404],[-66.72382,-25.25405]],[[-66.72371,-25.24865],[-66.72382,-25.25405]],[[-66.72355,-25.24859],[-66.72358,-25.25401],[-66.72375,-25.25404]],[[-66.72375,-25.25404],[-66.72375,-25.25386]],[[-66.72355,-25.24859],[-66.72371,-25.24865]],[[-66.7237,-25.24805],[-66.72371,-25.24865]],[[-66.72355,-25.24799],[-66.7237,-25.24805]],[[-66.71921,-25.24689],[-66.72355,-25.24859]],[[-66.72355,-25.24799],[-66.72355,-25.24859]],[[-66.7195,-25.24648],[-66.72355,-25.24799]],[[-66.72355,-25.24786],[-66.72355,-25.24799]],[[-66.71625,-25.28654],[-66.72293,-25.2923]],[[-66.72008,-25.28972],[-66.72293,-25.2923]],[[-66.71638,-25.28648],[-66.72008,-25.28972]],[[-66.71647,-25.28645],[-66.72008,-25.28972]],[[-66.71916,-25.24635],[-66.7195,-25.24648]],[[-66.7195,-25.24648],[-66.71921,-25.24689]],[[-66.71921,-25.24689],[-66.71284,-25.25591],[-66.71263,-25.26651]],[[-66.71647,-25.28645],[-66.71618,-25.28618],[-66.71609,-25.28623]],[[-66.71647,-25.28645],[-66.71638,-25.28648]],[[-66.71609,-25.28623],[-66.71638,-25.28648]],[[-66.71638,-25.28648],[-66.71625,-25.28654]],[[-66.71625,-25.28654],[-66.71011,-25.2892]],[[-66.71606,-25.2862],[-66.71609,-25.28623]],[[-66.71609,-25.28623],[-66.71606,-25.28624]],[[-66.71606,-25.28624],[-66.71606,-25.28628]],[[-66.71606,-25.2862],[-66.71606,-25.28624]],[[-66.71606,-25.28624],[-66.71011,-25.2892]],[[-66.71591,-25.28607],[-66.71606,-25.2862]],[[-66.71594,-25.27982],[-66.71606,-25.2862]],[[-66.71361,-25.27901],[-66.71594,-25.27982]],[[-66.71594,-25.27981],[-66.71594,-25.27982]],[[-66.71591,-25.28607],[-66.69862,-25.29381]],[[-66.71261,-25.26646],[-66.71431,-25.27288]],[[-66.71011,-25.2892],[-66.69926,-25.29459]],[[-66.71011,-25.2892],[-66.69876,-25.2941]]]},"properties":{"id":"salta:servidumbres:servidumbres_l.1717","provincia":"salta","provincia_nombre":"Salta","tipo":"servidumbre","estado":"desconocido","geom_kind":"linea","fuente_id":"salta.geonode.servidumbres","source_url":"https://geoportal.salta.gob.ar/geoserver/wfs?service=WFS&version=2.0.0&request=GetFeature&typeNames=geonode%3Aservidumbres_l&outputFormat=application%2Fjson&count=2000&startIndex=0&srsName=EPSG%3A4326","source_layer":"geonode:servidumbres_l","source_fid":"servidumbres_l.1717","source_srid":4326,"fetched_at":"2026-07-28T13:38:01+00:00","licencia":"no_especificada","expediente":"824304","titular":"POTASIO Y LITIO DE ARGENTINA S.A","titular_norm":"POTASIO Y LITIO DE ARGENTINA","titular_es_persona":false,"fecha_inicio":"2023-08-30","departamento":"Los Andes","municipio":"Tolar Grande","lugar":"Salar De Diablillos"}},{"type":"Feature","geometry":{"type":"MultiLineString","coordinates":[[[-67.66382,-24.7689],[-67.62729,-24.76857]]]},"properties":{"id":"salta:servidumbres:servidumbres_l.1718","provincia":"salta","provincia_nombre":"Salta","tipo":"servidumbre","estado":"desconocido","geom_kind":"linea","fuente_id":"salta.geonode.servidumbres","source_url":"https://geoportal.salta.gob.ar/geoserver/wfs?service=WFS&version=2.0.0&request=GetFeature&typeNames=geonode%3Aservidumbres_l&outputFormat=application%2Fjson&count=2000&startIndex=0&srsName=EPSG%3A4326","source_layer":"geonode:servidumbres_l","source_fid":"servidumbres_l.1718","source_srid":4326,"fetched_at":"2026-07-28T13:38:01+00:00","licencia":"no_especificada","expediente":"23026","titular":"SMG S.R.L","titular_norm":"SMG","titular_es_persona":false,"fecha_inicio":"2017-03-01","departamento":"Anta"}},{"type":"Feature","geometry":{"type":"MultiLineString","coordinates":[[[-66.6908,-24.61431],[-66.68937,-24.6149],[-66.68928,-24.61488],[-66.68918,-24.61477],[-66.68881,-24.6144],[-66.68801,-24.6132],[-66.68768,-24.61281],[-66.68605,-24.61074],[-66.68591,-24.61069],[-66.68577,-24.61068],[-66.6856,-24.61071],[-66.68519,-24.61073],[-66.68481,-24.61062],[-66.68434,-24.61041],[-66.68412,-24.61026],[-66.6838,-24.60985],[-66.68358,-24.60962],[-66.68345,-24.6094],[-66.68337,-24.60916],[-66.68344,-24.60891],[-66.6833,-24.60858],[-66.68317,-24.60838],[-66.68226,-24.60786],[-66.68179,-24.60758],[-66.68124,-24.60747],[-66.6809,-24.60753],[-66.68069,-24.60758],[-66.68024,-24.60671],[-66.67957,-24.60589],[-66.67876,-24.60502],[-66.67823,-24.6045],[-66.67772,-24.6036],[-66.67735,-24.60313],[-66.67714,-24.603],[-66.67579,-24.60286],[-66.67552,-24.60267],[-66.67535,-24.60247],[-66.67516,-24.60238],[-66.67481,-24.60227],[-66.67394,-24.60211],[-66.6737,-24.60241],[-66.67341,-24.60266],[-66.67281,-24.60304],[-66.67209,-24.60356],[-66.66981,-24.60511]]]},"properties":{"id":"salta:servidumbres:servidumbres_l.1719","provincia":"salta","provincia_nombre":"Salta","tipo":"servidumbre","estado":"desconocido","geom_kind":"linea","fuente_id":"salta.geonode.servidumbres","source_url":"https://geoportal.salta.gob.ar/geoserver/wfs?service=WFS&version=2.0.0&request=GetFeature&typeNames=geonode%3Aservidumbres_l&outputFormat=application%2Fjson&count=2000&startIndex=0&srsName=EPSG%3A4326","source_layer":"geonode:servidumbres_l","source_fid":"servidumbres_l.1719","source_srid":4326,"fetched_at":"2026-07-28T13:38:01+00:00","licencia":"no_especificada","expediente":"794335","titular":"PUNA ARGENTINA S.A.S","titular_norm":"PUNA ARGENTINA","titular_es_persona":false,"fecha_inicio":"2022-11-30","departamento":"Los Andes","municipio":"San Antonio De Los Cobres","lugar":"Santa Rosa De Los Pastos Grandes"}},{"type":"Feature","geometry":{"type":"MultiLineString","coordinates":[[[-68.19943,-24.53942],[-68.18879,-24.53539],[-68.17863,-24.53969],[-68.17035,-24.54454],[-68.16182,-24.54849],[-68.15449,-24.552],[-68.14942,-24.55417],[-68.13429,-24.55528],[-68.11564,-24.552],[-68.10071,-24.54918],[-68.09375,-24.54547],[-68.08198,-24.53838],[-68.07124,-24.53213],[-68.06124,-24.52652],[-68.05352,-24.52178],[-68.04745,-24.51813],[-68.03766,-24.51703],[-68.02786,-24.51593],[-68.01976,-24.51566],[-68.01146,-24.52072],[-67.9646,-24.52153],[-67.96457,-24.52154]],[[-67.94251,-24.56107],[-67.96413,-24.54415],[-67.96457,-24.52154],[-67.9473,-24.52148],[-67.92132,-24.52636],[-67.91403,-24.52391],[-67.90932,-24.52243],[-67.89617,-24.51979],[-67.8912,-24.51883],[-67.88044,-24.51371],[-67.86886,-24.5037],[-67.84909,-24.4871],[-67.84475,-24.48215],[-67.84555,-24.47882],[-67.84345,-24.47503],[-67.84036,-24.46892],[-67.83636,-24.46803],[-67.83324,-24.46625],[-67.83153,-24.46116],[-67.83155,-24.45798],[-67.82964,-24.45609],[-67.82132,-24.45276],[-67.8151,-24.45235],[-67.80413,-24.44555],[-67.79747,-24.44344],[-67.78998,-24.44326],[-67.78265,-24.44513],[-67.77466,-24.44897],[-67.77188,-24.45202],[-67.76619,-24.45383],[-67.76289,-24.45657],[-67.76122,-24.45909],[-67.75745,-24.46149],[-67.75259,-24.46381],[-67.74953,-24.46687],[-67.7447,-24.46935],[-67.7424,-24.47164],[-67.73982,-24.47506],[-67.73622,-24.48075],[-67.73525,-24.48245],[-67.73369,-24.48595],[-67.73222,-24.48878],[-67.72848,-24.49265],[-67.72542,-24.49482],[-67.71899,-24.4973],[-67.71516,-24.49927],[-67.71469,-24.50181],[-67.71262,-24.50673],[-67.7122,-24.50924],[-67.71245,-24.51285],[-67.71379,-24.51653],[-67.71509,-24.52358],[-67.71695,-24.52559],[-67.71941,-24.52844],[-67.72323,-24.53107],[-67.72556,-24.53375],[-67.72766,-24.53616],[-67.73222,-24.54138]],[[-67.7336,-24.53279],[-67.72424,-24.53356],[-67.71315,-24.53967],[-67.68337,-24.54707],[-67.3427,-24.38564],[-67.32844,-24.37296],[-67.30849,-24.35315]],[[-67.72622,-24.5383],[-67.7229,-24.53823],[-67.70859,-24.54795],[-67.70232,-24.57387],[-67.7019,-24.58625],[-67.70268,-24.59277],[-67.6505,-25.09105],[-67.65832,-25.10898]]]},"properties":{"id":"salta:servidumbres:servidumbres_l.1720","provincia":"salta","provincia_nombre":"Salta","tipo":"servidumbre","estado":"desconocido","geom_kind":"linea","fuente_id":"salta.geonode.servidumbres","source_url":"https://geoportal.salta.gob.ar/geoserver/wfs?service=WFS&version=2.0.0&request=GetFeature&typeNames=geonode%3Aservidumbres_l&outputFormat=application%2Fjson&count=2000&startIndex=0&srsName=EPSG%3A4326","source_layer":"geonode:servidumbres_l","source_fid":"servidumbres_l.1720","source_srid":4326,"fetched_at":"2026-07-28T13:38:01+00:00","licencia":"no_especificada","expediente":"816777","titular":"CORRIENTE ARGENTINA S.A","titular_norm":"CORRIENTE ARGENTINA","titular_es_persona":false,"fecha_inicio":"2023-06-26","departamento":"Los Andes","municipio":"Tolar Grande","lugar":"Valle De Arizaro - Socompa"}},{"type":"Feature","geometry":{"type":"MultiLineString","coordinates":[[[-63.85249,-22.2726],[-63.85281,-22.27176],[-63.8534,-22.27106],[-63.85401,-22.27039],[-63.85439,-22.26962],[-63.85427,-22.26874],[-63.85402,-22.26788],[-63.8536,-22.26706],[-63.85296,-22.26647],[-63.85218,-22.26597],[-63.85225,-22.2651],[-63.8518,-22.26432],[-63.85122,-22.26364],[-63.85084,-22.26283],[-63.85061,-22.26199],[-63.84992,-22.26146],[-63.84938,-22.26073],[-63.84961,-22.25989],[-63.85011,-22.25911],[-63.8502,-22.25828],[-63.84988,-22.25757],[-63.84908,-22.25708],[-63.84861,-22.25629],[-63.84891,-22.25551],[-63.84932,-22.25474],[-63.84962,-22.25389],[-63.84955,-22.25303],[-63.84993,-22.25224],[-63.85035,-22.25145],[-63.85104,-22.25085],[-63.85164,-22.25026],[-63.85105,-22.24969],[-63.85105,-22.24887],[-63.85111,-22.24798],[-63.85145,-22.24718],[-63.85208,-22.24659],[-63.8528,-22.24618],[-63.85363,-22.24576],[-63.85417,-22.2451],[-63.85435,-22.24425],[-63.85428,-22.24343],[-63.85369,-22.24272],[-63.8546,-22.24245],[-63.8555,-22.24223],[-63.85599,-22.24159],[-63.85556,-22.24093],[-63.85471,-22.24054],[-63.8539,-22.24008],[-63.85327,-22.23948],[-63.85267,-22.23887],[-63.85238,-22.23813],[-63.85171,-22.23755],[-63.85128,-22.23676],[-63.85104,-22.23589],[-63.85137,-22.23505],[-63.85158,-22.23415],[-63.85211,-22.23346],[-63.85306,-22.23346],[-63.85391,-22.23314],[-63.85438,-22.23243],[-63.85489,-22.23172],[-63.85567,-22.23132],[-63.856,-22.23065],[-63.85561,-22.22984],[-63.85495,-22.22935],[-63.85409,-22.2291],[-63.85328,-22.22865],[-63.85249,-22.2282],[-63.85181,-22.22756],[-63.85146,-22.22684],[-63.851,-22.22608],[-63.85046,-22.22535],[-63.85035,-22.22447],[-63.85051,-22.22359],[-63.85094,-22.2228],[-63.85085,-22.22194],[-63.85076,-22.22111],[-63.85025,-22.22012],[-63.84959,-22.21944],[-63.84925,-22.21865],[-63.84917,-22.21776],[-63.84942,-22.21691],[-63.84958,-22.21602],[-63.84979,-22.21525],[-63.8507,-22.21507],[-63.85141,-22.2147],[-63.85316,-22.21487],[-63.85406,-22.21485],[-63.85494,-22.2149],[-63.85578,-22.21532],[-63.85661,-22.21558],[-63.85682,-22.21487],[-63.85661,-22.21407],[-63.85714,-22.21334],[-63.85737,-22.21259],[-63.85826,-22.21233],[-63.85889,-22.21186],[-63.85945,-22.21125],[-63.86016,-22.21074],[-63.86064,-22.20998],[-63.86152,-22.20965],[-63.86178,-22.2088],[-63.86237,-22.20817],[-63.86329,-22.20825],[-63.86415,-22.20791],[-63.86507,-22.20765],[-63.86587,-22.20716],[-63.86654,-22.20647],[-63.86744,-22.20617],[-63.8683,-22.20632],[-63.86915,-22.20593],[-63.86997,-22.20589],[-63.87089,-22.20571],[-63.87184,-22.20571],[-63.8728,-22.20561],[-63.87366,-22.20557]]]},"properties":{"id":"salta:servidumbres:servidumbres_l.1721","provincia":"salta","provincia_nombre":"Salta","tipo":"servidumbre","estado":"desconocido","geom_kind":"linea","fuente_id":"salta.geonode.servidumbres","source_url":"https://geoportal.salta.gob.ar/geoserver/wfs?service=WFS&version=2.0.0&request=GetFeature&typeNames=geonode%3Aservidumbres_l&outputFormat=application%2Fjson&count=2000&startIndex=0&srsName=EPSG%3A4326","source_layer":"geonode:servidumbres_l","source_fid":"servidumbres_l.1721","source_srid":4326,"fetched_at":"2026-07-28T13:38:01+00:00","licencia":"no_especificada","expediente":"18306","titular":"PAN AMERICAN ENERGY","titular_norm":"PAN AMERICAN ENERGY","titular_es_persona":true,"fecha_inicio":"2005-12-23","departamento":"General José De San Martín"}},{"type":"Feature","geometry":{"type":"MultiLineString","coordinates":[[[-66.94651,-24.1281],[-66.94663,-24.12822],[-66.94671,-24.12932],[-66.94705,-24.12958],[-66.95875,-24.11894],[-66.95931,-24.11856],[-66.96063,-24.1164],[-66.96754,-24.1091],[-66.96778,-24.1082],[-66.96927,-24.10651],[-66.97103,-24.10976],[-66.97757,-24.11138],[-66.9778,-24.11183],[-66.97628,-24.11685],[-66.97583,-24.11762],[-66.97499,-24.11844],[-66.97086,-24.13119],[-66.96991,-24.13245],[-66.96899,-24.13461],[-66.96851,-24.13525],[-66.96801,-24.13563],[-66.96653,-24.13639],[-66.96627,-24.13666]]]},"properties":{"id":"salta:servidumbres:servidumbres_l.1722","provincia":"salta","provincia_nombre":"Salta","tipo":"servidumbre","estado":"desconocido","geom_kind":"linea","fuente_id":"salta.geonode.servidumbres","source_url":"https://geoportal.salta.gob.ar/geoserver/wfs?service=WFS&version=2.0.0&request=GetFeature&typeNames=geonode%3Aservidumbres_l&outputFormat=application%2Fjson&count=2000&startIndex=0&srsName=EPSG%3A4326","source_layer":"geonode:servidumbres_l","source_fid":"servidumbres_l.1722","source_srid":4326,"fetched_at":"2026-07-28T13:38:01+00:00","licencia":"no_especificada","expediente":"808172","titular":"PUNA MINING S.A","titular_norm":"PUNA MINING","titular_es_persona":false,"fecha_inicio":"2023-04-11","departamento":"Los Andes","municipio":"San Antonio De Los Cobres","lugar":"Salar De Rincon"}},{"type":"Feature","geometry":{"type":"MultiLineString","coordinates":[[[-66.73194,-24.85972],[-66.73389,-24.86056],[-66.73667,-24.86],[-66.73944,-24.8575],[-66.7425,-24.85361],[-66.74528,-24.85111],[-66.75,-24.84722],[-66.75278,-24.845],[-66.755,-24.84306],[-66.7575,-24.84056]]]},"properties":{"id":"salta:servidumbres:servidumbres_l.1723","provincia":"salta","provincia_nombre":"Salta","tipo":"servidumbre","estado":"desconocido","geom_kind":"linea","fuente_id":"salta.geonode.servidumbres","source_url":"https://geoportal.salta.gob.ar/geoserver/wfs?service=WFS&version=2.0.0&request=GetFeature&typeNames=geonode%3Aservidumbres_l&outputFormat=application%2Fjson&count=2000&startIndex=0&srsName=EPSG%3A4326","source_layer":"geonode:servidumbres_l","source_fid":"servidumbres_l.1723","source_srid":4326,"fetched_at":"2026-07-28T13:38:01+00:00","licencia":"no_especificada","expediente":"17752","titular":"ERAMINE SUDAMERICA S.A","titular_norm":"ERAMINE SUDAMERICA","titular_es_persona":false,"fecha_inicio":"2003-11-10","departamento":"Los Andes","municipio":"San Antonio De Los Cobres"}},{"type":"Feature","geometry":{"type":"MultiLineString","coordinates":[[[-66.98784,-24.36683],[-66.98775,-24.3669],[-66.97224,-24.39722],[-66.95997,-24.4115],[-66.95933,-24.41179],[-66.94723,-24.41198],[-66.94633,-24.41212],[-66.94604,-24.41222],[-66.94505,-24.41267],[-66.94327,-24.41363],[-66.94289,-24.41392],[-66.94297,-24.41411],[-66.94299,-24.41421],[-66.94184,-24.41551],[-66.94143,-24.41561],[-66.9404,-24.4151],[-66.93949,-24.41449],[-66.9385,-24.41411],[-66.93797,-24.41407],[-66.93404,-24.41608],[-66.9333,-24.41629],[-66.92155,-24.41727],[-66.92114,-24.4169],[-66.91951,-24.41657],[-66.91827,-24.41573],[-66.91597,-24.41515],[-66.90777,-24.41453],[-66.90409,-24.41502],[-66.90348,-24.41532],[-66.89461,-24.41863],[-66.89088,-24.42021],[-66.89015,-24.42047],[-66.87213,-24.42585],[-66.87136,-24.42624],[-66.87077,-24.42672],[-66.86671,-24.43088],[-66.86483,-24.43437],[-66.86156,-24.43768],[-66.86093,-24.4381],[-66.85704,-24.43937],[-66.85379,-24.44081],[-66.85235,-24.44137],[-66.84797,-24.44263],[-66.84616,-24.44328],[-66.84484,-24.44425],[-66.84452,-24.44506],[-66.84354,-24.44692],[-66.84325,-24.44794],[-66.8425,-24.44941],[-66.84194,-24.44981],[-66.84009,-24.45019],[-66.83932,-24.45023],[-66.83258,-24.44967],[-66.82145,-24.45004],[-66.82125,-24.44986],[-66.82112,-24.44931],[-66.81837,-24.45045],[-66.81644,-24.45387],[-66.81596,-24.45443],[-66.81464,-24.45544],[-66.81427,-24.45619],[-66.81414,-24.45716],[-66.81344,-24.45845],[-66.81392,-24.45895],[-66.81039,-24.46556],[-66.80965,-24.46583],[-66.80947,-24.46675],[-66.80922,-24.46743],[-66.80809,-24.46885],[-66.80745,-24.46923],[-66.79897,-24.47299],[-66.79859,-24.47328],[-66.78428,-24.48258],[-66.78358,-24.48289],[-66.74396,-24.49246],[-66.74333,-24.49283],[-66.73786,-24.49876],[-66.73728,-24.49924],[-66.731,-24.50333],[-66.73028,-24.50356],[-66.72955,-24.50359],[-66.72918,-24.50342],[-66.7277,-24.5052],[-66.72711,-24.50563],[-66.72122,-24.50762],[-66.71896,-24.50888],[-66.71744,-24.50992],[-66.71604,-24.51306],[-66.71519,-24.51412],[-66.71478,-24.51546],[-66.71457,-24.51698],[-66.71421,-24.51814],[-66.71344,-24.52015],[-66.71237,-24.52195],[-66.70972,-24.53055]]]},"properties":{"id":"salta:servidumbres:servidumbres_l.1724","provincia":"salta","provincia_nombre":"Salta","tipo":"servidumbre","estado":"desconocido","geom_kind":"linea","fuente_id":"salta.geonode.servidumbres","source_url":"https://geoportal.salta.gob.ar/geoserver/wfs?service=WFS&version=2.0.0&request=GetFeature&typeNames=geonode%3Aservidumbres_l&outputFormat=application%2Fjson&count=2000&startIndex=0&srsName=EPSG%3A4326","source_layer":"geonode:servidumbres_l","source_fid":"servidumbres_l.1724","source_srid":4326,"fetched_at":"2026-07-28T13:38:01+00:00","licencia":"no_especificada","expediente":"24423","titular":"PROYECTO PASTOS GRANDES S.A","titular_norm":"PROYECTO PASTOS GRANDES","titular_es_persona":false,"fecha_inicio":"2020-07-14","departamento":"Los Andes","municipio":"San Antonio De Los Cobres"}},{"type":"Feature","geometry":{"type":"MultiLineString","coordinates":[[[-68.27728,-25.05767],[-68.28129,-25.06018],[-68.28688,-25.06204],[-68.29168,-25.06311],[-68.29364,-25.06312],[-68.29967,-25.06458],[-68.30641,-25.06671],[-68.31245,-25.06621],[-68.31849,-25.06611],[-68.32467,-25.06693],[-68.3274,-25.06798],[-68.33357,-25.06945],[-68.33659,-25.07064],[-68.338,-25.07484],[-68.3387,-25.07837],[-68.33826,-25.08047],[-68.3371,-25.08255],[-68.33334,-25.08568],[-68.33003,-25.08717],[-68.32973,-25.0892],[-68.33216,-25.09156],[-68.33891,-25.09238],[-68.34178,-25.09409],[-68.34278,-25.09619],[-68.34477,-25.0996],[-68.34822,-25.10132],[-68.35338,-25.10343]]]},"properties":{"id":"salta:servidumbres:servidumbres_l.1725","provincia":"salta","provincia_nombre":"Salta","tipo":"servidumbre","estado":"desconocido","geom_kind":"linea","fuente_id":"salta.geonode.servidumbres","source_url":"https://geoportal.salta.gob.ar/geoserver/wfs?service=WFS&version=2.0.0&request=GetFeature&typeNames=geonode%3Aservidumbres_l&outputFormat=application%2Fjson&count=2000&startIndex=0&srsName=EPSG%3A4326","source_layer":"geonode:servidumbres_l","source_fid":"servidumbres_l.1725","source_srid":4326,"fetched_at":"2026-07-28T13:38:01+00:00","licencia":"no_especificada","expediente":"2333","titular":"RECURSOS ENERGETICOS Y MINEROS SALTA S.A","titular_norm":"RECURSOS ENERGETICOS Y MINEROS SALTA","titular_es_persona":false,"fecha_inicio":"2001-10-25","departamento":"Los Andes"}},{"type":"Feature","geometry":{"type":"MultiLineString","coordinates":[[[-67.51428,-24.28223],[-67.5109,-24.28333],[-67.50278,-24.28392],[-67.50147,-24.20908],[-67.49757,-24.20657]]]},"properties":{"id":"salta:servidumbres:servidumbres_l.1726","provincia":"salta","provincia_nombre":"Salta","tipo":"servidumbre","estado":"desconocido","geom_kind":"linea","fuente_id":"salta.geonode.servidumbres","source_url":"https://geoportal.salta.gob.ar/geoserver/wfs?service=WFS&version=2.0.0&request=GetFeature&typeNames=geonode%3Aservidumbres_l&outputFormat=application%2Fjson&count=2000&startIndex=0&srsName=EPSG%3A4326","source_layer":"geonode:servidumbres_l","source_fid":"servidumbres_l.1726","source_srid":4326,"fetched_at":"2026-07-28T13:38:01+00:00","licencia":"no_especificada","expediente":"805614","titular":"GANFENG LITIO ARGENTINA S.A","titular_norm":"GANFENG LITIO ARGENTINA","titular_es_persona":false,"fecha_inicio":"2023-03-17","departamento":"Los Andes","municipio":"Tolar Grande","lugar":"Incahuasi"}},{"type":"Feature","geometry":{"type":"MultiLineString","coordinates":[[[-66.06881,-23.78997],[-66.06814,-23.78967],[-66.06747,-23.78928],[-66.05869,-23.78175],[-66.05544,-23.77836],[-66.05322,-23.77469],[-66.04803,-23.76478],[-66.04792,-23.76453],[-66.04539,-23.75633],[-66.04511,-23.75514],[-66.04522,-23.75481],[-66.04521,-23.75257],[-66.04521,-23.75114],[-66.04502,-23.74882],[-66.04363,-23.7452]]]},"properties":{"id":"salta:servidumbres:servidumbres_l.1727","provincia":"salta","provincia_nombre":"Salta","tipo":"servidumbre","estado":"desconocido","geom_kind":"linea","fuente_id":"salta.geonode.servidumbres","source_url":"https://geoportal.salta.gob.ar/geoserver/wfs?service=WFS&version=2.0.0&request=GetFeature&typeNames=geonode%3Aservidumbres_l&outputFormat=application%2Fjson&count=2000&startIndex=0&srsName=EPSG%3A4326","source_layer":"geonode:servidumbres_l","source_fid":"servidumbres_l.1727","source_srid":4326,"fetched_at":"2026-07-28T13:38:01+00:00","licencia":"no_especificada","expediente":"20766","fecha_inicio":"2011-01-24","departamento":"La Poma","municipio":"La Poma"}},{"type":"Feature","geometry":{"type":"MultiLineString","coordinates":[[[-66.33021,-24.14028],[-66.32977,-24.13891],[-66.32513,-24.14166],[-66.32066,-24.14401],[-66.31642,-24.14628],[-66.31378,-24.1472],[-66.30871,-24.14839],[-66.30505,-24.1498],[-66.30152,-24.1521]]]},"properties":{"id":"salta:servidumbres:servidumbres_l.1728","provincia":"salta","provincia_nombre":"Salta","tipo":"servidumbre","estado":"desconocido","geom_kind":"linea","fuente_id":"salta.geonode.servidumbres","source_url":"https://geoportal.salta.gob.ar/geoserver/wfs?service=WFS&version=2.0.0&request=GetFeature&typeNames=geonode%3Aservidumbres_l&outputFormat=application%2Fjson&count=2000&startIndex=0&srsName=EPSG%3A4326","source_layer":"geonode:servidumbres_l","source_fid":"servidumbres_l.1728","source_srid":4326,"fetched_at":"2026-07-28T13:38:01+00:00","licencia":"no_especificada","expediente":"14194","titular":"MULTIQUIM S.R.L","titular_norm":"MULTIQUIM","titular_es_persona":false,"fecha_inicio":"2001-12-12","departamento":"Los Andes"}},{"type":"Feature","geometry":{"type":"MultiLineString","coordinates":[[[-66.69936,-24.58129],[-66.69944,-24.57212]]]},"properties":{"id":"salta:servidumbres:servidumbres_l.1729","provincia":"salta","provincia_nombre":"Salta","tipo":"servidumbre","estado":"desconocido","geom_kind":"linea","fuente_id":"salta.geonode.servidumbres","source_url":"https://geoportal.salta.gob.ar/geoserver/wfs?service=WFS&version=2.0.0&request=GetFeature&typeNames=geonode%3Aservidumbres_l&outputFormat=application%2Fjson&count=2000&startIndex=0&srsName=EPSG%3A4326","source_layer":"geonode:servidumbres_l","source_fid":"servidumbres_l.1729","source_srid":4326,"fetched_at":"2026-07-28T13:38:01+00:00","licencia":"no_especificada","expediente":"740242","titular":"PROYECTO PASTOS GRANDES S.A","titular_norm":"PROYECTO PASTOS GRANDES","titular_es_persona":false,"fecha_inicio":"2021-06-25","departamento":"Los Andes","municipio":"San Antonio De Los Cobres"}},{"type":"Feature","geometry":{"type":"MultiLineString","coordinates":[[[-67.04296,-23.96819],[-67.04311,-23.96871],[-67.04342,-23.96938],[-67.04386,-23.97044],[-67.04438,-23.97139],[-67.04482,-23.97158],[-67.04694,-23.97169],[-67.04874,-23.97181],[-67.05035,-23.97184],[-67.05532,-23.97208],[-67.0557,-23.97212],[-67.05647,-23.97216],[-67.05684,-23.97216],[-67.05775,-23.97215],[-67.05838,-23.97218],[-67.05905,-23.97222],[-67.0594,-23.97226],[-67.06052,-23.9724],[-67.06125,-23.9725],[-67.06198,-23.97254],[-67.06381,-23.97267],[-67.06531,-23.97262],[-67.06647,-23.97266],[-67.06722,-23.97264],[-67.06793,-23.9726],[-67.06936,-23.97284],[-67.07045,-23.97295],[-67.07152,-23.97321],[-67.07228,-23.97322],[-67.0731,-23.97318],[-67.07392,-23.97325],[-67.07516,-23.9735],[-67.07674,-23.97385],[-67.07766,-23.97399],[-67.0779,-23.97397],[-67.08052,-23.9721],[-67.08388,-23.96971],[-67.08831,-23.9665],[-67.09552,-23.96142],[-67.09714,-23.9603],[-67.09895,-23.95916],[-67.101,-23.95785],[-67.10182,-23.95764],[-67.10342,-23.95759],[-67.10497,-23.95773],[-67.10544,-23.95806],[-67.10632,-23.96017],[-67.11121,-23.97282],[-67.11178,-23.97334],[-67.11256,-23.97361],[-67.11316,-23.97352],[-67.11388,-23.97347],[-67.11464,-23.97355],[-67.11573,-23.97357],[-67.1165,-23.97345],[-67.11833,-23.97298],[-67.11945,-23.97279],[-67.11999,-23.97277],[-67.12099,-23.97304],[-67.12168,-23.97314],[-67.1228,-23.97334],[-67.12389,-23.97354],[-67.12452,-23.97358],[-67.12529,-23.97366],[-67.12632,-23.97382],[-67.12684,-23.97386],[-67.12813,-23.97387],[-67.12923,-23.97391],[-67.12981,-23.97396],[-67.13037,-23.97407],[-67.13087,-23.97424],[-67.13153,-23.97447],[-67.13217,-23.97464],[-67.13255,-23.97467],[-67.13271,-23.97473],[-67.13295,-23.97495],[-67.13326,-23.97509],[-67.13366,-23.9752],[-67.13385,-23.97526],[-67.13462,-23.97545],[-67.13534,-23.97562],[-67.13628,-23.97584],[-67.13676,-23.9759],[-67.13707,-23.97599],[-67.13742,-23.97612],[-67.13776,-23.97616],[-67.13804,-23.97625],[-67.13866,-23.97646],[-67.13966,-23.97675],[-67.13994,-23.97677],[-67.14019,-23.97683],[-67.14047,-23.97687],[-67.14072,-23.97697],[-67.14145,-23.97726],[-67.14256,-23.97767],[-67.144,-23.97806],[-67.14515,-23.97839],[-67.14633,-23.97885],[-67.14689,-23.97907],[-67.14757,-23.97934],[-67.14853,-23.97976],[-67.14915,-23.97999],[-67.15045,-23.98033],[-67.15078,-23.98045],[-67.15168,-23.98076],[-67.15211,-23.98101],[-67.15278,-23.98121],[-67.15327,-23.98143],[-67.15388,-23.98151],[-67.15455,-23.98177],[-67.15509,-23.98195],[-67.15559,-23.98215],[-67.15635,-23.98249],[-67.15696,-23.98273],[-67.15741,-23.98282],[-67.1579,-23.98279],[-67.15819,-23.98289],[-67.1586,-23.98301],[-67.15922,-23.98321],[-67.16024,-23.98353],[-67.16096,-23.98382],[-67.16168,-23.98413],[-67.16249,-23.98455],[-67.16341,-23.98501],[-67.16409,-23.9852],[-67.16475,-23.98513],[-67.16527,-23.98486],[-67.16563,-23.98489],[-67.16628,-23.98522],[-67.16702,-23.98542],[-67.168,-23.98583],[-67.16913,-23.98632],[-67.16966,-23.98643],[-67.17044,-23.98662],[-67.17097,-23.987],[-67.17136,-23.9875],[-67.17215,-23.98791],[-67.17252,-23.98801],[-67.17287,-23.98826],[-67.17351,-23.98882],[-67.17411,-23.98915],[-67.17451,-23.98944],[-67.17491,-23.98993],[-67.17522,-23.9907],[-67.17557,-23.99139],[-67.1761,-23.99208],[-67.17738,-23.99324],[-67.17979,-23.99523],[-67.18351,-23.99587],[-67.18914,-23.99601],[-67.19476,-23.99689],[-67.19773,-23.99721],[-67.20625,-24.00001],[-67.20961,-24.00046],[-67.21011,-24.00066],[-67.21061,-24.00059],[-67.21117,-24.00082],[-67.21193,-24.0023],[-67.21399,-24.00376],[-67.2157,-24.00446],[-67.21788,-24.00495],[-67.21843,-24.00531],[-67.219,-24.00584],[-67.2194,-24.00637],[-67.22173,-24.00807],[-67.22372,-24.00948],[-67.22456,-24.01022],[-67.22585,-24.01175],[-67.22649,-24.01247],[-67.22701,-24.01292],[-67.22755,-24.01294],[-67.22814,-24.0128],[-67.22864,-24.01278],[-67.22902,-24.01292],[-67.22972,-24.01336],[-67.2305,-24.01414],[-67.23116,-24.01495],[-67.23166,-24.01556],[-67.23187,-24.01613],[-67.23183,-24.01662],[-67.2321,-24.01714]]]},"properties":{"id":"salta:servidumbres:servidumbres_l.1730","provincia":"salta","provincia_nombre":"Salta","tipo":"servidumbre","estado":"desconocido","geom_kind":"linea","fuente_id":"salta.geonode.servidumbres","source_url":"https://geoportal.salta.gob.ar/geoserver/wfs?service=WFS&version=2.0.0&request=GetFeature&typeNames=geonode%3Aservidumbres_l&outputFormat=application%2Fjson&count=2000&startIndex=0&srsName=EPSG%3A4326","source_layer":"geonode:servidumbres_l","source_fid":"servidumbres_l.1730","source_srid":4326,"fetched_at":"2026-07-28T13:38:01+00:00","licencia":"no_especificada","expediente":"823139","titular":"CASINI MARCELA INES,CASTAÑEDA NORDMANN RODRIGO","titular_norm":"CASINI MARCELA INES CASTANEDA NORDMANN RODRIGO","titular_es_persona":false,"fecha_inicio":"2023-08-22","departamento":"Los Andes","municipio":"San Antonio De Los Cobres","lugar":"Salar Del Rincon"}},{"type":"Feature","geometry":{"type":"MultiLineString","coordinates":[[[-67.7256,-24.79734],[-67.72551,-24.80592],[-67.72562,-24.80604],[-67.79219,-24.8066],[-67.78913,-24.83741],[-67.77213,-24.9211],[-67.76125,-24.94572],[-67.76076,-24.97376],[-67.76286,-24.97628],[-67.7727,-24.98294],[-67.77444,-24.98655],[-67.77466,-24.98721],[-67.77483,-24.98739],[-67.7803,-24.98943],[-67.78254,-24.98971]],[[-67.6425,-25.1055],[-67.64239,-25.10513],[-67.64588,-25.09766],[-67.64895,-25.08823],[-67.65009,-25.0819],[-67.65164,-25.07961],[-67.65237,-25.07821],[-67.67145,-25.07618],[-67.69367,-25.06001],[-67.69467,-25.05944],[-67.70831,-25.0528],[-67.71219,-25.05146],[-67.71288,-25.05128],[-67.71403,-25.05017],[-67.71481,-25.04691],[-67.72248,-25.04025],[-67.73285,-25.0374],[-67.74989,-25.04068],[-67.75532,-25.03981],[-67.75804,-25.03436],[-67.75806,-25.03093],[-67.75581,-25.02853],[-67.75512,-25.02595],[-67.75597,-25.0228],[-67.75632,-25.02236],[-67.75674,-25.02213],[-67.75701,-25.02161],[-67.75742,-25.02121],[-67.76213,-25.01827],[-67.76314,-25.01551],[-67.76405,-25.01414],[-67.76536,-25.01051],[-67.76572,-25.01007],[-67.76605,-25.00902],[-67.76678,-25.0082],[-67.77358,-24.99616],[-67.77451,-24.99549],[-67.77496,-24.99541],[-67.77613,-24.99557],[-67.77886,-24.99428],[-67.78278,-24.9902],[-67.78253,-24.98971]]]},"properties":{"id":"salta:servidumbres:servidumbres_l.1731","provincia":"salta","provincia_nombre":"Salta","tipo":"servidumbre","estado":"desconocido","geom_kind":"linea","fuente_id":"salta.geonode.servidumbres","source_url":"https://geoportal.salta.gob.ar/geoserver/wfs?service=WFS&version=2.0.0&request=GetFeature&typeNames=geonode%3Aservidumbres_l&outputFormat=application%2Fjson&count=2000&startIndex=0&srsName=EPSG%3A4326","source_layer":"geonode:servidumbres_l","source_fid":"servidumbres_l.1731","source_srid":4326,"fetched_at":"2026-07-28T13:38:01+00:00","licencia":"no_especificada","expediente":"840120","titular":"ARLI S.A","titular_norm":"ARLI","titular_es_persona":false,"fecha_inicio":"2023-12-27","departamento":"Los Andes","municipio":"Tolar Grande","lugar":"Salar De Arizaro"}},{"type":"Feature","geometry":{"type":"MultiLineString","coordinates":[[[-66.89521,-24.14079],[-66.8912,-24.14083],[-66.8897,-24.14238],[-66.89049,-24.14871],[-66.8985,-24.18217],[-66.91784,-24.22583],[-66.92196,-24.23555],[-66.92749,-24.25288],[-66.93184,-24.26091],[-66.93821,-24.26773],[-66.94507,-24.27421],[-66.95284,-24.2797],[-66.96903,-24.28998],[-66.97814,-24.29334],[-66.98752,-24.29607],[-66.99718,-24.29575],[-67.00647,-24.29296],[-67.01512,-24.28881],[-67.02267,-24.28301],[-67.03099,-24.27857],[-67.04072,-24.27744],[-67.05035,-24.27586],[-67.05953,-24.27266],[-67.06868,-24.26935],[-67.07802,-24.26649],[-67.08743,-24.26384],[-67.09701,-24.26178],[-67.10102,-24.26164],[-67.10469,-24.26295],[-67.10668,-24.26595],[-67.10667,-24.27006],[-67.10544,-24.27333],[-67.10367,-24.28218],[-67.10236,-24.29112],[-67.09969,-24.29975],[-67.09615,-24.30818],[-67.09321,-24.31673],[-67.09225,-24.32572],[-67.09402,-24.33421],[-67.1127,-24.36659],[-67.13162,-24.36392],[-67.14122,-24.36205],[-67.15047,-24.35893],[-67.15969,-24.35574],[-67.16429,-24.35436],[-67.16929,-24.35385],[-67.17914,-24.35406],[-67.18365,-24.35194],[-67.18914,-24.35124],[-67.19413,-24.35817],[-67.19999,-24.36534],[-67.20764,-24.37103],[-67.21449,-24.37749],[-67.22072,-24.38445],[-67.30248,-24.4349],[-67.30986,-24.44082],[-67.31668,-24.44734],[-67.3231,-24.45418],[-67.3478,-24.48235],[-67.38875,-24.51918],[-67.4034,-24.54571],[-67.42773,-24.57341],[-67.55161,-24.55261],[-67.69247,-24.5272],[-67.70377,-24.51983],[-67.70812,-24.51609],[-67.71247,-24.51486],[-67.72111,-24.51928],[-67.7293,-24.52627],[-67.73005,-24.53883]]]},"properties":{"id":"salta:servidumbres:servidumbres_l.1732","provincia":"salta","provincia_nombre":"Salta","tipo":"servidumbre","estado":"desconocido","geom_kind":"linea","fuente_id":"salta.geonode.servidumbres","source_url":"https://geoportal.salta.gob.ar/geoserver/wfs?service=WFS&version=2.0.0&request=GetFeature&typeNames=geonode%3Aservidumbres_l&outputFormat=application%2Fjson&count=2000&startIndex=0&srsName=EPSG%3A4326","source_layer":"geonode:servidumbres_l","source_fid":"servidumbres_l.1732","source_srid":4326,"fetched_at":"2026-07-28T13:38:01+00:00","licencia":"no_especificada","expediente":"832402","titular":"CORRIENTE ARGENTINA S.A","titular_norm":"CORRIENTE ARGENTINA","titular_es_persona":false,"fecha_inicio":"2023-10-31","departamento":"Los Andes","municipio":"San Antonio De Los Cobres"}},{"type":"Feature","geometry":{"type":"MultiLineString","coordinates":[[[-65.81288,-25.18054],[-65.81279,-25.18053],[-65.81265,-25.18054],[-65.81255,-25.18055],[-65.81209,-25.18074],[-65.8118,-25.18084],[-65.81146,-25.18092],[-65.81133,-25.18092],[-65.81114,-25.18088],[-65.81083,-25.18087],[-65.81079,-25.18085],[-65.81078,-25.18081],[-65.81092,-25.18067],[-65.81094,-25.18063],[-65.81094,-25.1806],[-65.81092,-25.18059],[-65.81088,-25.1806],[-65.8106,-25.1808],[-65.81041,-25.181],[-65.81003,-25.18135],[-65.80971,-25.18172],[-65.80958,-25.18184],[-65.80944,-25.18193],[-65.8093,-25.18199],[-65.80912,-25.18203],[-65.80889,-25.18204],[-65.80884,-25.18205],[-65.80831,-25.18233],[-65.80807,-25.18238],[-65.80779,-25.18255],[-65.80766,-25.18275],[-65.80743,-25.18289],[-65.80726,-25.18296],[-65.80697,-25.18307],[-65.80677,-25.1831],[-65.8066,-25.1831],[-65.8065,-25.18307],[-65.80643,-25.18302],[-65.80623,-25.18272],[-65.80619,-25.18265],[-65.80616,-25.18253],[-65.80618,-25.18247],[-65.80634,-25.18231],[-65.80651,-25.18219],[-65.8066,-25.18214],[-65.80668,-25.18205],[-65.80669,-25.18197],[-65.80656,-25.18176],[-65.80656,-25.18172],[-65.80659,-25.1817],[-65.80663,-25.1817],[-65.8067,-25.18176],[-65.80675,-25.18185],[-65.80684,-25.1819],[-65.80691,-25.182],[-65.80694,-25.1821],[-65.80697,-25.18212],[-65.807,-25.1821],[-65.807,-25.18206],[-65.80699,-25.18202],[-65.807,-25.18201],[-65.80705,-25.18201],[-65.80711,-25.18205],[-65.80715,-25.18218],[-65.80718,-25.1822],[-65.80723,-25.18219],[-65.80724,-25.18217],[-65.80725,-25.18212],[-65.80722,-25.18202],[-65.80692,-25.18169],[-65.8069,-25.18165],[-65.80691,-25.18163],[-65.80696,-25.18163],[-65.80702,-25.18165],[-65.80705,-25.18168],[-65.80718,-25.18174],[-65.80727,-25.18176],[-65.80741,-25.1818],[-65.80757,-25.1818],[-65.80772,-25.18173],[-65.80777,-25.1817],[-65.80779,-25.18167],[-65.80778,-25.18165],[-65.80775,-25.18163],[-65.80766,-25.18164],[-65.80757,-25.18166],[-65.80739,-25.18166],[-65.80728,-25.1816],[-65.80719,-25.18153],[-65.80718,-25.18148],[-65.80725,-25.18145],[-65.80733,-25.18143],[-65.80747,-25.18145],[-65.80765,-25.1815],[-65.80781,-25.18151],[-65.80792,-25.18148],[-65.80805,-25.18142],[-65.80822,-25.1813],[-65.80843,-25.18108],[-65.80859,-25.18096],[-65.80864,-25.1809],[-65.80862,-25.18087],[-65.80859,-25.18086],[-65.8084,-25.18091],[-65.80831,-25.18095],[-65.80814,-25.18107],[-65.80807,-25.18108],[-65.80785,-25.18104],[-65.80766,-25.18104],[-65.8073,-25.18101],[-65.80712,-25.18094],[-65.80704,-25.18089],[-65.807,-25.18081],[-65.807,-25.18074],[-65.80701,-25.18067],[-65.80704,-25.18055],[-65.8071,-25.18048],[-65.8072,-25.18043],[-65.80725,-25.18042],[-65.80733,-25.18045],[-65.80738,-25.18047],[-65.80748,-25.18054],[-65.80757,-25.18056],[-65.80764,-25.18056],[-65.80782,-25.18044],[-65.80814,-25.18026],[-65.80813,-25.18023],[-65.80808,-25.18022],[-65.80792,-25.18024],[-65.80783,-25.1802],[-65.80777,-25.18014],[-65.80762,-25.17995],[-65.80755,-25.17979],[-65.80751,-25.17975],[-65.80746,-25.17973],[-65.80733,-25.17972],[-65.80717,-25.17968],[-65.80698,-25.17962],[-65.80694,-25.17959],[-65.80692,-25.17955],[-65.80695,-25.17953],[-65.80698,-25.17954],[-65.80722,-25.17961],[-65.80733,-25.17961],[-65.80748,-25.17959],[-65.80765,-25.17952],[-65.80779,-25.17951],[-65.80784,-25.17953],[-65.80793,-25.17964],[-65.80804,-25.17972],[-65.80819,-25.17976],[-65.8083,-25.17975],[-65.80841,-25.17969],[-65.80851,-25.17963],[-65.80859,-25.17956],[-65.8086,-25.17951],[-65.80859,-25.17949],[-65.80856,-25.17947],[-65.80839,-25.17951],[-65.80834,-25.1795],[-65.80823,-25.17945],[-65.80818,-25.17938],[-65.80821,-25.17934],[-65.8083,-25.17927],[-65.80832,-25.17924],[-65.8083,-25.17917],[-65.80821,-25.17905],[-65.80809,-25.17893],[-65.80792,-25.17877],[-65.80788,-25.17874],[-65.8076,-25.17871],[-65.8073,-25.17861],[-65.80724,-25.17856],[-65.80703,-25.17837],[-65.80674,-25.17818],[-65.80671,-25.17811],[-65.80672,-25.17807],[-65.80676,-25.17805],[-65.80682,-25.17805],[-65.80696,-25.1781],[-65.80704,-25.1781],[-65.80718,-25.17814],[-65.80727,-25.17819],[-65.80745,-25.17824],[-65.80806,-25.17816],[-65.80842,-25.17816],[-65.8086,-25.17812],[-65.80875,-25.17805],[-65.80882,-25.17798],[-65.80882,-25.17794],[-65.80877,-25.17789],[-65.80853,-25.17781],[-65.80842,-25.17775],[-65.80828,-25.17759],[-65.80813,-25.17751],[-65.80793,-25.17751],[-65.80788,-25.17748],[-65.80787,-25.17741],[-65.80789,-25.17738],[-65.80797,-25.17736],[-65.8083,-25.17731],[-65.80841,-25.17726],[-65.80853,-25.17718],[-65.80861,-25.17705],[-65.80865,-25.17701],[-65.80895,-25.17694],[-65.80912,-25.17688],[-65.80916,-25.17683],[-65.80917,-25.17676],[-65.80913,-25.17672],[-65.80905,-25.17671],[-65.80894,-25.17668],[-65.80837,-25.1767],[-65.80811,-25.17662],[-65.80791,-25.1766],[-65.80783,-25.17656],[-65.80777,-25.17647],[-65.80775,-25.17638],[-65.80777,-25.17631],[-65.80776,-25.1762],[-65.80771,-25.17615],[-65.80725,-25.17595],[-65.80716,-25.17586],[-65.80701,-25.17557],[-65.807,-25.17549],[-65.80701,-25.17525],[-65.807,-25.17517],[-65.80697,-25.17515],[-65.8069,-25.17514],[-65.80665,-25.17522],[-65.80641,-25.17538],[-65.80631,-25.17544],[-65.80619,-25.17546],[-65.8061,-25.17546],[-65.80596,-25.17539],[-65.80586,-25.17529],[-65.80578,-25.1751],[-65.80569,-25.17501],[-65.80552,-25.17487],[-65.80547,-25.17486],[-65.80541,-25.17488],[-65.80539,-25.17492],[-65.80534,-25.17504],[-65.80532,-25.17522],[-65.80526,-25.17533],[-65.80522,-25.17536],[-65.80479,-25.17516],[-65.80472,-25.17516],[-65.80466,-25.1752],[-65.80461,-25.17526],[-65.80455,-25.17549],[-65.8045,-25.17557],[-65.80443,-25.1756],[-65.80437,-25.17559],[-65.80423,-25.17548],[-65.80419,-25.17549],[-65.804,-25.17586],[-65.80395,-25.1759],[-65.80374,-25.17599],[-65.80368,-25.17603],[-65.80358,-25.17628],[-65.80354,-25.17634],[-65.80347,-25.17637],[-65.80346,-25.1764],[-65.80347,-25.17644],[-65.80362,-25.1765],[-65.80363,-25.17657],[-65.80362,-25.1766],[-65.80351,-25.17668],[-65.80346,-25.17674],[-65.80333,-25.17712],[-65.80334,-25.17721],[-65.80345,-25.17729],[-65.80357,-25.17732],[-65.80368,-25.17738],[-65.80377,-25.17739],[-65.80384,-25.17738],[-65.8039,-25.17728],[-65.80392,-25.17719],[-65.80399,-25.17699],[-65.80399,-25.17677],[-65.80401,-25.17669],[-65.80406,-25.17661],[-65.80411,-25.1766],[-65.80418,-25.17662],[-65.80427,-25.17671],[-65.80428,-25.17676],[-65.80426,-25.17686],[-65.80431,-25.17707],[-65.80431,-25.17725]]]},"properties":{"id":"salta:servidumbres:servidumbres_l.1733","provincia":"salta","provincia_nombre":"Salta","tipo":"servidumbre","estado":"desconocido","geom_kind":"linea","fuente_id":"salta.geonode.servidumbres","source_url":"https://geoportal.salta.gob.ar/geoserver/wfs?service=WFS&version=2.0.0&request=GetFeature&typeNames=geonode%3Aservidumbres_l&outputFormat=application%2Fjson&count=2000&startIndex=0&srsName=EPSG%3A4326","source_layer":"geonode:servidumbres_l","source_fid":"servidumbres_l.1733","source_srid":4326,"fetched_at":"2026-07-28T13:38:01+00:00","licencia":"no_especificada","expediente":"969716","titular":"EKEKO S.A.,MARTINEZ ANGEL GASTON","titular_norm":"EKEKO MARTINEZ ANGEL GASTON","titular_es_persona":false,"fecha_inicio":"2026-04-28","departamento":"Chicoana","municipio":"Chicoana","lugar":"San Martin"}},{"type":"Feature","geometry":{"type":"MultiLineString","coordinates":[[[-66.95479,-24.90112],[-66.9548,-24.90112],[-66.95512,-24.90114],[-66.95613,-24.90162],[-66.95844,-24.90235],[-66.95995,-24.90289],[-66.96147,-24.9037],[-66.96258,-24.90415],[-66.96424,-24.90473],[-66.96632,-24.9053],[-66.96776,-24.90565],[-66.96925,-24.90593],[-66.96972,-24.9061],[-66.97279,-24.90763],[-66.974,-24.90834],[-66.9742,-24.90845],[-66.97488,-24.90873],[-66.97567,-24.90922],[-66.97616,-24.90962],[-66.97616,-24.90962],[-66.97658,-24.9101],[-66.97693,-24.91074],[-66.97719,-24.91129],[-66.97769,-24.9127],[-66.97813,-24.91405],[-66.97829,-24.91467],[-66.97859,-24.91555],[-66.97864,-24.91568],[-66.97892,-24.91664],[-66.97901,-24.91688],[-66.97924,-24.91726],[-66.97959,-24.91784],[-66.97977,-24.91808],[-66.97999,-24.91828],[-66.98034,-24.91847],[-66.9806,-24.91857],[-66.98106,-24.91876],[-66.9818,-24.91883],[-66.9825,-24.91886],[-66.98262,-24.91891],[-66.98275,-24.91902],[-66.98294,-24.91937],[-66.98335,-24.92057],[-66.98349,-24.92102],[-66.98353,-24.92128],[-66.98349,-24.92156],[-66.98335,-24.92187],[-66.98329,-24.92215],[-66.98335,-24.92229],[-66.98349,-24.92241],[-66.98429,-24.92317],[-66.98483,-24.92349],[-66.98506,-24.92366],[-66.98506,-24.92366],[-66.98526,-24.92388],[-66.98556,-24.92423],[-66.98587,-24.92469],[-66.98598,-24.9248],[-66.98746,-24.92644],[-66.98941,-24.92863],[-66.99015,-24.92943],[-66.99034,-24.92957],[-66.99062,-24.92975],[-66.99079,-24.92989],[-66.99096,-24.93014],[-66.99111,-24.9303],[-66.99157,-24.93064],[-66.99221,-24.93103],[-66.99233,-24.93114],[-66.9937,-24.93256],[-66.99388,-24.93279],[-66.99464,-24.93395],[-66.99503,-24.93469],[-66.99507,-24.93476],[-66.99516,-24.93487],[-66.99527,-24.93502],[-66.99602,-24.9358],[-66.99767,-24.93752],[-66.99915,-24.9389],[-66.99936,-24.93911],[-66.99949,-24.93935],[-66.99956,-24.93965],[-66.99959,-24.94032],[-66.99965,-24.94074],[-66.99977,-24.94113],[-66.9999,-24.94141],[-67.00006,-24.94171],[-67.00026,-24.94201],[-67.00052,-24.94228],[-67.00075,-24.94245],[-67.00115,-24.94268],[-67.00146,-24.94285],[-67.0019,-24.943],[-67.00191,-24.943],[-67.00247,-24.94316],[-67.00301,-24.94332],[-67.00501,-24.9436],[-67.00554,-24.9437],[-67.00617,-24.94384],[-67.00643,-24.94388],[-67.00877,-24.94401],[-67.00999,-24.94396],[-67.01048,-24.94389],[-67.01089,-24.9439],[-67.01125,-24.94399],[-67.01159,-24.94412],[-67.01201,-24.94424],[-67.01238,-24.94429],[-67.0127,-24.94433],[-67.01302,-24.94446],[-67.0133,-24.94463],[-67.01358,-24.94486],[-67.01359,-24.94487],[-67.01383,-24.94511],[-67.01426,-24.94558],[-67.01465,-24.94603],[-67.0148,-24.94616],[-67.01513,-24.94637],[-67.01571,-24.94662],[-67.01742,-24.94715],[-67.0181,-24.94733],[-67.01904,-24.94767],[-67.02012,-24.94812],[-67.02039,-24.94825],[-67.0206,-24.94837],[-67.02305,-24.94998],[-67.02529,-24.95149],[-67.02745,-24.95296],[-67.02892,-24.95401],[-67.03233,-24.95698],[-67.0329,-24.95754],[-67.03333,-24.95789],[-67.0336,-24.95811],[-67.03452,-24.95899],[-67.03496,-24.95935],[-67.03657,-24.96079],[-67.0372,-24.9613],[-67.03807,-24.96191],[-67.04013,-24.96313],[-67.04048,-24.96337],[-67.04076,-24.9636],[-67.04106,-24.96395],[-67.04157,-24.96461],[-67.04207,-24.96506],[-67.04303,-24.96586],[-67.04497,-24.96763],[-67.04536,-24.96796],[-67.04587,-24.96824],[-67.0463,-24.96837],[-67.04704,-24.96824],[-67.04764,-24.96816],[-67.04901,-24.96841],[-67.04939,-24.96853],[-67.04969,-24.96866],[-67.05015,-24.96876],[-67.05044,-24.9689],[-67.05089,-24.9693],[-67.05146,-24.96983],[-67.05173,-24.97017],[-67.05236,-24.97129],[-67.05255,-24.97157],[-67.05255,-24.97157],[-67.05392,-24.9734],[-67.05421,-24.97373],[-67.05501,-24.97493],[-67.05565,-24.97602],[-67.05637,-24.97752],[-67.05655,-24.97777],[-67.05676,-24.97806],[-67.05695,-24.97843],[-67.0572,-24.9787],[-67.05759,-24.97903],[-67.05778,-24.97931],[-67.05789,-24.97971],[-67.05789,-24.97971],[-67.058,-24.98006],[-67.05815,-24.98029],[-67.05835,-24.98051],[-67.05859,-24.98091],[-67.0588,-24.9814],[-67.05882,-24.98189],[-67.05877,-24.98267],[-67.0588,-24.9831],[-67.05929,-24.98605],[-67.05936,-24.98622],[-67.05975,-24.98683],[-67.05987,-24.98709],[-67.05983,-24.98731],[-67.05964,-24.98754],[-67.05928,-24.9881],[-67.05921,-24.98844],[-67.05934,-24.989],[-67.05996,-24.99092],[-67.06058,-24.99246],[-67.06123,-24.99389],[-67.06211,-24.99531],[-67.06344,-24.99726],[-67.06479,-24.99947],[-67.06604,-25.00159],[-67.06727,-25.00353],[-67.0689,-25.00601],[-67.06925,-25.00648],[-67.06972,-25.00685],[-67.07042,-25.00726],[-67.0709,-25.00762],[-67.07122,-25.00798],[-67.07145,-25.00843],[-67.07167,-25.00917],[-67.07185,-25.00958],[-67.07242,-25.01046],[-67.07295,-25.01116],[-67.0738,-25.012],[-67.07438,-25.01263],[-67.07481,-25.01336],[-67.07598,-25.01606],[-67.0771,-25.0181],[-67.07764,-25.0189],[-67.07818,-25.0199],[-67.07863,-25.02083],[-67.07879,-25.02106],[-67.07912,-25.02135],[-67.07945,-25.0217],[-67.07975,-25.0221],[-67.0801,-25.02284],[-67.08046,-25.02412],[-67.08055,-25.02518],[-67.08062,-25.02557],[-67.08083,-25.02597],[-67.08142,-25.02666],[-67.08182,-25.0271],[-67.08218,-25.02756],[-67.08254,-25.02813],[-67.08298,-25.02886],[-67.08335,-25.02929],[-67.08406,-25.03031],[-67.08432,-25.03061],[-67.08466,-25.0309],[-67.08489,-25.03113],[-67.08519,-25.0315],[-67.08582,-25.03249],[-67.08604,-25.03293],[-67.08631,-25.03344],[-67.08642,-25.03358],[-67.08693,-25.03413],[-67.08723,-25.0344],[-67.08762,-25.03468],[-67.08868,-25.03532],[-67.08879,-25.03541],[-67.08899,-25.03562],[-67.08943,-25.03618],[-67.08974,-25.03666],[-67.0905,-25.03813],[-67.09103,-25.03936],[-67.09154,-25.04062],[-67.09165,-25.04081],[-67.09207,-25.04147],[-67.09235,-25.04221],[-67.09288,-25.04413],[-67.09295,-25.0445],[-67.09304,-25.04535],[-67.09312,-25.04601],[-67.09305,-25.04766],[-67.09323,-25.04921],[-67.09327,-25.04971],[-67.09413,-25.05097],[-67.0967,-25.05353],[-67.09684,-25.05362],[-67.097,-25.05354],[-67.09704,-25.0535],[-67.09734,-25.05347],[-67.0979,-25.05363],[-67.09827,-25.05408],[-67.09834,-25.0542],[-67.09824,-25.05441],[-67.09861,-25.05482],[-67.09866,-25.05493],[-67.09849,-25.05488],[-67.0983,-25.05476],[-67.0983,-25.05489],[-67.09845,-25.05508],[-67.09839,-25.05519],[-67.09819,-25.0553],[-67.09802,-25.05545],[-67.09795,-25.05555],[-67.09819,-25.05579],[-67.09875,-25.05601],[-67.09914,-25.05605],[-67.09954,-25.05607],[-67.09988,-25.05616],[-67.10028,-25.05638],[-67.10037,-25.05643],[-67.10038,-25.05654],[-67.10044,-25.05671],[-67.10039,-25.05691],[-67.10038,-25.05707],[-67.10039,-25.05718],[-67.10054,-25.0574],[-67.10069,-25.05765],[-67.10074,-25.05774],[-67.1009,-25.0578],[-67.10117,-25.05786],[-67.10157,-25.05788],[-67.10232,-25.05795],[-67.10253,-25.05793],[-67.10283,-25.05786],[-67.10323,-25.05772],[-67.10352,-25.05765],[-67.10389,-25.05757],[-67.10442,-25.05747],[-67.10456,-25.05747],[-67.10477,-25.05749],[-67.1051,-25.05754],[-67.1054,-25.05761],[-67.10565,-25.05765],[-67.10582,-25.05766],[-67.10666,-25.05766],[-67.10738,-25.05767],[-67.10818,-25.05771],[-67.10922,-25.05779],[-67.10982,-25.05789],[-67.1102,-25.05796],[-67.11085,-25.05805],[-67.11189,-25.05803],[-67.11225,-25.05803],[-67.11261,-25.05793],[-67.11305,-25.05771],[-67.11357,-25.05758],[-67.11404,-25.05756],[-67.11475,-25.05735],[-67.11523,-25.05712],[-67.11999,-25.05505],[-67.12188,-25.05419],[-67.1226,-25.05384]]]},"properties":{"id":"salta:servidumbres:servidumbres_l.1734","provincia":"salta","provincia_nombre":"Salta","tipo":"servidumbre","estado":"desconocido","geom_kind":"linea","fuente_id":"salta.geonode.servidumbres","source_url":"https://geoportal.salta.gob.ar/geoserver/wfs?service=WFS&version=2.0.0&request=GetFeature&typeNames=geonode%3Aservidumbres_l&outputFormat=application%2Fjson&count=2000&startIndex=0&srsName=EPSG%3A4326","source_layer":"geonode:servidumbres_l","source_fid":"servidumbres_l.1734","source_srid":4326,"fetched_at":"2026-07-28T13:38:01+00:00","licencia":"no_especificada","expediente":"838361","titular":"ALPHA LITHIUM ARGENTINA S.A","titular_norm":"ALPHA LITHIUM ARGENTINA","titular_es_persona":false,"fecha_inicio":"2023-12-14","departamento":"Los Andes","municipio":"San Antonio De Los Cobres","lugar":"Salar De Tolillar"}},{"type":"Feature","geometry":{"type":"MultiLineString","coordinates":[[[-66.69717,-24.59326],[-66.69632,-24.59578],[-66.69558,-24.59752],[-66.69275,-24.60037],[-66.69063,-24.60054]]]},"properties":{"id":"salta:servidumbres:servidumbres_l.1735","provincia":"salta","provincia_nombre":"Salta","tipo":"servidumbre","estado":"desconocido","geom_kind":"linea","fuente_id":"salta.geonode.servidumbres","source_url":"https://geoportal.salta.gob.ar/geoserver/wfs?service=WFS&version=2.0.0&request=GetFeature&typeNames=geonode%3Aservidumbres_l&outputFormat=application%2Fjson&count=2000&startIndex=0&srsName=EPSG%3A4326","source_layer":"geonode:servidumbres_l","source_fid":"servidumbres_l.1735","source_srid":4326,"fetched_at":"2026-07-28T13:38:01+00:00","licencia":"no_especificada","expediente":"723921","titular":"PROYECTO PASTOS GRANDES S.A","titular_norm":"PROYECTO PASTOS GRANDES","titular_es_persona":false,"fecha_inicio":"2021-01-08","departamento":"Los Andes","municipio":"San Antonio De Los Cobres"}},{"type":"Feature","geometry":{"type":"MultiLineString","coordinates":[[[-66.10594,-23.78077],[-66.09305,-23.75493],[-66.09195,-23.74593],[-66.09121,-23.73984],[-66.09121,-23.73984],[-66.09017,-23.73133]]]},"properties":{"id":"salta:servidumbres:servidumbres_l.1736","provincia":"salta","provincia_nombre":"Salta","tipo":"servidumbre","estado":"desconocido","geom_kind":"linea","fuente_id":"salta.geonode.servidumbres","source_url":"https://geoportal.salta.gob.ar/geoserver/wfs?service=WFS&version=2.0.0&request=GetFeature&typeNames=geonode%3Aservidumbres_l&outputFormat=application%2Fjson&count=2000&startIndex=0&srsName=EPSG%3A4326","source_layer":"geonode:servidumbres_l","source_fid":"servidumbres_l.1736","source_srid":4326,"fetched_at":"2026-07-28T13:38:01+00:00","licencia":"no_especificada","expediente":"20747","titular":"RODRIGUEZ SILVIA RENE","titular_norm":"RODRIGUEZ SILVIA RENE","titular_es_persona":true,"fecha_inicio":"2010-12-30","departamento":"La Poma","municipio":"La Poma"}},{"type":"Feature","geometry":{"type":"MultiLineString","coordinates":[[[-66.81352,-25.2819],[-66.81314,-25.29084],[-66.81346,-25.29527],[-66.80838,-25.30211],[-66.80513,-25.29567]]]},"properties":{"id":"salta:servidumbres:servidumbres_l.1737","provincia":"salta","provincia_nombre":"Salta","tipo":"servidumbre","estado":"desconocido","geom_kind":"linea","fuente_id":"salta.geonode.servidumbres","source_url":"https://geoportal.salta.gob.ar/geoserver/wfs?service=WFS&version=2.0.0&request=GetFeature&typeNames=geonode%3Aservidumbres_l&outputFormat=application%2Fjson&count=2000&startIndex=0&srsName=EPSG%3A4326","source_layer":"geonode:servidumbres_l","source_fid":"servidumbres_l.1737","source_srid":4326,"fetched_at":"2026-07-28T13:38:01+00:00","licencia":"no_especificada","expediente":"16225","titular":"PACIFIC RIM MINING CORPORATION ARGENTINA S.A","titular_norm":"PACIFIC RIM MINING CORPORATION ARGENTINA","titular_es_persona":false,"fecha_inicio":"1997-12-21","departamento":"Los Andes"}},{"type":"Feature","geometry":{"type":"MultiLineString","coordinates":[[[-67.05494,-25.27142],[-67.0551,-25.27302],[-67.04811,-25.27584],[-67.04624,-25.27587],[-67.04421,-25.27488],[-67.04327,-25.27487],[-67.03177,-25.28638],[-67.0165,-25.30166],[-67.00683,-25.31133],[-67.00468,-25.31275],[-67.0002,-25.31266],[-66.9935,-25.31684],[-66.98487,-25.32011],[-66.98218,-25.32946],[-66.97902,-25.34037],[-66.98743,-25.34639],[-66.97296,-25.36128],[-66.9725,-25.36288],[-66.95701,-25.38147],[-66.94966,-25.39061],[-66.93994,-25.40204],[-66.93265,-25.41061],[-66.92444,-25.42043],[-66.92396,-25.42179],[-66.91079,-25.42988],[-66.90926,-25.44063],[-66.90767,-25.45182],[-66.90342,-25.45997],[-66.90022,-25.46609],[-66.90022,-25.46835],[-66.90085,-25.47015],[-66.89877,-25.47537]]]},"properties":{"id":"salta:servidumbres:servidumbres_l.1738","provincia":"salta","provincia_nombre":"Salta","tipo":"servidumbre","estado":"desconocido","geom_kind":"linea","fuente_id":"salta.geonode.servidumbres","source_url":"https://geoportal.salta.gob.ar/geoserver/wfs?service=WFS&version=2.0.0&request=GetFeature&typeNames=geonode%3Aservidumbres_l&outputFormat=application%2Fjson&count=2000&startIndex=0&srsName=EPSG%3A4326","source_layer":"geonode:servidumbres_l","source_fid":"servidumbres_l.1738","source_srid":4326,"fetched_at":"2026-07-28T13:38:01+00:00","licencia":"no_especificada","expediente":"7827","titular":"BORAX ARGENTINA S.A","titular_norm":"BORAX ARGENTINA","titular_es_persona":false,"fecha_inicio":"1971-08-02","departamento":"Los Andes"}},{"type":"Feature","geometry":{"type":"MultiLineString","coordinates":[[[-67.02443,-25.08714],[-67.02122,-25.08838],[-67.01845,-25.08994],[-67.0143,-25.09249],[-67.01292,-25.093],[-67.0058,-25.09612],[-67.00375,-25.09737],[-66.99866,-25.09916],[-66.99525,-25.10158],[-66.99273,-25.10255],[-66.99245,-25.10399],[-66.99311,-25.10665],[-66.99455,-25.10655],[-66.99525,-25.10718],[-66.99552,-25.10816],[-66.99579,-25.11145],[-66.99767,-25.11126],[-66.99895,-25.1099],[-67.00456,-25.12151],[-67.00785,-25.12915],[-67.00692,-25.13028],[-67.00896,-25.13104],[-67.01359,-25.14333],[-67.01339,-25.14427],[-67.01343,-25.15516],[-67.01179,-25.16107],[-67.01498,-25.19205],[-67.0159,-25.19519],[-67.01831,-25.19774],[-67.02135,-25.20486],[-67.02388,-25.20953],[-67.02756,-25.21556],[-67.03274,-25.22365],[-67.03722,-25.22902],[-67.03869,-25.23176],[-67.04119,-25.23387],[-67.04215,-25.23607],[-67.04232,-25.23788],[-67.04394,-25.24061],[-67.04825,-25.24532],[-67.0515,-25.25329],[-67.05432,-25.25664],[-67.05464,-25.25862],[-67.05363,-25.26224],[-67.05819,-25.26695],[-67.05496,-25.27141]]]},"properties":{"id":"salta:servidumbres:servidumbres_l.1739","provincia":"salta","provincia_nombre":"Salta","tipo":"servidumbre","estado":"desconocido","geom_kind":"linea","fuente_id":"salta.geonode.servidumbres","source_url":"https://geoportal.salta.gob.ar/geoserver/wfs?service=WFS&version=2.0.0&request=GetFeature&typeNames=geonode%3Aservidumbres_l&outputFormat=application%2Fjson&count=2000&startIndex=0&srsName=EPSG%3A4326","source_layer":"geonode:servidumbres_l","source_fid":"servidumbres_l.1739","source_srid":4326,"fetched_at":"2026-07-28T13:38:01+00:00","licencia":"no_especificada","expediente":"12374","titular":"BORAX ARGENTINA S.A","titular_norm":"BORAX ARGENTINA","titular_es_persona":false,"fecha_inicio":"1985-09-19","departamento":"Los Andes"}},{"type":"Feature","geometry":{"type":"MultiLineString","coordinates":[[[-66.70572,-24.54546],[-66.70573,-24.54543],[-66.70572,-24.54545],[-66.70572,-24.54462],[-66.70548,-24.54405],[-66.70299,-24.54097],[-66.70274,-24.54056],[-66.70245,-24.53995],[-66.70261,-24.539],[-66.70267,-24.53888],[-66.70272,-24.53855],[-66.70261,-24.53819],[-66.70231,-24.53761],[-66.70213,-24.53739],[-66.70199,-24.53722]]]},"properties":{"id":"salta:servidumbres:servidumbres_l.1740","provincia":"salta","provincia_nombre":"Salta","tipo":"servidumbre","estado":"desconocido","geom_kind":"linea","fuente_id":"salta.geonode.servidumbres","source_url":"https://geoportal.salta.gob.ar/geoserver/wfs?service=WFS&version=2.0.0&request=GetFeature&typeNames=geonode%3Aservidumbres_l&outputFormat=application%2Fjson&count=2000&startIndex=0&srsName=EPSG%3A4326","source_layer":"geonode:servidumbres_l","source_fid":"servidumbres_l.1740","source_srid":4326,"fetched_at":"2026-07-28T13:38:01+00:00","licencia":"no_especificada","expediente":"23768","titular":"PROYECTO PASTOS GRANDES S.A","titular_norm":"PROYECTO PASTOS GRANDES","titular_es_persona":false,"fecha_inicio":"2018-10-26","departamento":"Los Andes","municipio":"San Antonio De Los Cobres","lugar":"Salar De Pastos Grandes"}},{"type":"Feature","geometry":{"type":"MultiLineString","coordinates":[[[-66.70692,-24.63022],[-66.70361,-24.62736]],[[-66.56583,-24.59589],[-66.57329,-24.60173],[-66.58209,-24.60962],[-66.5884,-24.61539],[-66.59461,-24.62179],[-66.6018,-24.6237],[-66.60514,-24.6246],[-66.60805,-24.62507],[-66.60973,-24.62709],[-66.61361,-24.62917],[-66.62252,-24.63269],[-66.62969,-24.63338],[-66.63018,-24.63336],[-66.6371,-24.63212],[-66.63796,-24.62962],[-66.63677,-24.62606],[-66.63695,-24.62145],[-66.64015,-24.61549],[-66.64377,-24.60402],[-66.65485,-24.60376],[-66.66049,-24.60344],[-66.66659,-24.60158],[-66.6718,-24.60742],[-66.67649,-24.60909],[-66.68292,-24.60759],[-66.6899,-24.61428]],[[-66.66374,-24.51692],[-66.66409,-24.51982],[-66.66408,-24.52219],[-66.66347,-24.52711],[-66.66407,-24.53421],[-66.66516,-24.53839],[-66.66489,-24.53901],[-66.66397,-24.54107],[-66.66471,-24.54596],[-66.66198,-24.55142],[-66.66095,-24.55395],[-66.65488,-24.55923],[-66.65411,-24.56848],[-66.65518,-24.57506],[-66.65684,-24.58239],[-66.6565,-24.58452],[-66.6596,-24.58818],[-66.6635,-24.59053],[-66.66385,-24.59241],[-66.66469,-24.59608],[-66.6653,-24.5988],[-66.66655,-24.60163],[-66.67181,-24.60725],[-66.67641,-24.60908],[-66.68303,-24.60758],[-66.69027,-24.61455]]]},"properties":{"id":"salta:servidumbres:servidumbres_l.1741","provincia":"salta","provincia_nombre":"Salta","tipo":"servidumbre","estado":"desconocido","geom_kind":"linea","fuente_id":"salta.geonode.servidumbres","source_url":"https://geoportal.salta.gob.ar/geoserver/wfs?service=WFS&version=2.0.0&request=GetFeature&typeNames=geonode%3Aservidumbres_l&outputFormat=application%2Fjson&count=2000&startIndex=0&srsName=EPSG%3A4326","source_layer":"geonode:servidumbres_l","source_fid":"servidumbres_l.1741","source_srid":4326,"fetched_at":"2026-07-28T13:38:01+00:00","licencia":"no_especificada","expediente":"760691","titular":"PUNA ARGENTINA S.A.S","titular_norm":"PUNA ARGENTINA","titular_es_persona":false,"fecha_inicio":"2022-02-23","departamento":"Los Andes","municipio":"San Antonio De Los Cobres"}},{"type":"Feature","geometry":{"type":"MultiLineString","coordinates":[[[-67.01928,-25.18228],[-67.01929,-25.18383],[-67.0193,-25.18539],[-67.01816,-25.18548],[-67.01565,-25.18569],[-67.01458,-25.18578]],[[-67.0193,-25.18539],[-67.02192,-25.18517],[-67.02327,-25.18819],[-67.02409,-25.18792],[-67.02481,-25.18951],[-67.02374,-25.1899],[-67.0169,-25.19238],[-67.01619,-25.19075],[-67.01556,-25.18925],[-67.02149,-25.1871]],[[-67.02149,-25.1871],[-67.02217,-25.18859],[-67.02327,-25.18819]],[[-67.02217,-25.18859],[-67.01619,-25.19075]],[[-67.0169,-25.19238],[-67.01655,-25.19253],[-67.01739,-25.19446],[-67.018,-25.19426],[-67.02093,-25.1932],[-67.02446,-25.19192]],[[-67.02374,-25.1899],[-67.02582,-25.19254],[-67.0279,-25.19518]],[[-67.02093,-25.1932],[-67.02101,-25.19362]],[[-67.018,-25.19426],[-67.01813,-25.19495]]]},"properties":{"id":"salta:servidumbres:servidumbres_l.1742","provincia":"salta","provincia_nombre":"Salta","tipo":"servidumbre","estado":"desconocido","geom_kind":"linea","fuente_id":"salta.geonode.servidumbres","source_url":"https://geoportal.salta.gob.ar/geoserver/wfs?service=WFS&version=2.0.0&request=GetFeature&typeNames=geonode%3Aservidumbres_l&outputFormat=application%2Fjson&count=2000&startIndex=0&srsName=EPSG%3A4326","source_layer":"geonode:servidumbres_l","source_fid":"servidumbres_l.1742","source_srid":4326,"fetched_at":"2026-07-28T13:38:01+00:00","licencia":"no_especificada","expediente":"845385","titular":"MANUFACTURAS LOS ANDES S.A","titular_norm":"MANUFACTURAS LOS ANDES","titular_es_persona":false,"fecha_inicio":"2024-02-19","departamento":"Los Andes","municipio":"San Antonio De Los Cobres","lugar":"Salar De Hombre Muerto"}},{"type":"Feature","geometry":{"type":"MultiLineString","coordinates":[[[-66.92804,-24.1791],[-66.92872,-24.17876],[-66.93023,-24.17869],[-66.94114,-24.18391],[-66.94168,-24.18388],[-66.94341,-24.18483],[-66.94565,-24.18661],[-66.9464,-24.18785],[-66.94692,-24.18839],[-66.94743,-24.18874],[-66.94802,-24.1887],[-66.9485,-24.18836],[-66.94904,-24.18705],[-66.95183,-24.17212],[-66.95566,-24.15902],[-66.96255,-24.14717]]]},"properties":{"id":"salta:servidumbres:servidumbres_l.1743","provincia":"salta","provincia_nombre":"Salta","tipo":"servidumbre","estado":"desconocido","geom_kind":"linea","fuente_id":"salta.geonode.servidumbres","source_url":"https://geoportal.salta.gob.ar/geoserver/wfs?service=WFS&version=2.0.0&request=GetFeature&typeNames=geonode%3Aservidumbres_l&outputFormat=application%2Fjson&count=2000&startIndex=0&srsName=EPSG%3A4326","source_layer":"geonode:servidumbres_l","source_fid":"servidumbres_l.1743","source_srid":4326,"fetched_at":"2026-07-28T13:38:01+00:00","licencia":"no_especificada","expediente":"813691","titular":"PUNA MINING S.A","titular_norm":"PUNA MINING","titular_es_persona":false,"fecha_inicio":"2023-05-29","departamento":"Los Andes","municipio":"San Antonio De Los Cobres","lugar":"Salar De Rincon"}},{"type":"Feature","geometry":{"type":"MultiLineString","coordinates":[[[-66.06948,-23.79251],[-66.06912,-23.79171],[-66.06901,-23.79096],[-66.06713,-23.78896],[-66.05869,-23.78167],[-66.05794,-23.78065],[-66.05553,-23.77839],[-66.04878,-23.7674],[-66.04502,-23.75471],[-66.04569,-23.75233],[-66.04666,-23.75076],[-66.04947,-23.74517],[-66.05086,-23.74405],[-66.05243,-23.74363],[-66.06241,-23.7417],[-66.07702,-23.73906],[-66.08,-23.73816],[-66.08285,-23.73664],[-66.08329,-23.73625],[-66.08304,-23.73438],[-66.08178,-23.73058]]]},"properties":{"id":"salta:servidumbres:servidumbres_l.1744","provincia":"salta","provincia_nombre":"Salta","tipo":"servidumbre","estado":"desconocido","geom_kind":"linea","fuente_id":"salta.geonode.servidumbres","source_url":"https://geoportal.salta.gob.ar/geoserver/wfs?service=WFS&version=2.0.0&request=GetFeature&typeNames=geonode%3Aservidumbres_l&outputFormat=application%2Fjson&count=2000&startIndex=0&srsName=EPSG%3A4326","source_layer":"geonode:servidumbres_l","source_fid":"servidumbres_l.1744","source_srid":4326,"fetched_at":"2026-07-28T13:38:01+00:00","licencia":"no_especificada","expediente":"11782","titular":"LITHIUM S CORPORATION S.A","titular_norm":"LITHIUM S CORPORATION","titular_es_persona":false,"fecha_inicio":"1983-09-06","departamento":"La Poma","municipio":"La Poma"}},{"type":"Feature","geometry":{"type":"MultiLineString","coordinates":[[[-66.85369,-24.12372],[-66.85369,-24.12392],[-66.85308,-24.12478],[-66.85261,-24.12547],[-66.85194,-24.12611],[-66.85111,-24.12681],[-66.85047,-24.12733],[-66.84989,-24.12819],[-66.8495,-24.12897],[-66.84914,-24.12986],[-66.84903,-24.13072],[-66.84886,-24.13175],[-66.84869,-24.13267],[-66.84886,-24.13378],[-66.84867,-24.13481],[-66.84856,-24.13583],[-66.84828,-24.13664],[-66.84817,-24.13747],[-66.84803,-24.13822],[-66.84778,-24.14],[-66.84758,-24.14081],[-66.84717,-24.14189],[-66.84683,-24.14269],[-66.84644,-24.14353],[-66.846,-24.14433],[-66.84564,-24.14508],[-66.84525,-24.14581],[-66.84481,-24.14667],[-66.8445,-24.14739],[-66.84414,-24.14825],[-66.84375,-24.14903],[-66.84339,-24.14978],[-66.84303,-24.15058],[-66.84261,-24.15164],[-66.84169,-24.15339],[-66.84131,-24.15436],[-66.84097,-24.1555],[-66.84056,-24.15664],[-66.84022,-24.15761],[-66.83972,-24.15878],[-66.83889,-24.16025],[-66.83869,-24.16122],[-66.83833,-24.16194],[-66.83825,-24.16286],[-66.83825,-24.16375],[-66.8385,-24.16458],[-66.83892,-24.16533],[-66.83958,-24.166],[-66.84039,-24.16672],[-66.84122,-24.16706],[-66.84222,-24.16778],[-66.84294,-24.16825],[-66.84325,-24.16892],[-66.84364,-24.16981],[-66.84406,-24.17069],[-66.84461,-24.17142],[-66.84497,-24.17222],[-66.84483,-24.17339],[-66.84489,-24.17419],[-66.84525,-24.17494],[-66.84531,-24.17581],[-66.84475,-24.17628],[-66.84422,-24.17708],[-66.84361,-24.17772],[-66.84303,-24.17833],[-66.84242,-24.17886],[-66.84133,-24.18011],[-66.84067,-24.18056],[-66.84,-24.18122],[-66.83917,-24.18094],[-66.83803,-24.18086],[-66.83733,-24.18103],[-66.83642,-24.18128],[-66.83594,-24.18181],[-66.83533,-24.18222],[-66.83483,-24.18172],[-66.83444,-24.18108],[-66.83364,-24.18136],[-66.83319,-24.18172]]]},"properties":{"id":"salta:servidumbres:servidumbres_l.1745","provincia":"salta","provincia_nombre":"Salta","tipo":"servidumbre","estado":"desconocido","geom_kind":"linea","fuente_id":"salta.geonode.servidumbres","source_url":"https://geoportal.salta.gob.ar/geoserver/wfs?service=WFS&version=2.0.0&request=GetFeature&typeNames=geonode%3Aservidumbres_l&outputFormat=application%2Fjson&count=2000&startIndex=0&srsName=EPSG%3A4326","source_layer":"geonode:servidumbres_l","source_fid":"servidumbres_l.1745","source_srid":4326,"fetched_at":"2026-07-28T13:38:01+00:00","licencia":"no_especificada","expediente":"18362","titular":"ALVAREZ FRANCISCO","titular_norm":"ALVAREZ FRANCISCO","titular_es_persona":true,"fecha_inicio":"2006-03-27","departamento":"Los Andes"}},{"type":"Feature","geometry":{"type":"MultiLineString","coordinates":[[[-64.0008,-22.51195],[-64.00075,-22.51228],[-64.00083,-22.51632],[-64.00121,-22.52911],[-64.00271,-22.53097],[-64.00296,-22.53146],[-64.00311,-22.53279],[-64.00351,-22.53497],[-64.00351,-22.53546],[-64.00074,-22.53895],[-64.00037,-22.53755],[-63.99884,-22.53474],[-63.99822,-22.53423],[-63.99605,-22.53428],[-63.99336,-22.53488],[-63.99183,-22.53502],[-63.99028,-22.53418],[-63.98896,-22.53409],[-63.98726,-22.5341]]]},"properties":{"id":"salta:servidumbres:servidumbres_l.1746","provincia":"salta","provincia_nombre":"Salta","tipo":"servidumbre","estado":"desconocido","geom_kind":"linea","fuente_id":"salta.geonode.servidumbres","source_url":"https://geoportal.salta.gob.ar/geoserver/wfs?service=WFS&version=2.0.0&request=GetFeature&typeNames=geonode%3Aservidumbres_l&outputFormat=application%2Fjson&count=2000&startIndex=0&srsName=EPSG%3A4326","source_layer":"geonode:servidumbres_l","source_fid":"servidumbres_l.1746","source_srid":4326,"fetched_at":"2026-07-28T13:38:01+00:00","licencia":"no_especificada","expediente":"17604","titular":"PAN AMERICAN ENERGY","titular_norm":"PAN AMERICAN ENERGY","titular_es_persona":true,"fecha_inicio":"2002-11-12","departamento":"General José De San Martín"}},{"type":"Feature","geometry":{"type":"MultiLineString","coordinates":[[[-66.13967,-23.68293],[-66.09922,-23.69566],[-66.12259,-23.74983]]]},"properties":{"id":"salta:servidumbres:servidumbres_l.1747","provincia":"salta","provincia_nombre":"Salta","tipo":"servidumbre","estado":"desconocido","geom_kind":"linea","fuente_id":"salta.geonode.servidumbres","source_url":"https://geoportal.salta.gob.ar/geoserver/wfs?service=WFS&version=2.0.0&request=GetFeature&typeNames=geonode%3Aservidumbres_l&outputFormat=application%2Fjson&count=2000&startIndex=0&srsName=EPSG%3A4326","source_layer":"geonode:servidumbres_l","source_fid":"servidumbres_l.1747","source_srid":4326,"fetched_at":"2026-07-28T13:38:01+00:00","licencia":"no_especificada","expediente":"20534","titular":"SOUTH AMERICAN SALARS S.A","titular_norm":"SOUTH AMERICAN SALARS","titular_es_persona":false,"fecha_inicio":"2010-08-30","departamento":"La Poma","municipio":"La Poma"}},{"type":"Feature","geometry":{"type":"MultiLineString","coordinates":[[[-66.43593,-24.23672],[-66.43593,-24.23666],[-66.43594,-24.2366],[-66.43595,-24.23654],[-66.43598,-24.23648],[-66.436,-24.23642],[-66.43604,-24.23637],[-66.43608,-24.23632],[-66.43612,-24.23628],[-66.43617,-24.23624],[-66.43623,-24.2362],[-66.43628,-24.23617],[-66.43634,-24.23614],[-66.43641,-24.23612],[-66.43647,-24.23611],[-66.43654,-24.2361],[-66.4366,-24.23609],[-66.43667,-24.2361],[-66.43674,-24.23611],[-66.4368,-24.23612],[-66.43686,-24.23614],[-66.43692,-24.23617],[-66.43698,-24.2362],[-66.43703,-24.23623],[-66.43708,-24.23627],[-66.43713,-24.23632],[-66.43717,-24.23637],[-66.4372,-24.23642],[-66.43723,-24.23648],[-66.43725,-24.23653],[-66.43727,-24.23659],[-66.43728,-24.23665],[-66.43728,-24.23671],[-66.43728,-24.23678],[-66.43727,-24.23684],[-66.43726,-24.2369],[-66.43723,-24.23695],[-66.43721,-24.23701],[-66.43717,-24.23706],[-66.43713,-24.23711],[-66.43709,-24.23716],[-66.43704,-24.2372],[-66.43698,-24.23723],[-66.43693,-24.23727],[-66.43687,-24.23729],[-66.4368,-24.23731],[-66.43674,-24.23733],[-66.43667,-24.23734],[-66.43661,-24.23734],[-66.43654,-24.23734],[-66.43647,-24.23733],[-66.43641,-24.23731],[-66.43635,-24.23729],[-66.43629,-24.23727],[-66.43623,-24.23724],[-66.43618,-24.2372],[-66.43613,-24.23716],[-66.43608,-24.23711],[-66.43604,-24.23706],[-66.43601,-24.23701],[-66.43598,-24.23696],[-66.43596,-24.2369],[-66.43594,-24.23684],[-66.43593,-24.23678],[-66.43593,-24.23672]]]},"properties":{"id":"salta:servidumbres:servidumbres_l.1748","provincia":"salta","provincia_nombre":"Salta","tipo":"servidumbre","estado":"desconocido","geom_kind":"linea","fuente_id":"salta.geonode.servidumbres","source_url":"https://geoportal.salta.gob.ar/geoserver/wfs?service=WFS&version=2.0.0&request=GetFeature&typeNames=geonode%3Aservidumbres_l&outputFormat=application%2Fjson&count=2000&startIndex=0&srsName=EPSG%3A4326","source_layer":"geonode:servidumbres_l","source_fid":"servidumbres_l.1748","source_srid":4326,"fetched_at":"2026-07-28T13:38:01+00:00","licencia":"no_especificada","expediente":"17621","titular":"SANTA RITA S.R.L","titular_norm":"SANTA RITA","titular_es_persona":false,"fecha_inicio":"2002-12-30","departamento":"Los Andes"}},{"type":"Feature","geometry":{"type":"MultiLineString","coordinates":[[[-66.65589,-24.60273],[-66.6588,-24.60383],[-66.66013,-24.60371],[-66.66191,-24.60249],[-66.66642,-24.60409],[-66.66967,-24.60628],[-66.67069,-24.60622],[-66.67208,-24.6058]]]},"properties":{"id":"salta:servidumbres:servidumbres_l.1749","provincia":"salta","provincia_nombre":"Salta","tipo":"servidumbre","estado":"desconocido","geom_kind":"linea","fuente_id":"salta.geonode.servidumbres","source_url":"https://geoportal.salta.gob.ar/geoserver/wfs?service=WFS&version=2.0.0&request=GetFeature&typeNames=geonode%3Aservidumbres_l&outputFormat=application%2Fjson&count=2000&startIndex=0&srsName=EPSG%3A4326","source_layer":"geonode:servidumbres_l","source_fid":"servidumbres_l.1749","source_srid":4326,"fetched_at":"2026-07-28T13:38:01+00:00","licencia":"no_especificada","expediente":"723917","titular":"PROYECTO PASTOS GRANDES S.A","titular_norm":"PROYECTO PASTOS GRANDES","titular_es_persona":false,"fecha_inicio":"2021-01-08","departamento":"Los Andes","municipio":"San Antonio De Los Cobres"}},{"type":"Feature","geometry":{"type":"MultiLineString","coordinates":[[[-67.01233,-25.18084],[-67.01386,-25.1826],[-67.01433,-25.18557],[-67.01469,-25.18922],[-67.01629,-25.19471],[-67.02482,-25.21074],[-67.03389,-25.22178],[-67.04063,-25.23285],[-67.04864,-25.24575],[-67.05449,-25.25763],[-67.05384,-25.26196],[-67.0524,-25.26362],[-67.05224,-25.26531],[-67.05186,-25.26654]]]},"properties":{"id":"salta:servidumbres:servidumbres_l.1750","provincia":"salta","provincia_nombre":"Salta","tipo":"servidumbre","estado":"desconocido","geom_kind":"linea","fuente_id":"salta.geonode.servidumbres","source_url":"https://geoportal.salta.gob.ar/geoserver/wfs?service=WFS&version=2.0.0&request=GetFeature&typeNames=geonode%3Aservidumbres_l&outputFormat=application%2Fjson&count=2000&startIndex=0&srsName=EPSG%3A4326","source_layer":"geonode:servidumbres_l","source_fid":"servidumbres_l.1750","source_srid":4326,"fetched_at":"2026-07-28T13:38:01+00:00","licencia":"no_especificada","expediente":"23950","titular":"BORAX ARGENTINA S.A","titular_norm":"BORAX ARGENTINA","titular_es_persona":false,"fecha_inicio":"2019-04-12","departamento":"Los Andes","municipio":"San Antonio De Los Cobres","lugar":"Camino A Tincalayu"}},{"type":"Feature","geometry":{"type":"MultiLineString","coordinates":[[[-66.69913,-24.66037],[-66.70052,-24.66053],[-66.69251,-24.62641],[-66.69539,-24.62546],[-66.71016,-24.63244],[-66.70343,-24.62837],[-66.70408,-24.6383],[-66.70303,-24.63809],[-66.70024,-24.63909],[-66.70084,-24.64221],[-66.7007,-24.64243],[-66.70128,-24.64497],[-66.70167,-24.64669],[-66.70163,-24.6471],[-66.70186,-24.64977],[-66.70208,-24.65024],[-66.70221,-24.65038],[-66.70186,-24.6508],[-66.70193,-24.65122],[-66.70193,-24.65156],[-66.70219,-24.65208],[-66.70221,-24.65382],[-66.70202,-24.65441],[-66.70195,-24.65504],[-66.7017,-24.65661],[-66.70167,-24.65838],[-66.70168,-24.6607],[-66.70427,-24.62758],[-66.70403,-24.62766],[-66.70247,-24.623],[-66.70222,-24.62309],[-66.71056,-24.6463],[-66.71026,-24.64594],[-66.71194,-24.64794],[-66.71164,-24.64758],[-66.70179,-24.67213],[-66.70438,-24.67212],[-66.70431,-24.66051],[-66.72322,-24.65021],[-66.72269,-24.6502],[-66.72332,-24.64684],[-66.72275,-24.64683],[-66.72421,-24.64145],[-66.72384,-24.64145],[-66.72427,-24.63789],[-66.72383,-24.63789],[-66.72417,-24.63124],[-66.72381,-24.63124],[-66.71075,-24.62978],[-66.71075,-24.63016],[-66.7164,-24.62973],[-66.7164,-24.63013],[-66.7164,-24.62973],[-66.7164,-24.63013],[-66.72139,-24.62975],[-66.72139,-24.63011],[-66.70872,-24.64702],[-66.71039,-24.64902],[-66.71664,-24.65353],[-66.71994,-24.65559],[-66.72108,-24.65556],[-66.72284,-24.65294],[-66.72297,-24.64534],[-66.72404,-24.64536],[-66.724,-24.62992],[-66.70988,-24.62998],[-66.71008,-24.63617],[-66.70376,-24.63821],[-66.71072,-24.64619],[-66.70941,-24.64711],[-66.71049,-24.64839],[-66.71179,-24.64747],[-66.69924,-24.61114],[-66.69285,-24.61326],[-66.69212,-24.61329],[-66.69059,-24.6138],[-66.6939,-24.62212],[-66.69418,-24.62242],[-66.69739,-24.63048],[-66.69937,-24.62983],[-66.69954,-24.62966],[-66.70438,-24.62805],[-66.70103,-24.61961],[-66.70242,-24.61915],[-66.68966,-24.62502],[-66.6917,-24.62435],[-66.69347,-24.62886],[-66.69142,-24.62953],[-66.69715,-24.66038],[-66.69714,-24.65713],[-66.69911,-24.65712],[-66.71181,-24.64743],[-66.71178,-24.64745]]]},"properties":{"id":"salta:servidumbres:servidumbres_l.1751","provincia":"salta","provincia_nombre":"Salta","tipo":"servidumbre","estado":"desconocido","geom_kind":"linea","fuente_id":"salta.geonode.servidumbres","source_url":"https://geoportal.salta.gob.ar/geoserver/wfs?service=WFS&version=2.0.0&request=GetFeature&typeNames=geonode%3Aservidumbres_l&outputFormat=application%2Fjson&count=2000&startIndex=0&srsName=EPSG%3A4326","source_layer":"geonode:servidumbres_l","source_fid":"servidumbres_l.1751","source_srid":4326,"fetched_at":"2026-07-28T13:38:01+00:00","licencia":"no_especificada","expediente":"794335","titular":"PUNA ARGENTINA S.A.S","titular_norm":"PUNA ARGENTINA","titular_es_persona":false,"fecha_inicio":"2022-11-30","departamento":"Los Andes","municipio":"San Antonio De Los Cobres","lugar":"Santa Rosa De Los Pastos Grandes"}},{"type":"Feature","geometry":{"type":"MultiLineString","coordinates":[[[-67.02334,-25.19189],[-67.02302,-25.192]],[[-67.02189,-25.19241],[-67.02157,-25.19253]],[[-67.01978,-25.19317],[-67.01947,-25.19329]],[[-67.01954,-25.19343],[-67.01973,-25.19376],[-67.0208,-25.19362],[-67.02103,-25.19376]],[[-67.02262,-25.18984],[-67.0223,-25.18996]],[[-67.0224,-25.19011],[-67.02271,-25.19052]],[[-67.01813,-25.195],[-67.01793,-25.19445],[-67.01777,-25.19408]],[[-67.01667,-25.19079],[-67.01647,-25.19033]],[[-67.01865,-25.18935],[-67.01897,-25.18924]],[[-67.01987,-25.18891],[-67.02019,-25.18879]],[[-67.02096,-25.18851],[-67.02128,-25.1884]],[[-67.01969,-25.18969],[-67.01969,-25.18955],[-67.02201,-25.18868],[-67.02224,-25.18905],[-67.02313,-25.18875],[-67.02322,-25.1889]],[[-67.0228,-25.18922],[-67.02279,-25.18889],[-67.02265,-25.18854],[-67.0229,-25.18844]],[[-67.02265,-25.18854],[-67.02192,-25.18834]]]},"properties":{"id":"salta:servidumbres:servidumbres_l.1752","provincia":"salta","provincia_nombre":"Salta","tipo":"servidumbre","estado":"desconocido","geom_kind":"linea","fuente_id":"salta.geonode.servidumbres","source_url":"https://geoportal.salta.gob.ar/geoserver/wfs?service=WFS&version=2.0.0&request=GetFeature&typeNames=geonode%3Aservidumbres_l&outputFormat=application%2Fjson&count=2000&startIndex=0&srsName=EPSG%3A4326","source_layer":"geonode:servidumbres_l","source_fid":"servidumbres_l.1752","source_srid":4326,"fetched_at":"2026-07-28T13:38:01+00:00","licencia":"no_especificada","expediente":"845385","titular":"MANUFACTURAS LOS ANDES S.A","titular_norm":"MANUFACTURAS LOS ANDES","titular_es_persona":false,"fecha_inicio":"2024-02-19","departamento":"Los Andes","municipio":"San Antonio De Los Cobres","lugar":"Salar De Hombre Muerto"}},{"type":"Feature","geometry":{"type":"MultiLineString","coordinates":[[[-66.97006,-24.02914],[-66.97014,-24.02936],[-66.97011,-24.02956],[-66.96997,-24.02964],[-66.97017,-24.02994],[-66.97031,-24.03025],[-66.97094,-24.03167],[-66.97131,-24.03206],[-66.97169,-24.03231],[-66.97214,-24.03253],[-66.97261,-24.03311],[-66.97325,-24.03394],[-66.97353,-24.03428],[-66.97372,-24.0345],[-66.97433,-24.03528],[-66.97461,-24.03553],[-66.97506,-24.03589],[-66.97531,-24.03611],[-66.97567,-24.03628],[-66.976,-24.03639],[-66.97622,-24.03647],[-66.97636,-24.0365],[-66.97897,-24.03675],[-66.98178,-24.03662],[-66.98595,-24.03551],[-66.98986,-24.03459],[-66.99444,-24.03425],[-66.99767,-24.03386],[-67.00048,-24.03349],[-67.00503,-24.03316],[-67.00926,-24.03276],[-67.01368,-24.03164],[-67.01733,-24.03036],[-67.02163,-24.02895],[-67.02753,-24.02661],[-67.03262,-24.02578],[-67.03624,-24.0234],[-67.03884,-24.02006],[-67.03904,-24.01649]]]},"properties":{"id":"salta:servidumbres:servidumbres_l.1753","provincia":"salta","provincia_nombre":"Salta","tipo":"servidumbre","estado":"desconocido","geom_kind":"linea","fuente_id":"salta.geonode.servidumbres","source_url":"https://geoportal.salta.gob.ar/geoserver/wfs?service=WFS&version=2.0.0&request=GetFeature&typeNames=geonode%3Aservidumbres_l&outputFormat=application%2Fjson&count=2000&startIndex=0&srsName=EPSG%3A4326","source_layer":"geonode:servidumbres_l","source_fid":"servidumbres_l.1753","source_srid":4326,"fetched_at":"2026-07-28T13:38:01+00:00","licencia":"no_especificada","expediente":"19055","titular":"RINCON MINING LIMITED","titular_norm":"RINCON MINING LIMITED","titular_es_persona":false,"fecha_inicio":"2007-12-28","departamento":"Los Andes","municipio":"San Antonio De Los Cobres"}},{"type":"Feature","geometry":{"type":"MultiLineString","coordinates":[[[-67.70439,-24.51894],[-67.70916,-24.52008],[-67.70849,-24.5147],[-67.70979,-24.50575],[-67.72011,-24.49036],[-67.72019,-24.48224]]]},"properties":{"id":"salta:servidumbres:servidumbres_l.1754","provincia":"salta","provincia_nombre":"Salta","tipo":"servidumbre","estado":"desconocido","geom_kind":"linea","fuente_id":"salta.geonode.servidumbres","source_url":"https://geoportal.salta.gob.ar/geoserver/wfs?service=WFS&version=2.0.0&request=GetFeature&typeNames=geonode%3Aservidumbres_l&outputFormat=application%2Fjson&count=2000&startIndex=0&srsName=EPSG%3A4326","source_layer":"geonode:servidumbres_l","source_fid":"servidumbres_l.1754","source_srid":4326,"fetched_at":"2026-07-28T13:38:01+00:00","licencia":"no_especificada","expediente":"9526","titular":"BUDANI MIGUEL DAMIAN","titular_norm":"BUDANI MIGUEL DAMIAN","titular_es_persona":true,"departamento":"Los Andes"}},{"type":"Feature","geometry":{"type":"MultiLineString","coordinates":[[[-67.72553,-24.79703],[-67.72545,-24.80605],[-67.73531,-24.80618],[-67.7452,-24.80626],[-67.75509,-24.80635],[-67.76497,-24.80643],[-67.77486,-24.80651],[-67.78475,-24.80659],[-67.79178,-24.80907],[-67.79089,-24.81805],[-67.79,-24.82704],[-67.78911,-24.83603],[-67.78744,-24.84492],[-67.78564,-24.8538],[-67.78384,-24.86267],[-67.78204,-24.87155],[-67.78024,-24.88043],[-67.77843,-24.8893],[-67.77663,-24.89817],[-67.77482,-24.90704],[-67.77302,-24.91592],[-67.77042,-24.92458],[-67.76672,-24.93296],[-67.76302,-24.94133],[-67.76102,-24.95001],[-67.76086,-24.95904],[-67.7607,-24.96806],[-67.76279,-24.97641],[-67.77074,-24.98179]]]},"properties":{"id":"salta:servidumbres:servidumbres_l.1755","provincia":"salta","provincia_nombre":"Salta","tipo":"servidumbre","estado":"desconocido","geom_kind":"linea","fuente_id":"salta.geonode.servidumbres","source_url":"https://geoportal.salta.gob.ar/geoserver/wfs?service=WFS&version=2.0.0&request=GetFeature&typeNames=geonode%3Aservidumbres_l&outputFormat=application%2Fjson&count=2000&startIndex=0&srsName=EPSG%3A4326","source_layer":"geonode:servidumbres_l","source_fid":"servidumbres_l.1755","source_srid":4326,"fetched_at":"2026-07-28T13:38:01+00:00","licencia":"no_especificada","expediente":"829279","titular":"ARLI S.A","titular_norm":"ARLI","titular_es_persona":false,"fecha_inicio":"2023-10-06","departamento":"Los Andes","municipio":"Tolar Grande","lugar":"Arizaro"}},{"type":"Feature","geometry":{"type":"MultiLineString","coordinates":[[[-66.26507,-23.70628],[-66.25663,-23.70893],[-66.25147,-23.72848],[-66.23916,-23.73101],[-66.22763,-23.72821],[-66.22092,-23.73566],[-66.21786,-23.73571],[-66.21514,-23.73796],[-66.21509,-23.74014],[-66.212,-23.74297],[-66.20636,-23.74921],[-66.19281,-23.75119],[-66.16062,-23.75755],[-66.15397,-23.75662],[-66.14176,-23.75794],[-66.13965,-23.7597],[-66.13278,-23.76134],[-66.12732,-23.76525],[-66.12467,-23.77296],[-66.10592,-23.78073],[-66.08131,-23.79292],[-66.07456,-23.79176]]]},"properties":{"id":"salta:servidumbres:servidumbres_l.1756","provincia":"salta","provincia_nombre":"Salta","tipo":"servidumbre","estado":"desconocido","geom_kind":"linea","fuente_id":"salta.geonode.servidumbres","source_url":"https://geoportal.salta.gob.ar/geoserver/wfs?service=WFS&version=2.0.0&request=GetFeature&typeNames=geonode%3Aservidumbres_l&outputFormat=application%2Fjson&count=2000&startIndex=0&srsName=EPSG%3A4326","source_layer":"geonode:servidumbres_l","source_fid":"servidumbres_l.1756","source_srid":4326,"fetched_at":"2026-07-28T13:38:01+00:00","licencia":"no_especificada","expediente":"20856","titular":"RODRIGUEZ SILVIA RENE","titular_norm":"RODRIGUEZ SILVIA RENE","titular_es_persona":true,"fecha_inicio":"2011-04-06","departamento":"La Poma","municipio":"La Poma"}},{"type":"Feature","geometry":{"type":"MultiLineString","coordinates":[[[-66.82707,-25.27851],[-66.84029,-25.24925],[-66.85429,-25.19311],[-66.87187,-25.1511]]]},"properties":{"id":"salta:servidumbres:servidumbres_l.1757","provincia":"salta","provincia_nombre":"Salta","tipo":"servidumbre","estado":"desconocido","geom_kind":"linea","fuente_id":"salta.geonode.servidumbres","source_url":"https://geoportal.salta.gob.ar/geoserver/wfs?service=WFS&version=2.0.0&request=GetFeature&typeNames=geonode%3Aservidumbres_l&outputFormat=application%2Fjson&count=2000&startIndex=0&srsName=EPSG%3A4326","source_layer":"geonode:servidumbres_l","source_fid":"servidumbres_l.1757","source_srid":4326,"fetched_at":"2026-07-28T13:38:01+00:00","licencia":"no_especificada","expediente":"18927","titular":"PACIFIC RIM MINING CORPORATION ARGENTINA S.A","titular_norm":"PACIFIC RIM MINING CORPORATION ARGENTINA","titular_es_persona":false,"fecha_inicio":"2007-08-21","departamento":"Los Andes","lugar":"Palermo"}},{"type":"Feature","geometry":{"type":"MultiLineString","coordinates":[[[-67.71931,-24.44916],[-67.7331,-24.44961]]]},"properties":{"id":"salta:servidumbres:servidumbres_l.1758","provincia":"salta","provincia_nombre":"Salta","tipo":"servidumbre","estado":"desconocido","geom_kind":"linea","fuente_id":"salta.geonode.servidumbres","source_url":"https://geoportal.salta.gob.ar/geoserver/wfs?service=WFS&version=2.0.0&request=GetFeature&typeNames=geonode%3Aservidumbres_l&outputFormat=application%2Fjson&count=2000&startIndex=0&srsName=EPSG%3A4326","source_layer":"geonode:servidumbres_l","source_fid":"servidumbres_l.1758","source_srid":4326,"fetched_at":"2026-07-28T13:38:01+00:00","licencia":"no_especificada","expediente":"7565","titular":"RED ENRIQUE","titular_norm":"RED ENRIQUE","titular_es_persona":true,"fecha_inicio":"2001-10-25","departamento":"Los Andes"}},{"type":"Feature","geometry":{"type":"MultiLineString","coordinates":[[[-66.77552,-25.2752],[-66.79934,-25.26257]]]},"properties":{"id":"salta:servidumbres:servidumbres_l.1759","provincia":"salta","provincia_nombre":"Salta","tipo":"servidumbre","estado":"desconocido","geom_kind":"linea","fuente_id":"salta.geonode.servidumbres","source_url":"https://geoportal.salta.gob.ar/geoserver/wfs?service=WFS&version=2.0.0&request=GetFeature&typeNames=geonode%3Aservidumbres_l&outputFormat=application%2Fjson&count=2000&startIndex=0&srsName=EPSG%3A4326","source_layer":"geonode:servidumbres_l","source_fid":"servidumbres_l.1759","source_srid":4326,"fetched_at":"2026-07-28T13:38:01+00:00","licencia":"no_especificada","expediente":"16225","titular":"PACIFIC RIM MINING CORPORATION ARGENTINA S.A","titular_norm":"PACIFIC RIM MINING CORPORATION ARGENTINA","titular_es_persona":false,"fecha_inicio":"1997-12-21","departamento":"Los Andes"}},{"type":"Feature","geometry":{"type":"MultiLineString","coordinates":[[[-67.8137,-25.09428],[-67.81361,-25.0944],[-67.81327,-25.09507],[-67.81306,-25.09547],[-67.81298,-25.09558],[-67.81276,-25.09569],[-67.81264,-25.09575],[-67.81242,-25.09587],[-67.81178,-25.09621],[-67.8107,-25.0968],[-67.80956,-25.09744],[-67.80887,-25.0978],[-67.80849,-25.09802],[-67.80777,-25.09841],[-67.80715,-25.09873],[-67.80703,-25.09876],[-67.80674,-25.09868],[-67.80674,-25.09868],[-67.80536,-25.09808],[-67.80434,-25.0976],[-67.80378,-25.0973],[-67.8034,-25.09704],[-67.80298,-25.09679],[-67.8021,-25.09645],[-67.80162,-25.09624]]]},"properties":{"id":"salta:servidumbres:servidumbres_l.1760","provincia":"salta","provincia_nombre":"Salta","tipo":"servidumbre","estado":"desconocido","geom_kind":"linea","fuente_id":"salta.geonode.servidumbres","source_url":"https://geoportal.salta.gob.ar/geoserver/wfs?service=WFS&version=2.0.0&request=GetFeature&typeNames=geonode%3Aservidumbres_l&outputFormat=application%2Fjson&count=2000&startIndex=0&srsName=EPSG%3A4326","source_layer":"geonode:servidumbres_l","source_fid":"servidumbres_l.1760","source_srid":4326,"fetched_at":"2026-07-28T13:38:01+00:00","licencia":"no_especificada","expediente":"18387","titular":"MANSFIELD MINERA S.A","titular_norm":"MANSFIELD MINERA","titular_es_persona":false,"fecha_inicio":"2006-04-24","departamento":"Los Andes"}},{"type":"Feature","geometry":{"type":"MultiLineString","coordinates":[[[-66.72427,-24.63791],[-66.72386,-24.63792],[-66.72388,-24.6452],[-66.72281,-24.64518],[-66.72278,-24.64684],[-66.72277,-24.64684],[-66.72276,-24.64718],[-66.71183,-24.64741],[-66.71157,-24.64759],[-66.71142,-24.64741]],[[-66.72421,-24.64148],[-66.72386,-24.64148],[-66.72387,-24.64519],[-66.7228,-24.64517],[-66.72277,-24.64683],[-66.72276,-24.64683],[-66.72275,-24.64718],[-66.71183,-24.6474],[-66.71157,-24.64757],[-66.71143,-24.6474]],[[-66.70189,-24.66082],[-66.70189,-24.65952],[-66.72267,-24.64923],[-66.72275,-24.64923],[-66.72279,-24.64686],[-66.72332,-24.64687]],[[-66.72014,-24.63725],[-66.72014,-24.63743],[-66.71703,-24.63748],[-66.71708,-24.64735],[-66.71185,-24.64746],[-66.71156,-24.64766],[-66.71138,-24.64744]],[[-66.71583,-24.6376],[-66.71582,-24.6375],[-66.71702,-24.63748],[-66.71707,-24.64734],[-66.71185,-24.64745],[-66.71156,-24.64765],[-66.71138,-24.64744]],[[-66.71995,-24.6416],[-66.71995,-24.64177],[-66.71703,-24.64178],[-66.71706,-24.64734],[-66.71184,-24.64744],[-66.71157,-24.64764],[-66.71139,-24.64743]],[[-66.7157,-24.64188],[-66.7157,-24.64178],[-66.71702,-24.64178],[-66.71705,-24.64733],[-66.71184,-24.64743],[-66.71157,-24.64762],[-66.7114,-24.64742]],[[-66.72142,-24.62975],[-66.72142,-24.63007],[-66.71004,-24.63013],[-66.71024,-24.63626],[-66.71137,-24.63756],[-66.71177,-24.64735],[-66.71159,-24.64747],[-66.71149,-24.64736]],[[-66.71643,-24.62973],[-66.71643,-24.63011],[-66.71005,-24.63014],[-66.71025,-24.63626],[-66.71138,-24.63755],[-66.71178,-24.64735],[-66.71159,-24.64748],[-66.71149,-24.64736]],[[-66.71078,-24.62978],[-66.71078,-24.63014],[-66.71006,-24.63015],[-66.71026,-24.63625],[-66.71139,-24.63755],[-66.71179,-24.64736],[-66.71159,-24.6475],[-66.71148,-24.64737]],[[-66.69547,-24.62422],[-66.692,-24.62536],[-66.69221,-24.6259],[-66.69219,-24.62591]],[[-66.69223,-24.62601],[-66.69226,-24.626],[-66.69201,-24.62537],[-66.69547,-24.62423]],[[-66.71144,-24.6474],[-66.71158,-24.64756],[-66.71184,-24.64738],[-66.71144,-24.63759],[-66.71122,-24.63753]],[[-66.71145,-24.64739],[-66.71158,-24.64755],[-66.71183,-24.64737],[-66.71143,-24.63754],[-66.7103,-24.63624],[-66.71017,-24.63241],[-66.70324,-24.62822],[-66.70412,-24.62793],[-66.70401,-24.62765],[-66.70426,-24.62756]],[[-66.71145,-24.64739],[-66.71158,-24.64754],[-66.71182,-24.64737],[-66.71142,-24.63754],[-66.71029,-24.63624],[-66.71017,-24.63242],[-66.70322,-24.62821],[-66.7041,-24.62792],[-66.70299,-24.62511],[-66.70026,-24.62602],[-66.69984,-24.62496],[-66.69989,-24.62494]],[[-66.71146,-24.64738],[-66.71158,-24.64752],[-66.71181,-24.64736],[-66.71141,-24.63754],[-66.71028,-24.63625],[-66.71016,-24.63242],[-66.7032,-24.62821],[-66.70409,-24.62792],[-66.70217,-24.62308],[-66.70246,-24.62298]],[[-66.71147,-24.64738],[-66.71158,-24.64751],[-66.7118,-24.64736],[-66.7114,-24.63755],[-66.71027,-24.63625],[-66.71015,-24.63243],[-66.70319,-24.62822],[-66.70118,-24.62888],[-66.70117,-24.62885]]]},"properties":{"id":"salta:servidumbres:servidumbres_l.1761","provincia":"salta","provincia_nombre":"Salta","tipo":"servidumbre","estado":"desconocido","geom_kind":"linea","fuente_id":"salta.geonode.servidumbres","source_url":"https://geoportal.salta.gob.ar/geoserver/wfs?service=WFS&version=2.0.0&request=GetFeature&typeNames=geonode%3Aservidumbres_l&outputFormat=application%2Fjson&count=2000&startIndex=0&srsName=EPSG%3A4326","source_layer":"geonode:servidumbres_l","source_fid":"servidumbres_l.1761","source_srid":4326,"fetched_at":"2026-07-28T13:38:01+00:00","licencia":"no_especificada","expediente":"794335","titular":"PUNA ARGENTINA S.A.S","titular_norm":"PUNA ARGENTINA","titular_es_persona":false,"fecha_inicio":"2022-11-30","departamento":"Los Andes","municipio":"San Antonio De Los Cobres","lugar":"Santa Rosa De Los Pastos Grandes"}},{"type":"Feature","geometry":{"type":"MultiLineString","coordinates":[[[-66.72149,-24.1394],[-66.72146,-24.14133],[-66.72035,-24.14177],[-66.71841,-24.14111],[-66.71694,-24.14077],[-66.71695,-24.14019],[-66.71655,-24.13958],[-66.71628,-24.13579],[-66.71419,-24.13531]]]},"properties":{"id":"salta:servidumbres:servidumbres_l.1762","provincia":"salta","provincia_nombre":"Salta","tipo":"servidumbre","estado":"desconocido","geom_kind":"linea","fuente_id":"salta.geonode.servidumbres","source_url":"https://geoportal.salta.gob.ar/geoserver/wfs?service=WFS&version=2.0.0&request=GetFeature&typeNames=geonode%3Aservidumbres_l&outputFormat=application%2Fjson&count=2000&startIndex=0&srsName=EPSG%3A4326","source_layer":"geonode:servidumbres_l","source_fid":"servidumbres_l.1762","source_srid":4326,"fetched_at":"2026-07-28T13:38:01+00:00","licencia":"no_especificada","expediente":"17586","titular":"IMPORTADORA-EXPORTADORA AVANTI S.R.L","titular_norm":"IMPORTADORA EXPORTADORA AVANTI","titular_es_persona":false,"fecha_inicio":"2002-10-07","departamento":"Los Andes","lugar":"Salar De Pastos Grandes"}},{"type":"Feature","geometry":{"type":"MultiLineString","coordinates":[[[-67.01931,-25.18226],[-67.02002,-25.18355],[-67.02052,-25.18444],[-67.02079,-25.18492],[-67.02113,-25.18561],[-67.02159,-25.18657],[-67.02195,-25.18735],[-67.02211,-25.18769],[-67.02241,-25.18814],[-67.02309,-25.18847]]]},"properties":{"id":"salta:servidumbres:servidumbres_l.1763","provincia":"salta","provincia_nombre":"Salta","tipo":"servidumbre","estado":"desconocido","geom_kind":"linea","fuente_id":"salta.geonode.servidumbres","source_url":"https://geoportal.salta.gob.ar/geoserver/wfs?service=WFS&version=2.0.0&request=GetFeature&typeNames=geonode%3Aservidumbres_l&outputFormat=application%2Fjson&count=2000&startIndex=0&srsName=EPSG%3A4326","source_layer":"geonode:servidumbres_l","source_fid":"servidumbres_l.1763","source_srid":4326,"fetched_at":"2026-07-28T13:38:01+00:00","licencia":"no_especificada","expediente":"845385","titular":"MANUFACTURAS LOS ANDES S.A","titular_norm":"MANUFACTURAS LOS ANDES","titular_es_persona":false,"fecha_inicio":"2024-02-19","departamento":"Los Andes","municipio":"San Antonio De Los Cobres","lugar":"Salar De Hombre Muerto"}},{"type":"Feature","geometry":{"type":"MultiLineString","coordinates":[[[-66.69471,-24.76779],[-66.66256,-24.76793]]]},"properties":{"id":"salta:servidumbres:servidumbres_l.1764","provincia":"salta","provincia_nombre":"Salta","tipo":"servidumbre","estado":"desconocido","geom_kind":"linea","fuente_id":"salta.geonode.servidumbres","source_url":"https://geoportal.salta.gob.ar/geoserver/wfs?service=WFS&version=2.0.0&request=GetFeature&typeNames=geonode%3Aservidumbres_l&outputFormat=application%2Fjson&count=2000&startIndex=0&srsName=EPSG%3A4326","source_layer":"geonode:servidumbres_l","source_fid":"servidumbres_l.1764","source_srid":4326,"fetched_at":"2026-07-28T13:38:01+00:00","licencia":"no_especificada","expediente":"20280","titular":"LACUS MINERALS S.A","titular_norm":"LACUS MINERALS","titular_es_persona":false,"fecha_inicio":"2010-04-19","departamento":"Los Andes"}},{"type":"Feature","geometry":{"type":"MultiLineString","coordinates":[[[-68.24133,-24.79248],[-68.2423,-24.78864],[-68.24289,-24.78448],[-68.24212,-24.78397],[-68.24108,-24.78375],[-68.24007,-24.78384],[-68.23901,-24.78376],[-68.23786,-24.78396],[-68.23692,-24.78465],[-68.236,-24.78463],[-68.23493,-24.78459],[-68.23428,-24.78433],[-68.23427,-24.78369],[-68.2337,-24.7831],[-68.23337,-24.78223],[-68.23296,-24.7813],[-68.23259,-24.78036],[-68.23248,-24.78005],[-68.23248,-24.78005],[-68.23219,-24.77848],[-68.23207,-24.77739],[-68.23168,-24.77653],[-68.23093,-24.77589],[-68.23045,-24.77512],[-68.22987,-24.77491],[-68.22915,-24.77546],[-68.22819,-24.77581],[-68.22724,-24.77598],[-68.22653,-24.7767],[-68.22604,-24.7773],[-68.22529,-24.77732],[-68.22433,-24.77721],[-68.22337,-24.77714],[-68.22226,-24.77718],[-68.22142,-24.77747],[-68.22087,-24.77766],[-68.22049,-24.77702],[-68.22001,-24.77656],[-68.21929,-24.77685],[-68.21857,-24.77691],[-68.21784,-24.77668],[-68.21695,-24.77655],[-68.21608,-24.77641],[-68.21535,-24.77674],[-68.21457,-24.77719],[-68.21367,-24.77742],[-68.21287,-24.778],[-68.21212,-24.77877],[-68.21131,-24.77946],[-68.2106,-24.78016],[-68.2098,-24.78056],[-68.20892,-24.7809],[-68.20799,-24.78135],[-68.20704,-24.78183],[-68.20602,-24.78237],[-68.20495,-24.78286],[-68.20387,-24.78332],[-68.20287,-24.78376],[-68.20181,-24.78421],[-68.20072,-24.78468],[-68.19964,-24.78516],[-68.19852,-24.78564],[-68.19745,-24.7861],[-68.1964,-24.78655],[-68.19555,-24.78691],[-68.1948,-24.78722],[-68.19388,-24.78761],[-68.19301,-24.78799],[-68.19233,-24.78809],[-68.19184,-24.78811],[-68.19181,-24.78825],[-68.19145,-24.78874],[-68.19009,-24.79042],[-68.18972,-24.79156],[-68.18924,-24.79251],[-68.18786,-24.79419],[-68.18653,-24.7954],[-68.18525,-24.7967],[-68.18484,-24.79698],[-68.18446,-24.79721],[-68.18406,-24.79745],[-68.18339,-24.79814],[-68.1832,-24.79857],[-68.1832,-24.79905],[-68.18338,-24.79946],[-68.18317,-24.79987],[-68.18287,-24.80028],[-68.18251,-24.80073],[-68.18212,-24.80157],[-68.18134,-24.80298],[-68.18093,-24.80367],[-68.18023,-24.80423],[-68.17964,-24.80468],[-68.17926,-24.80519],[-68.17768,-24.80699],[-68.17714,-24.80773],[-68.17641,-24.80865],[-68.1749,-24.80965],[-68.17298,-24.81052],[-68.17212,-24.81097],[-68.17142,-24.81134],[-68.17028,-24.8119],[-68.16837,-24.81384],[-68.16735,-24.81526],[-68.16643,-24.81633],[-68.16585,-24.81709],[-68.16536,-24.81792],[-68.16492,-24.81896],[-68.16491,-24.81911],[-68.16491,-24.81911],[-68.16499,-24.81967],[-68.16505,-24.81997],[-68.16515,-24.8203],[-68.16525,-24.82062],[-68.16529,-24.82088],[-68.1653,-24.82141],[-68.16531,-24.82162],[-68.16513,-24.82169],[-68.16505,-24.82241],[-68.16437,-24.82372],[-68.16418,-24.82408],[-68.164,-24.82443],[-68.16366,-24.82509],[-68.16312,-24.82638],[-68.16298,-24.82676],[-68.16281,-24.82708],[-68.16258,-24.8274],[-68.16237,-24.82789],[-68.16224,-24.82841],[-68.16212,-24.82901],[-68.16189,-24.82978],[-68.16169,-24.83038],[-68.16147,-24.83085],[-68.16122,-24.83121],[-68.16108,-24.83152],[-68.16098,-24.83197],[-68.16082,-24.83252],[-68.16066,-24.83299],[-68.16047,-24.83346],[-68.16018,-24.834],[-68.15989,-24.8344],[-68.15945,-24.83484],[-68.15911,-24.83515],[-68.15876,-24.83552],[-68.1585,-24.83584],[-68.15838,-24.83631],[-68.15827,-24.83649],[-68.15804,-24.83676],[-68.15761,-24.83712],[-68.15724,-24.83742],[-68.15693,-24.83775],[-68.15657,-24.83804],[-68.15634,-24.83844],[-68.15612,-24.83886],[-68.15592,-24.83926],[-68.15567,-24.8397],[-68.15533,-24.84033],[-68.15511,-24.8408],[-68.15484,-24.84126],[-68.15461,-24.8417],[-68.1544,-24.84218],[-68.15423,-24.84266],[-68.15399,-24.84309],[-68.15372,-24.84341],[-68.15352,-24.84386],[-68.15346,-24.84431],[-68.15329,-24.84476],[-68.15314,-24.84524],[-68.15295,-24.84569],[-68.15261,-24.84591],[-68.15221,-24.84612],[-68.15188,-24.84631],[-68.15162,-24.84649],[-68.15146,-24.84662],[-68.15128,-24.84682],[-68.15121,-24.84704],[-68.15124,-24.84733],[-68.1513,-24.84763],[-68.15137,-24.84801],[-68.15137,-24.84853],[-68.15122,-24.84893],[-68.15097,-24.84926],[-68.15067,-24.84956],[-68.15038,-24.84992],[-68.1503,-24.85029],[-68.15016,-24.85074],[-68.14997,-24.85124],[-68.14961,-24.85241],[-68.14946,-24.85305],[-68.14939,-24.85354],[-68.14934,-24.85403],[-68.14933,-24.8545],[-68.14931,-24.85494],[-68.14928,-24.85531],[-68.14928,-24.85561],[-68.1493,-24.85592],[-68.14932,-24.85629],[-68.14927,-24.85668],[-68.14915,-24.85702],[-68.14892,-24.85732],[-68.14868,-24.85755],[-68.14854,-24.85764],[-68.14849,-24.85767],[-68.14845,-24.85769],[-68.14893,-24.8579],[-68.14845,-24.8577],[-68.14784,-24.85795],[-68.14763,-24.85808],[-68.14687,-24.85861],[-68.14653,-24.85879],[-68.14619,-24.85892],[-68.14537,-24.85927],[-68.14459,-24.85966],[-68.14427,-24.85993],[-68.14396,-24.8603],[-68.14368,-24.86077],[-68.14352,-24.86112],[-68.14343,-24.86147],[-68.1434,-24.86181],[-68.14341,-24.86215],[-68.14344,-24.86255],[-68.14345,-24.86296],[-68.14334,-24.86342],[-68.14319,-24.86369],[-68.14305,-24.8639],[-68.1429,-24.86412],[-68.14278,-24.86435],[-68.14266,-24.86461],[-68.14249,-24.86496],[-68.14228,-24.86526],[-68.14176,-24.86588],[-68.14146,-24.86615],[-68.14115,-24.86642],[-68.14086,-24.86668],[-68.14059,-24.86691],[-68.14017,-24.86745],[-68.14005,-24.86777],[-68.13991,-24.86809],[-68.13976,-24.86841],[-68.13958,-24.86872],[-68.13934,-24.86902],[-68.13904,-24.86937],[-68.13874,-24.86975],[-68.13856,-24.87016],[-68.13847,-24.87065],[-68.13834,-24.87121],[-68.13822,-24.87158],[-68.13812,-24.87195],[-68.1381,-24.87235],[-68.13813,-24.87275],[-68.13815,-24.87284],[-68.13822,-24.87309],[-68.13838,-24.8738],[-68.13859,-24.87429],[-68.13872,-24.87459],[-68.13883,-24.87486],[-68.13894,-24.8752],[-68.13898,-24.87564],[-68.1387,-24.87607],[-68.13852,-24.8764],[-68.13843,-24.87678],[-68.13844,-24.87716],[-68.13851,-24.87753],[-68.13867,-24.87791],[-68.13879,-24.87836],[-68.13893,-24.87881],[-68.13908,-24.87923],[-68.13917,-24.87974],[-68.13916,-24.88018],[-68.13921,-24.8806],[-68.13923,-24.88104],[-68.13931,-24.8815],[-68.13938,-24.88196],[-68.13942,-24.88237],[-68.13944,-24.88279],[-68.13952,-24.88323],[-68.13962,-24.88366],[-68.13969,-24.88408],[-68.13974,-24.88446],[-68.13978,-24.88488],[-68.1398,-24.88521],[-68.13979,-24.88543],[-68.13973,-24.88559],[-68.13964,-24.88573],[-68.13952,-24.88588],[-68.13952,-24.88589],[-68.13952,-24.88589],[-68.13995,-24.88547],[-68.13951,-24.88589],[-68.13929,-24.88608],[-68.1391,-24.88623],[-68.13882,-24.88641],[-68.13845,-24.88663],[-68.13814,-24.88679],[-68.13783,-24.88694],[-68.1373,-24.88711],[-68.13652,-24.88728],[-68.13611,-24.88734],[-68.13568,-24.88736],[-68.13531,-24.88735],[-68.13464,-24.88722],[-68.13425,-24.88711],[-68.13394,-24.88703],[-68.13359,-24.8871],[-68.13284,-24.88727],[-68.13251,-24.88733],[-68.13209,-24.88743],[-68.13171,-24.8875],[-68.13125,-24.88764],[-68.13093,-24.88786],[-68.13079,-24.88817],[-68.13099,-24.8883],[-68.13132,-24.88834],[-68.13164,-24.88846],[-68.13221,-24.88874],[-68.1325,-24.88893],[-68.13278,-24.88913],[-68.13312,-24.88933],[-68.13315,-24.88935],[-68.13317,-24.88937],[-68.13323,-24.88947],[-68.13326,-24.88973],[-68.13317,-24.88993],[-68.13294,-24.89013],[-68.13275,-24.89034],[-68.13269,-24.89049],[-68.13265,-24.89061],[-68.13259,-24.89081],[-68.13253,-24.89099],[-68.13244,-24.89118],[-68.13236,-24.89138],[-68.13229,-24.89158],[-68.13221,-24.89179],[-68.13214,-24.89198],[-68.13205,-24.89221],[-68.13198,-24.89245],[-68.13192,-24.89264],[-68.13186,-24.89284],[-68.13179,-24.89316],[-68.13173,-24.89342],[-68.1317,-24.89364],[-68.13169,-24.89383],[-68.13171,-24.89404],[-68.13174,-24.89427],[-68.13178,-24.8945],[-68.13181,-24.89473],[-68.1318,-24.89496],[-68.1318,-24.8952],[-68.13182,-24.89549],[-68.13177,-24.89575],[-68.13162,-24.89599],[-68.13139,-24.89618],[-68.13116,-24.89632],[-68.13098,-24.89643],[-68.13084,-24.89657],[-68.13072,-24.8967],[-68.13062,-24.89683],[-68.1305,-24.89702],[-68.1304,-24.89718],[-68.1303,-24.89733],[-68.13006,-24.89761],[-68.12989,-24.8978],[-68.12978,-24.89793],[-68.12958,-24.89817],[-68.12936,-24.89838],[-68.12917,-24.89844],[-68.12913,-24.89855],[-68.12899,-24.89848],[-68.12879,-24.89849],[-68.12823,-24.89845],[-68.12795,-24.89844],[-68.12771,-24.8984],[-68.12744,-24.89836],[-68.12718,-24.89834],[-68.12686,-24.8983],[-68.12661,-24.89824],[-68.12636,-24.8982],[-68.12602,-24.89813],[-68.12575,-24.89807],[-68.12554,-24.898],[-68.12527,-24.89792],[-68.12495,-24.8978],[-68.12447,-24.8976],[-68.12399,-24.89728],[-68.12354,-24.89695],[-68.12323,-24.89671],[-68.12243,-24.89613],[-68.12197,-24.89586],[-68.12131,-24.89558],[-68.12095,-24.8954],[-68.12039,-24.89515],[-68.11993,-24.89494],[-68.11965,-24.89483],[-68.11938,-24.89474],[-68.11896,-24.89456],[-68.11864,-24.89441],[-68.11824,-24.89422],[-68.11788,-24.89407],[-68.11751,-24.89389],[-68.11701,-24.89367],[-68.11661,-24.89348],[-68.11624,-24.8933],[-68.11566,-24.89313],[-68.11509,-24.89308],[-68.11464,-24.89316],[-68.11433,-24.89341],[-68.11393,-24.89372],[-68.11363,-24.89399],[-68.11347,-24.89414],[-68.11321,-24.89428],[-68.11254,-24.89451],[-68.11219,-24.89453],[-68.11179,-24.89464],[-68.11164,-24.89469],[-68.11098,-24.89521],[-68.11062,-24.89553],[-68.11039,-24.89576],[-68.11009,-24.89606],[-68.10983,-24.8963],[-68.10957,-24.89653],[-68.10929,-24.89672],[-68.109,-24.89693],[-68.10872,-24.89714],[-68.10844,-24.89738],[-68.10808,-24.89769],[-68.10772,-24.898],[-68.10739,-24.89827],[-68.10699,-24.89859],[-68.10674,-24.89881],[-68.10647,-24.89903],[-68.10621,-24.89927],[-68.10594,-24.89948],[-68.10562,-24.89972],[-68.10536,-24.89991],[-68.10499,-24.90012],[-68.10474,-24.90026],[-68.10451,-24.90041],[-68.10432,-24.90059],[-68.1042,-24.90083],[-68.10424,-24.90085],[-68.10427,-24.90085],[-68.10419,-24.90087],[-68.10416,-24.90106],[-68.10413,-24.9013],[-68.10411,-24.90159],[-68.10412,-24.90185],[-68.10424,-24.90218],[-68.10444,-24.9028],[-68.10449,-24.90318],[-68.10444,-24.90353],[-68.10441,-24.90391],[-68.10443,-24.90453],[-68.10419,-24.90507],[-68.10412,-24.90572],[-68.10404,-24.90618],[-68.10394,-24.90665],[-68.1039,-24.90705],[-68.10391,-24.90734],[-68.10395,-24.90756],[-68.10411,-24.90802],[-68.10426,-24.90841],[-68.10425,-24.90876],[-68.10415,-24.90894],[-68.10396,-24.90929],[-68.10362,-24.90977],[-68.10332,-24.91024],[-68.1029,-24.9108],[-68.10226,-24.91131],[-68.10144,-24.91144],[-68.10051,-24.91272],[-68.10039,-24.91314],[-68.1002,-24.91346],[-68.10014,-24.91386],[-68.10003,-24.91422],[-68.0999,-24.91465],[-68.09976,-24.91515],[-68.09932,-24.91595],[-68.09894,-24.91622],[-68.09856,-24.91641],[-68.09823,-24.91653],[-68.098,-24.9166],[-68.09772,-24.91672],[-68.0977,-24.91673],[-68.09779,-24.91678],[-68.09779,-24.91678],[-68.09741,-24.91679],[-68.09715,-24.91678],[-68.0948,-24.91574],[-68.0946,-24.91547],[-68.09452,-24.91529],[-68.09447,-24.9151],[-68.09444,-24.9149],[-68.09447,-24.91466],[-68.09451,-24.9144],[-68.09457,-24.91422],[-68.09468,-24.91403],[-68.09477,-24.91381],[-68.09462,-24.91363],[-68.09451,-24.91342],[-68.09447,-24.91317],[-68.09451,-24.91268],[-68.09454,-24.91244],[-68.09459,-24.91199],[-68.09467,-24.91144],[-68.09467,-24.91108],[-68.09459,-24.91093],[-68.09406,-24.91198],[-68.09395,-24.91222],[-68.0938,-24.91247],[-68.09363,-24.91274],[-68.09334,-24.9132],[-68.09237,-24.91451],[-68.09197,-24.91548],[-68.0919,-24.91576],[-68.09191,-24.91607],[-68.09194,-24.91641],[-68.092,-24.91669],[-68.09213,-24.91697],[-68.09232,-24.91724],[-68.09253,-24.91737],[-68.09282,-24.91749],[-68.09313,-24.9177],[-68.09331,-24.91793],[-68.09342,-24.91818],[-68.0935,-24.91858],[-68.0936,-24.91898],[-68.09367,-24.91926],[-68.09377,-24.91947],[-68.0937,-24.91957],[-68.09357,-24.91944],[-68.09331,-24.91927],[-68.09308,-24.91909],[-68.09275,-24.91876],[-68.09244,-24.91855],[-68.09214,-24.91847],[-68.0917,-24.91832],[-68.09151,-24.91826],[-68.09126,-24.91817],[-68.09098,-24.91802],[-68.09074,-24.91785],[-68.09062,-24.91774],[-68.09045,-24.91757],[-68.09029,-24.91738],[-68.09018,-24.9172],[-68.09011,-24.91712],[-68.09008,-24.91713],[-68.09009,-24.91713],[-68.09011,-24.91726],[-68.09018,-24.91744],[-68.09025,-24.91766],[-68.09034,-24.91793],[-68.09047,-24.91822],[-68.0906,-24.91855],[-68.09072,-24.91899],[-68.09078,-24.9193],[-68.0908,-24.9197],[-68.09081,-24.92],[-68.09086,-24.92032],[-68.09085,-24.92056],[-68.09076,-24.92079],[-68.09071,-24.92096],[-68.0906,-24.9208],[-68.09051,-24.9206],[-68.0902,-24.92048],[-68.08987,-24.92036],[-68.08948,-24.92041],[-68.08909,-24.92046],[-68.08877,-24.92042],[-68.08858,-24.92016],[-68.0883,-24.91972],[-68.08805,-24.91935],[-68.08788,-24.91897],[-68.08771,-24.91854],[-68.08743,-24.9182],[-68.08714,-24.91788],[-68.08678,-24.9175],[-68.08652,-24.91722],[-68.08631,-24.91698],[-68.08629,-24.91696],[-68.08619,-24.917],[-68.08619,-24.917],[-68.08552,-24.91558],[-68.08544,-24.91552],[-68.08534,-24.91534],[-68.08522,-24.91511],[-68.08507,-24.91484],[-68.08493,-24.91455],[-68.08475,-24.9142],[-68.08455,-24.91366],[-68.08443,-24.91323],[-68.08435,-24.91288],[-68.08427,-24.91247],[-68.08428,-24.9125],[-68.08428,-24.9125],[-68.08436,-24.91249],[-68.08427,-24.91246],[-68.08419,-24.91225],[-68.0841,-24.91199],[-68.08399,-24.91165],[-68.08386,-24.91117],[-68.08379,-24.91083],[-68.08372,-24.91037],[-68.08367,-24.90996],[-68.08363,-24.9096],[-68.08366,-24.90933],[-68.0837,-24.90897],[-68.08354,-24.90855],[-68.08342,-24.90821],[-68.08327,-24.90783],[-68.08309,-24.90738],[-68.0829,-24.90694],[-68.08268,-24.90645],[-68.08253,-24.90608],[-68.08236,-24.90571],[-68.08216,-24.90543],[-68.08197,-24.90513],[-68.08177,-24.90482],[-68.08156,-24.90449],[-68.08137,-24.90416],[-68.08115,-24.90378],[-68.08092,-24.90337],[-68.08057,-24.90268],[-68.08048,-24.90254],[-68.08044,-24.90239],[-68.08035,-24.90217],[-68.08028,-24.90183],[-68.08001,-24.90122],[-68.07992,-24.90111],[-68.07984,-24.90086],[-68.07982,-24.90052],[-68.07981,-24.90016],[-68.0798,-24.89981],[-68.07978,-24.89942],[-68.07979,-24.89919],[-68.07979,-24.89907],[-68.07981,-24.89893]]]},"properties":{"id":"salta:servidumbres:servidumbres_l.1765","provincia":"salta","provincia_nombre":"Salta","tipo":"servidumbre","estado":"desconocido","geom_kind":"linea","fuente_id":"salta.geonode.servidumbres","source_url":"https://geoportal.salta.gob.ar/geoserver/wfs?service=WFS&version=2.0.0&request=GetFeature&typeNames=geonode%3Aservidumbres_l&outputFormat=application%2Fjson&count=2000&startIndex=0&srsName=EPSG%3A4326","source_layer":"geonode:servidumbres_l","source_fid":"servidumbres_l.1765","source_srid":4326,"fetched_at":"2026-07-28T13:38:01+00:00","licencia":"no_especificada","expediente":"915716","titular":"LITIO MINERA ARGENTINA S.A","titular_norm":"LITIO MINERA ARGENTINA","titular_es_persona":false,"fecha_inicio":"2025-05-08","departamento":"Los Andes","municipio":"Tolar Grande","lugar":"Llullaillaco"}},{"type":"Feature","geometry":{"type":"MultiLineString","coordinates":[[[-66.69155,-24.70458],[-66.68776,-24.69723],[-66.67882,-24.70109]]]},"properties":{"id":"salta:servidumbres:servidumbres_l.1766","provincia":"salta","provincia_nombre":"Salta","tipo":"servidumbre","estado":"desconocido","geom_kind":"linea","fuente_id":"salta.geonode.servidumbres","source_url":"https://geoportal.salta.gob.ar/geoserver/wfs?service=WFS&version=2.0.0&request=GetFeature&typeNames=geonode%3Aservidumbres_l&outputFormat=application%2Fjson&count=2000&startIndex=0&srsName=EPSG%3A4326","source_layer":"geonode:servidumbres_l","source_fid":"servidumbres_l.1766","source_srid":4326,"fetched_at":"2026-07-28T13:38:01+00:00","licencia":"no_especificada","expediente":"13561","titular":"INDUSTRIAS QUIMICAS BARADERO","titular_norm":"INDUSTRIAS QUIMICAS BARADERO","titular_es_persona":false,"fecha_inicio":"2001-10-25","departamento":"Los Andes"}},{"type":"Feature","geometry":{"type":"MultiLineString","coordinates":[[[-67.01498,-25.19205],[-67.01215,-25.19423],[-67.01048,-25.19588],[-67.00858,-25.19722],[-67.00791,-25.19804],[-67.00645,-25.19795],[-67.00544,-25.19898],[-67.00353,-25.1992],[-67.00061,-25.19953],[-66.99825,-25.19944],[-66.99611,-25.19935],[-66.99454,-25.19906],[-66.9933,-25.19917],[-66.99218,-25.19938],[-66.99162,-25.19989],[-66.99083,-25.20021],[-66.98982,-25.20011],[-66.9897,-25.1995],[-66.98902,-25.19889],[-66.98767,-25.19839],[-66.98665,-25.19768],[-66.98541,-25.19697],[-66.98451,-25.19657],[-66.98428,-25.19585],[-66.98371,-25.19473],[-66.98314,-25.19381],[-66.98268,-25.193],[-66.98189,-25.19259],[-66.98032,-25.19271],[-66.97852,-25.19364],[-66.97718,-25.19467],[-66.97595,-25.19509],[-66.97425,-25.19418],[-66.97222,-25.19256],[-66.96961,-25.19043],[-66.96735,-25.1885],[-66.96554,-25.18687],[-66.96486,-25.18596],[-66.96473,-25.18473],[-66.96562,-25.1834],[-66.96752,-25.18093],[-66.96942,-25.18],[-66.97054,-25.17897],[-66.97209,-25.1764],[-66.97286,-25.17435],[-66.97307,-25.17261],[-66.97283,-25.17056],[-66.97338,-25.16933],[-66.97359,-25.1677],[-66.97346,-25.16555]]]},"properties":{"id":"salta:servidumbres:servidumbres_l.1767","provincia":"salta","provincia_nombre":"Salta","tipo":"servidumbre","estado":"desconocido","geom_kind":"linea","fuente_id":"salta.geonode.servidumbres","source_url":"https://geoportal.salta.gob.ar/geoserver/wfs?service=WFS&version=2.0.0&request=GetFeature&typeNames=geonode%3Aservidumbres_l&outputFormat=application%2Fjson&count=2000&startIndex=0&srsName=EPSG%3A4326","source_layer":"geonode:servidumbres_l","source_fid":"servidumbres_l.1767","source_srid":4326,"fetched_at":"2026-07-28T13:38:01+00:00","licencia":"no_especificada","expediente":"12374","titular":"BORAX ARGENTINA S.A","titular_norm":"BORAX ARGENTINA","titular_es_persona":false,"fecha_inicio":"1985-09-19","departamento":"Los Andes"}},{"type":"Feature","geometry":{"type":"MultiLineString","coordinates":[[[-66.70366,-24.59087],[-66.7039,-24.63576]]]},"properties":{"id":"salta:servidumbres:servidumbres_l.1768","provincia":"salta","provincia_nombre":"Salta","tipo":"servidumbre","estado":"desconocido","geom_kind":"linea","fuente_id":"salta.geonode.servidumbres","source_url":"https://geoportal.salta.gob.ar/geoserver/wfs?service=WFS&version=2.0.0&request=GetFeature&typeNames=geonode%3Aservidumbres_l&outputFormat=application%2Fjson&count=2000&startIndex=0&srsName=EPSG%3A4326","source_layer":"geonode:servidumbres_l","source_fid":"servidumbres_l.1768","source_srid":4326,"fetched_at":"2026-07-28T13:38:01+00:00","licencia":"no_especificada","expediente":"20276","titular":"LACUS MINERALS S.A","titular_norm":"LACUS MINERALS","titular_es_persona":false,"fecha_inicio":"2010-04-19","departamento":"Los Andes"}},{"type":"Feature","geometry":{"type":"MultiLineString","coordinates":[[[-66.97772,-24.97295],[-66.97896,-24.97534],[-66.98709,-24.97187],[-66.9871,-24.97187],[-66.98711,-24.97187],[-66.98712,-24.97187],[-66.98716,-24.97188],[-66.98717,-24.97189],[-66.98717,-24.9719],[-66.98718,-24.9719],[-66.99124,-24.97969],[-66.99128,-24.97978],[-66.99132,-24.97986],[-66.99136,-24.97995],[-66.99139,-24.98003],[-66.99142,-24.98012],[-66.99144,-24.98021],[-66.99146,-24.9803],[-66.99148,-24.98039],[-66.99759,-25.00546],[-66.99763,-25.00565],[-66.99764,-25.00575],[-66.99766,-25.00585],[-66.99767,-25.00595],[-66.99768,-25.00605],[-66.99769,-25.00615],[-66.9977,-25.00625],[-66.9977,-25.00635],[-66.9977,-25.00645],[-66.99771,-25.00655],[-66.99771,-25.00665],[-66.9977,-25.00675],[-66.9977,-25.00685],[-66.99769,-25.00695],[-66.99769,-25.00705],[-66.99768,-25.00715],[-66.99767,-25.00725],[-66.99766,-25.00735],[-66.99764,-25.00744],[-66.99763,-25.00754],[-66.99761,-25.00764],[-66.99759,-25.00774],[-66.99757,-25.00784],[-66.99754,-25.00794],[-66.99752,-25.00803],[-66.99749,-25.00813],[-66.99746,-25.00823],[-66.9974,-25.00842],[-66.99733,-25.00861],[-66.99731,-25.00868],[-66.99728,-25.00875],[-66.99726,-25.00883],[-66.99723,-25.00891],[-66.99721,-25.00898],[-66.99718,-25.00906],[-66.99716,-25.00913],[-66.99714,-25.00921],[-66.99712,-25.00928],[-66.9971,-25.00936],[-66.99708,-25.00944],[-66.99706,-25.00951],[-66.99704,-25.00959],[-66.99702,-25.00967],[-66.997,-25.00974],[-66.99698,-25.00982],[-66.99697,-25.0099],[-66.99695,-25.00997],[-66.99694,-25.01005],[-66.99692,-25.01013],[-66.99691,-25.01021],[-66.9969,-25.01028],[-66.99688,-25.01036],[-66.99687,-25.01044],[-66.99686,-25.01052],[-66.99685,-25.0106],[-66.99684,-25.01067],[-66.99683,-25.01075],[-66.99683,-25.01083],[-66.99682,-25.01091],[-66.99681,-25.01099],[-66.99681,-25.01106],[-66.9968,-25.01114],[-66.9968,-25.01122],[-66.99679,-25.0113],[-66.99679,-25.01138],[-66.99679,-25.01146],[-66.99678,-25.01153],[-66.99678,-25.01161],[-66.99678,-25.01169],[-66.99678,-25.01177],[-66.99678,-25.01185],[-66.99679,-25.01193],[-66.99679,-25.01201],[-66.99679,-25.01208],[-66.9968,-25.01216],[-66.9968,-25.01224],[-66.9968,-25.01232],[-66.99681,-25.0124],[-66.99682,-25.01248],[-66.99682,-25.01255],[-66.99683,-25.01263],[-66.99684,-25.01271],[-66.99685,-25.01279],[-66.99686,-25.01287],[-66.99687,-25.01294],[-66.99688,-25.01302],[-66.99689,-25.0131],[-66.99691,-25.01318],[-66.99692,-25.01325],[-66.99693,-25.01333],[-66.99695,-25.01341],[-66.99696,-25.01349],[-66.99698,-25.01356],[-66.997,-25.01364],[-66.99701,-25.01372],[-66.99703,-25.01379],[-66.99705,-25.01387],[-66.99707,-25.01395],[-66.99709,-25.01402],[-66.9991,-25.02038],[-66.99914,-25.02049],[-66.99918,-25.02059],[-66.99922,-25.02069],[-66.99926,-25.02079],[-66.9993,-25.02089],[-66.99935,-25.021],[-66.99939,-25.0211],[-66.99944,-25.0212],[-66.99949,-25.02129],[-66.99953,-25.02139],[-66.99959,-25.02149],[-66.99964,-25.02159],[-66.99969,-25.02169],[-66.99975,-25.02178],[-66.9998,-25.02188],[-66.99986,-25.02198],[-66.99992,-25.02207],[-66.99998,-25.02217],[-67.00004,-25.02226],[-67.0001,-25.02235],[-67.00016,-25.02245],[-67.00022,-25.02254],[-67.00029,-25.02263],[-67.00035,-25.02272],[-67.00042,-25.02281],[-67.00049,-25.0229],[-67.00056,-25.02299],[-67.00063,-25.02308],[-67.0007,-25.02316],[-67.00077,-25.02325],[-67.00084,-25.02334],[-67.00092,-25.02342],[-67.00099,-25.0235],[-67.00107,-25.02359],[-67.00114,-25.02367],[-67.00122,-25.02375],[-67.0013,-25.02383],[-67.00138,-25.02391],[-67.00146,-25.02399],[-67.00155,-25.02407],[-67.00163,-25.02415],[-67.00171,-25.02423],[-67.0018,-25.0243],[-67.00188,-25.02438],[-67.00197,-25.02445],[-67.00206,-25.02453],[-67.00215,-25.0246],[-67.00224,-25.02467],[-67.00233,-25.02474],[-67.00242,-25.02481],[-67.0025,-25.02487],[-67.00259,-25.02494],[-67.00267,-25.025],[-67.00275,-25.02507],[-67.00284,-25.02513],[-67.00292,-25.0252],[-67.003,-25.02527],[-67.00307,-25.02534],[-67.00315,-25.02541],[-67.00323,-25.02548],[-67.0033,-25.02556],[-67.00338,-25.02563],[-67.00345,-25.0257],[-67.00352,-25.02578],[-67.00359,-25.02585],[-67.00366,-25.02593],[-67.00373,-25.02601],[-67.0038,-25.02609],[-67.00386,-25.02617],[-67.00393,-25.02625],[-67.00399,-25.02633],[-67.00405,-25.02641],[-67.00411,-25.0265],[-67.00417,-25.02658],[-67.00423,-25.02666],[-67.00429,-25.02675],[-67.00434,-25.02684],[-67.0044,-25.02692],[-67.00445,-25.02701],[-67.0045,-25.0271],[-67.00455,-25.02719],[-67.0046,-25.02728],[-67.00465,-25.02737],[-67.00469,-25.02746],[-67.00474,-25.02755],[-67.00478,-25.02764],[-67.00482,-25.02773],[-67.00486,-25.02782],[-67.0049,-25.02792],[-67.00494,-25.02801],[-67.00497,-25.02811],[-67.00501,-25.0282],[-67.00504,-25.0283],[-67.00507,-25.02839],[-67.0051,-25.02849],[-67.00513,-25.02858],[-67.00516,-25.02868],[-67.00518,-25.02878],[-67.00521,-25.02887],[-67.00523,-25.02897],[-67.00962,-25.04649],[-67.00965,-25.0466],[-67.00967,-25.04671],[-67.0097,-25.04681],[-67.00972,-25.04692],[-67.00975,-25.04703],[-67.00977,-25.04714],[-67.0098,-25.04724],[-67.00982,-25.04735],[-67.00985,-25.04746],[-67.00987,-25.04757],[-67.00989,-25.04767],[-67.00991,-25.04778],[-67.00994,-25.04789],[-67.00996,-25.048],[-67.00998,-25.04811],[-67.01,-25.04821],[-67.01002,-25.04832],[-67.01004,-25.04843],[-67.01006,-25.04854],[-67.01008,-25.04865],[-67.01072,-25.05182],[-67.01075,-25.05195],[-67.01077,-25.05208],[-67.01079,-25.05221],[-67.01081,-25.05234],[-67.01083,-25.05247],[-67.01084,-25.0526],[-67.01085,-25.05273],[-67.01086,-25.05286],[-67.01086,-25.05299],[-67.01086,-25.05312],[-67.01086,-25.05325],[-67.01085,-25.05338],[-67.01085,-25.0535],[-67.01084,-25.05362],[-67.01084,-25.05374],[-67.01084,-25.05386],[-67.01084,-25.05398],[-67.01084,-25.0541],[-67.01084,-25.05422],[-67.01084,-25.05434],[-67.01085,-25.05446],[-67.01085,-25.05458],[-67.01086,-25.0547],[-67.01087,-25.05482],[-67.01087,-25.05494],[-67.01088,-25.05506],[-67.01089,-25.05518],[-67.01091,-25.0553],[-67.01092,-25.05542],[-67.01093,-25.05554],[-67.01095,-25.05566],[-67.01096,-25.05578],[-67.01098,-25.0559],[-67.011,-25.05601],[-67.01102,-25.05613],[-67.01104,-25.05625],[-67.01106,-25.05637],[-67.01109,-25.05649],[-67.01111,-25.05661],[-67.01113,-25.05672],[-67.01116,-25.05684],[-67.01119,-25.05696],[-67.01122,-25.05708],[-67.01125,-25.05719],[-67.01128,-25.05731],[-67.01131,-25.05743],[-67.01134,-25.05754],[-67.01138,-25.05766],[-67.01141,-25.05777],[-67.01145,-25.05789],[-67.01149,-25.05801],[-67.01152,-25.05812],[-67.01156,-25.05823],[-67.0116,-25.05835],[-67.01165,-25.05846],[-67.01169,-25.05858],[-67.01173,-25.05869],[-67.01319,-25.063],[-67.01323,-25.06312],[-67.01328,-25.06323],[-67.01332,-25.06334],[-67.01337,-25.06345],[-67.01342,-25.06357],[-67.01347,-25.06368],[-67.01352,-25.06379],[-67.01358,-25.0639],[-67.01363,-25.06401],[-67.01368,-25.06412],[-67.01374,-25.06422],[-67.01379,-25.06433],[-67.01385,-25.06444],[-67.01391,-25.06455],[-67.01397,-25.06466],[-67.01403,-25.06476],[-67.01409,-25.06487],[-67.01416,-25.06497],[-67.01422,-25.06508],[-67.01428,-25.06518],[-67.01435,-25.06529],[-67.01442,-25.06539],[-67.01448,-25.0655],[-67.01455,-25.0656],[-67.01462,-25.0657],[-67.01469,-25.0658],[-67.01476,-25.0659],[-67.01484,-25.066],[-67.01491,-25.0661],[-67.01498,-25.0662],[-67.01506,-25.0663],[-67.01514,-25.0664],[-67.01521,-25.0665],[-67.01529,-25.06659],[-67.01537,-25.06669],[-67.01545,-25.06678],[-67.01553,-25.06688],[-67.01561,-25.06697],[-67.0157,-25.06707],[-67.01578,-25.06716],[-67.01586,-25.06725],[-67.01595,-25.06734],[-67.01603,-25.06743],[-67.01612,-25.06752],[-67.01621,-25.06761],[-67.01628,-25.06769],[-67.01635,-25.06777],[-67.01642,-25.06785],[-67.01649,-25.06793],[-67.01656,-25.06801],[-67.01662,-25.06809],[-67.01669,-25.06817],[-67.01675,-25.06826],[-67.01682,-25.06834],[-67.01688,-25.06842],[-67.01694,-25.06851],[-67.017,-25.06859],[-67.01706,-25.06868],[-67.01712,-25.06877],[-67.01717,-25.06885],[-67.01723,-25.06894],[-67.01728,-25.06903],[-67.01734,-25.06912],[-67.01739,-25.06921],[-67.01744,-25.0693],[-67.01749,-25.06939],[-67.01754,-25.06948],[-67.01759,-25.06957],[-67.01764,-25.06966],[-67.01768,-25.06975],[-67.01773,-25.06985],[-67.01777,-25.06994],[-67.01781,-25.07003],[-67.01786,-25.07013],[-67.0179,-25.07022],[-67.01793,-25.07032],[-67.01797,-25.07041],[-67.01801,-25.07051],[-67.01804,-25.0706],[-67.01808,-25.0707],[-67.02743,-25.0958],[-67.02746,-25.0959],[-67.0275,-25.09599],[-67.02753,-25.09609],[-67.02757,-25.09619],[-67.0276,-25.09628],[-67.02764,-25.09638],[-67.02767,-25.09648],[-67.02771,-25.09658],[-67.02774,-25.09667],[-67.02778,-25.09677],[-67.02781,-25.09687],[-67.02784,-25.09697],[-67.02788,-25.09706],[-67.02791,-25.09716],[-67.02794,-25.09726],[-67.02798,-25.09736],[-67.02801,-25.09745],[-67.02804,-25.09755],[-67.02807,-25.09765],[-67.02811,-25.09775],[-67.02814,-25.09784],[-67.02817,-25.09794],[-67.0282,-25.09804],[-67.02823,-25.09814],[-67.02826,-25.09824],[-67.02829,-25.09833],[-67.02832,-25.09843],[-67.02836,-25.09853],[-67.02839,-25.09863],[-67.02842,-25.09873],[-67.02845,-25.09883],[-67.02848,-25.09892],[-67.02851,-25.09902],[-67.02853,-25.09912],[-67.02856,-25.09922],[-67.02859,-25.09932],[-67.02862,-25.09942],[-67.02865,-25.09952],[-67.02868,-25.09961],[-67.02871,-25.09971],[-67.02873,-25.09981],[-67.02876,-25.09991],[-67.02879,-25.10001],[-67.02882,-25.10011],[-67.02884,-25.10021],[-67.02943,-25.10344],[-67.02944,-25.10354],[-67.02946,-25.10364],[-67.02948,-25.10375],[-67.02949,-25.10385],[-67.0295,-25.10395],[-67.02951,-25.10405],[-67.02952,-25.10416],[-67.02953,-25.10426],[-67.02954,-25.10436],[-67.02955,-25.10447],[-67.02955,-25.10457],[-67.02955,-25.10467],[-67.02956,-25.10477],[-67.02956,-25.10488],[-67.02956,-25.10498],[-67.02943,-25.11169],[-67.02943,-25.1118],[-67.02943,-25.1119],[-67.02943,-25.11201],[-67.02944,-25.11211],[-67.02945,-25.11222],[-67.02947,-25.11232],[-67.02948,-25.11243],[-67.0295,-25.11253],[-67.02952,-25.11264],[-67.02955,-25.11274],[-67.03112,-25.11725],[-67.03118,-25.11743],[-67.03081,-25.11807],[-67.03027,-25.11823],[-67.02982,-25.11989],[-67.02979,-25.11999],[-67.02975,-25.12008],[-67.02972,-25.12017],[-67.02968,-25.12027],[-67.02963,-25.12036],[-67.02958,-25.12045],[-67.02953,-25.12053],[-67.02948,-25.12062],[-67.02942,-25.1207],[-67.02935,-25.12078],[-67.02929,-25.12086],[-67.02922,-25.12094],[-67.02914,-25.12101],[-67.02864,-25.12151],[-67.02733,-25.12285],[-67.02725,-25.12293],[-67.02718,-25.12301],[-67.02711,-25.1231],[-67.02705,-25.12319],[-67.02699,-25.12329],[-67.02693,-25.12338],[-67.02587,-25.12528],[-67.02475,-25.12716],[-67.02469,-25.12725],[-67.02464,-25.12733],[-67.02335,-25.12913],[-67.02194,-25.13098],[-67.02048,-25.1328],[-67.01902,-25.13462],[-67.01757,-25.13645],[-67.01611,-25.13827],[-67.01465,-25.1401],[-67.01336,-25.1417],[-67.01281,-25.14239],[-67.01274,-25.14248],[-67.01268,-25.14256],[-67.01262,-25.14265],[-67.01256,-25.14274],[-67.01251,-25.14283],[-67.01246,-25.14293],[-67.01241,-25.14302],[-67.01237,-25.14312],[-67.01234,-25.14322],[-67.01231,-25.14332],[-67.01228,-25.14342],[-67.01226,-25.14352],[-67.01224,-25.14362],[-67.01223,-25.14373],[-67.01222,-25.14383],[-67.01208,-25.14629],[-67.01182,-25.1508],[-67.01157,-25.1553],[-67.01144,-25.15756],[-67.01131,-25.15982],[-67.0113,-25.16151],[-67.01131,-25.16336],[-67.01132,-25.16347],[-67.01133,-25.16358],[-67.01134,-25.16368],[-67.01136,-25.16379],[-67.01138,-25.1639],[-67.01141,-25.164],[-67.01144,-25.1641],[-67.01148,-25.16421],[-67.01153,-25.16431],[-67.01157,-25.16441],[-67.01162,-25.1645],[-67.01166,-25.1646],[-67.0117,-25.16469],[-67.01173,-25.16479],[-67.01176,-25.16489],[-67.01178,-25.16499],[-67.0118,-25.1651],[-67.01205,-25.16658],[-67.01254,-25.16884],[-67.01276,-25.17102],[-67.01278,-25.17174],[-67.01272,-25.17327],[-67.01245,-25.17549],[-67.01261,-25.17892],[-67.01279,-25.18129],[-67.0128,-25.18139],[-67.0128,-25.18149],[-67.01279,-25.18159],[-67.01279,-25.18169],[-67.01277,-25.18179],[-67.01276,-25.18189],[-67.01274,-25.18199],[-67.01271,-25.18209],[-67.01268,-25.18218],[-67.01265,-25.18228],[-67.01261,-25.18237],[-67.01226,-25.18318],[-67.01199,-25.18488],[-67.01205,-25.18841],[-67.01205,-25.18851],[-67.01204,-25.18861],[-67.01204,-25.18871],[-67.01202,-25.1888],[-67.01201,-25.1889],[-67.01199,-25.189],[-67.01196,-25.1891],[-67.01172,-25.18995],[-67.01019,-25.19471],[-67.01016,-25.19481],[-67.01012,-25.1949],[-67.01008,-25.195],[-67.01003,-25.19509],[-67.00998,-25.19519],[-67.00993,-25.19528],[-67.00987,-25.19536],[-67.0098,-25.19545],[-67.00974,-25.19553],[-67.00967,-25.19561],[-67.00959,-25.19569],[-67.00951,-25.19577],[-67.00943,-25.19584],[-67.00935,-25.19591],[-67.00926,-25.19598],[-67.00907,-25.19613],[-67.00898,-25.19618],[-67.00889,-25.19622],[-67.00879,-25.19626],[-67.0087,-25.1963],[-67.0086,-25.19634],[-67.0085,-25.19637],[-67.0084,-25.1964],[-67.0083,-25.19642],[-67.0082,-25.19645],[-67.0081,-25.19647],[-67.00801,-25.1965],[-67.00791,-25.19653],[-67.00782,-25.19657],[-67.00772,-25.19661],[-67.00763,-25.19665],[-67.00754,-25.19669],[-67.00556,-25.19758],[-67.00547,-25.19763],[-67.00538,-25.19767],[-67.00529,-25.19773],[-67.0052,-25.19778],[-67.00511,-25.19783],[-67.00503,-25.19789],[-67.00495,-25.19795],[-67.00487,-25.19802],[-67.0048,-25.19809],[-67.00476,-25.19812],[-67.00473,-25.19815],[-67.00463,-25.19821],[-67.00454,-25.19827],[-67.00444,-25.19833],[-67.00434,-25.19838],[-67.00423,-25.19843],[-67.00413,-25.19847],[-67.00402,-25.19851],[-67.00391,-25.19854],[-67.0038,-25.19857],[-67.00369,-25.1986],[-67.00357,-25.19862],[-67.00346,-25.19864],[-67.00334,-25.19865],[-67.00323,-25.19866],[-67.00311,-25.19866],[-67.003,-25.19866],[-66.99915,-25.1987],[-66.99903,-25.19871],[-66.99891,-25.19872],[-66.9988,-25.19873],[-66.99868,-25.19875],[-66.99856,-25.19877],[-66.99845,-25.19879],[-66.99834,-25.19883],[-66.99822,-25.19886],[-66.99811,-25.1989],[-66.99801,-25.19895],[-66.9979,-25.199],[-66.9978,-25.19905],[-66.9977,-25.19911],[-66.9976,-25.19917],[-66.99751,-25.19923],[-66.99174,-25.20339],[-66.99166,-25.20345],[-66.99158,-25.20351],[-66.99151,-25.20357],[-66.99144,-25.20364],[-66.99138,-25.2037],[-66.99131,-25.20377],[-66.99125,-25.20385],[-66.99119,-25.20392],[-66.99114,-25.20399],[-66.99109,-25.20407],[-66.99104,-25.20415],[-66.99099,-25.20423],[-66.99095,-25.20431],[-66.99091,-25.2044],[-66.99088,-25.20448],[-66.99022,-25.20615],[-66.99018,-25.20625],[-66.99014,-25.20634],[-66.99009,-25.20643],[-66.99004,-25.20652],[-66.98998,-25.2066],[-66.98992,-25.20668],[-66.98986,-25.20677],[-66.9898,-25.20684],[-66.98973,-25.20692],[-66.98966,-25.20699],[-66.98958,-25.20707],[-66.9895,-25.20713],[-66.98942,-25.2072],[-66.98933,-25.20726],[-66.98925,-25.20732],[-66.98916,-25.20738],[-66.98906,-25.20743],[-66.98897,-25.20748],[-66.98887,-25.20752],[-66.98877,-25.20756],[-66.98867,-25.2076],[-66.98857,-25.20764],[-66.98847,-25.20767],[-66.98836,-25.20769],[-66.98826,-25.20772],[-66.98815,-25.20773],[-66.98804,-25.20775],[-66.98793,-25.20776],[-66.98782,-25.20777],[-66.98772,-25.20777],[-66.98445,-25.20779],[-66.96172,-25.20795],[-66.96161,-25.20796],[-66.9615,-25.20796],[-66.96139,-25.20797],[-66.96129,-25.20798],[-66.96118,-25.208],[-66.96107,-25.20802],[-66.96097,-25.20805],[-66.96087,-25.20808],[-66.96076,-25.20811],[-66.96066,-25.20815],[-66.96057,-25.20819],[-66.96047,-25.20823],[-66.96037,-25.20828],[-66.96028,-25.20833],[-66.96019,-25.20838],[-66.9601,-25.20844],[-66.96002,-25.2085],[-66.95994,-25.20856],[-66.95986,-25.20863],[-66.95978,-25.2087],[-66.95971,-25.20877],[-66.95964,-25.20884],[-66.95957,-25.20892],[-66.9595,-25.209],[-66.95944,-25.20908],[-66.95939,-25.20916],[-66.95934,-25.20925],[-66.95929,-25.20934],[-66.95924,-25.20943],[-66.9592,-25.20952],[-66.95916,-25.20961],[-66.95913,-25.2097],[-66.9591,-25.2098],[-66.95908,-25.20989],[-66.95906,-25.20999],[-66.95872,-25.21147]]]},"properties":{"id":"salta:servidumbres:servidumbres_l.1769","provincia":"salta","provincia_nombre":"Salta","tipo":"servidumbre","estado":"desconocido","geom_kind":"linea","fuente_id":"salta.geonode.servidumbres","source_url":"https://geoportal.salta.gob.ar/geoserver/wfs?service=WFS&version=2.0.0&request=GetFeature&typeNames=geonode%3Aservidumbres_l&outputFormat=application%2Fjson&count=2000&startIndex=0&srsName=EPSG%3A4326","source_layer":"geonode:servidumbres_l","source_fid":"servidumbres_l.1769","source_srid":4326,"fetched_at":"2026-07-28T13:38:01+00:00","licencia":"no_especificada","expediente":"748607","titular":"POSCO ARGENTINA S.A.U","titular_norm":"POSCO ARGENTINA","titular_es_persona":false,"departamento":"Los Andes","municipio":"Tolar Grande"}},{"type":"Feature","geometry":{"type":"MultiLineString","coordinates":[[[-67.02795,-25.19035],[-67.02807,-25.19021],[-67.02811,-25.19008],[-67.0281,-25.18991],[-67.02809,-25.18988],[-67.02806,-25.18971],[-67.02801,-25.18959],[-67.02797,-25.18944],[-67.02794,-25.1893],[-67.02793,-25.18923],[-67.02792,-25.18918],[-67.0279,-25.18911],[-67.02786,-25.18892],[-67.02784,-25.18877],[-67.02786,-25.18846],[-67.02791,-25.18839],[-67.02794,-25.18833],[-67.02796,-25.18826],[-67.02796,-25.18825],[-67.02797,-25.18821],[-67.02794,-25.18812],[-67.02786,-25.18805],[-67.02774,-25.18792],[-67.02763,-25.18782],[-67.02735,-25.18765],[-67.02712,-25.18748],[-67.027,-25.18735],[-67.02686,-25.18721],[-67.02675,-25.18706]]]},"properties":{"id":"salta:servidumbres:servidumbres_l.1770","provincia":"salta","provincia_nombre":"Salta","tipo":"servidumbre","estado":"desconocido","geom_kind":"linea","fuente_id":"salta.geonode.servidumbres","source_url":"https://geoportal.salta.gob.ar/geoserver/wfs?service=WFS&version=2.0.0&request=GetFeature&typeNames=geonode%3Aservidumbres_l&outputFormat=application%2Fjson&count=2000&startIndex=0&srsName=EPSG%3A4326","source_layer":"geonode:servidumbres_l","source_fid":"servidumbres_l.1770","source_srid":4326,"fetched_at":"2026-07-28T13:38:01+00:00","licencia":"no_especificada","expediente":"819601","titular":"ALPHA LITHIUM ARGENTINA S.A","titular_norm":"ALPHA LITHIUM ARGENTINA","titular_es_persona":false,"fecha_inicio":"2023-07-21","departamento":"Los Andes","municipio":"San Antonio De Los Cobres","lugar":"Salr Del Hombre Muerto"}},{"type":"Feature","geometry":{"type":"MultiLineString","coordinates":[[[-68.19233,-24.51327],[-68.19481,-24.53998],[-68.19566,-24.55848],[-68.19568,-24.55873],[-68.19566,-24.55898],[-68.19562,-24.5592],[-68.19511,-24.5603],[-68.19362,-24.56282],[-68.19287,-24.56435],[-68.19255,-24.56547],[-68.19242,-24.56608],[-68.1924,-24.56702],[-68.19261,-24.5705],[-68.19304,-24.57327],[-68.19312,-24.57347],[-68.19326,-24.57363],[-68.19342,-24.57378],[-68.19362,-24.57391],[-68.1971,-24.5753],[-68.19727,-24.57537],[-68.19742,-24.57545],[-68.19755,-24.57554],[-68.19771,-24.5757],[-68.19764,-24.57561],[-68.19778,-24.57579],[-68.1981,-24.57627],[-68.20085,-24.58182],[-68.20244,-24.58502],[-68.2044,-24.589],[-68.2065,-24.59216],[-68.20819,-24.59485],[-68.20902,-24.59583],[-68.20994,-24.59693],[-68.21117,-24.59793],[-68.21285,-24.59912],[-68.21469,-24.60045],[-68.21543,-24.60091],[-68.21605,-24.60154],[-68.21657,-24.60232],[-68.21692,-24.60382],[-68.21626,-24.6045],[-68.21536,-24.60499],[-68.21354,-24.60551],[-68.21179,-24.60568],[-68.2105,-24.60585],[-68.20914,-24.60597],[-68.20879,-24.60601],[-68.20835,-24.60611],[-68.20858,-24.60605],[-68.20817,-24.60619],[-68.20799,-24.6063],[-68.20763,-24.60669],[-68.20733,-24.60775],[-68.20708,-24.60871],[-68.20681,-24.61039],[-68.20653,-24.61142],[-68.20517,-24.61247],[-68.20288,-24.61374],[-68.19996,-24.61547],[-68.19662,-24.61774],[-68.19421,-24.61977],[-68.19355,-24.62051],[-68.19302,-24.62264],[-68.19225,-24.62574],[-68.1913,-24.63004],[-68.19048,-24.63757],[-68.19007,-24.63934],[-68.18981,-24.63995],[-68.18933,-24.64076],[-68.18732,-24.64269],[-68.18358,-24.64526],[-68.18076,-24.64705],[-68.17897,-24.64846],[-68.17814,-24.64923],[-68.17776,-24.64968],[-68.17649,-24.65135],[-68.17531,-24.65398],[-68.1751,-24.65433],[-68.17474,-24.6549],[-68.1743,-24.65558],[-68.17369,-24.65643],[-68.17341,-24.65683],[-68.17312,-24.65718],[-68.17238,-24.658],[-68.17167,-24.65849],[-68.16673,-24.66114],[-68.16522,-24.66186],[-68.16456,-24.66224],[-68.16407,-24.66259],[-68.16272,-24.66364],[-68.16139,-24.66462],[-68.15968,-24.66649],[-68.16063,-24.66543],[-68.15851,-24.66802],[-68.15742,-24.66955],[-68.15632,-24.67095],[-68.15547,-24.67211],[-68.15471,-24.67364],[-68.15405,-24.67553],[-68.15354,-24.67711],[-68.15337,-24.67751],[-68.15314,-24.67797],[-68.15281,-24.67848],[-68.15154,-24.6802],[-68.15044,-24.6814],[-68.14809,-24.68335],[-68.14471,-24.68505],[-68.14119,-24.6865],[-68.138,-24.68825],[-68.13524,-24.69212],[-68.13387,-24.69579],[-68.13294,-24.69947],[-68.13354,-24.7037],[-68.13373,-24.70967],[-68.13513,-24.71571],[-68.13695,-24.71979],[-68.13884,-24.72363],[-68.14203,-24.72651],[-68.1437,-24.72934],[-68.14402,-24.73037],[-68.14415,-24.73068],[-68.1452,-24.73261],[-68.14563,-24.73314],[-68.14744,-24.73466],[-68.14764,-24.7348],[-68.15148,-24.73727],[-68.15178,-24.73742],[-68.15517,-24.73889],[-68.15877,-24.74005],[-68.16068,-24.74061],[-68.16119,-24.74084],[-68.23699,-24.78821],[-68.24116,-24.79092],[-68.16094,-24.74071],[-68.14539,-24.73289],[-68.14305,-24.72783]]]},"properties":{"id":"salta:servidumbres:servidumbres_l.1771","provincia":"salta","provincia_nombre":"Salta","tipo":"servidumbre","estado":"desconocido","geom_kind":"linea","fuente_id":"salta.geonode.servidumbres","source_url":"https://geoportal.salta.gob.ar/geoserver/wfs?service=WFS&version=2.0.0&request=GetFeature&typeNames=geonode%3Aservidumbres_l&outputFormat=application%2Fjson&count=2000&startIndex=0&srsName=EPSG%3A4326","source_layer":"geonode:servidumbres_l","source_fid":"servidumbres_l.1771","source_srid":4326,"fetched_at":"2026-07-28T13:38:01+00:00","licencia":"no_especificada","expediente":"786124","titular":"LITIO MINERA ARGENTINA S.A","titular_norm":"LITIO MINERA ARGENTINA","titular_es_persona":false,"fecha_inicio":"2022-09-19","departamento":"Los Andes","municipio":"Tolar Grande"}},{"type":"Feature","geometry":{"type":"MultiLineString","coordinates":[[[-67.69741,-24.86851],[-67.66394,-24.87835]]]},"properties":{"id":"salta:servidumbres:servidumbres_l.1772","provincia":"salta","provincia_nombre":"Salta","tipo":"servidumbre","estado":"desconocido","geom_kind":"linea","fuente_id":"salta.geonode.servidumbres","source_url":"https://geoportal.salta.gob.ar/geoserver/wfs?service=WFS&version=2.0.0&request=GetFeature&typeNames=geonode%3Aservidumbres_l&outputFormat=application%2Fjson&count=2000&startIndex=0&srsName=EPSG%3A4326","source_layer":"geonode:servidumbres_l","source_fid":"servidumbres_l.1772","source_srid":4326,"fetched_at":"2026-07-28T13:38:01+00:00","licencia":"no_especificada","expediente":"811969","titular":"LILAC SOLUTIONS ARIZARO S.A.U","titular_norm":"LILAC SOLUTIONS ARIZARO","titular_es_persona":false,"fecha_inicio":"2023-05-09","departamento":"Los Andes","municipio":"Tolar Grande","lugar":"Salar De Arizaro"}},{"type":"Feature","geometry":{"type":"MultiLineString","coordinates":[[[-67.70446,-24.51894],[-67.70957,-24.4659],[-67.71931,-24.44916],[-67.73027,-24.43878]]]},"properties":{"id":"salta:servidumbres:servidumbres_l.1773","provincia":"salta","provincia_nombre":"Salta","tipo":"servidumbre","estado":"desconocido","geom_kind":"linea","fuente_id":"salta.geonode.servidumbres","source_url":"https://geoportal.salta.gob.ar/geoserver/wfs?service=WFS&version=2.0.0&request=GetFeature&typeNames=geonode%3Aservidumbres_l&outputFormat=application%2Fjson&count=2000&startIndex=0&srsName=EPSG%3A4326","source_layer":"geonode:servidumbres_l","source_fid":"servidumbres_l.1773","source_srid":4326,"fetched_at":"2026-07-28T13:38:01+00:00","licencia":"no_especificada","expediente":"7565","titular":"RED ENRIQUE","titular_norm":"RED ENRIQUE","titular_es_persona":true,"fecha_inicio":"2001-10-25","departamento":"Los Andes"}},{"type":"Feature","geometry":{"type":"MultiLineString","coordinates":[[[-66.8679,-24.1219],[-66.86727,-24.12164],[-66.86669,-24.12141],[-66.86534,-24.12162],[-66.86353,-24.1219],[-66.86207,-24.12213]]]},"properties":{"id":"salta:servidumbres:servidumbres_l.1774","provincia":"salta","provincia_nombre":"Salta","tipo":"servidumbre","estado":"desconocido","geom_kind":"linea","fuente_id":"salta.geonode.servidumbres","source_url":"https://geoportal.salta.gob.ar/geoserver/wfs?service=WFS&version=2.0.0&request=GetFeature&typeNames=geonode%3Aservidumbres_l&outputFormat=application%2Fjson&count=2000&startIndex=0&srsName=EPSG%3A4326","source_layer":"geonode:servidumbres_l","source_fid":"servidumbres_l.1774","source_srid":4326,"fetched_at":"2026-07-28T13:38:01+00:00","licencia":"no_especificada","expediente":"846555","titular":"PUNA MINING S.A","titular_norm":"PUNA MINING","titular_es_persona":false,"fecha_inicio":"2024-02-28","departamento":"Los Andes","municipio":"San Antonio De Los Cobres","lugar":"Salar De Rincon"}},{"type":"Feature","geometry":{"type":"MultiLineString","coordinates":[[[-67.35017,-24.10581],[-67.35063,-24.10407],[-67.35077,-24.10255],[-67.35091,-24.10117],[-67.35082,-24.09973],[-67.35065,-24.09872],[-67.35088,-24.09792],[-67.35127,-24.09727],[-67.35157,-24.0964],[-67.35172,-24.09517],[-67.35242,-24.09458],[-67.35265,-24.09407],[-67.3528,-24.09349],[-67.35279,-24.09248],[-67.35271,-24.0919],[-67.35325,-24.09132],[-67.35404,-24.09102],[-67.3545,-24.09015],[-67.35489,-24.08971],[-67.35512,-24.08892]]]},"properties":{"id":"salta:servidumbres:servidumbres_l.1775","provincia":"salta","provincia_nombre":"Salta","tipo":"servidumbre","estado":"desconocido","geom_kind":"linea","fuente_id":"salta.geonode.servidumbres","source_url":"https://geoportal.salta.gob.ar/geoserver/wfs?service=WFS&version=2.0.0&request=GetFeature&typeNames=geonode%3Aservidumbres_l&outputFormat=application%2Fjson&count=2000&startIndex=0&srsName=EPSG%3A4326","source_layer":"geonode:servidumbres_l","source_fid":"servidumbres_l.1775","source_srid":4326,"fetched_at":"2026-07-28T13:38:01+00:00","licencia":"no_especificada","expediente":"18126","titular":"MELLADO SLEIVE DANIEL EDUARDO","titular_norm":"MELLADO SLEIVE DANIEL EDUARDO","titular_es_persona":true,"fecha_inicio":"2005-04-27","departamento":"Los Andes"}},{"type":"Feature","geometry":{"type":"MultiLineString","coordinates":[[[-66.43375,-24.23706],[-66.43128,-24.23729],[-66.42905,-24.23788],[-66.42661,-24.23813]]]},"properties":{"id":"salta:servidumbres:servidumbres_l.1776","provincia":"salta","provincia_nombre":"Salta","tipo":"servidumbre","estado":"desconocido","geom_kind":"linea","fuente_id":"salta.geonode.servidumbres","source_url":"https://geoportal.salta.gob.ar/geoserver/wfs?service=WFS&version=2.0.0&request=GetFeature&typeNames=geonode%3Aservidumbres_l&outputFormat=application%2Fjson&count=2000&startIndex=0&srsName=EPSG%3A4326","source_layer":"geonode:servidumbres_l","source_fid":"servidumbres_l.1776","source_srid":4326,"fetched_at":"2026-07-28T13:38:01+00:00","licencia":"no_especificada","expediente":"17621","titular":"SANTA RITA S.R.L","titular_norm":"SANTA RITA","titular_es_persona":false,"fecha_inicio":"2002-12-30","departamento":"Los Andes"}},{"type":"Feature","geometry":{"type":"MultiLineString","coordinates":[[[-67.03216,-25.11833],[-67.02791,-25.12259],[-67.02713,-25.12342],[-67.02706,-25.12356],[-67.02695,-25.12385],[-67.02623,-25.12519],[-67.02485,-25.12748],[-67.02339,-25.12954],[-67.0125,-25.14316],[-67.01146,-25.16164],[-67.01238,-25.18188],[-67.00856,-25.18675],[-67.00548,-25.19006],[-67.00224,-25.19355],[-66.99941,-25.19596],[-66.99326,-25.19712],[-66.99013,-25.19564],[-66.98531,-25.19294],[-66.98193,-25.19118],[-66.97602,-25.18861],[-66.96521,-25.18304],[-66.94608,-25.18315],[-66.93343,-25.17944],[-66.81168,-25.08373]]]},"properties":{"id":"salta:servidumbres:servidumbres_l.1777","provincia":"salta","provincia_nombre":"Salta","tipo":"servidumbre","estado":"desconocido","geom_kind":"linea","fuente_id":"salta.geonode.servidumbres","source_url":"https://geoportal.salta.gob.ar/geoserver/wfs?service=WFS&version=2.0.0&request=GetFeature&typeNames=geonode%3Aservidumbres_l&outputFormat=application%2Fjson&count=2000&startIndex=0&srsName=EPSG%3A4326","source_layer":"geonode:servidumbres_l","source_fid":"servidumbres_l.1777","source_srid":4326,"fetched_at":"2026-07-28T13:38:01+00:00","licencia":"no_especificada","expediente":"23691","titular":"ERAMINE SUDAMERICA S.A","titular_norm":"ERAMINE SUDAMERICA","titular_es_persona":false,"fecha_inicio":"2018-08-14","departamento":"Los Andes","municipio":"San Antonio De Los Cobres"}},{"type":"Feature","geometry":{"type":"MultiLineString","coordinates":[[[-66.81352,-25.2819],[-66.79038,-25.28522]]]},"properties":{"id":"salta:servidumbres:servidumbres_l.1778","provincia":"salta","provincia_nombre":"Salta","tipo":"servidumbre","estado":"desconocido","geom_kind":"linea","fuente_id":"salta.geonode.servidumbres","source_url":"https://geoportal.salta.gob.ar/geoserver/wfs?service=WFS&version=2.0.0&request=GetFeature&typeNames=geonode%3Aservidumbres_l&outputFormat=application%2Fjson&count=2000&startIndex=0&srsName=EPSG%3A4326","source_layer":"geonode:servidumbres_l","source_fid":"servidumbres_l.1778","source_srid":4326,"fetched_at":"2026-07-28T13:38:01+00:00","licencia":"no_especificada","expediente":"16225","titular":"PACIFIC RIM MINING CORPORATION ARGENTINA S.A","titular_norm":"PACIFIC RIM MINING CORPORATION ARGENTINA","titular_es_persona":false,"fecha_inicio":"1997-12-21","departamento":"Los Andes"}},{"type":"Feature","geometry":{"type":"MultiLineString","coordinates":[[[-66.07028,-23.78973],[-66.07029,-23.78972],[-66.07029,-23.78971],[-66.07029,-23.78971],[-66.07029,-23.7897],[-66.07029,-23.78969],[-66.0703,-23.78969],[-66.0703,-23.78968],[-66.07031,-23.78968],[-66.07031,-23.78967],[-66.07032,-23.78967],[-66.07033,-23.78966],[-66.07033,-23.78966],[-66.07034,-23.78966],[-66.07035,-23.78966],[-66.07035,-23.78966],[-66.07036,-23.78966],[-66.07037,-23.78966],[-66.07038,-23.78966],[-66.07038,-23.78966],[-66.07039,-23.78966],[-66.0704,-23.78966],[-66.0704,-23.78967],[-66.07041,-23.78967],[-66.07042,-23.78968],[-66.07042,-23.78968],[-66.07042,-23.78969],[-66.07043,-23.78969],[-66.07043,-23.7897],[-66.07043,-23.78971],[-66.07044,-23.78971],[-66.07044,-23.78972],[-66.07044,-23.78973],[-66.07044,-23.78973],[-66.07044,-23.78974],[-66.07043,-23.78975],[-66.07043,-23.78975],[-66.07043,-23.78976],[-66.07042,-23.78976],[-66.07042,-23.78977],[-66.07042,-23.78978],[-66.07041,-23.78978],[-66.0704,-23.78978],[-66.0704,-23.78979],[-66.07039,-23.78979],[-66.07038,-23.78979],[-66.07038,-23.78979],[-66.07037,-23.7898],[-66.07036,-23.7898],[-66.07035,-23.7898],[-66.07035,-23.78979],[-66.07034,-23.78979],[-66.07033,-23.78979],[-66.07033,-23.78979],[-66.07032,-23.78978],[-66.07031,-23.78978],[-66.07031,-23.78978],[-66.0703,-23.78977],[-66.0703,-23.78976],[-66.07029,-23.78976],[-66.07029,-23.78975],[-66.07029,-23.78975],[-66.07029,-23.78974],[-66.07029,-23.78973],[-66.07028,-23.78973]]]},"properties":{"id":"salta:servidumbres:servidumbres_l.1779","provincia":"salta","provincia_nombre":"Salta","tipo":"servidumbre","estado":"desconocido","geom_kind":"linea","fuente_id":"salta.geonode.servidumbres","source_url":"https://geoportal.salta.gob.ar/geoserver/wfs?service=WFS&version=2.0.0&request=GetFeature&typeNames=geonode%3Aservidumbres_l&outputFormat=application%2Fjson&count=2000&startIndex=0&srsName=EPSG%3A4326","source_layer":"geonode:servidumbres_l","source_fid":"servidumbres_l.1779","source_srid":4326,"fetched_at":"2026-07-28T13:38:01+00:00","licencia":"no_especificada","expediente":"20767","fecha_inicio":"2011-01-24","departamento":"La Poma","municipio":"La Poma"}},{"type":"Feature","geometry":{"type":"MultiLineString","coordinates":[[[-68.23456,-24.78473],[-68.23438,-24.78451],[-68.23435,-24.78414],[-68.23438,-24.7841],[-68.2343,-24.78368],[-68.23392,-24.78332],[-68.23367,-24.78295],[-68.2335,-24.78244],[-68.23349,-24.78242],[-68.23285,-24.78099],[-68.23278,-24.7808],[-68.23226,-24.7791],[-68.23225,-24.77903],[-68.23213,-24.7774],[-68.23128,-24.77617],[-68.22978,-24.7754],[-68.22934,-24.77538],[-68.2284,-24.77576],[-68.22815,-24.7758],[-68.2278,-24.77576],[-68.2275,-24.77583],[-68.22698,-24.7761],[-68.22685,-24.77622],[-68.22616,-24.77721],[-68.2259,-24.77734],[-68.22086,-24.77722],[-68.22051,-24.77699],[-68.2204,-24.77675],[-68.21984,-24.77657],[-68.21949,-24.77676],[-68.21938,-24.7768],[-68.21888,-24.7769],[-68.21868,-24.77689],[-68.21741,-24.77653],[-68.21734,-24.77652],[-68.21619,-24.77638],[-68.21593,-24.77643],[-68.21467,-24.77714],[-68.21457,-24.77719],[-68.21378,-24.77737],[-68.21322,-24.77768],[-68.21209,-24.77878],[-68.21203,-24.77883],[-68.21173,-24.77902],[-68.21165,-24.77908],[-68.21057,-24.78018],[-68.20988,-24.78053],[-68.20965,-24.78056],[-68.20953,-24.7806],[-68.20584,-24.78242],[-68.20535,-24.78234],[-68.20379,-24.78076],[-68.20359,-24.78047],[-68.20172,-24.77657],[-68.20165,-24.77637],[-68.20061,-24.77213],[-68.2006,-24.77205],[-68.20005,-24.76881],[-68.19996,-24.76863],[-68.1972,-24.76575],[-68.1971,-24.7655],[-68.19716,-24.76364],[-68.1971,-24.76343],[-68.19532,-24.76102],[-68.19528,-24.76095],[-68.19526,-24.7609],[-68.19191,-24.75889],[-68.19134,-24.75893],[-68.19121,-24.75891],[-68.19101,-24.75886],[-68.19081,-24.75886],[-68.18997,-24.75904],[-68.18957,-24.75912],[-68.18629,-24.75966],[-68.18605,-24.75967],[-68.18374,-24.75963],[-68.18331,-24.7596],[-68.18173,-24.7594],[-68.18151,-24.75938],[-68.17929,-24.75926],[-68.17892,-24.75918],[-68.17667,-24.75835],[-68.17664,-24.75834],[-68.1697,-24.75517],[-68.16958,-24.75511],[-68.16389,-24.75279],[-68.16388,-24.75279],[-68.16106,-24.75172],[-68.16083,-24.75146],[-68.16063,-24.75058],[-68.16058,-24.75048],[-68.16025,-24.74996],[-68.16,-24.74962],[-68.15978,-24.74923],[-68.15905,-24.74731],[-68.15893,-24.74707],[-68.15871,-24.74668],[-68.15863,-24.74649],[-68.15836,-24.7455],[-68.15828,-24.74532],[-68.15739,-24.74383],[-68.15734,-24.74376],[-68.15667,-24.74309],[-68.15656,-24.74301],[-68.15587,-24.7427],[-68.1558,-24.74265],[-68.15413,-24.74139],[-68.15369,-24.74088],[-68.15302,-24.73966],[-68.15275,-24.73934],[-68.14535,-24.73352],[-68.14488,-24.73336],[-68.14404,-24.73334],[-68.14372,-24.73319],[-68.14298,-24.7322],[-68.14288,-24.73204],[-68.14271,-24.73168],[-68.1426,-24.73149],[-68.14233,-24.73116],[-68.14223,-24.73101],[-68.142,-24.73057],[-68.142,-24.73057],[-68.14141,-24.72941],[-68.14138,-24.72932],[-68.14112,-24.72788],[-68.14101,-24.72768],[-68.13985,-24.72664],[-68.13976,-24.72652],[-68.13613,-24.71897],[-68.13597,-24.7184],[-68.13586,-24.71743],[-68.13572,-24.71703],[-68.13497,-24.71576],[-68.13484,-24.71548],[-68.13221,-24.70743],[-68.13221,-24.70614],[-68.13277,-24.70444],[-68.13287,-24.70417],[-68.1332,-24.70342],[-68.13298,-24.70263],[-68.13255,-24.70232],[-68.1324,-24.70207],[-68.1324,-24.70202],[-68.13221,-24.70179],[-68.13125,-24.70145],[-68.12898,-24.70172],[-68.12825,-24.70221],[-68.12792,-24.70235],[-68.12649,-24.70269],[-68.12648,-24.70269],[-68.12476,-24.703],[-68.12445,-24.70301],[-68.12268,-24.70282],[-68.12257,-24.70281],[-68.12072,-24.70279],[-68.12044,-24.70268],[-68.12016,-24.70241],[-68.11964,-24.7012],[-68.11962,-24.69934],[-68.11914,-24.69819],[-68.11877,-24.69779],[-68.11767,-24.69753],[-68.1166,-24.6979],[-68.11643,-24.69793],[-68.11491,-24.69797],[-68.11466,-24.69785],[-68.11444,-24.69755]]]},"properties":{"id":"salta:servidumbres:servidumbres_l.1780","provincia":"salta","provincia_nombre":"Salta","tipo":"servidumbre","estado":"desconocido","geom_kind":"linea","fuente_id":"salta.geonode.servidumbres","source_url":"https://geoportal.salta.gob.ar/geoserver/wfs?service=WFS&version=2.0.0&request=GetFeature&typeNames=geonode%3Aservidumbres_l&outputFormat=application%2Fjson&count=2000&startIndex=0&srsName=EPSG%3A4326","source_layer":"geonode:servidumbres_l","source_fid":"servidumbres_l.1780","source_srid":4326,"fetched_at":"2026-07-28T13:38:01+00:00","licencia":"no_especificada","expediente":"838276","titular":"LITIO MINERA ARGENTINA S.A","titular_norm":"LITIO MINERA ARGENTINA","titular_es_persona":false,"fecha_inicio":"2023-12-13","departamento":"Los Andes","municipio":"Tolar Grande","lugar":"Llullaillaco"}},{"type":"Feature","geometry":{"type":"MultiLineString","coordinates":[[[-65.11771,-25.21169],[-65.11684,-25.20998],[-65.11653,-25.20951],[-65.11665,-25.20803],[-65.11691,-25.20779],[-65.11638,-25.20756],[-65.11631,-25.20711],[-65.11681,-25.20675],[-65.11653,-25.2059],[-65.11685,-25.20551],[-65.11689,-25.2048],[-65.11725,-25.20393],[-65.11686,-25.20345],[-65.11684,-25.20267],[-65.1157,-25.20204],[-65.11516,-25.20172],[-65.1125,-25.19799],[-65.11162,-25.19756],[-65.10606,-25.1918],[-65.10536,-25.19081],[-65.10206,-25.18834],[-65.10141,-25.18724],[-65.09974,-25.18689],[-65.09677,-25.18558],[-65.09425,-25.18497],[-65.09211,-25.18523],[-65.09068,-25.1851],[-65.08961,-25.18578],[-65.08726,-25.18429],[-65.08704,-25.1814],[-65.08783,-25.17841],[-65.08847,-25.1769],[-65.08814,-25.17611],[-65.08769,-25.17406],[-65.0837,-25.16857],[-65.07951,-25.16588],[-65.07927,-25.16509],[-65.07673,-25.164],[-65.07505,-25.16521],[-65.07309,-25.16524],[-65.07027,-25.16513],[-65.06698,-25.16712],[-65.06458,-25.16385],[-65.06409,-25.16264],[-65.06297,-25.16198],[-65.06361,-25.16041],[-65.06498,-25.15853],[-65.0646,-25.15637],[-65.06392,-25.15564],[-65.06174,-25.15552],[-65.05982,-25.15042],[-65.05907,-25.14961],[-65.0584,-25.14789],[-65.05659,-25.14538],[-65.05222,-25.1442],[-65.05095,-25.14234],[-65.04941,-25.14189],[-65.04921,-25.1408],[-65.04794,-25.13874],[-65.04776,-25.13794],[-65.04501,-25.13606],[-65.04467,-25.13469],[-65.04454,-25.13252],[-65.04351,-25.13039],[-65.04158,-25.12717],[-65.03972,-25.12625],[-65.03737,-25.12574]]]},"properties":{"id":"salta:servidumbres:servidumbres_l.1781","provincia":"salta","provincia_nombre":"Salta","tipo":"servidumbre","estado":"desconocido","geom_kind":"linea","fuente_id":"salta.geonode.servidumbres","source_url":"https://geoportal.salta.gob.ar/geoserver/wfs?service=WFS&version=2.0.0&request=GetFeature&typeNames=geonode%3Aservidumbres_l&outputFormat=application%2Fjson&count=2000&startIndex=0&srsName=EPSG%3A4326","source_layer":"geonode:servidumbres_l","source_fid":"servidumbres_l.1781","source_srid":4326,"fetched_at":"2026-07-28T13:38:01+00:00","licencia":"no_especificada","expediente":"18630","titular":"ALEXANDER GOLD GROUP LIMITED","titular_norm":"ALEXANDER GOLD GROUP LIMITED","titular_es_persona":false,"fecha_inicio":"2007-01-12","departamento":"Metán","municipio":"Río Piedras"}},{"type":"Feature","geometry":{"type":"MultiLineString","coordinates":[[[-66.94359,-25.20995],[-66.94351,-25.21018],[-66.94336,-25.21039],[-66.94312,-25.2106],[-66.94285,-25.21093],[-66.94284,-25.21098],[-66.94294,-25.21117],[-66.94293,-25.21126],[-66.94285,-25.21133],[-66.94269,-25.21136],[-66.9425,-25.21172],[-66.94253,-25.21287],[-66.94279,-25.21462],[-66.94296,-25.21713],[-66.94318,-25.21996],[-66.94333,-25.22289],[-66.9434,-25.22629]]]},"properties":{"id":"salta:servidumbres:servidumbres_l.1782","provincia":"salta","provincia_nombre":"Salta","tipo":"servidumbre","estado":"desconocido","geom_kind":"linea","fuente_id":"salta.geonode.servidumbres","source_url":"https://geoportal.salta.gob.ar/geoserver/wfs?service=WFS&version=2.0.0&request=GetFeature&typeNames=geonode%3Aservidumbres_l&outputFormat=application%2Fjson&count=2000&startIndex=0&srsName=EPSG%3A4326","source_layer":"geonode:servidumbres_l","source_fid":"servidumbres_l.1782","source_srid":4326,"fetched_at":"2026-07-28T13:38:01+00:00","licencia":"no_especificada","expediente":"819599","titular":"ALPHA LITHIUM ARGENTINA S.A","titular_norm":"ALPHA LITHIUM ARGENTINA","titular_es_persona":false,"fecha_inicio":"2023-07-21","departamento":"Los Andes","municipio":"San Antonio De Los Cobres","lugar":"Salar De Hombre Muerto"}},{"type":"Feature","geometry":{"type":"MultiLineString","coordinates":[[[-67.64747,-24.90919],[-67.72282,-24.90986],[-67.72202,-24.98798],[-67.7302,-24.99802],[-67.734,-25.00265],[-67.74176,-25.0119],[-67.74592,-25.01676],[-67.7547,-25.02694],[-67.75504,-25.02729],[-67.75547,-25.02828],[-67.75638,-25.02969],[-67.75712,-25.03033],[-67.7587,-25.03133],[-67.75989,-25.03206],[-67.7612,-25.03304],[-67.76132,-25.03321],[-67.76183,-25.03356],[-67.76205,-25.03389],[-67.76293,-25.03434],[-67.7641,-25.03386],[-67.76418,-25.03333],[-67.76461,-25.03281],[-67.76478,-25.03243],[-67.76511,-25.03199],[-67.76569,-25.03149],[-67.76612,-25.03094],[-67.7673,-25.03037],[-67.76818,-25.02993],[-67.76869,-25.02985],[-67.76911,-25.02991],[-67.76947,-25.03018],[-67.77015,-25.03114],[-67.77056,-25.03172],[-67.77111,-25.03204],[-67.77201,-25.03223],[-67.77225,-25.03238],[-67.77255,-25.03234],[-67.77329,-25.0323],[-67.7735,-25.03233],[-67.77401,-25.03257]],[[-67.62828,-24.97968],[-67.64707,-24.97986],[-67.64683,-25.00233],[-67.69821,-25.00279],[-67.69837,-24.98777],[-67.72202,-24.98798]]]},"properties":{"id":"salta:servidumbres:servidumbres_l.1783","provincia":"salta","provincia_nombre":"Salta","tipo":"servidumbre","estado":"desconocido","geom_kind":"linea","fuente_id":"salta.geonode.servidumbres","source_url":"https://geoportal.salta.gob.ar/geoserver/wfs?service=WFS&version=2.0.0&request=GetFeature&typeNames=geonode%3Aservidumbres_l&outputFormat=application%2Fjson&count=2000&startIndex=0&srsName=EPSG%3A4326","source_layer":"geonode:servidumbres_l","source_fid":"servidumbres_l.1783","source_srid":4326,"fetched_at":"2026-07-28T13:38:01+00:00","licencia":"no_especificada","expediente":"827350","titular":"CASTAÑEDA NORDMANN RODRIGO","titular_norm":"CASTANEDA NORDMANN RODRIGO","titular_es_persona":true,"fecha_inicio":"2023-09-25","departamento":"Los Andes","municipio":"Tolar Grande","lugar":"Arizaro"}},{"type":"Feature","geometry":{"type":"MultiLineString","coordinates":[[[-66.55899,-24.5948],[-66.56485,-24.59455],[-66.56683,-24.59355],[-66.57053,-24.59155],[-66.57927,-24.59076],[-66.5841,-24.59188],[-66.58833,-24.58998],[-66.5932,-24.58979],[-66.59612,-24.59081],[-66.60585,-24.59762],[-66.61221,-24.58957],[-66.61802,-24.58526],[-66.62113,-24.58526],[-66.62261,-24.58506]]]},"properties":{"id":"salta:servidumbres:servidumbres_l.1784","provincia":"salta","provincia_nombre":"Salta","tipo":"servidumbre","estado":"desconocido","geom_kind":"linea","fuente_id":"salta.geonode.servidumbres","source_url":"https://geoportal.salta.gob.ar/geoserver/wfs?service=WFS&version=2.0.0&request=GetFeature&typeNames=geonode%3Aservidumbres_l&outputFormat=application%2Fjson&count=2000&startIndex=0&srsName=EPSG%3A4326","source_layer":"geonode:servidumbres_l","source_fid":"servidumbres_l.1784","source_srid":4326,"fetched_at":"2026-07-28T13:38:01+00:00","licencia":"no_especificada","expediente":"839665","titular":"PROYECTO PASTOS GRANDES S.A","titular_norm":"PROYECTO PASTOS GRANDES","titular_es_persona":false,"fecha_inicio":"2023-12-22","departamento":"Los Andes","municipio":"San Antonio De Los Cobres","lugar":"Salar De Pastos Grandes"}},{"type":"Feature","geometry":{"type":"MultiLineString","coordinates":[[[-63.94155,-22.22357],[-63.94192,-22.22401],[-63.94215,-22.22359]]]},"properties":{"id":"salta:servidumbres:servidumbres_l.1785","provincia":"salta","provincia_nombre":"Salta","tipo":"servidumbre","estado":"desconocido","geom_kind":"linea","fuente_id":"salta.geonode.servidumbres","source_url":"https://geoportal.salta.gob.ar/geoserver/wfs?service=WFS&version=2.0.0&request=GetFeature&typeNames=geonode%3Aservidumbres_l&outputFormat=application%2Fjson&count=2000&startIndex=0&srsName=EPSG%3A4326","source_layer":"geonode:servidumbres_l","source_fid":"servidumbres_l.1785","source_srid":4326,"fetched_at":"2026-07-28T13:38:01+00:00","licencia":"no_especificada","expediente":"17676","titular":"PAN AMERICAN ENERGY","titular_norm":"PAN AMERICAN ENERGY","titular_es_persona":true,"fecha_inicio":"2003-05-05","departamento":"General José De San Martín"}},{"type":"Feature","geometry":{"type":"MultiLineString","coordinates":[[[-66.71294,-24.53162],[-66.71341,-24.53297],[-66.71453,-24.53378],[-66.71484,-24.53545],[-66.71476,-24.53669],[-66.71788,-24.53705],[-66.71858,-24.53753],[-66.72179,-24.54447],[-66.72153,-24.57551],[-66.72202,-24.57967],[-66.72181,-24.58202],[-66.72281,-24.58702],[-66.71781,-24.5907],[-66.71346,-24.59149],[-66.70512,-24.59089],[-66.70249,-24.5906],[-66.7014,-24.59057],[-66.69991,-24.59065],[-66.69825,-24.59079],[-66.69728,-24.59097],[-66.69649,-24.59119],[-66.69644,-24.59042],[-66.69662,-24.58925],[-66.69721,-24.5878],[-66.69755,-24.58631],[-66.69772,-24.58523],[-66.69713,-24.58448],[-66.69609,-24.58412],[-66.69497,-24.58384],[-66.69319,-24.58354],[-66.69272,-24.58341],[-66.69684,-24.57283],[-66.69753,-24.57054],[-66.69814,-24.56903],[-66.69855,-24.56833],[-66.69873,-24.56772],[-66.69964,-24.56759],[-66.70055,-24.56734],[-66.70116,-24.56718],[-66.70132,-24.56717],[-66.70235,-24.56736],[-66.70285,-24.56751],[-66.70411,-24.5681],[-66.7049,-24.56863],[-66.70892,-24.57214],[-66.71319,-24.57089],[-66.71353,-24.57089],[-66.71445,-24.57114],[-66.72003,-24.573],[-66.72061,-24.57357],[-66.72132,-24.57538],[-66.72153,-24.57552]]]},"properties":{"id":"salta:servidumbres:servidumbres_l.1786","provincia":"salta","provincia_nombre":"Salta","tipo":"servidumbre","estado":"desconocido","geom_kind":"linea","fuente_id":"salta.geonode.servidumbres","source_url":"https://geoportal.salta.gob.ar/geoserver/wfs?service=WFS&version=2.0.0&request=GetFeature&typeNames=geonode%3Aservidumbres_l&outputFormat=application%2Fjson&count=2000&startIndex=0&srsName=EPSG%3A4326","source_layer":"geonode:servidumbres_l","source_fid":"servidumbres_l.1786","source_srid":4326,"fetched_at":"2026-07-28T13:38:01+00:00","licencia":"no_especificada","expediente":"23768","titular":"PROYECTO PASTOS GRANDES S.A","titular_norm":"PROYECTO PASTOS GRANDES","titular_es_persona":false,"fecha_inicio":"2018-10-26","departamento":"Los Andes","municipio":"San Antonio De Los Cobres","lugar":"Salar De Pastos Grandes"}},{"type":"Feature","geometry":{"type":"MultiLineString","coordinates":[[[-66.81846,-24.45071],[-66.81645,-24.44548],[-66.81358,-24.43995],[-66.81093,-24.43845],[-66.80744,-24.43847],[-66.81058,-24.434],[-66.80957,-24.43117],[-66.8066,-24.43118]]]},"properties":{"id":"salta:servidumbres:servidumbres_l.1787","provincia":"salta","provincia_nombre":"Salta","tipo":"servidumbre","estado":"desconocido","geom_kind":"linea","fuente_id":"salta.geonode.servidumbres","source_url":"https://geoportal.salta.gob.ar/geoserver/wfs?service=WFS&version=2.0.0&request=GetFeature&typeNames=geonode%3Aservidumbres_l&outputFormat=application%2Fjson&count=2000&startIndex=0&srsName=EPSG%3A4326","source_layer":"geonode:servidumbres_l","source_fid":"servidumbres_l.1787","source_srid":4326,"fetched_at":"2026-07-28T13:38:01+00:00","licencia":"no_especificada","expediente":"19148","titular":"COOPERATIVA DE TRABAJO MINACLAR LTDA","titular_norm":"COOPERATIVA DE TRABAJO MINACLAR","titular_es_persona":false,"fecha_inicio":"2008-03-19","departamento":"Los Andes"}},{"type":"Feature","geometry":{"type":"MultiLineString","coordinates":[[[-67.03182,-25.11733],[-67.03023,-25.11779],[-67.03035,-25.11814],[-67.03021,-25.11818],[-67.02974,-25.11987],[-67.02971,-25.11999],[-67.02966,-25.12011],[-67.02961,-25.12023],[-67.02956,-25.12035],[-67.02949,-25.12046],[-67.02942,-25.12057],[-67.02935,-25.12067],[-67.02927,-25.12077],[-67.02918,-25.12087],[-67.02909,-25.12097],[-67.02858,-25.12147],[-67.02728,-25.1228],[-67.02723,-25.12285],[-67.02718,-25.1229],[-67.02714,-25.12296],[-67.02709,-25.12301],[-67.02705,-25.12306],[-67.02701,-25.12312],[-67.02697,-25.12318],[-67.02693,-25.12323],[-67.0269,-25.12329],[-67.02686,-25.12335],[-67.0258,-25.12525],[-67.02468,-25.12713],[-67.02467,-25.12714],[-67.02466,-25.12716],[-67.02465,-25.12718],[-67.02464,-25.12719],[-67.02463,-25.12721],[-67.02462,-25.12723],[-67.02461,-25.12724],[-67.0246,-25.12726],[-67.02458,-25.12728],[-67.02457,-25.12729],[-67.02329,-25.12909],[-67.02188,-25.13094],[-67.02042,-25.13276],[-67.01896,-25.13458],[-67.01751,-25.13641],[-67.01605,-25.13823],[-67.01459,-25.14006],[-67.0133,-25.14166],[-67.01275,-25.14235],[-67.01265,-25.14248],[-67.01255,-25.14261],[-67.01247,-25.14275],[-67.01239,-25.1429],[-67.01232,-25.14305],[-67.01227,-25.1432],[-67.01222,-25.14335],[-67.01218,-25.14351],[-67.01216,-25.14367],[-67.01214,-25.14383],[-67.012,-25.14629],[-67.01175,-25.15079],[-67.01149,-25.1553],[-67.01137,-25.15755],[-67.01124,-25.15981],[-67.01123,-25.16151],[-67.01124,-25.16336],[-67.01124,-25.16347],[-67.01125,-25.16358],[-67.01127,-25.16369],[-67.01129,-25.1638],[-67.01131,-25.16391],[-67.01134,-25.16402],[-67.01137,-25.16412],[-67.01141,-25.16423],[-67.01146,-25.16433],[-67.01151,-25.16444],[-67.01154,-25.1645],[-67.01157,-25.16456],[-67.01159,-25.16463],[-67.01162,-25.1647],[-67.01164,-25.16476],[-67.01167,-25.16483],[-67.01168,-25.1649],[-67.0117,-25.16497],[-67.01172,-25.16504],[-67.01173,-25.16511],[-67.01198,-25.16659],[-67.01247,-25.16885],[-67.01269,-25.17102],[-67.01271,-25.17174],[-67.01265,-25.17327],[-67.01238,-25.17549],[-67.01254,-25.17893],[-67.01272,-25.18129],[-67.01272,-25.1814],[-67.01272,-25.18151],[-67.01272,-25.18162],[-67.01271,-25.18172],[-67.01269,-25.18183],[-67.01267,-25.18194],[-67.01265,-25.18204],[-67.01262,-25.18215],[-67.01258,-25.18225],[-67.01254,-25.18235],[-67.01219,-25.18317],[-67.01191,-25.18488],[-67.01197,-25.18841],[-67.01197,-25.18848],[-67.01197,-25.18854],[-67.01197,-25.18861],[-67.01196,-25.18868],[-67.01196,-25.18875],[-67.01195,-25.18882],[-67.01193,-25.18888],[-67.01192,-25.18895],[-67.01191,-25.18902],[-67.01189,-25.18908],[-67.01165,-25.18993],[-67.01012,-25.19469],[-67.01007,-25.19483],[-67.01001,-25.19497],[-67.00994,-25.19511],[-67.00986,-25.19524],[-67.00977,-25.19537],[-67.00968,-25.19549],[-67.00957,-25.19561],[-67.00946,-25.19572],[-67.00934,-25.19583],[-67.00921,-25.19592],[-67.00903,-25.19607],[-67.00895,-25.19611],[-67.00887,-25.19615],[-67.00879,-25.19619],[-67.0087,-25.19622],[-67.00862,-25.19626],[-67.00853,-25.19629],[-67.00845,-25.19631],[-67.00836,-25.19634],[-67.00827,-25.19636],[-67.00819,-25.19638],[-67.00811,-25.1964],[-67.00804,-25.19642],[-67.00797,-25.19644],[-67.0079,-25.19646],[-67.00784,-25.19649],[-67.00777,-25.19651],[-67.0077,-25.19654],[-67.00763,-25.19657],[-67.00757,-25.1966],[-67.0075,-25.19663],[-67.00553,-25.19752],[-67.00544,-25.19756],[-67.00536,-25.19761],[-67.00527,-25.19765],[-67.00519,-25.1977],[-67.00511,-25.19775],[-67.00503,-25.1978],[-67.00496,-25.19786],[-67.00488,-25.19792],[-67.00481,-25.19798],[-67.00474,-25.19804],[-67.00471,-25.19807],[-67.00468,-25.1981],[-67.00458,-25.19816],[-67.00448,-25.19822],[-67.00438,-25.19828],[-67.00427,-25.19833],[-67.00417,-25.19838],[-67.00406,-25.19842],[-67.00394,-25.19846],[-67.00383,-25.19849],[-67.00371,-25.19852],[-67.00359,-25.19855],[-67.00348,-25.19856],[-67.00336,-25.19858],[-67.00324,-25.19859],[-67.00312,-25.19859],[-67.003,-25.19859],[-66.99915,-25.19864],[-66.99903,-25.19864],[-66.99891,-25.19865],[-66.99879,-25.19866],[-66.99867,-25.19868],[-66.99855,-25.1987],[-66.99843,-25.19873],[-66.99831,-25.19876],[-66.9982,-25.1988],[-66.99809,-25.19884],[-66.99797,-25.19889],[-66.99787,-25.19894],[-66.99776,-25.19899],[-66.99766,-25.19905],[-66.99756,-25.19911],[-66.99746,-25.19918],[-66.99169,-25.20334],[-66.99157,-25.20343],[-66.99146,-25.20352],[-66.99135,-25.20363],[-66.99126,-25.20373],[-66.99116,-25.20384],[-66.99108,-25.20396],[-66.991,-25.20408],[-66.99093,-25.2042],[-66.99086,-25.20433],[-66.99081,-25.20446],[-66.99015,-25.20613],[-66.99007,-25.20631],[-66.98997,-25.20648],[-66.98986,-25.20665],[-66.98974,-25.2068],[-66.9896,-25.20695],[-66.98945,-25.20708],[-66.98929,-25.20721],[-66.98912,-25.20732],[-66.98893,-25.20742],[-66.98874,-25.2075],[-66.98855,-25.20757],[-66.98834,-25.20763],[-66.98814,-25.20767],[-66.98793,-25.20769],[-66.98772,-25.2077],[-66.98445,-25.20772],[-66.96172,-25.20789],[-66.95152,-25.20795],[-66.95148,-25.20796],[-66.95144,-25.20798],[-66.95141,-25.20801],[-66.95138,-25.20805],[-66.95138,-25.20809]]]},"properties":{"id":"salta:servidumbres:servidumbres_l.1788","provincia":"salta","provincia_nombre":"Salta","tipo":"servidumbre","estado":"desconocido","geom_kind":"linea","fuente_id":"salta.geonode.servidumbres","source_url":"https://geoportal.salta.gob.ar/geoserver/wfs?service=WFS&version=2.0.0&request=GetFeature&typeNames=geonode%3Aservidumbres_l&outputFormat=application%2Fjson&count=2000&startIndex=0&srsName=EPSG%3A4326","source_layer":"geonode:servidumbres_l","source_fid":"servidumbres_l.1788","source_srid":4326,"fetched_at":"2026-07-28T13:38:01+00:00","licencia":"no_especificada","expediente":"748607","titular":"POSCO ARGENTINA S.A.U","titular_norm":"POSCO ARGENTINA","titular_es_persona":false,"departamento":"Los Andes","municipio":"Tolar Grande"}},{"type":"Feature","geometry":{"type":"MultiLineString","coordinates":[[[-66.69803,-24.61085],[-66.69616,-24.61288],[-66.69341,-24.61636],[-66.69279,-24.62253],[-66.68982,-24.6242],[-66.68339,-24.62545],[-66.68155,-24.62615],[-66.67958,-24.62672],[-66.67891,-24.62825],[-66.6776,-24.62927],[-66.67703,-24.62918],[-66.67628,-24.62816],[-66.67497,-24.62779],[-66.67449,-24.62767],[-66.67305,-24.62729],[-66.67071,-24.62607],[-66.66949,-24.62496],[-66.66823,-24.62323],[-66.66713,-24.62148],[-66.66679,-24.62122],[-66.66617,-24.62234],[-66.66499,-24.62344],[-66.659,-24.62836],[-66.65412,-24.63186],[-66.65367,-24.63244],[-66.65266,-24.63557],[-66.6468,-24.64007],[-66.64603,-24.64232],[-66.64419,-24.64219],[-66.64229,-24.64286],[-66.64014,-24.64315],[-66.63683,-24.64262],[-66.62859,-24.63705],[-66.62224,-24.63515],[-66.61941,-24.63293],[-66.60778,-24.62783],[-66.59776,-24.62467],[-66.59106,-24.62158],[-66.58788,-24.61926],[-66.58641,-24.61643],[-66.58324,-24.61418],[-66.57836,-24.61064],[-66.57584,-24.60833],[-66.57445,-24.60827],[-66.55779,-24.60543]]]},"properties":{"id":"salta:servidumbres:servidumbres_l.1789","provincia":"salta","provincia_nombre":"Salta","tipo":"servidumbre","estado":"desconocido","geom_kind":"linea","fuente_id":"salta.geonode.servidumbres","source_url":"https://geoportal.salta.gob.ar/geoserver/wfs?service=WFS&version=2.0.0&request=GetFeature&typeNames=geonode%3Aservidumbres_l&outputFormat=application%2Fjson&count=2000&startIndex=0&srsName=EPSG%3A4326","source_layer":"geonode:servidumbres_l","source_fid":"servidumbres_l.1789","source_srid":4326,"fetched_at":"2026-07-28T13:38:01+00:00","licencia":"no_especificada","expediente":"839662","titular":"PROYECTO PASTOS GRANDES S.A","titular_norm":"PROYECTO PASTOS GRANDES","titular_es_persona":false,"fecha_inicio":"2023-12-22","departamento":"Los Andes","municipio":"San Antonio De Los Cobres","lugar":"Salar De Pastos Grandes"}},{"type":"Feature","geometry":{"type":"MultiLineString","coordinates":[[[-66.70192,-24.62234],[-66.69537,-24.62451],[-66.70077,-24.61945],[-66.69422,-24.62162],[-66.70066,-24.61521],[-66.69272,-24.61785],[-66.69819,-24.62031],[-66.69519,-24.61275],[-66.69977,-24.62489],[-66.70023,-24.62606],[-66.70303,-24.62514],[-66.69648,-24.62731],[-66.70074,-24.66071],[-66.70197,-24.67195],[-66.70418,-24.67194],[-66.70411,-24.66069],[-66.72274,-24.64721],[-66.71181,-24.64743],[-66.72382,-24.63368],[-66.71021,-24.63405],[-66.71573,-24.64174],[-66.71573,-24.64188],[-66.71028,-24.63625],[-66.71142,-24.63755],[-66.71131,-24.63743],[-66.71119,-24.63751],[-66.71579,-24.63747],[-66.7158,-24.6376],[-66.72011,-24.63725],[-66.72011,-24.63739],[-66.72383,-24.63732],[-66.71141,-24.63755],[-66.72271,-24.64925],[-66.71606,-24.65254],[-66.71695,-24.63013],[-66.71707,-24.65204],[-66.72384,-24.64173],[-66.707,-24.64176],[-66.71972,-24.65057],[-66.71979,-24.65069],[-66.71579,-24.64749],[-66.71578,-24.64735],[-66.71976,-24.64723],[-66.71976,-24.64727],[-66.72,-24.6416],[-66.72,-24.64174],[-66.69916,-24.61144],[-66.69123,-24.61407],[-66.69759,-24.63011],[-66.70414,-24.62794],[-66.70216,-24.61899],[-66.72381,-24.6301],[-66.71008,-24.63016],[-66.71028,-24.6363],[-66.70408,-24.6383],[-66.71678,-24.6534],[-66.72,-24.65541],[-66.72096,-24.65538],[-66.72264,-24.65289],[-66.72278,-24.64516],[-66.72385,-24.64517]]]},"properties":{"id":"salta:servidumbres:servidumbres_l.1790","provincia":"salta","provincia_nombre":"Salta","tipo":"servidumbre","estado":"desconocido","geom_kind":"linea","fuente_id":"salta.geonode.servidumbres","source_url":"https://geoportal.salta.gob.ar/geoserver/wfs?service=WFS&version=2.0.0&request=GetFeature&typeNames=geonode%3Aservidumbres_l&outputFormat=application%2Fjson&count=2000&startIndex=0&srsName=EPSG%3A4326","source_layer":"geonode:servidumbres_l","source_fid":"servidumbres_l.1790","source_srid":4326,"fetched_at":"2026-07-28T13:38:01+00:00","licencia":"no_especificada","expediente":"794335","titular":"PUNA ARGENTINA S.A.S","titular_norm":"PUNA ARGENTINA","titular_es_persona":false,"fecha_inicio":"2022-11-30","departamento":"Los Andes","municipio":"San Antonio De Los Cobres","lugar":"Santa Rosa De Los Pastos Grandes"}},{"type":"Feature","geometry":{"type":"MultiLineString","coordinates":[[[-66.70886,-24.63262],[-66.70572,-24.62981],[-66.70168,-24.62599],[-66.69902,-24.62094],[-66.69831,-24.61467],[-66.69608,-24.61256],[-66.69131,-24.61373],[-66.68924,-24.61496],[-66.68576,-24.61069],[-66.6831,-24.6097],[-66.68002,-24.6105],[-66.67782,-24.60965],[-66.67077,-24.61075],[-66.67175,-24.60729],[-66.66492,-24.60129],[-66.65621,-24.60388],[-66.64288,-24.60455]]]},"properties":{"id":"salta:servidumbres:servidumbres_l.1791","provincia":"salta","provincia_nombre":"Salta","tipo":"servidumbre","estado":"desconocido","geom_kind":"linea","fuente_id":"salta.geonode.servidumbres","source_url":"https://geoportal.salta.gob.ar/geoserver/wfs?service=WFS&version=2.0.0&request=GetFeature&typeNames=geonode%3Aservidumbres_l&outputFormat=application%2Fjson&count=2000&startIndex=0&srsName=EPSG%3A4326","source_layer":"geonode:servidumbres_l","source_fid":"servidumbres_l.1791","source_srid":4326,"fetched_at":"2026-07-28T13:38:01+00:00","licencia":"no_especificada","expediente":"783674","titular":"PUNA ARGENTINA S.A.S","titular_norm":"PUNA ARGENTINA","titular_es_persona":false,"fecha_inicio":"2022-08-23","departamento":"Los Andes","municipio":"San Antonio De Los Cobres"}},{"type":"Feature","geometry":{"type":"MultiLineString","coordinates":[[[-66.80442,-24.64662],[-66.80469,-24.64714],[-66.80506,-24.64786],[-66.80543,-24.6486],[-66.80725,-24.64931],[-66.8086,-24.64982],[-66.81007,-24.65084],[-66.81195,-24.65215],[-66.81295,-24.65393],[-66.81405,-24.65568]]]},"properties":{"id":"salta:servidumbres:servidumbres_l.1792","provincia":"salta","provincia_nombre":"Salta","tipo":"servidumbre","estado":"desconocido","geom_kind":"linea","fuente_id":"salta.geonode.servidumbres","source_url":"https://geoportal.salta.gob.ar/geoserver/wfs?service=WFS&version=2.0.0&request=GetFeature&typeNames=geonode%3Aservidumbres_l&outputFormat=application%2Fjson&count=2000&startIndex=0&srsName=EPSG%3A4326","source_layer":"geonode:servidumbres_l","source_fid":"servidumbres_l.1792","source_srid":4326,"fetched_at":"2026-07-28T13:38:01+00:00","licencia":"no_especificada","expediente":"23717","titular":"LITHEA ARGENTINA S.A.U","titular_norm":"LITHEA ARGENTINA","titular_es_persona":false,"fecha_inicio":"2018-08-24","departamento":"Los Andes","municipio":"San Antonio De Los Cobres","lugar":"Pastos Grandes"}},{"type":"Feature","geometry":{"type":"MultiLineString","coordinates":[[[-66.75559,-25.24145],[-66.75477,-25.23614],[-66.75218,-25.2317]],[[-66.75218,-25.2317],[-66.7302,-25.23111]],[[-66.75218,-25.2317],[-66.75218,-25.2317]],[[-66.75218,-25.2317],[-66.75218,-25.2317],[-66.75218,-25.2317]],[[-66.72918,-25.25014],[-66.71928,-25.24641],[-66.72647,-25.23729],[-66.73087,-25.22933],[-66.73257,-25.22842],[-66.73442,-25.22886],[-66.74001,-25.22366],[-66.75218,-25.2317]],[[-66.75218,-25.2317],[-66.7496,-25.22726],[-66.74818,-25.22409]]]},"properties":{"id":"salta:servidumbres:servidumbres_l.1793","provincia":"salta","provincia_nombre":"Salta","tipo":"servidumbre","estado":"desconocido","geom_kind":"linea","fuente_id":"salta.geonode.servidumbres","source_url":"https://geoportal.salta.gob.ar/geoserver/wfs?service=WFS&version=2.0.0&request=GetFeature&typeNames=geonode%3Aservidumbres_l&outputFormat=application%2Fjson&count=2000&startIndex=0&srsName=EPSG%3A4326","source_layer":"geonode:servidumbres_l","source_fid":"servidumbres_l.1793","source_srid":4326,"fetched_at":"2026-07-28T13:38:01+00:00","licencia":"no_especificada","expediente":"824813","titular":"UT MINERA SAL DE LOS ANGELES","titular_norm":"UT MINERA SAL DE LOS ANGELES","titular_es_persona":false,"fecha_inicio":"2023-09-01","departamento":"Los Andes","municipio":"Tolar Grande","lugar":"Diablillos"}},{"type":"Feature","geometry":{"type":"MultiLineString","coordinates":[[[-67.02217,-25.24523],[-67.02206,-25.24489],[-67.02205,-25.24478],[-67.02198,-25.24469],[-67.02193,-25.24467],[-67.02189,-25.24447],[-67.02173,-25.24426],[-67.0216,-25.24401],[-67.02123,-25.24374],[-67.02107,-25.2436],[-67.02068,-25.24336],[-67.02038,-25.24285],[-67.02036,-25.24074],[-67.02032,-25.23984],[-67.02031,-25.24027],[-67.0203,-25.24253],[-67.02028,-25.24001],[-67.02028,-25.24218],[-67.02026,-25.24165],[-67.02018,-25.23962],[-67.01768,-25.23822]]]},"properties":{"id":"salta:servidumbres:servidumbres_l.1794","provincia":"salta","provincia_nombre":"Salta","tipo":"servidumbre","estado":"desconocido","geom_kind":"linea","fuente_id":"salta.geonode.servidumbres","source_url":"https://geoportal.salta.gob.ar/geoserver/wfs?service=WFS&version=2.0.0&request=GetFeature&typeNames=geonode%3Aservidumbres_l&outputFormat=application%2Fjson&count=2000&startIndex=0&srsName=EPSG%3A4326","source_layer":"geonode:servidumbres_l","source_fid":"servidumbres_l.1794","source_srid":4326,"fetched_at":"2026-07-28T13:38:01+00:00","licencia":"no_especificada","expediente":"791488","titular":"NRG METALS ARGENTINA S.A","titular_norm":"NRG METALS ARGENTINA","titular_es_persona":false,"fecha_inicio":"2022-11-03","departamento":"Los Andes","municipio":"Tolar Grande","lugar":"Hombre Muerto"}},{"type":"Feature","geometry":{"type":"MultiLineString","coordinates":[[[-66.76496,-24.6567],[-66.75441,-24.65347],[-66.7521,-24.65004],[-66.74344,-24.64991],[-66.74,-24.64802],[-66.73998,-24.64368],[-66.73751,-24.64161],[-66.73335,-24.62032],[-66.72625,-24.59379],[-66.73022,-24.58546],[-66.72626,-24.5767]]]},"properties":{"id":"salta:servidumbres:servidumbres_l.1795","provincia":"salta","provincia_nombre":"Salta","tipo":"servidumbre","estado":"desconocido","geom_kind":"linea","fuente_id":"salta.geonode.servidumbres","source_url":"https://geoportal.salta.gob.ar/geoserver/wfs?service=WFS&version=2.0.0&request=GetFeature&typeNames=geonode%3Aservidumbres_l&outputFormat=application%2Fjson&count=2000&startIndex=0&srsName=EPSG%3A4326","source_layer":"geonode:servidumbres_l","source_fid":"servidumbres_l.1795","source_srid":4326,"fetched_at":"2026-07-28T13:38:01+00:00","licencia":"no_especificada","expediente":"23697","titular":"LITHEA ARGENTINA S.A.U","titular_norm":"LITHEA ARGENTINA","titular_es_persona":false,"fecha_inicio":"2018-08-14","departamento":"Los Andes","municipio":"San Antonio De Los Cobres","lugar":"Rincon"}},{"type":"Feature","geometry":{"type":"MultiLineString","coordinates":[[[-66.99238,-24.3733],[-66.9901,-24.37293],[-66.98941,-24.37663],[-66.99168,-24.37699]]]},"properties":{"id":"salta:servidumbres:servidumbres_l.1796","provincia":"salta","provincia_nombre":"Salta","tipo":"servidumbre","estado":"desconocido","geom_kind":"linea","fuente_id":"salta.geonode.servidumbres","source_url":"https://geoportal.salta.gob.ar/geoserver/wfs?service=WFS&version=2.0.0&request=GetFeature&typeNames=geonode%3Aservidumbres_l&outputFormat=application%2Fjson&count=2000&startIndex=0&srsName=EPSG%3A4326","source_layer":"geonode:servidumbres_l","source_fid":"servidumbres_l.1796","source_srid":4326,"fetched_at":"2026-07-28T13:38:01+00:00","licencia":"no_especificada","expediente":"15153","titular":"MINERA DEL ALTIPLANO S.A","titular_norm":"MINERA DEL ALTIPLANO","titular_es_persona":false,"fecha_inicio":"1995-02-03","departamento":"Los Andes","municipio":"San Antonio De Los Cobres"}},{"type":"Feature","geometry":{"type":"MultiLineString","coordinates":[[[-66.67454,-24.60999],[-66.68878,-24.60967],[-66.69377,-24.60525],[-66.7343,-24.60514]]]},"properties":{"id":"salta:servidumbres:servidumbres_l.1797","provincia":"salta","provincia_nombre":"Salta","tipo":"servidumbre","estado":"desconocido","geom_kind":"linea","fuente_id":"salta.geonode.servidumbres","source_url":"https://geoportal.salta.gob.ar/geoserver/wfs?service=WFS&version=2.0.0&request=GetFeature&typeNames=geonode%3Aservidumbres_l&outputFormat=application%2Fjson&count=2000&startIndex=0&srsName=EPSG%3A4326","source_layer":"geonode:servidumbres_l","source_fid":"servidumbres_l.1797","source_srid":4326,"fetched_at":"2026-07-28T13:38:01+00:00","licencia":"no_especificada","expediente":"20278","titular":"LACUS MINERALS S.A","titular_norm":"LACUS MINERALS","titular_es_persona":false,"fecha_inicio":"2010-04-19","departamento":"Los Andes"}},{"type":"Feature","geometry":{"type":"MultiLineString","coordinates":[[[-66.43877,-24.23686],[-66.43877,-24.2368],[-66.43878,-24.23674],[-66.4388,-24.23668],[-66.43882,-24.23663],[-66.43885,-24.23657],[-66.43888,-24.23652],[-66.43892,-24.23647],[-66.43897,-24.23642],[-66.43902,-24.23638],[-66.43907,-24.23634],[-66.43913,-24.23631],[-66.43919,-24.23629],[-66.43925,-24.23627],[-66.43932,-24.23625],[-66.43938,-24.23624],[-66.43945,-24.23624],[-66.43952,-24.23624],[-66.43958,-24.23625],[-66.43965,-24.23627],[-66.43971,-24.23629],[-66.43977,-24.23631],[-66.43983,-24.23634],[-66.43988,-24.23638],[-66.43993,-24.23642],[-66.43998,-24.23647],[-66.44001,-24.23651],[-66.44005,-24.23657],[-66.44008,-24.23662],[-66.4401,-24.23668],[-66.44012,-24.23674],[-66.44013,-24.2368],[-66.44013,-24.23686],[-66.44013,-24.23692],[-66.44012,-24.23698],[-66.4401,-24.23704],[-66.44008,-24.2371],[-66.44005,-24.23715],[-66.44002,-24.23721],[-66.43998,-24.23726],[-66.43993,-24.2373],[-66.43988,-24.23734],[-66.43983,-24.23738],[-66.43977,-24.23741],[-66.43971,-24.23744],[-66.43965,-24.23746],[-66.43959,-24.23747],[-66.43952,-24.23748],[-66.43945,-24.23749],[-66.43939,-24.23748],[-66.43932,-24.23747],[-66.43926,-24.23746],[-66.43919,-24.23744],[-66.43913,-24.23741],[-66.43908,-24.23738],[-66.43902,-24.23734],[-66.43897,-24.2373],[-66.43893,-24.23726],[-66.43889,-24.23721],[-66.43885,-24.23716],[-66.43882,-24.2371],[-66.4388,-24.23704],[-66.43879,-24.23699],[-66.43878,-24.23692],[-66.43877,-24.23686]]]},"properties":{"id":"salta:servidumbres:servidumbres_l.1798","provincia":"salta","provincia_nombre":"Salta","tipo":"servidumbre","estado":"desconocido","geom_kind":"linea","fuente_id":"salta.geonode.servidumbres","source_url":"https://geoportal.salta.gob.ar/geoserver/wfs?service=WFS&version=2.0.0&request=GetFeature&typeNames=geonode%3Aservidumbres_l&outputFormat=application%2Fjson&count=2000&startIndex=0&srsName=EPSG%3A4326","source_layer":"geonode:servidumbres_l","source_fid":"servidumbres_l.1798","source_srid":4326,"fetched_at":"2026-07-28T13:38:01+00:00","licencia":"no_especificada","expediente":"17621","titular":"SANTA RITA S.R.L","titular_norm":"SANTA RITA","titular_es_persona":false,"fecha_inicio":"2002-12-30","departamento":"Los Andes"}},{"type":"Feature","geometry":{"type":"MultiLineString","coordinates":[[[-66.72093,-24.57992],[-66.71956,-24.57958],[-66.7179,-24.57976],[-66.71663,-24.57961],[-66.71372,-24.57953],[-66.71362,-24.57951],[-66.7145,-24.57437]]]},"properties":{"id":"salta:servidumbres:servidumbres_l.1799","provincia":"salta","provincia_nombre":"Salta","tipo":"servidumbre","estado":"desconocido","geom_kind":"linea","fuente_id":"salta.geonode.servidumbres","source_url":"https://geoportal.salta.gob.ar/geoserver/wfs?service=WFS&version=2.0.0&request=GetFeature&typeNames=geonode%3Aservidumbres_l&outputFormat=application%2Fjson&count=2000&startIndex=0&srsName=EPSG%3A4326","source_layer":"geonode:servidumbres_l","source_fid":"servidumbres_l.1799","source_srid":4326,"fetched_at":"2026-07-28T13:38:01+00:00","licencia":"no_especificada","expediente":"740243","titular":"PROYECTO PASTOS GRANDES S.A","titular_norm":"PROYECTO PASTOS GRANDES","titular_es_persona":false,"fecha_inicio":"2021-06-25","departamento":"Los Andes","municipio":"San Antonio De Los Cobres"}},{"type":"Feature","geometry":{"type":"MultiLineString","coordinates":[[[-67.76493,-25.01153],[-67.76477,-25.01186],[-67.76467,-25.01213],[-67.76452,-25.01252],[-67.76443,-25.01278],[-67.76439,-25.01286],[-67.76428,-25.01327],[-67.76414,-25.01369],[-67.76385,-25.01427],[-67.76315,-25.01529],[-67.76306,-25.01544],[-67.76299,-25.01558],[-67.76288,-25.01597],[-67.76272,-25.01667],[-67.7622,-25.01798],[-67.76216,-25.01808],[-67.76205,-25.01819],[-67.76183,-25.01836],[-67.76149,-25.0186],[-67.75998,-25.01953],[-67.75838,-25.02042],[-67.75747,-25.02092],[-67.75733,-25.021],[-67.75694,-25.02144],[-67.75655,-25.02208],[-67.75627,-25.02227],[-67.75592,-25.02248],[-67.75581,-25.02267],[-67.7553,-25.02482],[-67.75499,-25.02601],[-67.75495,-25.02661],[-67.75504,-25.02717],[-67.7553,-25.02791],[-67.75564,-25.0286],[-67.75609,-25.02924],[-67.75656,-25.02985],[-67.75721,-25.03038],[-67.75853,-25.03123],[-67.75982,-25.03203],[-67.76095,-25.03287],[-67.76151,-25.03333],[-67.76211,-25.03388],[-67.76257,-25.03416],[-67.76303,-25.03435],[-67.7632,-25.03438],[-67.76326,-25.0343],[-67.76339,-25.03423],[-67.76353,-25.03413],[-67.76404,-25.03385],[-67.76418,-25.03376],[-67.76416,-25.03361],[-67.76418,-25.03345],[-67.76428,-25.0333],[-67.76451,-25.03304],[-67.76461,-25.0329],[-67.76471,-25.03282],[-67.76474,-25.03275],[-67.76477,-25.03259],[-67.765,-25.03219],[-67.76566,-25.03158],[-67.7662,-25.03095],[-67.76667,-25.03069],[-67.76776,-25.03027],[-67.76803,-25.03014],[-67.76875,-25.02989],[-67.76948,-25.03025],[-67.76983,-25.0307],[-67.77033,-25.03146],[-67.77085,-25.03189]]]},"properties":{"id":"salta:servidumbres:servidumbres_l.1800","provincia":"salta","provincia_nombre":"Salta","tipo":"servidumbre","estado":"desconocido","geom_kind":"linea","fuente_id":"salta.geonode.servidumbres","source_url":"https://geoportal.salta.gob.ar/geoserver/wfs?service=WFS&version=2.0.0&request=GetFeature&typeNames=geonode%3Aservidumbres_l&outputFormat=application%2Fjson&count=2000&startIndex=0&srsName=EPSG%3A4326","source_layer":"geonode:servidumbres_l","source_fid":"servidumbres_l.1800","source_srid":4326,"fetched_at":"2026-07-28T13:38:01+00:00","licencia":"no_especificada","expediente":"18387","titular":"MANSFIELD MINERA S.A","titular_norm":"MANSFIELD MINERA","titular_es_persona":false,"fecha_inicio":"2006-04-24","departamento":"Los Andes"}},{"type":"Feature","geometry":{"type":"MultiLineString","coordinates":[[[-66.70476,-24.74085],[-66.70373,-24.70851]]]},"properties":{"id":"salta:servidumbres:servidumbres_l.1801","provincia":"salta","provincia_nombre":"Salta","tipo":"servidumbre","estado":"desconocido","geom_kind":"linea","fuente_id":"salta.geonode.servidumbres","source_url":"https://geoportal.salta.gob.ar/geoserver/wfs?service=WFS&version=2.0.0&request=GetFeature&typeNames=geonode%3Aservidumbres_l&outputFormat=application%2Fjson&count=2000&startIndex=0&srsName=EPSG%3A4326","source_layer":"geonode:servidumbres_l","source_fid":"servidumbres_l.1801","source_srid":4326,"fetched_at":"2026-07-28T13:38:01+00:00","licencia":"no_especificada","expediente":"20281","titular":"LACUS MINERALS S.A","titular_norm":"LACUS MINERALS","titular_es_persona":false,"fecha_inicio":"2010-04-19","departamento":"Los Andes"}},{"type":"Feature","geometry":{"type":"MultiLineString","coordinates":[[[-66.80208,-25.32447],[-66.80191,-25.32444],[-66.80174,-25.32446],[-66.80147,-25.3245],[-66.80127,-25.32452],[-66.80122,-25.32457],[-66.80122,-25.32461],[-66.80134,-25.32473],[-66.80144,-25.32478],[-66.80152,-25.32488],[-66.80144,-25.32497],[-66.8013,-25.32498],[-66.80097,-25.32494],[-66.80072,-25.32489],[-66.80061,-25.32478],[-66.80053,-25.3247],[-66.80046,-25.32474],[-66.80047,-25.32486],[-66.8007,-25.32516],[-66.801,-25.32537],[-66.80096,-25.32546],[-66.80054,-25.32545],[-66.79951,-25.32523],[-66.79905,-25.32498],[-66.79857,-25.32483],[-66.7984,-25.32482],[-66.79831,-25.32492],[-66.79821,-25.32535],[-66.79818,-25.32552],[-66.79806,-25.32566],[-66.79749,-25.32569],[-66.79639,-25.32555],[-66.79579,-25.32552],[-66.79528,-25.32563],[-66.79485,-25.32558],[-66.79446,-25.32559],[-66.79373,-25.32584],[-66.7925,-25.32603],[-66.7916,-25.32622],[-66.79065,-25.32653],[-66.78987,-25.32687],[-66.78909,-25.32696]]]},"properties":{"id":"salta:servidumbres:servidumbres_l.1802","provincia":"salta","provincia_nombre":"Salta","tipo":"servidumbre","estado":"desconocido","geom_kind":"linea","fuente_id":"salta.geonode.servidumbres","source_url":"https://geoportal.salta.gob.ar/geoserver/wfs?service=WFS&version=2.0.0&request=GetFeature&typeNames=geonode%3Aservidumbres_l&outputFormat=application%2Fjson&count=2000&startIndex=0&srsName=EPSG%3A4326","source_layer":"geonode:servidumbres_l","source_fid":"servidumbres_l.1802","source_srid":4326,"fetched_at":"2026-07-28T13:38:01+00:00","licencia":"no_especificada","expediente":"24312","titular":"CONDORYACU S.R.L","titular_norm":"CONDORYACU","titular_es_persona":false,"fecha_inicio":"2020-03-05","departamento":"Los Andes","municipio":"San Antonio De Los Cobres","lugar":"Aguas De Las Palomas"}},{"type":"Feature","geometry":{"type":"MultiLineString","coordinates":[[[-67.03172,-25.19326],[-67.03132,-25.1931],[-67.03102,-25.19288],[-67.03079,-25.19267],[-67.03061,-25.19254],[-67.03027,-25.19227],[-67.03001,-25.19213],[-67.02974,-25.19194],[-67.0297,-25.19187],[-67.02955,-25.19172],[-67.02933,-25.1916],[-67.0292,-25.19153],[-67.02915,-25.19154],[-67.02903,-25.19162],[-67.02892,-25.19169],[-67.02876,-25.19183]]]},"properties":{"id":"salta:servidumbres:servidumbres_l.1803","provincia":"salta","provincia_nombre":"Salta","tipo":"servidumbre","estado":"desconocido","geom_kind":"linea","fuente_id":"salta.geonode.servidumbres","source_url":"https://geoportal.salta.gob.ar/geoserver/wfs?service=WFS&version=2.0.0&request=GetFeature&typeNames=geonode%3Aservidumbres_l&outputFormat=application%2Fjson&count=2000&startIndex=0&srsName=EPSG%3A4326","source_layer":"geonode:servidumbres_l","source_fid":"servidumbres_l.1803","source_srid":4326,"fetched_at":"2026-07-28T13:38:01+00:00","licencia":"no_especificada","expediente":"819597","titular":"ALPHA LITHIUM ARGENTINA S.A","titular_norm":"ALPHA LITHIUM ARGENTINA","titular_es_persona":false,"fecha_inicio":"2023-07-21","departamento":"Los Andes","municipio":"San Antonio De Los Cobres","lugar":"Salar De Hombre Muerto"}},{"type":"Feature","geometry":{"type":"MultiLineString","coordinates":[[[-67.04849,-25.27572],[-67.04788,-25.27572],[-67.04718,-25.276],[-67.04626,-25.27589],[-67.04536,-25.27544],[-67.04402,-25.27485],[-67.04324,-25.27516],[-67.04321,-25.27617],[-67.04375,-25.27711],[-67.04429,-25.27783],[-67.04505,-25.27887],[-67.04539,-25.27924],[-67.04614,-25.27962],[-67.04684,-25.27995],[-67.0475,-25.28029],[-67.04834,-25.28035],[-67.0487,-25.28028],[-67.04957,-25.28008],[-67.05057,-25.27985],[-67.0511,-25.27976],[-67.05135,-25.27984],[-67.05153,-25.28068],[-67.05131,-25.28212],[-67.05022,-25.28381],[-67.05049,-25.28492],[-67.05125,-25.28539],[-67.05134,-25.28652],[-67.0502,-25.28723],[-67.0511,-25.28909],[-67.05098,-25.28979],[-67.04888,-25.29002],[-67.04856,-25.29096],[-67.04985,-25.29275],[-67.04996,-25.29428],[-67.05034,-25.29553],[-67.05051,-25.29915],[-67.051,-25.30112],[-67.05273,-25.3012],[-67.05555,-25.30143],[-67.05645,-25.30138]]]},"properties":{"id":"salta:servidumbres:servidumbres_l.1804","provincia":"salta","provincia_nombre":"Salta","tipo":"servidumbre","estado":"desconocido","geom_kind":"linea","fuente_id":"salta.geonode.servidumbres","source_url":"https://geoportal.salta.gob.ar/geoserver/wfs?service=WFS&version=2.0.0&request=GetFeature&typeNames=geonode%3Aservidumbres_l&outputFormat=application%2Fjson&count=2000&startIndex=0&srsName=EPSG%3A4326","source_layer":"geonode:servidumbres_l","source_fid":"servidumbres_l.1804","source_srid":4326,"fetched_at":"2026-07-28T13:38:01+00:00","licencia":"no_especificada","expediente":"23637","titular":"NRG METALS ARGENTINA S.A","titular_norm":"NRG METALS ARGENTINA","titular_es_persona":false,"fecha_inicio":"2018-06-19","departamento":"Los Andes"}},{"type":"Feature","geometry":{"type":"MultiLineString","coordinates":[[[-66.06913,-23.79107],[-66.06833,-23.7952],[-66.0638,-23.80158],[-66.06177,-23.80428]]]},"properties":{"id":"salta:servidumbres:servidumbres_l.1805","provincia":"salta","provincia_nombre":"Salta","tipo":"servidumbre","estado":"desconocido","geom_kind":"linea","fuente_id":"salta.geonode.servidumbres","source_url":"https://geoportal.salta.gob.ar/geoserver/wfs?service=WFS&version=2.0.0&request=GetFeature&typeNames=geonode%3Aservidumbres_l&outputFormat=application%2Fjson&count=2000&startIndex=0&srsName=EPSG%3A4326","source_layer":"geonode:servidumbres_l","source_fid":"servidumbres_l.1805","source_srid":4326,"fetched_at":"2026-07-28T13:38:01+00:00","licencia":"no_especificada","expediente":"20767","fecha_inicio":"2011-01-24","departamento":"La Poma","municipio":"La Poma"}},{"type":"Feature","geometry":{"type":"MultiLineString","coordinates":[[[-67.06958,-24.51927],[-66.99214,-24.52003]]]},"properties":{"id":"salta:servidumbres:servidumbres_l.1806","provincia":"salta","provincia_nombre":"Salta","tipo":"servidumbre","estado":"desconocido","geom_kind":"linea","fuente_id":"salta.geonode.servidumbres","source_url":"https://geoportal.salta.gob.ar/geoserver/wfs?service=WFS&version=2.0.0&request=GetFeature&typeNames=geonode%3Aservidumbres_l&outputFormat=application%2Fjson&count=2000&startIndex=0&srsName=EPSG%3A4326","source_layer":"geonode:servidumbres_l","source_fid":"servidumbres_l.1806","source_srid":4326,"fetched_at":"2026-07-28T13:38:01+00:00","licencia":"no_especificada","expediente":"20275","titular":"LACUS MINERALS S.A","titular_norm":"LACUS MINERALS","titular_es_persona":false,"fecha_inicio":"2010-04-19","departamento":"Los Andes"}},{"type":"Feature","geometry":{"type":"MultiLineString","coordinates":[[[-67.1573,-23.893],[-67.15544,-23.89422],[-67.15313,-23.89485],[-67.15164,-23.8965],[-67.14964,-23.89507],[-67.14849,-23.8927],[-67.14639,-23.89149],[-67.14449,-23.89018],[-67.14232,-23.88923],[-67.14044,-23.88969]]]},"properties":{"id":"salta:servidumbres:servidumbres_l.1807","provincia":"salta","provincia_nombre":"Salta","tipo":"servidumbre","estado":"desconocido","geom_kind":"linea","fuente_id":"salta.geonode.servidumbres","source_url":"https://geoportal.salta.gob.ar/geoserver/wfs?service=WFS&version=2.0.0&request=GetFeature&typeNames=geonode%3Aservidumbres_l&outputFormat=application%2Fjson&count=2000&startIndex=0&srsName=EPSG%3A4326","source_layer":"geonode:servidumbres_l","source_fid":"servidumbres_l.1807","source_srid":4326,"fetched_at":"2026-07-28T13:38:01+00:00","licencia":"no_especificada","expediente":"18409","titular":"TAMER OSCAR ADOLFO","titular_norm":"TAMER OSCAR ADOLFO","titular_es_persona":true,"fecha_inicio":"2006-05-10","departamento":"Los Andes","municipio":"San Antonio De Los Cobres"}},{"type":"Feature","geometry":{"type":"MultiLineString","coordinates":[[[-67.64254,-25.10552],[-67.65439,-25.08814],[-67.67959,-25.07387],[-67.72246,-25.04863],[-67.75446,-25.0403],[-67.76043,-25.02931],[-67.75888,-25.02036],[-67.76203,-25.01842],[-67.76654,-25.00999],[-67.77427,-24.99684],[-67.78021,-24.99466],[-67.78426,-24.99093]]]},"properties":{"id":"salta:servidumbres:servidumbres_l.1808","provincia":"salta","provincia_nombre":"Salta","tipo":"servidumbre","estado":"desconocido","geom_kind":"linea","fuente_id":"salta.geonode.servidumbres","source_url":"https://geoportal.salta.gob.ar/geoserver/wfs?service=WFS&version=2.0.0&request=GetFeature&typeNames=geonode%3Aservidumbres_l&outputFormat=application%2Fjson&count=2000&startIndex=0&srsName=EPSG%3A4326","source_layer":"geonode:servidumbres_l","source_fid":"servidumbres_l.1808","source_srid":4326,"fetched_at":"2026-07-28T13:38:01+00:00","licencia":"no_especificada","expediente":"827992","titular":"ARLI S.A","titular_norm":"ARLI","titular_es_persona":false,"fecha_inicio":"2023-09-27","departamento":"Los Andes","municipio":"Tolar Grande","lugar":"Arizaro"}},{"type":"Feature","geometry":{"type":"MultiLineString","coordinates":[[[-67.02562,-25.08959],[-67.02761,-25.09107],[-67.02945,-25.09266],[-67.03221,-25.09479],[-67.0344,-25.0967],[-67.03685,-25.09886],[-67.03904,-25.10092],[-67.04035,-25.10218],[-67.04171,-25.10375],[-67.0432,-25.10542],[-67.04446,-25.10674],[-67.0454,-25.10755],[-67.0465,-25.10832],[-67.04775,-25.10897],[-67.04865,-25.10933],[-67.04953,-25.10907],[-67.05066,-25.10842],[-67.05151,-25.10729],[-67.05236,-25.10552],[-67.05295,-25.10456],[-67.05355,-25.10371],[-67.05388,-25.1031],[-67.05452,-25.10295],[-67.05516,-25.10284],[-67.05608,-25.10221],[-67.05695,-25.10162],[-67.05734,-25.10122],[-67.05818,-25.10091],[-67.05881,-25.1011],[-67.05956,-25.10101],[-67.06011,-25.10102],[-67.06092,-25.10076],[-67.06174,-25.10033],[-67.06222,-25.09989],[-67.06285,-25.09975],[-67.06333,-25.09929],[-67.0638,-25.09855],[-67.06385,-25.09772],[-67.06395,-25.0971],[-67.06354,-25.09586],[-67.06343,-25.09435],[-67.06347,-25.09315],[-67.06365,-25.09245],[-67.06408,-25.09189],[-67.06429,-25.09178],[-67.06468,-25.09191],[-67.06486,-25.09165],[-67.06494,-25.09114],[-67.06482,-25.09061],[-67.06456,-25.09012],[-67.06446,-25.08984],[-67.0645,-25.08934],[-67.06477,-25.08872],[-67.06511,-25.08844],[-67.0656,-25.08835],[-67.06627,-25.08828],[-67.06654,-25.08834],[-67.06674,-25.08816],[-67.06727,-25.08831],[-67.06808,-25.08849],[-67.06854,-25.08855],[-67.06908,-25.0882],[-67.0698,-25.08829],[-67.07025,-25.08831],[-67.07067,-25.08792],[-67.07138,-25.08771],[-67.07246,-25.08765],[-67.07301,-25.08748],[-67.07349,-25.08734],[-67.07404,-25.08739],[-67.07451,-25.08708],[-67.07494,-25.08699],[-67.07529,-25.0867],[-67.07593,-25.08625],[-67.07657,-25.08599],[-67.07735,-25.0855],[-67.07793,-25.08504],[-67.07861,-25.08442],[-67.07907,-25.08372],[-67.07956,-25.0831],[-67.07997,-25.08273],[-67.08049,-25.08236],[-67.08081,-25.08192],[-67.08088,-25.08138],[-67.08099,-25.08073],[-67.08079,-25.08015],[-67.08055,-25.07959],[-67.08063,-25.07887],[-67.08076,-25.07815],[-67.08087,-25.07757],[-67.0809,-25.07704],[-67.08068,-25.07614],[-67.08057,-25.07568],[-67.08059,-25.07521],[-67.08074,-25.0747],[-67.08076,-25.07461],[-67.08061,-25.07394],[-67.08054,-25.07365],[-67.08071,-25.07276],[-67.08098,-25.07198],[-67.08149,-25.0711],[-67.08205,-25.07029],[-67.08289,-25.0692],[-67.08351,-25.06844],[-67.0844,-25.06747],[-67.08502,-25.06669],[-67.08579,-25.06587],[-67.08667,-25.06519],[-67.08756,-25.06447],[-67.08855,-25.06369],[-67.08868,-25.06352],[-67.08913,-25.0618],[-67.09087,-25.05762],[-67.09134,-25.0562],[-67.09332,-25.05518],[-67.09566,-25.05414],[-67.09658,-25.05554],[-67.09703,-25.0566],[-67.09739,-25.05671],[-67.09808,-25.05668],[-67.09887,-25.05682],[-67.09972,-25.05661],[-67.10025,-25.05664],[-67.10068,-25.05655],[-67.10116,-25.05664],[-67.10156,-25.05691],[-67.10181,-25.05703],[-67.10294,-25.05697],[-67.10448,-25.05713],[-67.10517,-25.05733],[-67.10622,-25.05707],[-67.10696,-25.05719],[-67.10783,-25.05721],[-67.10929,-25.05738],[-67.1096,-25.05742],[-67.11093,-25.05802],[-67.11188,-25.05812],[-67.11324,-25.05875],[-67.11472,-25.05867],[-67.11566,-25.05853],[-67.11674,-25.05857],[-67.11821,-25.05806],[-67.11863,-25.05808],[-67.11896,-25.05824],[-67.11966,-25.05924],[-67.12126,-25.06127]]]},"properties":{"id":"salta:servidumbres:servidumbres_l.1809","provincia":"salta","provincia_nombre":"Salta","tipo":"servidumbre","estado":"desconocido","geom_kind":"linea","fuente_id":"salta.geonode.servidumbres","source_url":"https://geoportal.salta.gob.ar/geoserver/wfs?service=WFS&version=2.0.0&request=GetFeature&typeNames=geonode%3Aservidumbres_l&outputFormat=application%2Fjson&count=2000&startIndex=0&srsName=EPSG%3A4326","source_layer":"geonode:servidumbres_l","source_fid":"servidumbres_l.1809","source_srid":4326,"fetched_at":"2026-07-28T13:38:01+00:00","licencia":"no_especificada","expediente":"838368","titular":"ALPHA LITHIUM ARGENTINA S.A","titular_norm":"ALPHA LITHIUM ARGENTINA","titular_es_persona":false,"fecha_inicio":"2023-12-14","departamento":"Los Andes","municipio":"San Antonio De Los Cobres","lugar":"Salar De Tolillar"}},{"type":"Feature","geometry":{"type":"MultiLineString","coordinates":[[[-66.99447,-25.22442],[-66.9948,-25.22509],[-66.9906,-25.22862]]]},"properties":{"id":"salta:servidumbres:servidumbres_l.1810","provincia":"salta","provincia_nombre":"Salta","tipo":"servidumbre","estado":"desconocido","geom_kind":"linea","fuente_id":"salta.geonode.servidumbres","source_url":"https://geoportal.salta.gob.ar/geoserver/wfs?service=WFS&version=2.0.0&request=GetFeature&typeNames=geonode%3Aservidumbres_l&outputFormat=application%2Fjson&count=2000&startIndex=0&srsName=EPSG%3A4326","source_layer":"geonode:servidumbres_l","source_fid":"servidumbres_l.1810","source_srid":4326,"fetched_at":"2026-07-28T13:38:01+00:00","licencia":"no_especificada","expediente":"23640","titular":"NRG METALS ARGENTINA S.A","titular_norm":"NRG METALS ARGENTINA","titular_es_persona":false,"fecha_inicio":"2018-06-19","departamento":"Los Andes"}},{"type":"Feature","geometry":{"type":"MultiLineString","coordinates":[[[-67.06499,-24.50122],[-66.97173,-24.50197]]]},"properties":{"id":"salta:servidumbres:servidumbres_l.1811","provincia":"salta","provincia_nombre":"Salta","tipo":"servidumbre","estado":"desconocido","geom_kind":"linea","fuente_id":"salta.geonode.servidumbres","source_url":"https://geoportal.salta.gob.ar/geoserver/wfs?service=WFS&version=2.0.0&request=GetFeature&typeNames=geonode%3Aservidumbres_l&outputFormat=application%2Fjson&count=2000&startIndex=0&srsName=EPSG%3A4326","source_layer":"geonode:servidumbres_l","source_fid":"servidumbres_l.1811","source_srid":4326,"fetched_at":"2026-07-28T13:38:01+00:00","licencia":"no_especificada","expediente":"20274","titular":"LACUS MINERALS S.A","titular_norm":"LACUS MINERALS","titular_es_persona":false,"fecha_inicio":"2010-04-19","departamento":"Los Andes"}},{"type":"Feature","geometry":{"type":"MultiLineString","coordinates":[[[-66.89959,-24.18084],[-66.94175,-24.13636],[-66.95271,-24.12582],[-66.95552,-24.12078],[-67.00224,-24.02978],[-67.03752,-24.00578]]]},"properties":{"id":"salta:servidumbres:servidumbres_l.1812","provincia":"salta","provincia_nombre":"Salta","tipo":"servidumbre","estado":"desconocido","geom_kind":"linea","fuente_id":"salta.geonode.servidumbres","source_url":"https://geoportal.salta.gob.ar/geoserver/wfs?service=WFS&version=2.0.0&request=GetFeature&typeNames=geonode%3Aservidumbres_l&outputFormat=application%2Fjson&count=2000&startIndex=0&srsName=EPSG%3A4326","source_layer":"geonode:servidumbres_l","source_fid":"servidumbres_l.1812","source_srid":4326,"fetched_at":"2026-07-28T13:38:01+00:00","licencia":"no_especificada","expediente":"19309","titular":"RINCON MINING LIMITED","titular_norm":"RINCON MINING LIMITED","titular_es_persona":false,"fecha_inicio":"2008-07-29","departamento":"Los Andes","municipio":"San Antonio De Los Cobres"}}]}